solid 
 facet normal -1.000000e+00  0.000000e+00  0.000000e+00
   outer loop
     vertex -2.650000e+00 -5.865000e+01  1.600000e+01
     vertex -2.650000e+00  9.950000e+00  0.000000e+00
     vertex -2.650000e+00 -5.865000e+01  0.000000e+00
   endloop
 endfacet
 facet normal -1.000000e+00  0.000000e+00  0.000000e+00
   outer loop
     vertex -2.650000e+00 -5.865000e+01  1.600000e+01
     vertex -2.650000e+00  9.950000e+00  1.600000e+01
     vertex -2.650000e+00  9.950000e+00  0.000000e+00
   endloop
 endfacet
 facet normal -0.000000e+00 -1.000000e+00  0.000000e+00
   outer loop
     vertex  1.988000e+01 -5.865000e+01  6.200000e+00
     vertex -2.650000e+00 -5.865000e+01  1.600000e+01
     vertex -2.650000e+00 -5.865000e+01  0.000000e+00
   endloop
 endfacet
 facet normal -0.000000e+00 -1.000000e+00 -0.000000e+00
   outer loop
     vertex  1.988000e+01 -5.865000e+01  1.080000e+01
     vertex -2.650000e+00 -5.865000e+01  1.600000e+01
     vertex  1.988000e+01 -5.865000e+01  6.200000e+00
   endloop
 endfacet
 facet normal  0.000000e+00 -1.000000e+00  0.000000e+00
   outer loop
     vertex  5.265000e+01 -5.865000e+01  1.600000e+01
     vertex  3.012000e+01 -5.865000e+01  1.080000e+01
     vertex  3.012000e+01 -5.865000e+01  6.200000e+00
   endloop
 endfacet
 facet normal  0.000000e+00 -1.000000e+00 -0.000000e+00
   outer loop
     vertex  5.265000e+01 -5.865000e+01  1.600000e+01
     vertex  3.012000e+01 -5.865000e+01  6.200000e+00
     vertex  5.265000e+01 -5.865000e+01  0.000000e+00
   endloop
 endfacet
 facet normal  0.000000e+00 -1.000000e+00  0.000000e+00
   outer loop
     vertex  5.265000e+01 -5.865000e+01  0.000000e+00
     vertex  1.988000e+01 -5.865000e+01  6.200000e+00
     vertex -2.650000e+00 -5.865000e+01  0.000000e+00
   endloop
 endfacet
 facet normal  0.000000e+00 -1.000000e+00  0.000000e+00
   outer loop
     vertex  5.265000e+01 -5.865000e+01  0.000000e+00
     vertex  3.012000e+01 -5.865000e+01  6.200000e+00
     vertex  1.988000e+01 -5.865000e+01  6.200000e+00
   endloop
 endfacet
 facet normal  0.000000e+00 -1.000000e+00  0.000000e+00
   outer loop
     vertex -2.650000e+00 -5.865000e+01  1.600000e+01
     vertex  3.012000e+01 -5.865000e+01  1.080000e+01
     vertex  5.265000e+01 -5.865000e+01  1.600000e+01
   endloop
 endfacet
 facet normal  0.000000e+00 -1.000000e+00  0.000000e+00
   outer loop
     vertex -2.650000e+00 -5.865000e+01  1.600000e+01
     vertex  1.988000e+01 -5.865000e+01  1.080000e+01
     vertex  3.012000e+01 -5.865000e+01  1.080000e+01
   endloop
 endfacet
 facet normal  0.000000e+00  0.000000e+00  1.000000e+00
   outer loop
     vertex  5.265000e+01 -5.865000e+01  1.600000e+01
     vertex  5.065000e+01 -5.665000e+01  1.600000e+01
     vertex -6.500000e-01 -5.665000e+01  1.600000e+01
   endloop
 endfacet
 facet normal  0.000000e+00  0.000000e+00  1.000000e+00
   outer loop
     vertex  5.265000e+01 -5.865000e+01  1.600000e+01
     vertex -6.500000e-01 -5.665000e+01  1.600000e+01
     vertex -2.650000e+00 -5.865000e+01  1.600000e+01
   endloop
 endfacet
 facet normal  0.000000e+00  0.000000e+00  1.000000e+00
   outer loop
     vertex -6.500000e-01  7.950000e+00  1.600000e+01
     vertex -2.650000e+00  9.950000e+00  1.600000e+01
     vertex -2.650000e+00 -5.865000e+01  1.600000e+01
   endloop
 endfacet
 facet normal  0.000000e+00  0.000000e+00  1.000000e+00
   outer loop
     vertex -6.500000e-01  7.950000e+00  1.600000e+01
     vertex -2.650000e+00 -5.865000e+01  1.600000e+01
     vertex -6.500000e-01 -5.665000e+01  1.600000e+01
   endloop
 endfacet
 facet normal  0.000000e+00  0.000000e+00  1.000000e+00
   outer loop
     vertex  5.265000e+01  9.950000e+00  1.600000e+01
     vertex -6.500000e-01  7.950000e+00  1.600000e+01
     vertex  5.065000e+01  7.950000e+00  1.600000e+01
   endloop
 endfacet
 facet normal  0.000000e+00  0.000000e+00  1.000000e+00
   outer loop
     vertex  5.265000e+01  9.950000e+00  1.600000e+01
     vertex  5.065000e+01  7.950000e+00  1.600000e+01
     vertex  5.065000e+01 -5.665000e+01  1.600000e+01
   endloop
 endfacet
 facet normal  0.000000e+00  0.000000e+00  1.000000e+00
   outer loop
     vertex  5.265000e+01  9.950000e+00  1.600000e+01
     vertex -2.650000e+00  9.950000e+00  1.600000e+01
     vertex -6.500000e-01  7.950000e+00  1.600000e+01
   endloop
 endfacet
 facet normal  0.000000e+00  0.000000e+00  1.000000e+00
   outer loop
     vertex  5.265000e+01  9.950000e+00  1.600000e+01
     vertex  5.065000e+01 -5.665000e+01  1.600000e+01
     vertex  5.265000e+01 -5.865000e+01  1.600000e+01
   endloop
 endfacet
 facet normal  0.000000e+00  1.000000e+00  0.000000e+00
   outer loop
     vertex  5.265000e+01  9.950000e+00  1.600000e+01
     vertex  5.265000e+01  9.950000e+00  0.000000e+00
     vertex -2.650000e+00  9.950000e+00  0.000000e+00
   endloop
 endfacet
 facet normal  0.000000e+00  1.000000e+00  0.000000e+00
   outer loop
     vertex  5.265000e+01  9.950000e+00  1.600000e+01
     vertex -2.650000e+00  9.950000e+00  0.000000e+00
     vertex -2.650000e+00  9.950000e+00  1.600000e+01
   endloop
 endfacet
 facet normal -0.000000e+00  0.000000e+00 -1.000000e+00
   outer loop
     vertex  5.265000e+01  9.950000e+00  0.000000e+00
     vertex -2.650000e+00 -5.865000e+01  0.000000e+00
     vertex -2.650000e+00  9.950000e+00  0.000000e+00
   endloop
 endfacet
 facet normal  0.000000e+00 -0.000000e+00 -1.000000e+00
   outer loop
     vertex  5.265000e+01  9.950000e+00  0.000000e+00
     vertex  5.265000e+01 -5.865000e+01  0.000000e+00
     vertex -2.650000e+00 -5.865000e+01  0.000000e+00
   endloop
 endfacet
 facet normal  1.000000e+00 -0.000000e+00  0.000000e+00
   outer loop
     vertex  5.265000e+01 -3.760000e+01  7.100000e+00
     vertex  5.265000e+01  9.950000e+00  0.000000e+00
     vertex  5.265000e+01  9.950000e+00  1.600000e+01
   endloop
 endfacet
 facet normal  1.000000e+00 -0.000000e+00  0.000000e+00
   outer loop
     vertex  5.265000e+01 -3.760000e+01  1.260000e+01
     vertex  5.265000e+01 -3.760000e+01  7.100000e+00
     vertex  5.265000e+01  9.950000e+00  1.600000e+01
   endloop
 endfacet
 facet normal  1.000000e+00 -0.000000e+00  0.000000e+00
   outer loop
     vertex  5.265000e+01 -4.060000e+01  1.260000e+01
     vertex  5.265000e+01 -3.880000e+01  7.100000e+00
     vertex  5.265000e+01 -3.880000e+01  1.260000e+01
   endloop
 endfacet
 facet normal  1.000000e+00  0.000000e+00  0.000000e+00
   outer loop
     vertex  5.265000e+01 -4.060000e+01  1.260000e+01
     vertex  5.265000e+01 -4.060000e+01  7.100000e+00
     vertex  5.265000e+01 -3.880000e+01  7.100000e+00
   endloop
 endfacet
 facet normal  1.000000e+00 -0.000000e+00  0.000000e+00
   outer loop
     vertex  5.265000e+01 -4.360000e+01  1.260000e+01
     vertex  5.265000e+01 -4.180000e+01  7.100000e+00
     vertex  5.265000e+01 -4.180000e+01  1.260000e+01
   endloop
 endfacet
 facet normal  1.000000e+00  0.000000e+00  0.000000e+00
   outer loop
     vertex  5.265000e+01 -4.360000e+01  1.260000e+01
     vertex  5.265000e+01 -4.360000e+01  7.100000e+00
     vertex  5.265000e+01 -4.180000e+01  7.100000e+00
   endloop
 endfacet
 facet normal  1.000000e+00  0.000000e+00  0.000000e+00
   outer loop
     vertex  5.265000e+01 -5.865000e+01  0.000000e+00
     vertex  5.265000e+01 -3.760000e+01  7.100000e+00
     vertex  5.265000e+01 -3.880000e+01  7.100000e+00
   endloop
 endfacet
 facet normal  1.000000e+00  0.000000e+00  0.000000e+00
   outer loop
     vertex  5.265000e+01 -5.865000e+01  0.000000e+00
     vertex  5.265000e+01 -4.060000e+01  7.100000e+00
     vertex  5.265000e+01 -4.180000e+01  7.100000e+00
   endloop
 endfacet
 facet normal  1.000000e+00  0.000000e+00  0.000000e+00
   outer loop
     vertex  5.265000e+01 -5.865000e+01  0.000000e+00
     vertex  5.265000e+01 -4.360000e+01  7.100000e+00
     vertex  5.265000e+01 -4.480000e+01  7.100000e+00
   endloop
 endfacet
 facet normal  1.000000e+00  0.000000e+00  0.000000e+00
   outer loop
     vertex  5.265000e+01 -5.865000e+01  0.000000e+00
     vertex  5.265000e+01 -3.880000e+01  7.100000e+00
     vertex  5.265000e+01 -4.060000e+01  7.100000e+00
   endloop
 endfacet
 facet normal  1.000000e+00  0.000000e+00  0.000000e+00
   outer loop
     vertex  5.265000e+01 -5.865000e+01  0.000000e+00
     vertex  5.265000e+01 -4.180000e+01  7.100000e+00
     vertex  5.265000e+01 -4.360000e+01  7.100000e+00
   endloop
 endfacet
 facet normal  1.000000e+00  0.000000e+00  0.000000e+00
   outer loop
     vertex  5.265000e+01 -5.865000e+01  1.600000e+01
     vertex  5.265000e+01 -3.880000e+01  1.260000e+01
     vertex  5.265000e+01 -3.760000e+01  1.260000e+01
   endloop
 endfacet
 facet normal  1.000000e+00  0.000000e+00  0.000000e+00
   outer loop
     vertex  5.265000e+01 -5.865000e+01  1.600000e+01
     vertex  5.265000e+01 -4.180000e+01  1.260000e+01
     vertex  5.265000e+01 -4.060000e+01  1.260000e+01
   endloop
 endfacet
 facet normal  1.000000e+00  0.000000e+00  0.000000e+00
   outer loop
     vertex  5.265000e+01 -5.865000e+01  1.600000e+01
     vertex  5.265000e+01 -4.480000e+01  7.100000e+00
     vertex  5.265000e+01 -4.480000e+01  1.260000e+01
   endloop
 endfacet
 facet normal  1.000000e+00  0.000000e+00  0.000000e+00
   outer loop
     vertex  5.265000e+01 -5.865000e+01  1.600000e+01
     vertex  5.265000e+01 -4.480000e+01  1.260000e+01
     vertex  5.265000e+01 -4.360000e+01  1.260000e+01
   endloop
 endfacet
 facet normal  1.000000e+00  0.000000e+00  0.000000e+00
   outer loop
     vertex  5.265000e+01 -5.865000e+01  1.600000e+01
     vertex  5.265000e+01 -5.865000e+01  0.000000e+00
     vertex  5.265000e+01 -4.480000e+01  7.100000e+00
   endloop
 endfacet
 facet normal  1.000000e+00  0.000000e+00  0.000000e+00
   outer loop
     vertex  5.265000e+01 -5.865000e+01  1.600000e+01
     vertex  5.265000e+01 -4.360000e+01  1.260000e+01
     vertex  5.265000e+01 -4.180000e+01  1.260000e+01
   endloop
 endfacet
 facet normal  1.000000e+00  0.000000e+00  0.000000e+00
   outer loop
     vertex  5.265000e+01 -5.865000e+01  1.600000e+01
     vertex  5.265000e+01 -4.060000e+01  1.260000e+01
     vertex  5.265000e+01 -3.880000e+01  1.260000e+01
   endloop
 endfacet
 facet normal  1.000000e+00  0.000000e+00  0.000000e+00
   outer loop
     vertex  5.265000e+01 -5.865000e+01  0.000000e+00
     vertex  5.265000e+01  9.950000e+00  0.000000e+00
     vertex  5.265000e+01 -3.760000e+01  7.100000e+00
   endloop
 endfacet
 facet normal  1.000000e+00  0.000000e+00  0.000000e+00
   outer loop
     vertex  5.265000e+01  9.950000e+00  1.600000e+01
     vertex  5.265000e+01 -5.865000e+01  1.600000e+01
     vertex  5.265000e+01 -3.760000e+01  1.260000e+01
   endloop
 endfacet
 facet normal  0.000000e+00  0.000000e+00 -1.000000e+00
   outer loop
     vertex  3.012000e+01 -5.865000e+01  1.080000e+01
     vertex  1.988000e+01 -5.865000e+01  1.080000e+01
     vertex  1.988000e+01 -5.665000e+01  1.080000e+01
   endloop
 endfacet
 facet normal -0.000000e+00 -0.000000e+00 -1.000000e+00
   outer loop
     vertex  3.012000e+01 -5.665000e+01  1.080000e+01
     vertex  3.012000e+01 -5.865000e+01  1.080000e+01
     vertex  1.988000e+01 -5.665000e+01  1.080000e+01
   endloop
 endfacet
 facet normal -1.000000e+00  0.000000e+00  0.000000e+00
   outer loop
     vertex  3.012000e+01 -5.865000e+01  1.080000e+01
     vertex  3.012000e+01 -5.665000e+01  6.200000e+00
     vertex  3.012000e+01 -5.865000e+01  6.200000e+00
   endloop
 endfacet
 facet normal -1.000000e+00  0.000000e+00  0.000000e+00
   outer loop
     vertex  3.012000e+01 -5.865000e+01  1.080000e+01
     vertex  3.012000e+01 -5.665000e+01  1.080000e+01
     vertex  3.012000e+01 -5.665000e+01  6.200000e+00
   endloop
 endfacet
 facet normal  0.000000e+00  0.000000e+00  1.000000e+00
   outer loop
     vertex  3.012000e+01 -5.865000e+01  6.200000e+00
     vertex  1.988000e+01 -5.665000e+01  6.200000e+00
     vertex  1.988000e+01 -5.865000e+01  6.200000e+00
   endloop
 endfacet
 facet normal  0.000000e+00  0.000000e+00  1.000000e+00
   outer loop
     vertex  3.012000e+01 -5.665000e+01  6.200000e+00
     vertex  1.988000e+01 -5.665000e+01  6.200000e+00
     vertex  3.012000e+01 -5.865000e+01  6.200000e+00
   endloop
 endfacet
 facet normal  1.000000e+00  0.000000e+00  0.000000e+00
   outer loop
     vertex  1.988000e+01 -5.865000e+01  1.080000e+01
     vertex  1.988000e+01 -5.865000e+01  6.200000e+00
     vertex  1.988000e+01 -5.665000e+01  6.200000e+00
   endloop
 endfacet
 facet normal  1.000000e+00 -0.000000e+00  0.000000e+00
   outer loop
     vertex  1.988000e+01 -5.865000e+01  1.080000e+01
     vertex  1.988000e+01 -5.665000e+01  6.200000e+00
     vertex  1.988000e+01 -5.665000e+01  1.080000e+01
   endloop
 endfacet
 facet normal  0.000000e+00  1.000000e+00  0.000000e+00
   outer loop
     vertex  1.988000e+01 -5.665000e+01  1.080000e+01
     vertex -6.500000e-01 -5.665000e+01  2.000000e+00
     vertex -6.500000e-01 -5.665000e+01  1.600000e+01
   endloop
 endfacet
 facet normal  0.000000e+00  1.000000e+00  0.000000e+00
   outer loop
     vertex  1.988000e+01 -5.665000e+01  1.080000e+01
     vertex  1.988000e+01 -5.665000e+01  6.200000e+00
     vertex -6.500000e-01 -5.665000e+01  2.000000e+00
   endloop
 endfacet
 facet normal  0.000000e+00  1.000000e+00  0.000000e+00
   outer loop
     vertex  5.065000e+01 -5.665000e+01  2.000000e+00
     vertex  3.012000e+01 -5.665000e+01  6.200000e+00
     vertex  3.012000e+01 -5.665000e+01  1.080000e+01
   endloop
 endfacet
 facet normal  0.000000e+00  1.000000e+00  0.000000e+00
   outer loop
     vertex  5.065000e+01 -5.665000e+01  1.600000e+01
     vertex  5.065000e+01 -5.665000e+01  2.000000e+00
     vertex  3.012000e+01 -5.665000e+01  1.080000e+01
   endloop
 endfacet
 facet normal  0.000000e+00  1.000000e+00  0.000000e+00
   outer loop
     vertex  5.065000e+01 -5.665000e+01  2.000000e+00
     vertex -6.500000e-01 -5.665000e+01  2.000000e+00
     vertex  1.988000e+01 -5.665000e+01  6.200000e+00
   endloop
 endfacet
 facet normal  0.000000e+00  1.000000e+00  0.000000e+00
   outer loop
     vertex  5.065000e+01 -5.665000e+01  2.000000e+00
     vertex  1.988000e+01 -5.665000e+01  6.200000e+00
     vertex  3.012000e+01 -5.665000e+01  6.200000e+00
   endloop
 endfacet
 facet normal -0.000000e+00  1.000000e+00  0.000000e+00
   outer loop
     vertex -6.500000e-01 -5.665000e+01  1.600000e+01
     vertex  5.065000e+01 -5.665000e+01  1.600000e+01
     vertex  3.012000e+01 -5.665000e+01  1.080000e+01
   endloop
 endfacet
 facet normal  0.000000e+00  1.000000e+00  0.000000e+00
   outer loop
     vertex -6.500000e-01 -5.665000e+01  1.600000e+01
     vertex  3.012000e+01 -5.665000e+01  1.080000e+01
     vertex  1.988000e+01 -5.665000e+01  1.080000e+01
   endloop
 endfacet
 facet normal -1.000000e+00  0.000000e+00  0.000000e+00
   outer loop
     vertex  5.065000e+01 -3.760000e+01  7.100000e+00
     vertex  5.065000e+01  7.950000e+00  1.600000e+01
     vertex  5.065000e+01  7.950000e+00  2.000000e+00
   endloop
 endfacet
 facet normal -1.000000e+00  0.000000e+00  0.000000e+00
   outer loop
     vertex  5.065000e+01 -3.760000e+01  1.260000e+01
     vertex  5.065000e+01  7.950000e+00  1.600000e+01
     vertex  5.065000e+01 -3.760000e+01  7.100000e+00
   endloop
 endfacet
 facet normal -1.000000e+00  0.000000e+00  0.000000e+00
   outer loop
     vertex  5.065000e+01 -4.060000e+01  1.260000e+01
     vertex  5.065000e+01 -3.880000e+01  1.260000e+01
     vertex  5.065000e+01 -3.880000e+01  7.100000e+00
   endloop
 endfacet
 facet normal -1.000000e+00  0.000000e+00  0.000000e+00
   outer loop
     vertex  5.065000e+01 -4.060000e+01  1.260000e+01
     vertex  5.065000e+01 -3.880000e+01  7.100000e+00
     vertex  5.065000e+01 -4.060000e+01  7.100000e+00
   endloop
 endfacet
 facet normal -1.000000e+00  0.000000e+00  0.000000e+00
   outer loop
     vertex  5.065000e+01 -4.360000e+01  1.260000e+01
     vertex  5.065000e+01 -4.180000e+01  1.260000e+01
     vertex  5.065000e+01 -4.180000e+01  7.100000e+00
   endloop
 endfacet
 facet normal -1.000000e+00  0.000000e+00  0.000000e+00
   outer loop
     vertex  5.065000e+01 -4.360000e+01  1.260000e+01
     vertex  5.065000e+01 -4.180000e+01  7.100000e+00
     vertex  5.065000e+01 -4.360000e+01  7.100000e+00
   endloop
 endfacet
 facet normal -1.000000e+00  0.000000e+00  0.000000e+00
   outer loop
     vertex  5.065000e+01 -5.665000e+01  2.000000e+00
     vertex  5.065000e+01 -3.880000e+01  7.100000e+00
     vertex  5.065000e+01 -3.760000e+01  7.100000e+00
   endloop
 endfacet
 facet normal -1.000000e+00  0.000000e+00  0.000000e+00
   outer loop
     vertex  5.065000e+01 -5.665000e+01  2.000000e+00
     vertex  5.065000e+01 -4.180000e+01  7.100000e+00
     vertex  5.065000e+01 -4.060000e+01  7.100000e+00
   endloop
 endfacet
 facet normal -1.000000e+00  0.000000e+00  0.000000e+00
   outer loop
     vertex  5.065000e+01 -5.665000e+01  2.000000e+00
     vertex  5.065000e+01 -4.480000e+01  7.100000e+00
     vertex  5.065000e+01 -4.360000e+01  7.100000e+00
   endloop
 endfacet
 facet normal -1.000000e+00  0.000000e+00  0.000000e+00
   outer loop
     vertex  5.065000e+01 -5.665000e+01  2.000000e+00
     vertex  5.065000e+01 -4.060000e+01  7.100000e+00
     vertex  5.065000e+01 -3.880000e+01  7.100000e+00
   endloop
 endfacet
 facet normal -1.000000e+00  0.000000e+00  0.000000e+00
   outer loop
     vertex  5.065000e+01 -5.665000e+01  2.000000e+00
     vertex  5.065000e+01 -4.360000e+01  7.100000e+00
     vertex  5.065000e+01 -4.180000e+01  7.100000e+00
   endloop
 endfacet
 facet normal -1.000000e+00  0.000000e+00  0.000000e+00
   outer loop
     vertex  5.065000e+01 -5.665000e+01  1.600000e+01
     vertex  5.065000e+01 -3.760000e+01  1.260000e+01
     vertex  5.065000e+01 -3.880000e+01  1.260000e+01
   endloop
 endfacet
 facet normal -1.000000e+00  0.000000e+00  0.000000e+00
   outer loop
     vertex  5.065000e+01 -5.665000e+01  1.600000e+01
     vertex  5.065000e+01 -4.060000e+01  1.260000e+01
     vertex  5.065000e+01 -4.180000e+01  1.260000e+01
   endloop
 endfacet
 facet normal -1.000000e+00  0.000000e+00  0.000000e+00
   outer loop
     vertex  5.065000e+01 -5.665000e+01  1.600000e+01
     vertex  5.065000e+01 -4.480000e+01  1.260000e+01
     vertex  5.065000e+01 -4.480000e+01  7.100000e+00
   endloop
 endfacet
 facet normal -1.000000e+00  0.000000e+00  0.000000e+00
   outer loop
     vertex  5.065000e+01 -5.665000e+01  1.600000e+01
     vertex  5.065000e+01 -4.360000e+01  1.260000e+01
     vertex  5.065000e+01 -4.480000e+01  1.260000e+01
   endloop
 endfacet
 facet normal -1.000000e+00  0.000000e+00  0.000000e+00
   outer loop
     vertex  5.065000e+01 -5.665000e+01  1.600000e+01
     vertex  5.065000e+01 -4.480000e+01  7.100000e+00
     vertex  5.065000e+01 -5.665000e+01  2.000000e+00
   endloop
 endfacet
 facet normal -1.000000e+00  0.000000e+00  0.000000e+00
   outer loop
     vertex  5.065000e+01 -5.665000e+01  1.600000e+01
     vertex  5.065000e+01 -3.880000e+01  1.260000e+01
     vertex  5.065000e+01 -4.060000e+01  1.260000e+01
   endloop
 endfacet
 facet normal -1.000000e+00  0.000000e+00  0.000000e+00
   outer loop
     vertex  5.065000e+01 -5.665000e+01  1.600000e+01
     vertex  5.065000e+01 -4.180000e+01  1.260000e+01
     vertex  5.065000e+01 -4.360000e+01  1.260000e+01
   endloop
 endfacet
 facet normal -1.000000e+00  0.000000e+00  0.000000e+00
   outer loop
     vertex  5.065000e+01 -5.665000e+01  2.000000e+00
     vertex  5.065000e+01 -3.760000e+01  7.100000e+00
     vertex  5.065000e+01  7.950000e+00  2.000000e+00
   endloop
 endfacet
 facet normal -1.000000e+00 -0.000000e+00  0.000000e+00
   outer loop
     vertex  5.065000e+01  7.950000e+00  1.600000e+01
     vertex  5.065000e+01 -3.760000e+01  1.260000e+01
     vertex  5.065000e+01 -5.665000e+01  1.600000e+01
   endloop
 endfacet
 facet normal  0.000000e+00 -1.000000e+00 -0.000000e+00
   outer loop
     vertex  5.065000e+01  7.950000e+00  1.600000e+01
     vertex -6.500000e-01  7.950000e+00  2.000000e+00
     vertex  5.065000e+01  7.950000e+00  2.000000e+00
   endloop
 endfacet
 facet normal -0.000000e+00 -1.000000e+00  0.000000e+00
   outer loop
     vertex  5.065000e+01  7.950000e+00  1.600000e+01
     vertex -6.500000e-01  7.950000e+00  1.600000e+01
     vertex -6.500000e-01  7.950000e+00  2.000000e+00
   endloop
 endfacet
 facet normal  1.000000e+00  0.000000e+00  0.000000e+00
   outer loop
     vertex -6.500000e-01 -5.665000e+01  1.600000e+01
     vertex -6.500000e-01 -5.665000e+01  2.000000e+00
     vertex -6.500000e-01  7.950000e+00  2.000000e+00
   endloop
 endfacet
 facet normal  1.000000e+00 -0.000000e+00  0.000000e+00
   outer loop
     vertex -6.500000e-01 -5.665000e+01  1.600000e+01
     vertex -6.500000e-01  7.950000e+00  2.000000e+00
     vertex -6.500000e-01  7.950000e+00  1.600000e+01
   endloop
 endfacet
 facet normal  0.000000e+00  0.000000e+00  1.000000e+00
   outer loop
     vertex  5.265000e+01 -3.760000e+01  7.100000e+00
     vertex  5.065000e+01 -3.760000e+01  7.100000e+00
     vertex  5.065000e+01 -3.880000e+01  7.100000e+00
   endloop
 endfacet
 facet normal  0.000000e+00  0.000000e+00  1.000000e+00
   outer loop
     vertex  5.265000e+01 -3.760000e+01  7.100000e+00
     vertex  5.065000e+01 -3.880000e+01  7.100000e+00
     vertex  5.265000e+01 -3.880000e+01  7.100000e+00
   endloop
 endfacet
 facet normal  0.000000e+00 -1.000000e+00 -0.000000e+00
   outer loop
     vertex  5.265000e+01 -3.760000e+01  1.260000e+01
     vertex  5.065000e+01 -3.760000e+01  7.100000e+00
     vertex  5.265000e+01 -3.760000e+01  7.100000e+00
   endloop
 endfacet
 facet normal -0.000000e+00 -1.000000e+00  0.000000e+00
   outer loop
     vertex  5.265000e+01 -3.760000e+01  1.260000e+01
     vertex  5.065000e+01 -3.760000e+01  1.260000e+01
     vertex  5.065000e+01 -3.760000e+01  7.100000e+00
   endloop
 endfacet
 facet normal  0.000000e+00  1.000000e+00  0.000000e+00
   outer loop
     vertex  5.265000e+01 -3.880000e+01  1.260000e+01
     vertex  5.265000e+01 -3.880000e+01  7.100000e+00
     vertex  5.065000e+01 -3.880000e+01  7.100000e+00
   endloop
 endfacet
 facet normal  0.000000e+00  1.000000e+00  0.000000e+00
   outer loop
     vertex  5.265000e+01 -3.880000e+01  1.260000e+01
     vertex  5.065000e+01 -3.880000e+01  7.100000e+00
     vertex  5.065000e+01 -3.880000e+01  1.260000e+01
   endloop
 endfacet
 facet normal -0.000000e+00  0.000000e+00 -1.000000e+00
   outer loop
     vertex  5.265000e+01 -3.760000e+01  1.260000e+01
     vertex  5.065000e+01 -3.880000e+01  1.260000e+01
     vertex  5.065000e+01 -3.760000e+01  1.260000e+01
   endloop
 endfacet
 facet normal  0.000000e+00 -0.000000e+00 -1.000000e+00
   outer loop
     vertex  5.265000e+01 -3.760000e+01  1.260000e+01
     vertex  5.265000e+01 -3.880000e+01  1.260000e+01
     vertex  5.065000e+01 -3.880000e+01  1.260000e+01
   endloop
 endfacet
 facet normal  0.000000e+00  0.000000e+00  1.000000e+00
   outer loop
     vertex  5.265000e+01 -4.060000e+01  7.100000e+00
     vertex  5.065000e+01 -4.060000e+01  7.100000e+00
     vertex  5.065000e+01 -4.180000e+01  7.100000e+00
   endloop
 endfacet
 facet normal  0.000000e+00  0.000000e+00  1.000000e+00
   outer loop
     vertex  5.265000e+01 -4.060000e+01  7.100000e+00
     vertex  5.065000e+01 -4.180000e+01  7.100000e+00
     vertex  5.265000e+01 -4.180000e+01  7.100000e+00
   endloop
 endfacet
 facet normal  0.000000e+00 -1.000000e+00 -0.000000e+00
   outer loop
     vertex  5.265000e+01 -4.060000e+01  1.260000e+01
     vertex  5.065000e+01 -4.060000e+01  7.100000e+00
     vertex  5.265000e+01 -4.060000e+01  7.100000e+00
   endloop
 endfacet
 facet normal -0.000000e+00 -1.000000e+00  0.000000e+00
   outer loop
     vertex  5.265000e+01 -4.060000e+01  1.260000e+01
     vertex  5.065000e+01 -4.060000e+01  1.260000e+01
     vertex  5.065000e+01 -4.060000e+01  7.100000e+00
   endloop
 endfacet
 facet normal  0.000000e+00  1.000000e+00  0.000000e+00
   outer loop
     vertex  5.265000e+01 -4.180000e+01  1.260000e+01
     vertex  5.265000e+01 -4.180000e+01  7.100000e+00
     vertex  5.065000e+01 -4.180000e+01  7.100000e+00
   endloop
 endfacet
 facet normal  0.000000e+00  1.000000e+00  0.000000e+00
   outer loop
     vertex  5.265000e+01 -4.180000e+01  1.260000e+01
     vertex  5.065000e+01 -4.180000e+01  7.100000e+00
     vertex  5.065000e+01 -4.180000e+01  1.260000e+01
   endloop
 endfacet
 facet normal -0.000000e+00  0.000000e+00 -1.000000e+00
   outer loop
     vertex  5.265000e+01 -4.060000e+01  1.260000e+01
     vertex  5.065000e+01 -4.180000e+01  1.260000e+01
     vertex  5.065000e+01 -4.060000e+01  1.260000e+01
   endloop
 endfacet
 facet normal  0.000000e+00 -0.000000e+00 -1.000000e+00
   outer loop
     vertex  5.265000e+01 -4.060000e+01  1.260000e+01
     vertex  5.265000e+01 -4.180000e+01  1.260000e+01
     vertex  5.065000e+01 -4.180000e+01  1.260000e+01
   endloop
 endfacet
 facet normal  0.000000e+00  0.000000e+00  1.000000e+00
   outer loop
     vertex  5.265000e+01 -4.360000e+01  7.100000e+00
     vertex  5.065000e+01 -4.360000e+01  7.100000e+00
     vertex  5.065000e+01 -4.480000e+01  7.100000e+00
   endloop
 endfacet
 facet normal  0.000000e+00  0.000000e+00  1.000000e+00
   outer loop
     vertex  5.265000e+01 -4.360000e+01  7.100000e+00
     vertex  5.065000e+01 -4.480000e+01  7.100000e+00
     vertex  5.265000e+01 -4.480000e+01  7.100000e+00
   endloop
 endfacet
 facet normal  0.000000e+00 -1.000000e+00 -0.000000e+00
   outer loop
     vertex  5.265000e+01 -4.360000e+01  1.260000e+01
     vertex  5.065000e+01 -4.360000e+01  7.100000e+00
     vertex  5.265000e+01 -4.360000e+01  7.100000e+00
   endloop
 endfacet
 facet normal -0.000000e+00 -1.000000e+00  0.000000e+00
   outer loop
     vertex  5.265000e+01 -4.360000e+01  1.260000e+01
     vertex  5.065000e+01 -4.360000e+01  1.260000e+01
     vertex  5.065000e+01 -4.360000e+01  7.100000e+00
   endloop
 endfacet
 facet normal -0.000000e+00  0.000000e+00 -1.000000e+00
   outer loop
     vertex  5.265000e+01 -4.360000e+01  1.260000e+01
     vertex  5.065000e+01 -4.480000e+01  1.260000e+01
     vertex  5.065000e+01 -4.360000e+01  1.260000e+01
   endloop
 endfacet
 facet normal  0.000000e+00 -0.000000e+00 -1.000000e+00
   outer loop
     vertex  5.265000e+01 -4.360000e+01  1.260000e+01
     vertex  5.265000e+01 -4.480000e+01  1.260000e+01
     vertex  5.065000e+01 -4.480000e+01  1.260000e+01
   endloop
 endfacet
 facet normal  0.000000e+00  1.000000e+00  0.000000e+00
   outer loop
     vertex  5.265000e+01 -4.480000e+01  1.260000e+01
     vertex  5.265000e+01 -4.480000e+01  7.100000e+00
     vertex  5.065000e+01 -4.480000e+01  7.100000e+00
   endloop
 endfacet
 facet normal  0.000000e+00  1.000000e+00  0.000000e+00
   outer loop
     vertex  5.265000e+01 -4.480000e+01  1.260000e+01
     vertex  5.065000e+01 -4.480000e+01  7.100000e+00
     vertex  5.065000e+01 -4.480000e+01  1.260000e+01
   endloop
 endfacet
 facet normal  0.000000e+00  0.000000e+00  1.000000e+00
   outer loop
     vertex  1.620143e+00 -5.494775e+01  2.000000e+00
     vertex  1.580944e+00 -5.490935e+01  2.000000e+00
     vertex -6.500000e-01 -5.665000e+01  2.000000e+00
   endloop
 endfacet
 facet normal  0.000000e+00  0.000000e+00  1.000000e+00
   outer loop
     vertex  1.542814e+00 -5.486989e+01  2.000000e+00
     vertex -6.500000e-01 -5.665000e+01  2.000000e+00
     vertex  1.580944e+00 -5.490935e+01  2.000000e+00
   endloop
 endfacet
 facet normal  0.000000e+00  0.000000e+00  1.000000e+00
   outer loop
     vertex  1.660380e+00 -5.498507e+01  2.000000e+00
     vertex  1.620143e+00 -5.494775e+01  2.000000e+00
     vertex -6.500000e-01 -5.665000e+01  2.000000e+00
   endloop
 endfacet
 facet normal  0.000000e+00  0.000000e+00  1.000000e+00
   outer loop
     vertex  1.505781e+00 -5.482940e+01  2.000000e+00
     vertex -6.500000e-01 -5.665000e+01  2.000000e+00
     vertex  1.542814e+00 -5.486989e+01  2.000000e+00
   endloop
 endfacet
 facet normal  0.000000e+00  0.000000e+00  1.000000e+00
   outer loop
     vertex  1.701626e+00 -5.502126e+01  2.000000e+00
     vertex  1.660380e+00 -5.498507e+01  2.000000e+00
     vertex -6.500000e-01 -5.665000e+01  2.000000e+00
   endloop
 endfacet
 facet normal  0.000000e+00  0.000000e+00  1.000000e+00
   outer loop
     vertex  1.469873e+00 -5.478791e+01  2.000000e+00
     vertex -6.500000e-01 -5.665000e+01  2.000000e+00
     vertex  1.505781e+00 -5.482940e+01  2.000000e+00
   endloop
 endfacet
 facet normal  0.000000e+00  0.000000e+00  1.000000e+00
   outer loop
     vertex  1.743849e+00 -5.505630e+01  2.000000e+00
     vertex  1.701626e+00 -5.502126e+01  2.000000e+00
     vertex -6.500000e-01 -5.665000e+01  2.000000e+00
   endloop
 endfacet
 facet normal  0.000000e+00  0.000000e+00  1.000000e+00
   outer loop
     vertex  1.435116e+00 -5.474545e+01  2.000000e+00
     vertex -6.500000e-01 -5.665000e+01  2.000000e+00
     vertex  1.469873e+00 -5.478791e+01  2.000000e+00
   endloop
 endfacet
 facet normal  0.000000e+00  0.000000e+00  1.000000e+00
   outer loop
     vertex  1.787017e+00 -5.509018e+01  2.000000e+00
     vertex  1.743849e+00 -5.505630e+01  2.000000e+00
     vertex -6.500000e-01 -5.665000e+01  2.000000e+00
   endloop
 endfacet
 facet normal  0.000000e+00  0.000000e+00  1.000000e+00
   outer loop
     vertex  1.401537e+00 -5.470205e+01  2.000000e+00
     vertex -6.500000e-01 -5.665000e+01  2.000000e+00
     vertex  1.435116e+00 -5.474545e+01  2.000000e+00
   endloop
 endfacet
 facet normal  0.000000e+00  0.000000e+00  1.000000e+00
   outer loop
     vertex  1.831099e+00 -5.512286e+01  2.000000e+00
     vertex  1.787017e+00 -5.509018e+01  2.000000e+00
     vertex -6.500000e-01 -5.665000e+01  2.000000e+00
   endloop
 endfacet
 facet normal  0.000000e+00  0.000000e+00  1.000000e+00
   outer loop
     vertex  1.369162e+00 -5.465774e+01  2.000000e+00
     vertex -6.500000e-01 -5.665000e+01  2.000000e+00
     vertex  1.401537e+00 -5.470205e+01  2.000000e+00
   endloop
 endfacet
 facet normal  0.000000e+00  0.000000e+00  1.000000e+00
   outer loop
     vertex  1.876060e+00 -5.515432e+01  2.000000e+00
     vertex  1.831099e+00 -5.512286e+01  2.000000e+00
     vertex -6.500000e-01 -5.665000e+01  2.000000e+00
   endloop
 endfacet
 facet normal  0.000000e+00  0.000000e+00  1.000000e+00
   outer loop
     vertex  1.338014e+00 -5.461257e+01  2.000000e+00
     vertex -6.500000e-01 -5.665000e+01  2.000000e+00
     vertex  1.369162e+00 -5.465774e+01  2.000000e+00
   endloop
 endfacet
 facet normal  0.000000e+00  0.000000e+00  1.000000e+00
   outer loop
     vertex  1.921868e+00 -5.518453e+01  2.000000e+00
     vertex  1.876060e+00 -5.515432e+01  2.000000e+00
     vertex -6.500000e-01 -5.665000e+01  2.000000e+00
   endloop
 endfacet
 facet normal  0.000000e+00  0.000000e+00  1.000000e+00
   outer loop
     vertex  1.308117e+00 -5.456655e+01  2.000000e+00
     vertex -6.500000e-01 -5.665000e+01  2.000000e+00
     vertex  1.338014e+00 -5.461257e+01  2.000000e+00
   endloop
 endfacet
 facet normal  0.000000e+00  0.000000e+00  1.000000e+00
   outer loop
     vertex  1.968487e+00 -5.521347e+01  2.000000e+00
     vertex  1.921868e+00 -5.518453e+01  2.000000e+00
     vertex -6.500000e-01 -5.665000e+01  2.000000e+00
   endloop
 endfacet
 facet normal  0.000000e+00  0.000000e+00  1.000000e+00
   outer loop
     vertex  1.279494e+00 -5.451974e+01  2.000000e+00
     vertex -6.500000e-01 -5.665000e+01  2.000000e+00
     vertex  1.308117e+00 -5.456655e+01  2.000000e+00
   endloop
 endfacet
 facet normal  0.000000e+00  0.000000e+00  1.000000e+00
   outer loop
     vertex  2.015883e+00 -5.524112e+01  2.000000e+00
     vertex  1.968487e+00 -5.521347e+01  2.000000e+00
     vertex -6.500000e-01 -5.665000e+01  2.000000e+00
   endloop
 endfacet
 facet normal  0.000000e+00  0.000000e+00  1.000000e+00
   outer loop
     vertex  1.252167e+00 -5.447215e+01  2.000000e+00
     vertex -6.500000e-01 -5.665000e+01  2.000000e+00
     vertex  1.279494e+00 -5.451974e+01  2.000000e+00
   endloop
 endfacet
 facet normal  0.000000e+00  0.000000e+00  1.000000e+00
   outer loop
     vertex  2.064019e+00 -5.526747e+01  2.000000e+00
     vertex  2.015883e+00 -5.524112e+01  2.000000e+00
     vertex -6.500000e-01 -5.665000e+01  2.000000e+00
   endloop
 endfacet
 facet normal  0.000000e+00  0.000000e+00  1.000000e+00
   outer loop
     vertex  1.226154e+00 -5.442384e+01  2.000000e+00
     vertex -6.500000e-01 -5.665000e+01  2.000000e+00
     vertex  1.252167e+00 -5.447215e+01  2.000000e+00
   endloop
 endfacet
 facet normal  0.000000e+00  0.000000e+00  1.000000e+00
   outer loop
     vertex  2.112860e+00 -5.529248e+01  2.000000e+00
     vertex  2.064019e+00 -5.526747e+01  2.000000e+00
     vertex -6.500000e-01 -5.665000e+01  2.000000e+00
   endloop
 endfacet
 facet normal  0.000000e+00  0.000000e+00  1.000000e+00
   outer loop
     vertex  1.201477e+00 -5.437482e+01  2.000000e+00
     vertex -6.500000e-01 -5.665000e+01  2.000000e+00
     vertex  1.226154e+00 -5.442384e+01  2.000000e+00
   endloop
 endfacet
 facet normal  0.000000e+00  0.000000e+00  1.000000e+00
   outer loop
     vertex  2.162369e+00 -5.531614e+01  2.000000e+00
     vertex  2.112860e+00 -5.529248e+01  2.000000e+00
     vertex -6.500000e-01 -5.665000e+01  2.000000e+00
   endloop
 endfacet
 facet normal  0.000000e+00  0.000000e+00  1.000000e+00
   outer loop
     vertex  1.178154e+00 -5.432515e+01  2.000000e+00
     vertex -6.500000e-01 -5.665000e+01  2.000000e+00
     vertex  1.201477e+00 -5.437482e+01  2.000000e+00
   endloop
 endfacet
 facet normal  0.000000e+00  0.000000e+00  1.000000e+00
   outer loop
     vertex  2.212508e+00 -5.533844e+01  2.000000e+00
     vertex  2.162369e+00 -5.531614e+01  2.000000e+00
     vertex -6.500000e-01 -5.665000e+01  2.000000e+00
   endloop
 endfacet
 facet normal  0.000000e+00  0.000000e+00  1.000000e+00
   outer loop
     vertex  1.156203e+00 -5.427486e+01  2.000000e+00
     vertex -6.500000e-01 -5.665000e+01  2.000000e+00
     vertex  1.178154e+00 -5.432515e+01  2.000000e+00
   endloop
 endfacet
 facet normal  0.000000e+00  0.000000e+00  1.000000e+00
   outer loop
     vertex  2.263241e+00 -5.535935e+01  2.000000e+00
     vertex  2.212508e+00 -5.533844e+01  2.000000e+00
     vertex -6.500000e-01 -5.665000e+01  2.000000e+00
   endloop
 endfacet
 facet normal  0.000000e+00  0.000000e+00  1.000000e+00
   outer loop
     vertex  1.135639e+00 -5.422399e+01  2.000000e+00
     vertex -6.500000e-01 -5.665000e+01  2.000000e+00
     vertex  1.156203e+00 -5.427486e+01  2.000000e+00
   endloop
 endfacet
 facet normal  0.000000e+00  0.000000e+00  1.000000e+00
   outer loop
     vertex  2.314528e+00 -5.537886e+01  2.000000e+00
     vertex  2.263241e+00 -5.535935e+01  2.000000e+00
     vertex -6.500000e-01 -5.665000e+01  2.000000e+00
   endloop
 endfacet
 facet normal  0.000000e+00  0.000000e+00  1.000000e+00
   outer loop
     vertex  1.116479e+00 -5.417257e+01  2.000000e+00
     vertex -6.500000e-01 -5.665000e+01  2.000000e+00
     vertex  1.135639e+00 -5.422399e+01  2.000000e+00
   endloop
 endfacet
 facet normal  0.000000e+00  0.000000e+00  1.000000e+00
   outer loop
     vertex  2.366330e+00 -5.539696e+01  2.000000e+00
     vertex  2.314528e+00 -5.537886e+01  2.000000e+00
     vertex -6.500000e-01 -5.665000e+01  2.000000e+00
   endloop
 endfacet
 facet normal  0.000000e+00  0.000000e+00  1.000000e+00
   outer loop
     vertex  1.098737e+00 -5.412064e+01  2.000000e+00
     vertex -6.500000e-01 -5.665000e+01  2.000000e+00
     vertex  1.116479e+00 -5.417257e+01  2.000000e+00
   endloop
 endfacet
 facet normal  0.000000e+00  0.000000e+00  1.000000e+00
   outer loop
     vertex  2.418610e+00 -5.541363e+01  2.000000e+00
     vertex  2.366330e+00 -5.539696e+01  2.000000e+00
     vertex -6.500000e-01 -5.665000e+01  2.000000e+00
   endloop
 endfacet
 facet normal  0.000000e+00  0.000000e+00  1.000000e+00
   outer loop
     vertex  1.082425e+00 -5.406825e+01  2.000000e+00
     vertex -6.500000e-01 -5.665000e+01  2.000000e+00
     vertex  1.098737e+00 -5.412064e+01  2.000000e+00
   endloop
 endfacet
 facet normal  0.000000e+00  0.000000e+00  1.000000e+00
   outer loop
     vertex  2.471328e+00 -5.542886e+01  2.000000e+00
     vertex  2.418610e+00 -5.541363e+01  2.000000e+00
     vertex -6.500000e-01 -5.665000e+01  2.000000e+00
   endloop
 endfacet
 facet normal  0.000000e+00  0.000000e+00  1.000000e+00
   outer loop
     vertex  1.067558e+00 -5.401543e+01  2.000000e+00
     vertex -6.500000e-01 -5.665000e+01  2.000000e+00
     vertex  1.082425e+00 -5.406825e+01  2.000000e+00
   endloop
 endfacet
 facet normal  0.000000e+00  0.000000e+00  1.000000e+00
   outer loop
     vertex  2.524443e+00 -5.544264e+01  2.000000e+00
     vertex  2.471328e+00 -5.542886e+01  2.000000e+00
     vertex -6.500000e-01 -5.665000e+01  2.000000e+00
   endloop
 endfacet
 facet normal  0.000000e+00  0.000000e+00  1.000000e+00
   outer loop
     vertex  1.054145e+00 -5.396222e+01  2.000000e+00
     vertex -6.500000e-01 -5.665000e+01  2.000000e+00
     vertex  1.067558e+00 -5.401543e+01  2.000000e+00
   endloop
 endfacet
 facet normal  0.000000e+00  0.000000e+00  1.000000e+00
   outer loop
     vertex  2.577917e+00 -5.545495e+01  2.000000e+00
     vertex  2.524443e+00 -5.544264e+01  2.000000e+00
     vertex -6.500000e-01 -5.665000e+01  2.000000e+00
   endloop
 endfacet
 facet normal  0.000000e+00  0.000000e+00  1.000000e+00
   outer loop
     vertex  1.042197e+00 -5.390866e+01  2.000000e+00
     vertex -6.500000e-01 -5.665000e+01  2.000000e+00
     vertex  1.054145e+00 -5.396222e+01  2.000000e+00
   endloop
 endfacet
 facet normal  0.000000e+00  0.000000e+00  1.000000e+00
   outer loop
     vertex  2.631708e+00 -5.546580e+01  2.000000e+00
     vertex  2.577917e+00 -5.545495e+01  2.000000e+00
     vertex -6.500000e-01 -5.665000e+01  2.000000e+00
   endloop
 endfacet
 facet normal  0.000000e+00  0.000000e+00  1.000000e+00
   outer loop
     vertex  1.031722e+00 -5.385480e+01  2.000000e+00
     vertex -6.500000e-01 -5.665000e+01  2.000000e+00
     vertex  1.042197e+00 -5.390866e+01  2.000000e+00
   endloop
 endfacet
 facet normal  0.000000e+00  0.000000e+00  1.000000e+00
   outer loop
     vertex  2.685776e+00 -5.547516e+01  2.000000e+00
     vertex  2.631708e+00 -5.546580e+01  2.000000e+00
     vertex -6.500000e-01 -5.665000e+01  2.000000e+00
   endloop
 endfacet
 facet normal  0.000000e+00  0.000000e+00  1.000000e+00
   outer loop
     vertex  1.022729e+00 -5.380067e+01  2.000000e+00
     vertex -6.500000e-01 -5.665000e+01  2.000000e+00
     vertex  1.031722e+00 -5.385480e+01  2.000000e+00
   endloop
 endfacet
 facet normal  0.000000e+00  0.000000e+00  1.000000e+00
   outer loop
     vertex  2.740081e+00 -5.548304e+01  2.000000e+00
     vertex  2.685776e+00 -5.547516e+01  2.000000e+00
     vertex -6.500000e-01 -5.665000e+01  2.000000e+00
   endloop
 endfacet
 facet normal  0.000000e+00  0.000000e+00  1.000000e+00
   outer loop
     vertex  1.015225e+00 -5.374631e+01  2.000000e+00
     vertex -6.500000e-01 -5.665000e+01  2.000000e+00
     vertex  1.022729e+00 -5.380067e+01  2.000000e+00
   endloop
 endfacet
 facet normal  0.000000e+00  0.000000e+00  1.000000e+00
   outer loop
     vertex  2.794582e+00 -5.548942e+01  2.000000e+00
     vertex  2.740081e+00 -5.548304e+01  2.000000e+00
     vertex -6.500000e-01 -5.665000e+01  2.000000e+00
   endloop
 endfacet
 facet normal  0.000000e+00  0.000000e+00  1.000000e+00
   outer loop
     vertex  1.009215e+00 -5.369177e+01  2.000000e+00
     vertex -6.500000e-01 -5.665000e+01  2.000000e+00
     vertex  1.015225e+00 -5.374631e+01  2.000000e+00
   endloop
 endfacet
 facet normal  0.000000e+00  0.000000e+00  1.000000e+00
   outer loop
     vertex  2.849237e+00 -5.549431e+01  2.000000e+00
     vertex  2.794582e+00 -5.548942e+01  2.000000e+00
     vertex -6.500000e-01 -5.665000e+01  2.000000e+00
   endloop
 endfacet
 facet normal  0.000000e+00  0.000000e+00  1.000000e+00
   outer loop
     vertex  1.004703e+00 -5.363708e+01  2.000000e+00
     vertex -6.500000e-01 -5.665000e+01  2.000000e+00
     vertex  1.009215e+00 -5.369177e+01  2.000000e+00
   endloop
 endfacet
 facet normal  0.000000e+00  0.000000e+00  1.000000e+00
   outer loop
     vertex  2.904006e+00 -5.549769e+01  2.000000e+00
     vertex  2.849237e+00 -5.549431e+01  2.000000e+00
     vertex -6.500000e-01 -5.665000e+01  2.000000e+00
   endloop
 endfacet
 facet normal  0.000000e+00  0.000000e+00  1.000000e+00
   outer loop
     vertex  1.001694e+00 -5.358229e+01  2.000000e+00
     vertex -6.500000e-01 -5.665000e+01  2.000000e+00
     vertex  1.004703e+00 -5.363708e+01  2.000000e+00
   endloop
 endfacet
 facet normal  0.000000e+00  0.000000e+00  1.000000e+00
   outer loop
     vertex  2.958847e+00 -5.549958e+01  2.000000e+00
     vertex  2.904006e+00 -5.549769e+01  2.000000e+00
     vertex -6.500000e-01 -5.665000e+01  2.000000e+00
   endloop
 endfacet
 facet normal  0.000000e+00  0.000000e+00  1.000000e+00
   outer loop
     vertex  1.000188e+00 -5.352744e+01  2.000000e+00
     vertex -6.500000e-01 -5.665000e+01  2.000000e+00
     vertex  1.001694e+00 -5.358229e+01  2.000000e+00
   endloop
 endfacet
 facet normal  0.000000e+00  0.000000e+00  1.000000e+00
   outer loop
     vertex  3.013719e+00 -5.549995e+01  2.000000e+00
     vertex  2.958847e+00 -5.549958e+01  2.000000e+00
     vertex -6.500000e-01 -5.665000e+01  2.000000e+00
   endloop
 endfacet
 facet normal  0.000000e+00  0.000000e+00  1.000000e+00
   outer loop
     vertex  1.000188e+00 -5.347256e+01  2.000000e+00
     vertex -6.500000e-01 -5.665000e+01  2.000000e+00
     vertex  1.000188e+00 -5.352744e+01  2.000000e+00
   endloop
 endfacet
 facet normal  0.000000e+00  0.000000e+00  1.000000e+00
   outer loop
     vertex  3.068580e+00 -5.549882e+01  2.000000e+00
     vertex  3.013719e+00 -5.549995e+01  2.000000e+00
     vertex -6.500000e-01 -5.665000e+01  2.000000e+00
   endloop
 endfacet
 facet normal  0.000000e+00  0.000000e+00  1.000000e+00
   outer loop
     vertex  1.001694e+00 -5.341771e+01  2.000000e+00
     vertex -6.500000e-01 -5.665000e+01  2.000000e+00
     vertex  1.000188e+00 -5.347256e+01  2.000000e+00
   endloop
 endfacet
 facet normal  0.000000e+00  0.000000e+00  1.000000e+00
   outer loop
     vertex  3.123390e+00 -5.549619e+01  2.000000e+00
     vertex  3.068580e+00 -5.549882e+01  2.000000e+00
     vertex -6.500000e-01 -5.665000e+01  2.000000e+00
   endloop
 endfacet
 facet normal  0.000000e+00  0.000000e+00  1.000000e+00
   outer loop
     vertex  1.004703e+00 -5.336292e+01  2.000000e+00
     vertex -6.500000e-01 -5.665000e+01  2.000000e+00
     vertex  1.001694e+00 -5.341771e+01  2.000000e+00
   endloop
 endfacet
 facet normal  0.000000e+00  0.000000e+00  1.000000e+00
   outer loop
     vertex  3.178107e+00 -5.549205e+01  2.000000e+00
     vertex  3.123390e+00 -5.549619e+01  2.000000e+00
     vertex -6.500000e-01 -5.665000e+01  2.000000e+00
   endloop
 endfacet
 facet normal  0.000000e+00  0.000000e+00  1.000000e+00
   outer loop
     vertex  1.009215e+00 -5.330823e+01  2.000000e+00
     vertex -6.500000e-01 -5.665000e+01  2.000000e+00
     vertex  1.004703e+00 -5.336292e+01  2.000000e+00
   endloop
 endfacet
 facet normal  0.000000e+00  0.000000e+00  1.000000e+00
   outer loop
     vertex  3.232690e+00 -5.548642e+01  2.000000e+00
     vertex  3.178107e+00 -5.549205e+01  2.000000e+00
     vertex -6.500000e-01 -5.665000e+01  2.000000e+00
   endloop
 endfacet
 facet normal  0.000000e+00  0.000000e+00  1.000000e+00
   outer loop
     vertex  1.015225e+00 -5.325369e+01  2.000000e+00
     vertex -6.500000e-01 -5.665000e+01  2.000000e+00
     vertex  1.009215e+00 -5.330823e+01  2.000000e+00
   endloop
 endfacet
 facet normal  0.000000e+00  0.000000e+00  1.000000e+00
   outer loop
     vertex  3.287098e+00 -5.547929e+01  2.000000e+00
     vertex  3.232690e+00 -5.548642e+01  2.000000e+00
     vertex -6.500000e-01 -5.665000e+01  2.000000e+00
   endloop
 endfacet
 facet normal  0.000000e+00  0.000000e+00  1.000000e+00
   outer loop
     vertex  1.022729e+00 -5.319933e+01  2.000000e+00
     vertex -6.500000e-01 -5.665000e+01  2.000000e+00
     vertex  1.015225e+00 -5.325369e+01  2.000000e+00
   endloop
 endfacet
 facet normal  0.000000e+00  0.000000e+00  1.000000e+00
   outer loop
     vertex  3.341290e+00 -5.547067e+01  2.000000e+00
     vertex  3.287098e+00 -5.547929e+01  2.000000e+00
     vertex -6.500000e-01 -5.665000e+01  2.000000e+00
   endloop
 endfacet
 facet normal  0.000000e+00  0.000000e+00  1.000000e+00
   outer loop
     vertex  1.031722e+00 -5.314520e+01  2.000000e+00
     vertex -6.500000e-01 -5.665000e+01  2.000000e+00
     vertex  1.022729e+00 -5.319933e+01  2.000000e+00
   endloop
 endfacet
 facet normal  0.000000e+00  0.000000e+00  1.000000e+00
   outer loop
     vertex  3.395225e+00 -5.546056e+01  2.000000e+00
     vertex  3.341290e+00 -5.547067e+01  2.000000e+00
     vertex -6.500000e-01 -5.665000e+01  2.000000e+00
   endloop
 endfacet
 facet normal  0.000000e+00  0.000000e+00  1.000000e+00
   outer loop
     vertex  1.042197e+00 -5.309134e+01  2.000000e+00
     vertex -6.500000e-01 -5.665000e+01  2.000000e+00
     vertex  1.031722e+00 -5.314520e+01  2.000000e+00
   endloop
 endfacet
 facet normal  0.000000e+00  0.000000e+00  1.000000e+00
   outer loop
     vertex  3.448862e+00 -5.544898e+01  2.000000e+00
     vertex  3.395225e+00 -5.546056e+01  2.000000e+00
     vertex -6.500000e-01 -5.665000e+01  2.000000e+00
   endloop
 endfacet
 facet normal  0.000000e+00  0.000000e+00  1.000000e+00
   outer loop
     vertex  1.054145e+00 -5.303778e+01  2.000000e+00
     vertex -6.500000e-01 -5.665000e+01  2.000000e+00
     vertex  1.042197e+00 -5.309134e+01  2.000000e+00
   endloop
 endfacet
 facet normal  0.000000e+00  0.000000e+00  1.000000e+00
   outer loop
     vertex  3.502162e+00 -5.543593e+01  2.000000e+00
     vertex  3.448862e+00 -5.544898e+01  2.000000e+00
     vertex -6.500000e-01 -5.665000e+01  2.000000e+00
   endloop
 endfacet
 facet normal  0.000000e+00  0.000000e+00  1.000000e+00
   outer loop
     vertex  1.067558e+00 -5.298457e+01  2.000000e+00
     vertex -6.500000e-01 -5.665000e+01  2.000000e+00
     vertex  1.054145e+00 -5.303778e+01  2.000000e+00
   endloop
 endfacet
 facet normal  0.000000e+00  0.000000e+00  1.000000e+00
   outer loop
     vertex  1.082425e+00 -5.293175e+01  2.000000e+00
     vertex -6.500000e-01 -5.665000e+01  2.000000e+00
     vertex  1.067558e+00 -5.298457e+01  2.000000e+00
   endloop
 endfacet
 facet normal  0.000000e+00  0.000000e+00  1.000000e+00
   outer loop
     vertex  1.098737e+00 -5.287936e+01  2.000000e+00
     vertex -6.500000e-01 -5.665000e+01  2.000000e+00
     vertex  1.082425e+00 -5.293175e+01  2.000000e+00
   endloop
 endfacet
 facet normal  0.000000e+00  0.000000e+00  1.000000e+00
   outer loop
     vertex  1.116479e+00 -5.282743e+01  2.000000e+00
     vertex -6.500000e-01 -5.665000e+01  2.000000e+00
     vertex  1.098737e+00 -5.287936e+01  2.000000e+00
   endloop
 endfacet
 facet normal  0.000000e+00  0.000000e+00  1.000000e+00
   outer loop
     vertex  1.135639e+00 -5.277601e+01  2.000000e+00
     vertex -6.500000e-01 -5.665000e+01  2.000000e+00
     vertex  1.116479e+00 -5.282743e+01  2.000000e+00
   endloop
 endfacet
 facet normal  0.000000e+00  0.000000e+00  1.000000e+00
   outer loop
     vertex  1.156203e+00 -5.272514e+01  2.000000e+00
     vertex -6.500000e-01 -5.665000e+01  2.000000e+00
     vertex  1.135639e+00 -5.277601e+01  2.000000e+00
   endloop
 endfacet
 facet normal  0.000000e+00  0.000000e+00  1.000000e+00
   outer loop
     vertex  4.558094e+01 -5.490935e+01  2.000000e+00
     vertex  4.438256e+00 -5.488976e+01  2.000000e+00
     vertex  4.399588e+00 -5.492869e+01  2.000000e+00
   endloop
 endfacet
 facet normal  0.000000e+00  0.000000e+00  1.000000e+00
   outer loop
     vertex  4.562014e+01 -5.494775e+01  2.000000e+00
     vertex  4.399588e+00 -5.492869e+01  2.000000e+00
     vertex  4.359867e+00 -5.496655e+01  2.000000e+00
   endloop
 endfacet
 facet normal  0.000000e+00  0.000000e+00  1.000000e+00
   outer loop
     vertex  4.562014e+01 -5.494775e+01  2.000000e+00
     vertex  4.558094e+01 -5.490935e+01  2.000000e+00
     vertex  4.399588e+00 -5.492869e+01  2.000000e+00
   endloop
 endfacet
 facet normal  0.000000e+00  0.000000e+00  1.000000e+00
   outer loop
     vertex  4.554281e+01 -5.486989e+01  2.000000e+00
     vertex  4.475841e+00 -5.484978e+01  2.000000e+00
     vertex  4.438256e+00 -5.488976e+01  2.000000e+00
   endloop
 endfacet
 facet normal  0.000000e+00  0.000000e+00  1.000000e+00
   outer loop
     vertex  4.554281e+01 -5.486989e+01  2.000000e+00
     vertex  4.438256e+00 -5.488976e+01  2.000000e+00
     vertex  4.558094e+01 -5.490935e+01  2.000000e+00
   endloop
 endfacet
 facet normal  0.000000e+00  0.000000e+00  1.000000e+00
   outer loop
     vertex  4.566038e+01 -5.498507e+01  2.000000e+00
     vertex  4.359867e+00 -5.496655e+01  2.000000e+00
     vertex  4.319121e+00 -5.500330e+01  2.000000e+00
   endloop
 endfacet
 facet normal  0.000000e+00  0.000000e+00  1.000000e+00
   outer loop
     vertex  4.566038e+01 -5.498507e+01  2.000000e+00
     vertex  4.562014e+01 -5.494775e+01  2.000000e+00
     vertex  4.359867e+00 -5.496655e+01  2.000000e+00
   endloop
 endfacet
 facet normal  0.000000e+00  0.000000e+00  1.000000e+00
   outer loop
     vertex  4.550578e+01 -5.482940e+01  2.000000e+00
     vertex  4.512316e+00 -5.480878e+01  2.000000e+00
     vertex  4.475841e+00 -5.484978e+01  2.000000e+00
   endloop
 endfacet
 facet normal  0.000000e+00  0.000000e+00  1.000000e+00
   outer loop
     vertex  4.550578e+01 -5.482940e+01  2.000000e+00
     vertex  4.475841e+00 -5.484978e+01  2.000000e+00
     vertex  4.554281e+01 -5.486989e+01  2.000000e+00
   endloop
 endfacet
 facet normal  0.000000e+00  0.000000e+00  1.000000e+00
   outer loop
     vertex  4.570163e+01 -5.502126e+01  2.000000e+00
     vertex  4.319121e+00 -5.500330e+01  2.000000e+00
     vertex  4.277383e+00 -5.503893e+01  2.000000e+00
   endloop
 endfacet
 facet normal  0.000000e+00  0.000000e+00  1.000000e+00
   outer loop
     vertex  4.570163e+01 -5.502126e+01  2.000000e+00
     vertex  4.566038e+01 -5.498507e+01  2.000000e+00
     vertex  4.319121e+00 -5.500330e+01  2.000000e+00
   endloop
 endfacet
 facet normal  0.000000e+00  0.000000e+00  1.000000e+00
   outer loop
     vertex  4.546987e+01 -5.478791e+01  2.000000e+00
     vertex  4.547651e+00 -5.476680e+01  2.000000e+00
     vertex  4.512316e+00 -5.480878e+01  2.000000e+00
   endloop
 endfacet
 facet normal  0.000000e+00  0.000000e+00  1.000000e+00
   outer loop
     vertex  4.546987e+01 -5.478791e+01  2.000000e+00
     vertex  4.512316e+00 -5.480878e+01  2.000000e+00
     vertex  4.550578e+01 -5.482940e+01  2.000000e+00
   endloop
 endfacet
 facet normal  0.000000e+00  0.000000e+00  1.000000e+00
   outer loop
     vertex  4.574385e+01 -5.505630e+01  2.000000e+00
     vertex  4.570163e+01 -5.502126e+01  2.000000e+00
     vertex  4.277383e+00 -5.503893e+01  2.000000e+00
   endloop
 endfacet
 facet normal  0.000000e+00  0.000000e+00  1.000000e+00
   outer loop
     vertex  4.574385e+01 -5.505630e+01  2.000000e+00
     vertex  4.277383e+00 -5.503893e+01  2.000000e+00
     vertex  4.234683e+00 -5.507339e+01  2.000000e+00
   endloop
 endfacet
 facet normal  0.000000e+00  0.000000e+00  1.000000e+00
   outer loop
     vertex  4.543512e+01 -5.474545e+01  2.000000e+00
     vertex  4.547651e+00 -5.476680e+01  2.000000e+00
     vertex  4.546987e+01 -5.478791e+01  2.000000e+00
   endloop
 endfacet
 facet normal  0.000000e+00  0.000000e+00  1.000000e+00
   outer loop
     vertex  4.543512e+01 -5.474545e+01  2.000000e+00
     vertex  4.581822e+00 -5.472386e+01  2.000000e+00
     vertex  4.547651e+00 -5.476680e+01  2.000000e+00
   endloop
 endfacet
 facet normal  0.000000e+00  0.000000e+00  1.000000e+00
   outer loop
     vertex  4.578702e+01 -5.509018e+01  2.000000e+00
     vertex  4.574385e+01 -5.505630e+01  2.000000e+00
     vertex  4.234683e+00 -5.507339e+01  2.000000e+00
   endloop
 endfacet
 facet normal  0.000000e+00  0.000000e+00  1.000000e+00
   outer loop
     vertex  4.578702e+01 -5.509018e+01  2.000000e+00
     vertex  4.234683e+00 -5.507339e+01  2.000000e+00
     vertex  4.191054e+00 -5.510667e+01  2.000000e+00
   endloop
 endfacet
 facet normal  0.000000e+00  0.000000e+00  1.000000e+00
   outer loop
     vertex  4.540154e+01 -5.470205e+01  2.000000e+00
     vertex  4.614802e+00 -5.468001e+01  2.000000e+00
     vertex  4.581822e+00 -5.472386e+01  2.000000e+00
   endloop
 endfacet
 facet normal  0.000000e+00  0.000000e+00  1.000000e+00
   outer loop
     vertex  4.540154e+01 -5.470205e+01  2.000000e+00
     vertex  4.581822e+00 -5.472386e+01  2.000000e+00
     vertex  4.543512e+01 -5.474545e+01  2.000000e+00
   endloop
 endfacet
 facet normal  0.000000e+00  0.000000e+00  1.000000e+00
   outer loop
     vertex  4.583110e+01 -5.512286e+01  2.000000e+00
     vertex  4.578702e+01 -5.509018e+01  2.000000e+00
     vertex  4.191054e+00 -5.510667e+01  2.000000e+00
   endloop
 endfacet
 facet normal  0.000000e+00  0.000000e+00  1.000000e+00
   outer loop
     vertex  4.583110e+01 -5.512286e+01  2.000000e+00
     vertex  4.191054e+00 -5.510667e+01  2.000000e+00
     vertex  4.146528e+00 -5.513874e+01  2.000000e+00
   endloop
 endfacet
 facet normal  0.000000e+00  0.000000e+00  1.000000e+00
   outer loop
     vertex  4.536916e+01 -5.465774e+01  2.000000e+00
     vertex  4.646567e+00 -5.463526e+01  2.000000e+00
     vertex  4.614802e+00 -5.468001e+01  2.000000e+00
   endloop
 endfacet
 facet normal  0.000000e+00  0.000000e+00  1.000000e+00
   outer loop
     vertex  4.536916e+01 -5.465774e+01  2.000000e+00
     vertex  4.614802e+00 -5.468001e+01  2.000000e+00
     vertex  4.540154e+01 -5.470205e+01  2.000000e+00
   endloop
 endfacet
 facet normal  0.000000e+00  0.000000e+00  1.000000e+00
   outer loop
     vertex  4.587606e+01 -5.515432e+01  2.000000e+00
     vertex  4.583110e+01 -5.512286e+01  2.000000e+00
     vertex  4.146528e+00 -5.513874e+01  2.000000e+00
   endloop
 endfacet
 facet normal  0.000000e+00  0.000000e+00  1.000000e+00
   outer loop
     vertex  4.587606e+01 -5.515432e+01  2.000000e+00
     vertex  4.146528e+00 -5.513874e+01  2.000000e+00
     vertex  4.101140e+00 -5.516958e+01  2.000000e+00
   endloop
 endfacet
 facet normal  0.000000e+00  0.000000e+00  1.000000e+00
   outer loop
     vertex  4.533801e+01 -5.461257e+01  2.000000e+00
     vertex  4.677092e+00 -5.458966e+01  2.000000e+00
     vertex  4.646567e+00 -5.463526e+01  2.000000e+00
   endloop
 endfacet
 facet normal  0.000000e+00  0.000000e+00  1.000000e+00
   outer loop
     vertex  4.533801e+01 -5.461257e+01  2.000000e+00
     vertex  4.646567e+00 -5.463526e+01  2.000000e+00
     vertex  4.536916e+01 -5.465774e+01  2.000000e+00
   endloop
 endfacet
 facet normal  0.000000e+00  0.000000e+00  1.000000e+00
   outer loop
     vertex  4.592187e+01 -5.518453e+01  2.000000e+00
     vertex  4.101140e+00 -5.516958e+01  2.000000e+00
     vertex  4.054922e+00 -5.519916e+01  2.000000e+00
   endloop
 endfacet
 facet normal  0.000000e+00  0.000000e+00  1.000000e+00
   outer loop
     vertex  4.592187e+01 -5.518453e+01  2.000000e+00
     vertex  4.587606e+01 -5.515432e+01  2.000000e+00
     vertex  4.101140e+00 -5.516958e+01  2.000000e+00
   endloop
 endfacet
 facet normal  0.000000e+00  0.000000e+00  1.000000e+00
   outer loop
     vertex  4.530812e+01 -5.456655e+01  2.000000e+00
     vertex  4.706355e+00 -5.454324e+01  2.000000e+00
     vertex  4.677092e+00 -5.458966e+01  2.000000e+00
   endloop
 endfacet
 facet normal  0.000000e+00  0.000000e+00  1.000000e+00
   outer loop
     vertex  4.530812e+01 -5.456655e+01  2.000000e+00
     vertex  4.677092e+00 -5.458966e+01  2.000000e+00
     vertex  4.533801e+01 -5.461257e+01  2.000000e+00
   endloop
 endfacet
 facet normal  0.000000e+00  0.000000e+00  1.000000e+00
   outer loop
     vertex  4.596849e+01 -5.521347e+01  2.000000e+00
     vertex  4.592187e+01 -5.518453e+01  2.000000e+00
     vertex  4.054922e+00 -5.519916e+01  2.000000e+00
   endloop
 endfacet
 facet normal  0.000000e+00  0.000000e+00  1.000000e+00
   outer loop
     vertex  4.596849e+01 -5.521347e+01  2.000000e+00
     vertex  4.054922e+00 -5.519916e+01  2.000000e+00
     vertex  4.007910e+00 -5.522746e+01  2.000000e+00
   endloop
 endfacet
 facet normal  0.000000e+00  0.000000e+00  1.000000e+00
   outer loop
     vertex  4.527949e+01 -5.451974e+01  2.000000e+00
     vertex  4.734333e+00 -5.449604e+01  2.000000e+00
     vertex  4.706355e+00 -5.454324e+01  2.000000e+00
   endloop
 endfacet
 facet normal  0.000000e+00  0.000000e+00  1.000000e+00
   outer loop
     vertex  4.527949e+01 -5.451974e+01  2.000000e+00
     vertex  4.706355e+00 -5.454324e+01  2.000000e+00
     vertex  4.530812e+01 -5.456655e+01  2.000000e+00
   endloop
 endfacet
 facet normal  0.000000e+00  0.000000e+00  1.000000e+00
   outer loop
     vertex  4.601588e+01 -5.524112e+01  2.000000e+00
     vertex  4.596849e+01 -5.521347e+01  2.000000e+00
     vertex  4.007910e+00 -5.522746e+01  2.000000e+00
   endloop
 endfacet
 facet normal  0.000000e+00  0.000000e+00  1.000000e+00
   outer loop
     vertex  4.601588e+01 -5.524112e+01  2.000000e+00
     vertex  4.007910e+00 -5.522746e+01  2.000000e+00
     vertex  3.960139e+00 -5.525446e+01  2.000000e+00
   endloop
 endfacet
 facet normal  0.000000e+00  0.000000e+00  1.000000e+00
   outer loop
     vertex  4.525217e+01 -5.447215e+01  2.000000e+00
     vertex  4.761005e+00 -5.444808e+01  2.000000e+00
     vertex  4.734333e+00 -5.449604e+01  2.000000e+00
   endloop
 endfacet
 facet normal  0.000000e+00  0.000000e+00  1.000000e+00
   outer loop
     vertex  4.525217e+01 -5.447215e+01  2.000000e+00
     vertex  4.734333e+00 -5.449604e+01  2.000000e+00
     vertex  4.527949e+01 -5.451974e+01  2.000000e+00
   endloop
 endfacet
 facet normal  0.000000e+00  0.000000e+00  1.000000e+00
   outer loop
     vertex  4.606402e+01 -5.526747e+01  2.000000e+00
     vertex  4.601588e+01 -5.524112e+01  2.000000e+00
     vertex  3.960139e+00 -5.525446e+01  2.000000e+00
   endloop
 endfacet
 facet normal  0.000000e+00  0.000000e+00  1.000000e+00
   outer loop
     vertex  4.606402e+01 -5.526747e+01  2.000000e+00
     vertex  3.960139e+00 -5.525446e+01  2.000000e+00
     vertex  3.911646e+00 -5.528014e+01  2.000000e+00
   endloop
 endfacet
 facet normal  0.000000e+00  0.000000e+00  1.000000e+00
   outer loop
     vertex  4.522615e+01 -5.442384e+01  2.000000e+00
     vertex  4.786352e+00 -5.439941e+01  2.000000e+00
     vertex  4.761005e+00 -5.444808e+01  2.000000e+00
   endloop
 endfacet
 facet normal  0.000000e+00  0.000000e+00  1.000000e+00
   outer loop
     vertex  4.522615e+01 -5.442384e+01  2.000000e+00
     vertex  4.761005e+00 -5.444808e+01  2.000000e+00
     vertex  4.525217e+01 -5.447215e+01  2.000000e+00
   endloop
 endfacet
 facet normal  0.000000e+00  0.000000e+00  1.000000e+00
   outer loop
     vertex  4.611286e+01 -5.529248e+01  2.000000e+00
     vertex  4.606402e+01 -5.526747e+01  2.000000e+00
     vertex  3.911646e+00 -5.528014e+01  2.000000e+00
   endloop
 endfacet
 facet normal  0.000000e+00  0.000000e+00  1.000000e+00
   outer loop
     vertex  4.611286e+01 -5.529248e+01  2.000000e+00
     vertex  3.911646e+00 -5.528014e+01  2.000000e+00
     vertex  3.862467e+00 -5.530448e+01  2.000000e+00
   endloop
 endfacet
 facet normal  0.000000e+00  0.000000e+00  1.000000e+00
   outer loop
     vertex  4.520148e+01 -5.437482e+01  2.000000e+00
     vertex  4.810354e+00 -5.435007e+01  2.000000e+00
     vertex  4.786352e+00 -5.439941e+01  2.000000e+00
   endloop
 endfacet
 facet normal  0.000000e+00  0.000000e+00  1.000000e+00
   outer loop
     vertex  4.520148e+01 -5.437482e+01  2.000000e+00
     vertex  4.786352e+00 -5.439941e+01  2.000000e+00
     vertex  4.522615e+01 -5.442384e+01  2.000000e+00
   endloop
 endfacet
 facet normal  0.000000e+00  0.000000e+00  1.000000e+00
   outer loop
     vertex  4.616237e+01 -5.531614e+01  2.000000e+00
     vertex  4.611286e+01 -5.529248e+01  2.000000e+00
     vertex  3.862467e+00 -5.530448e+01  2.000000e+00
   endloop
 endfacet
 facet normal  0.000000e+00  0.000000e+00  1.000000e+00
   outer loop
     vertex  4.616237e+01 -5.531614e+01  2.000000e+00
     vertex  3.862467e+00 -5.530448e+01  2.000000e+00
     vertex  3.812638e+00 -5.532746e+01  2.000000e+00
   endloop
 endfacet
 facet normal  0.000000e+00  0.000000e+00  1.000000e+00
   outer loop
     vertex  4.517815e+01 -5.432515e+01  2.000000e+00
     vertex  4.832994e+00 -5.430008e+01  2.000000e+00
     vertex  4.810354e+00 -5.435007e+01  2.000000e+00
   endloop
 endfacet
 facet normal  0.000000e+00  0.000000e+00  1.000000e+00
   outer loop
     vertex  4.517815e+01 -5.432515e+01  2.000000e+00
     vertex  4.810354e+00 -5.435007e+01  2.000000e+00
     vertex  4.520148e+01 -5.437482e+01  2.000000e+00
   endloop
 endfacet
 facet normal  0.000000e+00  0.000000e+00  1.000000e+00
   outer loop
     vertex  4.621251e+01 -5.533844e+01  2.000000e+00
     vertex  4.616237e+01 -5.531614e+01  2.000000e+00
     vertex  3.812638e+00 -5.532746e+01  2.000000e+00
   endloop
 endfacet
 facet normal  0.000000e+00  0.000000e+00  1.000000e+00
   outer loop
     vertex  4.621251e+01 -5.533844e+01  2.000000e+00
     vertex  3.812638e+00 -5.532746e+01  2.000000e+00
     vertex  3.762197e+00 -5.534907e+01  2.000000e+00
   endloop
 endfacet
 facet normal  0.000000e+00  0.000000e+00  1.000000e+00
   outer loop
     vertex  4.515620e+01 -5.427486e+01  2.000000e+00
     vertex  4.854253e+00 -5.424950e+01  2.000000e+00
     vertex  4.832994e+00 -5.430008e+01  2.000000e+00
   endloop
 endfacet
 facet normal  0.000000e+00  0.000000e+00  1.000000e+00
   outer loop
     vertex  4.515620e+01 -5.427486e+01  2.000000e+00
     vertex  4.832994e+00 -5.430008e+01  2.000000e+00
     vertex  4.517815e+01 -5.432515e+01  2.000000e+00
   endloop
 endfacet
 facet normal  0.000000e+00  0.000000e+00  1.000000e+00
   outer loop
     vertex  4.626324e+01 -5.535935e+01  2.000000e+00
     vertex  4.621251e+01 -5.533844e+01  2.000000e+00
     vertex  3.762197e+00 -5.534907e+01  2.000000e+00
   endloop
 endfacet
 facet normal  0.000000e+00  0.000000e+00  1.000000e+00
   outer loop
     vertex  4.626324e+01 -5.535935e+01  2.000000e+00
     vertex  3.762197e+00 -5.534907e+01  2.000000e+00
     vertex  3.711183e+00 -5.536928e+01  2.000000e+00
   endloop
 endfacet
 facet normal  0.000000e+00  0.000000e+00  1.000000e+00
   outer loop
     vertex  4.513564e+01 -5.422399e+01  2.000000e+00
     vertex  4.874117e+00 -5.419834e+01  2.000000e+00
     vertex  4.854253e+00 -5.424950e+01  2.000000e+00
   endloop
 endfacet
 facet normal  0.000000e+00  0.000000e+00  1.000000e+00
   outer loop
     vertex  4.513564e+01 -5.422399e+01  2.000000e+00
     vertex  4.854253e+00 -5.424950e+01  2.000000e+00
     vertex  4.515620e+01 -5.427486e+01  2.000000e+00
   endloop
 endfacet
 facet normal  0.000000e+00  0.000000e+00  1.000000e+00
   outer loop
     vertex  4.631453e+01 -5.537886e+01  2.000000e+00
     vertex  4.626324e+01 -5.535935e+01  2.000000e+00
     vertex  3.711183e+00 -5.536928e+01  2.000000e+00
   endloop
 endfacet
 facet normal  0.000000e+00  0.000000e+00  1.000000e+00
   outer loop
     vertex  4.631453e+01 -5.537886e+01  2.000000e+00
     vertex  3.711183e+00 -5.536928e+01  2.000000e+00
     vertex  3.659633e+00 -5.538809e+01  2.000000e+00
   endloop
 endfacet
 facet normal  0.000000e+00  0.000000e+00  1.000000e+00
   outer loop
     vertex  4.511648e+01 -5.417257e+01  2.000000e+00
     vertex  4.874117e+00 -5.419834e+01  2.000000e+00
     vertex  4.513564e+01 -5.422399e+01  2.000000e+00
   endloop
 endfacet
 facet normal  0.000000e+00  0.000000e+00  1.000000e+00
   outer loop
     vertex  4.511648e+01 -5.417257e+01  2.000000e+00
     vertex  4.892570e+00 -5.414667e+01  2.000000e+00
     vertex  4.874117e+00 -5.419834e+01  2.000000e+00
   endloop
 endfacet
 facet normal  0.000000e+00  0.000000e+00  1.000000e+00
   outer loop
     vertex  4.636633e+01 -5.539696e+01  2.000000e+00
     vertex  4.631453e+01 -5.537886e+01  2.000000e+00
     vertex  3.659633e+00 -5.538809e+01  2.000000e+00
   endloop
 endfacet
 facet normal  0.000000e+00  0.000000e+00  1.000000e+00
   outer loop
     vertex  4.636633e+01 -5.539696e+01  2.000000e+00
     vertex  3.659633e+00 -5.538809e+01  2.000000e+00
     vertex  3.607587e+00 -5.540548e+01  2.000000e+00
   endloop
 endfacet
 facet normal  0.000000e+00  0.000000e+00  1.000000e+00
   outer loop
     vertex  4.509874e+01 -5.412064e+01  2.000000e+00
     vertex  4.909599e+00 -5.409450e+01  2.000000e+00
     vertex  4.892570e+00 -5.414667e+01  2.000000e+00
   endloop
 endfacet
 facet normal  0.000000e+00  0.000000e+00  1.000000e+00
   outer loop
     vertex  4.509874e+01 -5.412064e+01  2.000000e+00
     vertex  4.892570e+00 -5.414667e+01  2.000000e+00
     vertex  4.511648e+01 -5.417257e+01  2.000000e+00
   endloop
 endfacet
 facet normal  0.000000e+00  0.000000e+00  1.000000e+00
   outer loop
     vertex  4.641861e+01 -5.541363e+01  2.000000e+00
     vertex  4.636633e+01 -5.539696e+01  2.000000e+00
     vertex  3.607587e+00 -5.540548e+01  2.000000e+00
   endloop
 endfacet
 facet normal  0.000000e+00  0.000000e+00  1.000000e+00
   outer loop
     vertex  4.641861e+01 -5.541363e+01  2.000000e+00
     vertex  3.607587e+00 -5.540548e+01  2.000000e+00
     vertex  3.555083e+00 -5.542143e+01  2.000000e+00
   endloop
 endfacet
 facet normal  0.000000e+00  0.000000e+00  1.000000e+00
   outer loop
     vertex  4.508243e+01 -5.406825e+01  2.000000e+00
     vertex  4.925190e+00 -5.404189e+01  2.000000e+00
     vertex  4.909599e+00 -5.409450e+01  2.000000e+00
   endloop
 endfacet
 facet normal  0.000000e+00  0.000000e+00  1.000000e+00
   outer loop
     vertex  4.508243e+01 -5.406825e+01  2.000000e+00
     vertex  4.909599e+00 -5.409450e+01  2.000000e+00
     vertex  4.509874e+01 -5.412064e+01  2.000000e+00
   endloop
 endfacet
 facet normal  0.000000e+00  0.000000e+00  1.000000e+00
   outer loop
     vertex  4.647133e+01 -5.542886e+01  2.000000e+00
     vertex  4.641861e+01 -5.541363e+01  2.000000e+00
     vertex  3.555083e+00 -5.542143e+01  2.000000e+00
   endloop
 endfacet
 facet normal  0.000000e+00  0.000000e+00  1.000000e+00
   outer loop
     vertex  4.647133e+01 -5.542886e+01  2.000000e+00
     vertex  3.555083e+00 -5.542143e+01  2.000000e+00
     vertex  3.502162e+00 -5.543593e+01  2.000000e+00
   endloop
 endfacet
 facet normal  0.000000e+00  0.000000e+00  1.000000e+00
   outer loop
     vertex  4.506756e+01 -5.401543e+01  2.000000e+00
     vertex  4.939331e+00 -5.398887e+01  2.000000e+00
     vertex  4.925190e+00 -5.404189e+01  2.000000e+00
   endloop
 endfacet
 facet normal  0.000000e+00  0.000000e+00  1.000000e+00
   outer loop
     vertex  4.506756e+01 -5.401543e+01  2.000000e+00
     vertex  4.925190e+00 -5.404189e+01  2.000000e+00
     vertex  4.508243e+01 -5.406825e+01  2.000000e+00
   endloop
 endfacet
 facet normal  0.000000e+00  0.000000e+00  1.000000e+00
   outer loop
     vertex  4.505414e+01 -5.396222e+01  2.000000e+00
     vertex  4.939331e+00 -5.398887e+01  2.000000e+00
     vertex  4.506756e+01 -5.401543e+01  2.000000e+00
   endloop
 endfacet
 facet normal  0.000000e+00  0.000000e+00  1.000000e+00
   outer loop
     vertex  4.505414e+01 -5.396222e+01  2.000000e+00
     vertex  4.952013e+00 -5.393548e+01  2.000000e+00
     vertex  4.939331e+00 -5.398887e+01  2.000000e+00
   endloop
 endfacet
 facet normal  0.000000e+00  0.000000e+00  1.000000e+00
   outer loop
     vertex  4.504220e+01 -5.390866e+01  2.000000e+00
     vertex  4.963225e+00 -5.388177e+01  2.000000e+00
     vertex  4.952013e+00 -5.393548e+01  2.000000e+00
   endloop
 endfacet
 facet normal  0.000000e+00  0.000000e+00  1.000000e+00
   outer loop
     vertex  4.504220e+01 -5.390866e+01  2.000000e+00
     vertex  4.952013e+00 -5.393548e+01  2.000000e+00
     vertex  4.505414e+01 -5.396222e+01  2.000000e+00
   endloop
 endfacet
 facet normal  0.000000e+00  0.000000e+00  1.000000e+00
   outer loop
     vertex  4.503172e+01 -5.385480e+01  2.000000e+00
     vertex  4.972960e+00 -5.382776e+01  2.000000e+00
     vertex  4.963225e+00 -5.388177e+01  2.000000e+00
   endloop
 endfacet
 facet normal  0.000000e+00  0.000000e+00  1.000000e+00
   outer loop
     vertex  4.503172e+01 -5.385480e+01  2.000000e+00
     vertex  4.963225e+00 -5.388177e+01  2.000000e+00
     vertex  4.504220e+01 -5.390866e+01  2.000000e+00
   endloop
 endfacet
 facet normal  0.000000e+00  0.000000e+00  1.000000e+00
   outer loop
     vertex  4.502273e+01 -5.380067e+01  2.000000e+00
     vertex  4.972960e+00 -5.382776e+01  2.000000e+00
     vertex  4.503172e+01 -5.385480e+01  2.000000e+00
   endloop
 endfacet
 facet normal  0.000000e+00  0.000000e+00  1.000000e+00
   outer loop
     vertex  4.502273e+01 -5.380067e+01  2.000000e+00
     vertex  4.981209e+00 -5.377352e+01  2.000000e+00
     vertex  4.972960e+00 -5.382776e+01  2.000000e+00
   endloop
 endfacet
 facet normal  0.000000e+00  0.000000e+00  1.000000e+00
   outer loop
     vertex  4.501523e+01 -5.374631e+01  2.000000e+00
     vertex  4.981209e+00 -5.377352e+01  2.000000e+00
     vertex  4.502273e+01 -5.380067e+01  2.000000e+00
   endloop
 endfacet
 facet normal  0.000000e+00  0.000000e+00  1.000000e+00
   outer loop
     vertex  4.501523e+01 -5.374631e+01  2.000000e+00
     vertex  4.987967e+00 -5.371906e+01  2.000000e+00
     vertex  4.981209e+00 -5.377352e+01  2.000000e+00
   endloop
 endfacet
 facet normal  0.000000e+00  0.000000e+00  1.000000e+00
   outer loop
     vertex  4.500921e+01 -5.369177e+01  2.000000e+00
     vertex  4.993228e+00 -5.366444e+01  2.000000e+00
     vertex  4.987967e+00 -5.371906e+01  2.000000e+00
   endloop
 endfacet
 facet normal  0.000000e+00  0.000000e+00  1.000000e+00
   outer loop
     vertex  4.500921e+01 -5.369177e+01  2.000000e+00
     vertex  4.987967e+00 -5.371906e+01  2.000000e+00
     vertex  4.501523e+01 -5.374631e+01  2.000000e+00
   endloop
 endfacet
 facet normal  0.000000e+00  0.000000e+00  1.000000e+00
   outer loop
     vertex  4.500470e+01 -5.363708e+01  2.000000e+00
     vertex  4.993228e+00 -5.366444e+01  2.000000e+00
     vertex  4.500921e+01 -5.369177e+01  2.000000e+00
   endloop
 endfacet
 facet normal  0.000000e+00  0.000000e+00  1.000000e+00
   outer loop
     vertex  4.500470e+01 -5.363708e+01  2.000000e+00
     vertex  4.996989e+00 -5.360969e+01  2.000000e+00
     vertex  4.993228e+00 -5.366444e+01  2.000000e+00
   endloop
 endfacet
 facet normal  0.000000e+00  0.000000e+00  1.000000e+00
   outer loop
     vertex  4.500169e+01 -5.358229e+01  2.000000e+00
     vertex  4.999247e+00 -5.355487e+01  2.000000e+00
     vertex  4.996989e+00 -5.360969e+01  2.000000e+00
   endloop
 endfacet
 facet normal  0.000000e+00  0.000000e+00  1.000000e+00
   outer loop
     vertex  4.500169e+01 -5.358229e+01  2.000000e+00
     vertex  4.996989e+00 -5.360969e+01  2.000000e+00
     vertex  4.500470e+01 -5.363708e+01  2.000000e+00
   endloop
 endfacet
 facet normal  0.000000e+00  0.000000e+00  1.000000e+00
   outer loop
     vertex  4.500019e+01 -5.352744e+01  2.000000e+00
     vertex  5.000000e+00 -5.350000e+01  2.000000e+00
     vertex  4.999247e+00 -5.355487e+01  2.000000e+00
   endloop
 endfacet
 facet normal  0.000000e+00  0.000000e+00  1.000000e+00
   outer loop
     vertex  4.500019e+01 -5.352744e+01  2.000000e+00
     vertex  4.999247e+00 -5.355487e+01  2.000000e+00
     vertex  4.500169e+01 -5.358229e+01  2.000000e+00
   endloop
 endfacet
 facet normal  0.000000e+00  0.000000e+00  1.000000e+00
   outer loop
     vertex  4.500019e+01 -5.347256e+01  2.000000e+00
     vertex  4.999247e+00 -5.344513e+01  2.000000e+00
     vertex  5.000000e+00 -5.350000e+01  2.000000e+00
   endloop
 endfacet
 facet normal  0.000000e+00  0.000000e+00  1.000000e+00
   outer loop
     vertex  4.500019e+01 -5.347256e+01  2.000000e+00
     vertex  5.000000e+00 -5.350000e+01  2.000000e+00
     vertex  4.500019e+01 -5.352744e+01  2.000000e+00
   endloop
 endfacet
 facet normal  0.000000e+00  0.000000e+00  1.000000e+00
   outer loop
     vertex  4.500169e+01 -5.341771e+01  2.000000e+00
     vertex  4.996989e+00 -5.339031e+01  2.000000e+00
     vertex  4.999247e+00 -5.344513e+01  2.000000e+00
   endloop
 endfacet
 facet normal  0.000000e+00  0.000000e+00  1.000000e+00
   outer loop
     vertex  4.500169e+01 -5.341771e+01  2.000000e+00
     vertex  4.999247e+00 -5.344513e+01  2.000000e+00
     vertex  4.500019e+01 -5.347256e+01  2.000000e+00
   endloop
 endfacet
 facet normal  0.000000e+00  0.000000e+00  1.000000e+00
   outer loop
     vertex  4.500470e+01 -5.336292e+01  2.000000e+00
     vertex  4.993228e+00 -5.333556e+01  2.000000e+00
     vertex  4.996989e+00 -5.339031e+01  2.000000e+00
   endloop
 endfacet
 facet normal  0.000000e+00  0.000000e+00  1.000000e+00
   outer loop
     vertex  4.500470e+01 -5.336292e+01  2.000000e+00
     vertex  4.996989e+00 -5.339031e+01  2.000000e+00
     vertex  4.500169e+01 -5.341771e+01  2.000000e+00
   endloop
 endfacet
 facet normal  0.000000e+00  0.000000e+00  1.000000e+00
   outer loop
     vertex  4.500921e+01 -5.330823e+01  2.000000e+00
     vertex  4.987967e+00 -5.328094e+01  2.000000e+00
     vertex  4.993228e+00 -5.333556e+01  2.000000e+00
   endloop
 endfacet
 facet normal  0.000000e+00  0.000000e+00  1.000000e+00
   outer loop
     vertex  4.500921e+01 -5.330823e+01  2.000000e+00
     vertex  4.993228e+00 -5.333556e+01  2.000000e+00
     vertex  4.500470e+01 -5.336292e+01  2.000000e+00
   endloop
 endfacet
 facet normal  0.000000e+00  0.000000e+00  1.000000e+00
   outer loop
     vertex  4.501523e+01 -5.325369e+01  2.000000e+00
     vertex  4.981209e+00 -5.322648e+01  2.000000e+00
     vertex  4.987967e+00 -5.328094e+01  2.000000e+00
   endloop
 endfacet
 facet normal  0.000000e+00  0.000000e+00  1.000000e+00
   outer loop
     vertex  4.501523e+01 -5.325369e+01  2.000000e+00
     vertex  4.987967e+00 -5.328094e+01  2.000000e+00
     vertex  4.500921e+01 -5.330823e+01  2.000000e+00
   endloop
 endfacet
 facet normal  0.000000e+00  0.000000e+00  1.000000e+00
   outer loop
     vertex  4.502273e+01 -5.319933e+01  2.000000e+00
     vertex  4.972960e+00 -5.317224e+01  2.000000e+00
     vertex  4.981209e+00 -5.322648e+01  2.000000e+00
   endloop
 endfacet
 facet normal  0.000000e+00  0.000000e+00  1.000000e+00
   outer loop
     vertex  4.502273e+01 -5.319933e+01  2.000000e+00
     vertex  4.981209e+00 -5.322648e+01  2.000000e+00
     vertex  4.501523e+01 -5.325369e+01  2.000000e+00
   endloop
 endfacet
 facet normal  0.000000e+00  0.000000e+00  1.000000e+00
   outer loop
     vertex  4.503172e+01 -5.314520e+01  2.000000e+00
     vertex  4.972960e+00 -5.317224e+01  2.000000e+00
     vertex  4.502273e+01 -5.319933e+01  2.000000e+00
   endloop
 endfacet
 facet normal  0.000000e+00  0.000000e+00  1.000000e+00
   outer loop
     vertex  4.503172e+01 -5.314520e+01  2.000000e+00
     vertex  4.963225e+00 -5.311823e+01  2.000000e+00
     vertex  4.972960e+00 -5.317224e+01  2.000000e+00
   endloop
 endfacet
 facet normal  0.000000e+00  0.000000e+00  1.000000e+00
   outer loop
     vertex  4.504220e+01 -5.309134e+01  2.000000e+00
     vertex  4.963225e+00 -5.311823e+01  2.000000e+00
     vertex  4.503172e+01 -5.314520e+01  2.000000e+00
   endloop
 endfacet
 facet normal  0.000000e+00  0.000000e+00  1.000000e+00
   outer loop
     vertex  4.504220e+01 -5.309134e+01  2.000000e+00
     vertex  4.952013e+00 -5.306452e+01  2.000000e+00
     vertex  4.963225e+00 -5.311823e+01  2.000000e+00
   endloop
 endfacet
 facet normal  0.000000e+00  0.000000e+00  1.000000e+00
   outer loop
     vertex  4.505414e+01 -5.303778e+01  2.000000e+00
     vertex  4.952013e+00 -5.306452e+01  2.000000e+00
     vertex  4.504220e+01 -5.309134e+01  2.000000e+00
   endloop
 endfacet
 facet normal  0.000000e+00  0.000000e+00  1.000000e+00
   outer loop
     vertex  4.505414e+01 -5.303778e+01  2.000000e+00
     vertex  4.939331e+00 -5.301113e+01  2.000000e+00
     vertex  4.952013e+00 -5.306452e+01  2.000000e+00
   endloop
 endfacet
 facet normal  0.000000e+00  0.000000e+00  1.000000e+00
   outer loop
     vertex  4.506756e+01 -5.298457e+01  2.000000e+00
     vertex  4.925190e+00 -5.295811e+01  2.000000e+00
     vertex  4.939331e+00 -5.301113e+01  2.000000e+00
   endloop
 endfacet
 facet normal  0.000000e+00  0.000000e+00  1.000000e+00
   outer loop
     vertex  4.506756e+01 -5.298457e+01  2.000000e+00
     vertex  4.939331e+00 -5.301113e+01  2.000000e+00
     vertex  4.505414e+01 -5.303778e+01  2.000000e+00
   endloop
 endfacet
 facet normal  0.000000e+00  0.000000e+00  1.000000e+00
   outer loop
     vertex  4.508243e+01 -5.293175e+01  2.000000e+00
     vertex  4.909599e+00 -5.290550e+01  2.000000e+00
     vertex  4.925190e+00 -5.295811e+01  2.000000e+00
   endloop
 endfacet
 facet normal  0.000000e+00  0.000000e+00  1.000000e+00
   outer loop
     vertex  4.508243e+01 -5.293175e+01  2.000000e+00
     vertex  4.925190e+00 -5.295811e+01  2.000000e+00
     vertex  4.506756e+01 -5.298457e+01  2.000000e+00
   endloop
 endfacet
 facet normal  0.000000e+00  0.000000e+00  1.000000e+00
   outer loop
     vertex  4.509874e+01 -5.287936e+01  2.000000e+00
     vertex  4.892570e+00 -5.285333e+01  2.000000e+00
     vertex  4.909599e+00 -5.290550e+01  2.000000e+00
   endloop
 endfacet
 facet normal  0.000000e+00  0.000000e+00  1.000000e+00
   outer loop
     vertex  4.509874e+01 -5.287936e+01  2.000000e+00
     vertex  4.909599e+00 -5.290550e+01  2.000000e+00
     vertex  4.508243e+01 -5.293175e+01  2.000000e+00
   endloop
 endfacet
 facet normal  0.000000e+00  0.000000e+00  1.000000e+00
   outer loop
     vertex  4.511648e+01 -5.282743e+01  2.000000e+00
     vertex  4.874117e+00 -5.280166e+01  2.000000e+00
     vertex  4.892570e+00 -5.285333e+01  2.000000e+00
   endloop
 endfacet
 facet normal  0.000000e+00  0.000000e+00  1.000000e+00
   outer loop
     vertex  4.511648e+01 -5.282743e+01  2.000000e+00
     vertex  4.892570e+00 -5.285333e+01  2.000000e+00
     vertex  4.509874e+01 -5.287936e+01  2.000000e+00
   endloop
 endfacet
 facet normal  0.000000e+00  0.000000e+00  1.000000e+00
   outer loop
     vertex  4.513564e+01 -5.277601e+01  2.000000e+00
     vertex  4.874117e+00 -5.280166e+01  2.000000e+00
     vertex  4.511648e+01 -5.282743e+01  2.000000e+00
   endloop
 endfacet
 facet normal  0.000000e+00  0.000000e+00  1.000000e+00
   outer loop
     vertex  4.513564e+01 -5.277601e+01  2.000000e+00
     vertex  4.854253e+00 -5.275050e+01  2.000000e+00
     vertex  4.874117e+00 -5.280166e+01  2.000000e+00
   endloop
 endfacet
 facet normal  0.000000e+00  0.000000e+00  1.000000e+00
   outer loop
     vertex  4.515620e+01 -5.272514e+01  2.000000e+00
     vertex  4.832994e+00 -5.269992e+01  2.000000e+00
     vertex  4.854253e+00 -5.275050e+01  2.000000e+00
   endloop
 endfacet
 facet normal  0.000000e+00  0.000000e+00  1.000000e+00
   outer loop
     vertex  4.515620e+01 -5.272514e+01  2.000000e+00
     vertex  4.854253e+00 -5.275050e+01  2.000000e+00
     vertex  4.513564e+01 -5.277601e+01  2.000000e+00
   endloop
 endfacet
 facet normal  0.000000e+00  0.000000e+00  1.000000e+00
   outer loop
     vertex  4.517815e+01 -5.267485e+01  2.000000e+00
     vertex  4.810354e+00 -5.264993e+01  2.000000e+00
     vertex  4.832994e+00 -5.269992e+01  2.000000e+00
   endloop
 endfacet
 facet normal  0.000000e+00  0.000000e+00  1.000000e+00
   outer loop
     vertex  4.517815e+01 -5.267485e+01  2.000000e+00
     vertex  4.832994e+00 -5.269992e+01  2.000000e+00
     vertex  4.515620e+01 -5.272514e+01  2.000000e+00
   endloop
 endfacet
 facet normal  0.000000e+00  0.000000e+00  1.000000e+00
   outer loop
     vertex  4.520148e+01 -5.262518e+01  2.000000e+00
     vertex  4.786352e+00 -5.260059e+01  2.000000e+00
     vertex  4.810354e+00 -5.264993e+01  2.000000e+00
   endloop
 endfacet
 facet normal  0.000000e+00  0.000000e+00  1.000000e+00
   outer loop
     vertex  4.520148e+01 -5.262518e+01  2.000000e+00
     vertex  4.810354e+00 -5.264993e+01  2.000000e+00
     vertex  4.517815e+01 -5.267485e+01  2.000000e+00
   endloop
 endfacet
 facet normal  0.000000e+00  0.000000e+00  1.000000e+00
   outer loop
     vertex  4.522615e+01 -5.257616e+01  2.000000e+00
     vertex  4.761005e+00 -5.255192e+01  2.000000e+00
     vertex  4.786352e+00 -5.260059e+01  2.000000e+00
   endloop
 endfacet
 facet normal  0.000000e+00  0.000000e+00  1.000000e+00
   outer loop
     vertex  4.522615e+01 -5.257616e+01  2.000000e+00
     vertex  4.786352e+00 -5.260059e+01  2.000000e+00
     vertex  4.520148e+01 -5.262518e+01  2.000000e+00
   endloop
 endfacet
 facet normal  0.000000e+00  0.000000e+00  1.000000e+00
   outer loop
     vertex  4.525217e+01 -5.252785e+01  2.000000e+00
     vertex  4.734333e+00 -5.250396e+01  2.000000e+00
     vertex  4.761005e+00 -5.255192e+01  2.000000e+00
   endloop
 endfacet
 facet normal  0.000000e+00  0.000000e+00  1.000000e+00
   outer loop
     vertex  4.525217e+01 -5.252785e+01  2.000000e+00
     vertex  4.761005e+00 -5.255192e+01  2.000000e+00
     vertex  4.522615e+01 -5.257616e+01  2.000000e+00
   endloop
 endfacet
 facet normal  0.000000e+00  0.000000e+00  1.000000e+00
   outer loop
     vertex  4.527949e+01 -5.248026e+01  2.000000e+00
     vertex  4.706355e+00 -5.245676e+01  2.000000e+00
     vertex  4.734333e+00 -5.250396e+01  2.000000e+00
   endloop
 endfacet
 facet normal  0.000000e+00  0.000000e+00  1.000000e+00
   outer loop
     vertex  4.527949e+01 -5.248026e+01  2.000000e+00
     vertex  4.734333e+00 -5.250396e+01  2.000000e+00
     vertex  4.525217e+01 -5.252785e+01  2.000000e+00
   endloop
 endfacet
 facet normal  0.000000e+00  0.000000e+00  1.000000e+00
   outer loop
     vertex  4.530812e+01 -5.243345e+01  2.000000e+00
     vertex  4.677092e+00 -5.241034e+01  2.000000e+00
     vertex  4.706355e+00 -5.245676e+01  2.000000e+00
   endloop
 endfacet
 facet normal  0.000000e+00  0.000000e+00  1.000000e+00
   outer loop
     vertex  4.530812e+01 -5.243345e+01  2.000000e+00
     vertex  4.706355e+00 -5.245676e+01  2.000000e+00
     vertex  4.527949e+01 -5.248026e+01  2.000000e+00
   endloop
 endfacet
 facet normal  0.000000e+00  0.000000e+00  1.000000e+00
   outer loop
     vertex  4.533801e+01 -5.238743e+01  2.000000e+00
     vertex  4.646567e+00 -5.236474e+01  2.000000e+00
     vertex  4.677092e+00 -5.241034e+01  2.000000e+00
   endloop
 endfacet
 facet normal  0.000000e+00  0.000000e+00  1.000000e+00
   outer loop
     vertex  4.533801e+01 -5.238743e+01  2.000000e+00
     vertex  4.677092e+00 -5.241034e+01  2.000000e+00
     vertex  4.530812e+01 -5.243345e+01  2.000000e+00
   endloop
 endfacet
 facet normal  0.000000e+00  0.000000e+00  1.000000e+00
   outer loop
     vertex  4.536916e+01 -5.234226e+01  2.000000e+00
     vertex  4.614802e+00 -5.231999e+01  2.000000e+00
     vertex  4.646567e+00 -5.236474e+01  2.000000e+00
   endloop
 endfacet
 facet normal  0.000000e+00  0.000000e+00  1.000000e+00
   outer loop
     vertex  4.536916e+01 -5.234226e+01  2.000000e+00
     vertex  4.646567e+00 -5.236474e+01  2.000000e+00
     vertex  4.533801e+01 -5.238743e+01  2.000000e+00
   endloop
 endfacet
 facet normal  0.000000e+00  0.000000e+00  1.000000e+00
   outer loop
     vertex  4.540154e+01 -5.229795e+01  2.000000e+00
     vertex  4.581822e+00 -5.227614e+01  2.000000e+00
     vertex  4.614802e+00 -5.231999e+01  2.000000e+00
   endloop
 endfacet
 facet normal  0.000000e+00  0.000000e+00  1.000000e+00
   outer loop
     vertex  4.540154e+01 -5.229795e+01  2.000000e+00
     vertex  4.614802e+00 -5.231999e+01  2.000000e+00
     vertex  4.536916e+01 -5.234226e+01  2.000000e+00
   endloop
 endfacet
 facet normal  0.000000e+00  0.000000e+00  1.000000e+00
   outer loop
     vertex  4.543512e+01 -5.225455e+01  2.000000e+00
     vertex  4.547651e+00 -5.223320e+01  2.000000e+00
     vertex  4.581822e+00 -5.227614e+01  2.000000e+00
   endloop
 endfacet
 facet normal  0.000000e+00  0.000000e+00  1.000000e+00
   outer loop
     vertex  4.543512e+01 -5.225455e+01  2.000000e+00
     vertex  4.581822e+00 -5.227614e+01  2.000000e+00
     vertex  4.540154e+01 -5.229795e+01  2.000000e+00
   endloop
 endfacet
 facet normal  0.000000e+00  0.000000e+00  1.000000e+00
   outer loop
     vertex  4.546987e+01 -5.221209e+01  2.000000e+00
     vertex  4.512316e+00 -5.219122e+01  2.000000e+00
     vertex  4.547651e+00 -5.223320e+01  2.000000e+00
   endloop
 endfacet
 facet normal  0.000000e+00  0.000000e+00  1.000000e+00
   outer loop
     vertex  4.546987e+01 -5.221209e+01  2.000000e+00
     vertex  4.547651e+00 -5.223320e+01  2.000000e+00
     vertex  4.543512e+01 -5.225455e+01  2.000000e+00
   endloop
 endfacet
 facet normal  0.000000e+00  0.000000e+00  1.000000e+00
   outer loop
     vertex  4.550578e+01 -5.217060e+01  2.000000e+00
     vertex  4.475841e+00 -5.215022e+01  2.000000e+00
     vertex  4.512316e+00 -5.219122e+01  2.000000e+00
   endloop
 endfacet
 facet normal  0.000000e+00  0.000000e+00  1.000000e+00
   outer loop
     vertex  4.550578e+01 -5.217060e+01  2.000000e+00
     vertex  4.512316e+00 -5.219122e+01  2.000000e+00
     vertex  4.546987e+01 -5.221209e+01  2.000000e+00
   endloop
 endfacet
 facet normal  0.000000e+00  0.000000e+00  1.000000e+00
   outer loop
     vertex  4.554281e+01 -5.213011e+01  2.000000e+00
     vertex  4.438256e+00 -5.211024e+01  2.000000e+00
     vertex  4.475841e+00 -5.215022e+01  2.000000e+00
   endloop
 endfacet
 facet normal  0.000000e+00  0.000000e+00  1.000000e+00
   outer loop
     vertex  4.554281e+01 -5.213011e+01  2.000000e+00
     vertex  4.475841e+00 -5.215022e+01  2.000000e+00
     vertex  4.550578e+01 -5.217060e+01  2.000000e+00
   endloop
 endfacet
 facet normal  0.000000e+00  0.000000e+00  1.000000e+00
   outer loop
     vertex  4.558094e+01 -5.209065e+01  2.000000e+00
     vertex  4.399588e+00 -5.207131e+01  2.000000e+00
     vertex  4.438256e+00 -5.211024e+01  2.000000e+00
   endloop
 endfacet
 facet normal  0.000000e+00  0.000000e+00  1.000000e+00
   outer loop
     vertex  4.558094e+01 -5.209065e+01  2.000000e+00
     vertex  4.438256e+00 -5.211024e+01  2.000000e+00
     vertex  4.554281e+01 -5.213011e+01  2.000000e+00
   endloop
 endfacet
 facet normal  0.000000e+00  0.000000e+00  1.000000e+00
   outer loop
     vertex  4.562014e+01 -5.205225e+01  2.000000e+00
     vertex  4.359867e+00 -5.203345e+01  2.000000e+00
     vertex  4.399588e+00 -5.207131e+01  2.000000e+00
   endloop
 endfacet
 facet normal  0.000000e+00  0.000000e+00  1.000000e+00
   outer loop
     vertex  4.562014e+01 -5.205225e+01  2.000000e+00
     vertex  4.399588e+00 -5.207131e+01  2.000000e+00
     vertex  4.558094e+01 -5.209065e+01  2.000000e+00
   endloop
 endfacet
 facet normal  0.000000e+00  0.000000e+00  1.000000e+00
   outer loop
     vertex  4.566038e+01 -5.201493e+01  2.000000e+00
     vertex  4.319121e+00 -5.199670e+01  2.000000e+00
     vertex  4.359867e+00 -5.203345e+01  2.000000e+00
   endloop
 endfacet
 facet normal  0.000000e+00  0.000000e+00  1.000000e+00
   outer loop
     vertex  4.566038e+01 -5.201493e+01  2.000000e+00
     vertex  4.359867e+00 -5.203345e+01  2.000000e+00
     vertex  4.562014e+01 -5.205225e+01  2.000000e+00
   endloop
 endfacet
 facet normal  0.000000e+00  0.000000e+00  1.000000e+00
   outer loop
     vertex  4.570163e+01 -5.197874e+01  2.000000e+00
     vertex  4.319121e+00 -5.199670e+01  2.000000e+00
     vertex  4.566038e+01 -5.201493e+01  2.000000e+00
   endloop
 endfacet
 facet normal  0.000000e+00  0.000000e+00  1.000000e+00
   outer loop
     vertex  5.065000e+01 -5.665000e+01  2.000000e+00
     vertex  4.695885e+01 -5.549958e+01  2.000000e+00
     vertex  4.690401e+01 -5.549769e+01  2.000000e+00
   endloop
 endfacet
 facet normal  0.000000e+00  0.000000e+00  1.000000e+00
   outer loop
     vertex  5.065000e+01 -5.665000e+01  2.000000e+00
     vertex  4.701372e+01 -5.549995e+01  2.000000e+00
     vertex  4.695885e+01 -5.549958e+01  2.000000e+00
   endloop
 endfacet
 facet normal  0.000000e+00  0.000000e+00  1.000000e+00
   outer loop
     vertex  5.065000e+01 -5.665000e+01  2.000000e+00
     vertex  4.706858e+01 -5.549882e+01  2.000000e+00
     vertex  4.701372e+01 -5.549995e+01  2.000000e+00
   endloop
 endfacet
 facet normal  0.000000e+00  0.000000e+00  1.000000e+00
   outer loop
     vertex  5.065000e+01 -5.665000e+01  2.000000e+00
     vertex  4.712339e+01 -5.549619e+01  2.000000e+00
     vertex  4.706858e+01 -5.549882e+01  2.000000e+00
   endloop
 endfacet
 facet normal  0.000000e+00  0.000000e+00  1.000000e+00
   outer loop
     vertex  5.065000e+01 -5.665000e+01  2.000000e+00
     vertex  4.717811e+01 -5.549205e+01  2.000000e+00
     vertex  4.712339e+01 -5.549619e+01  2.000000e+00
   endloop
 endfacet
 facet normal  0.000000e+00  0.000000e+00  1.000000e+00
   outer loop
     vertex  5.065000e+01 -5.665000e+01  2.000000e+00
     vertex  4.723269e+01 -5.548642e+01  2.000000e+00
     vertex  4.717811e+01 -5.549205e+01  2.000000e+00
   endloop
 endfacet
 facet normal  0.000000e+00  0.000000e+00  1.000000e+00
   outer loop
     vertex  5.065000e+01 -5.665000e+01  2.000000e+00
     vertex  4.728710e+01 -5.547929e+01  2.000000e+00
     vertex  4.723269e+01 -5.548642e+01  2.000000e+00
   endloop
 endfacet
 facet normal  0.000000e+00  0.000000e+00  1.000000e+00
   outer loop
     vertex  5.065000e+01 -5.665000e+01  2.000000e+00
     vertex  4.734129e+01 -5.547067e+01  2.000000e+00
     vertex  4.728710e+01 -5.547929e+01  2.000000e+00
   endloop
 endfacet
 facet normal  0.000000e+00  0.000000e+00  1.000000e+00
   outer loop
     vertex  5.065000e+01 -5.665000e+01  2.000000e+00
     vertex  4.739523e+01 -5.546056e+01  2.000000e+00
     vertex  4.734129e+01 -5.547067e+01  2.000000e+00
   endloop
 endfacet
 facet normal  0.000000e+00  0.000000e+00  1.000000e+00
   outer loop
     vertex  5.065000e+01 -5.665000e+01  2.000000e+00
     vertex  4.744886e+01 -5.544898e+01  2.000000e+00
     vertex  4.739523e+01 -5.546056e+01  2.000000e+00
   endloop
 endfacet
 facet normal  0.000000e+00  0.000000e+00  1.000000e+00
   outer loop
     vertex  5.065000e+01 -5.665000e+01  2.000000e+00
     vertex  4.750216e+01 -5.543593e+01  2.000000e+00
     vertex  4.744886e+01 -5.544898e+01  2.000000e+00
   endloop
 endfacet
 facet normal  0.000000e+00  0.000000e+00  1.000000e+00
   outer loop
     vertex  5.065000e+01 -5.665000e+01  2.000000e+00
     vertex  4.755508e+01 -5.542143e+01  2.000000e+00
     vertex  4.750216e+01 -5.543593e+01  2.000000e+00
   endloop
 endfacet
 facet normal  0.000000e+00  0.000000e+00  1.000000e+00
   outer loop
     vertex  5.065000e+01 -5.665000e+01  2.000000e+00
     vertex  4.760759e+01 -5.540548e+01  2.000000e+00
     vertex  4.755508e+01 -5.542143e+01  2.000000e+00
   endloop
 endfacet
 facet normal  0.000000e+00  0.000000e+00  1.000000e+00
   outer loop
     vertex  5.065000e+01 -5.665000e+01  2.000000e+00
     vertex  4.765963e+01 -5.538809e+01  2.000000e+00
     vertex  4.760759e+01 -5.540548e+01  2.000000e+00
   endloop
 endfacet
 facet normal  0.000000e+00  0.000000e+00  1.000000e+00
   outer loop
     vertex  5.065000e+01 -5.665000e+01  2.000000e+00
     vertex  4.771118e+01 -5.536928e+01  2.000000e+00
     vertex  4.765963e+01 -5.538809e+01  2.000000e+00
   endloop
 endfacet
 facet normal  0.000000e+00  0.000000e+00  1.000000e+00
   outer loop
     vertex  5.065000e+01 -5.665000e+01  2.000000e+00
     vertex  4.776220e+01 -5.534907e+01  2.000000e+00
     vertex  4.771118e+01 -5.536928e+01  2.000000e+00
   endloop
 endfacet
 facet normal  0.000000e+00  0.000000e+00  1.000000e+00
   outer loop
     vertex  5.065000e+01 -5.665000e+01  2.000000e+00
     vertex  4.781264e+01 -5.532746e+01  2.000000e+00
     vertex  4.776220e+01 -5.534907e+01  2.000000e+00
   endloop
 endfacet
 facet normal  0.000000e+00  0.000000e+00  1.000000e+00
   outer loop
     vertex  5.065000e+01 -5.665000e+01  2.000000e+00
     vertex  4.786247e+01 -5.530448e+01  2.000000e+00
     vertex  4.781264e+01 -5.532746e+01  2.000000e+00
   endloop
 endfacet
 facet normal  0.000000e+00  0.000000e+00  1.000000e+00
   outer loop
     vertex  5.065000e+01 -5.665000e+01  2.000000e+00
     vertex  4.791165e+01 -5.528014e+01  2.000000e+00
     vertex  4.786247e+01 -5.530448e+01  2.000000e+00
   endloop
 endfacet
 facet normal  0.000000e+00  0.000000e+00  1.000000e+00
   outer loop
     vertex  5.065000e+01 -5.665000e+01  2.000000e+00
     vertex  4.796014e+01 -5.525446e+01  2.000000e+00
     vertex  4.791165e+01 -5.528014e+01  2.000000e+00
   endloop
 endfacet
 facet normal  0.000000e+00  0.000000e+00  1.000000e+00
   outer loop
     vertex  5.065000e+01 -5.665000e+01  2.000000e+00
     vertex  4.800791e+01 -5.522746e+01  2.000000e+00
     vertex  4.796014e+01 -5.525446e+01  2.000000e+00
   endloop
 endfacet
 facet normal  0.000000e+00  0.000000e+00  1.000000e+00
   outer loop
     vertex  5.065000e+01 -5.665000e+01  2.000000e+00
     vertex  4.805492e+01 -5.519916e+01  2.000000e+00
     vertex  4.800791e+01 -5.522746e+01  2.000000e+00
   endloop
 endfacet
 facet normal  0.000000e+00  0.000000e+00  1.000000e+00
   outer loop
     vertex  5.065000e+01 -5.665000e+01  2.000000e+00
     vertex  4.810114e+01 -5.516958e+01  2.000000e+00
     vertex  4.805492e+01 -5.519916e+01  2.000000e+00
   endloop
 endfacet
 facet normal  0.000000e+00  0.000000e+00  1.000000e+00
   outer loop
     vertex  5.065000e+01 -5.665000e+01  2.000000e+00
     vertex  4.814653e+01 -5.513874e+01  2.000000e+00
     vertex  4.810114e+01 -5.516958e+01  2.000000e+00
   endloop
 endfacet
 facet normal  0.000000e+00  0.000000e+00  1.000000e+00
   outer loop
     vertex  5.065000e+01 -5.665000e+01  2.000000e+00
     vertex  4.819105e+01 -5.510667e+01  2.000000e+00
     vertex  4.814653e+01 -5.513874e+01  2.000000e+00
   endloop
 endfacet
 facet normal  0.000000e+00  0.000000e+00  1.000000e+00
   outer loop
     vertex  5.065000e+01 -5.665000e+01  2.000000e+00
     vertex  4.823468e+01 -5.507339e+01  2.000000e+00
     vertex  4.819105e+01 -5.510667e+01  2.000000e+00
   endloop
 endfacet
 facet normal  0.000000e+00  0.000000e+00  1.000000e+00
   outer loop
     vertex  5.065000e+01 -5.665000e+01  2.000000e+00
     vertex  4.827738e+01 -5.503893e+01  2.000000e+00
     vertex  4.823468e+01 -5.507339e+01  2.000000e+00
   endloop
 endfacet
 facet normal  0.000000e+00  0.000000e+00  1.000000e+00
   outer loop
     vertex  5.065000e+01 -5.665000e+01  2.000000e+00
     vertex  4.831912e+01 -5.500330e+01  2.000000e+00
     vertex  4.827738e+01 -5.503893e+01  2.000000e+00
   endloop
 endfacet
 facet normal  0.000000e+00  0.000000e+00  1.000000e+00
   outer loop
     vertex  5.065000e+01 -5.665000e+01  2.000000e+00
     vertex  4.835987e+01 -5.496655e+01  2.000000e+00
     vertex  4.831912e+01 -5.500330e+01  2.000000e+00
   endloop
 endfacet
 facet normal  0.000000e+00  0.000000e+00  1.000000e+00
   outer loop
     vertex  5.065000e+01 -5.665000e+01  2.000000e+00
     vertex  4.839959e+01 -5.492869e+01  2.000000e+00
     vertex  4.835987e+01 -5.496655e+01  2.000000e+00
   endloop
 endfacet
 facet normal  0.000000e+00  0.000000e+00  1.000000e+00
   outer loop
     vertex  5.065000e+01 -5.665000e+01  2.000000e+00
     vertex  4.843826e+01 -5.488976e+01  2.000000e+00
     vertex  4.839959e+01 -5.492869e+01  2.000000e+00
   endloop
 endfacet
 facet normal  0.000000e+00  0.000000e+00  1.000000e+00
   outer loop
     vertex  5.065000e+01 -5.665000e+01  2.000000e+00
     vertex  4.847584e+01 -5.484978e+01  2.000000e+00
     vertex  4.843826e+01 -5.488976e+01  2.000000e+00
   endloop
 endfacet
 facet normal  0.000000e+00  0.000000e+00  1.000000e+00
   outer loop
     vertex  5.065000e+01 -5.665000e+01  2.000000e+00
     vertex  4.851232e+01 -5.480878e+01  2.000000e+00
     vertex  4.847584e+01 -5.484978e+01  2.000000e+00
   endloop
 endfacet
 facet normal  0.000000e+00  0.000000e+00  1.000000e+00
   outer loop
     vertex  5.065000e+01 -5.665000e+01  2.000000e+00
     vertex  4.854765e+01 -5.476680e+01  2.000000e+00
     vertex  4.851232e+01 -5.480878e+01  2.000000e+00
   endloop
 endfacet
 facet normal  0.000000e+00  0.000000e+00  1.000000e+00
   outer loop
     vertex  5.065000e+01 -5.665000e+01  2.000000e+00
     vertex  4.858182e+01 -5.472386e+01  2.000000e+00
     vertex  4.854765e+01 -5.476680e+01  2.000000e+00
   endloop
 endfacet
 facet normal  0.000000e+00  0.000000e+00  1.000000e+00
   outer loop
     vertex  5.065000e+01 -5.665000e+01  2.000000e+00
     vertex  4.861480e+01 -5.468001e+01  2.000000e+00
     vertex  4.858182e+01 -5.472386e+01  2.000000e+00
   endloop
 endfacet
 facet normal  0.000000e+00  0.000000e+00  1.000000e+00
   outer loop
     vertex  5.065000e+01 -5.665000e+01  2.000000e+00
     vertex  4.647133e+01 -5.542886e+01  2.000000e+00
     vertex  3.502162e+00 -5.543593e+01  2.000000e+00
   endloop
 endfacet
 facet normal  0.000000e+00  0.000000e+00  1.000000e+00
   outer loop
     vertex  5.065000e+01 -5.665000e+01  2.000000e+00
     vertex  3.502162e+00 -5.543593e+01  2.000000e+00
     vertex -6.500000e-01 -5.665000e+01  2.000000e+00
   endloop
 endfacet
 facet normal  0.000000e+00  0.000000e+00  1.000000e+00
   outer loop
     vertex  5.065000e+01 -5.665000e+01  2.000000e+00
     vertex  4.652444e+01 -5.544264e+01  2.000000e+00
     vertex  4.647133e+01 -5.542886e+01  2.000000e+00
   endloop
 endfacet
 facet normal  0.000000e+00  0.000000e+00  1.000000e+00
   outer loop
     vertex  5.065000e+01 -5.665000e+01  2.000000e+00
     vertex  4.657792e+01 -5.545495e+01  2.000000e+00
     vertex  4.652444e+01 -5.544264e+01  2.000000e+00
   endloop
 endfacet
 facet normal  0.000000e+00  0.000000e+00  1.000000e+00
   outer loop
     vertex  5.065000e+01 -5.665000e+01  2.000000e+00
     vertex  4.663171e+01 -5.546580e+01  2.000000e+00
     vertex  4.657792e+01 -5.545495e+01  2.000000e+00
   endloop
 endfacet
 facet normal  0.000000e+00  0.000000e+00  1.000000e+00
   outer loop
     vertex  5.065000e+01 -5.665000e+01  2.000000e+00
     vertex  4.668578e+01 -5.547516e+01  2.000000e+00
     vertex  4.663171e+01 -5.546580e+01  2.000000e+00
   endloop
 endfacet
 facet normal  0.000000e+00  0.000000e+00  1.000000e+00
   outer loop
     vertex  5.065000e+01 -5.665000e+01  2.000000e+00
     vertex  4.674008e+01 -5.548304e+01  2.000000e+00
     vertex  4.668578e+01 -5.547516e+01  2.000000e+00
   endloop
 endfacet
 facet normal  0.000000e+00  0.000000e+00  1.000000e+00
   outer loop
     vertex  5.065000e+01 -5.665000e+01  2.000000e+00
     vertex  4.679458e+01 -5.548942e+01  2.000000e+00
     vertex  4.674008e+01 -5.548304e+01  2.000000e+00
   endloop
 endfacet
 facet normal  0.000000e+00  0.000000e+00  1.000000e+00
   outer loop
     vertex  5.065000e+01 -5.665000e+01  2.000000e+00
     vertex  4.684924e+01 -5.549431e+01  2.000000e+00
     vertex  4.679458e+01 -5.548942e+01  2.000000e+00
   endloop
 endfacet
 facet normal  0.000000e+00  0.000000e+00  1.000000e+00
   outer loop
     vertex  5.065000e+01 -5.665000e+01  2.000000e+00
     vertex  4.690401e+01 -5.549769e+01  2.000000e+00
     vertex  4.684924e+01 -5.549431e+01  2.000000e+00
   endloop
 endfacet
 facet normal  0.000000e+00  0.000000e+00  1.000000e+00
   outer loop
     vertex  4.864657e+01 -5.463526e+01  2.000000e+00
     vertex  4.861480e+01 -5.468001e+01  2.000000e+00
     vertex  5.065000e+01 -5.665000e+01  2.000000e+00
   endloop
 endfacet
 facet normal  0.000000e+00  0.000000e+00  1.000000e+00
   outer loop
     vertex  4.867709e+01 -5.458966e+01  2.000000e+00
     vertex  4.864657e+01 -5.463526e+01  2.000000e+00
     vertex  5.065000e+01 -5.665000e+01  2.000000e+00
   endloop
 endfacet
 facet normal  0.000000e+00  0.000000e+00  1.000000e+00
   outer loop
     vertex  4.870635e+01 -5.454324e+01  2.000000e+00
     vertex  4.867709e+01 -5.458966e+01  2.000000e+00
     vertex  5.065000e+01 -5.665000e+01  2.000000e+00
   endloop
 endfacet
 facet normal  0.000000e+00  0.000000e+00  1.000000e+00
   outer loop
     vertex  4.873433e+01 -5.449604e+01  2.000000e+00
     vertex  4.870635e+01 -5.454324e+01  2.000000e+00
     vertex  5.065000e+01 -5.665000e+01  2.000000e+00
   endloop
 endfacet
 facet normal  0.000000e+00  0.000000e+00  1.000000e+00
   outer loop
     vertex  4.876101e+01 -5.444808e+01  2.000000e+00
     vertex  4.873433e+01 -5.449604e+01  2.000000e+00
     vertex  5.065000e+01 -5.665000e+01  2.000000e+00
   endloop
 endfacet
 facet normal  0.000000e+00  0.000000e+00  1.000000e+00
   outer loop
     vertex  4.878635e+01 -5.439941e+01  2.000000e+00
     vertex  4.876101e+01 -5.444808e+01  2.000000e+00
     vertex  5.065000e+01 -5.665000e+01  2.000000e+00
   endloop
 endfacet
 facet normal  0.000000e+00  0.000000e+00  1.000000e+00
   outer loop
     vertex  4.881035e+01 -5.435007e+01  2.000000e+00
     vertex  4.878635e+01 -5.439941e+01  2.000000e+00
     vertex  5.065000e+01 -5.665000e+01  2.000000e+00
   endloop
 endfacet
 facet normal  0.000000e+00  0.000000e+00  1.000000e+00
   outer loop
     vertex  4.883299e+01 -5.430008e+01  2.000000e+00
     vertex  4.881035e+01 -5.435007e+01  2.000000e+00
     vertex  5.065000e+01 -5.665000e+01  2.000000e+00
   endloop
 endfacet
 facet normal  0.000000e+00  0.000000e+00  1.000000e+00
   outer loop
     vertex  4.885425e+01 -5.424950e+01  2.000000e+00
     vertex  4.883299e+01 -5.430008e+01  2.000000e+00
     vertex  5.065000e+01 -5.665000e+01  2.000000e+00
   endloop
 endfacet
 facet normal  0.000000e+00  0.000000e+00  1.000000e+00
   outer loop
     vertex  4.887412e+01 -5.419834e+01  2.000000e+00
     vertex  4.885425e+01 -5.424950e+01  2.000000e+00
     vertex  5.065000e+01 -5.665000e+01  2.000000e+00
   endloop
 endfacet
 facet normal  0.000000e+00  0.000000e+00  1.000000e+00
   outer loop
     vertex  4.889257e+01 -5.414667e+01  2.000000e+00
     vertex  4.887412e+01 -5.419834e+01  2.000000e+00
     vertex  5.065000e+01 -5.665000e+01  2.000000e+00
   endloop
 endfacet
 facet normal  0.000000e+00  0.000000e+00  1.000000e+00
   outer loop
     vertex  4.890960e+01 -5.409450e+01  2.000000e+00
     vertex  4.889257e+01 -5.414667e+01  2.000000e+00
     vertex  5.065000e+01 -5.665000e+01  2.000000e+00
   endloop
 endfacet
 facet normal  0.000000e+00  0.000000e+00  1.000000e+00
   outer loop
     vertex  4.892519e+01 -5.404189e+01  2.000000e+00
     vertex  4.890960e+01 -5.409450e+01  2.000000e+00
     vertex  5.065000e+01 -5.665000e+01  2.000000e+00
   endloop
 endfacet
 facet normal  0.000000e+00  0.000000e+00  1.000000e+00
   outer loop
     vertex  4.893933e+01 -5.398887e+01  2.000000e+00
     vertex  4.892519e+01 -5.404189e+01  2.000000e+00
     vertex  5.065000e+01 -5.665000e+01  2.000000e+00
   endloop
 endfacet
 facet normal  0.000000e+00  0.000000e+00  1.000000e+00
   outer loop
     vertex  4.895201e+01 -5.393548e+01  2.000000e+00
     vertex  4.893933e+01 -5.398887e+01  2.000000e+00
     vertex  5.065000e+01 -5.665000e+01  2.000000e+00
   endloop
 endfacet
 facet normal  0.000000e+00  0.000000e+00  1.000000e+00
   outer loop
     vertex  4.896323e+01 -5.388177e+01  2.000000e+00
     vertex  4.895201e+01 -5.393548e+01  2.000000e+00
     vertex  5.065000e+01 -5.665000e+01  2.000000e+00
   endloop
 endfacet
 facet normal  0.000000e+00  0.000000e+00  1.000000e+00
   outer loop
     vertex  4.897296e+01 -5.382776e+01  2.000000e+00
     vertex  4.896323e+01 -5.388177e+01  2.000000e+00
     vertex  5.065000e+01 -5.665000e+01  2.000000e+00
   endloop
 endfacet
 facet normal  0.000000e+00  0.000000e+00  1.000000e+00
   outer loop
     vertex  4.898121e+01 -5.377352e+01  2.000000e+00
     vertex  4.897296e+01 -5.382776e+01  2.000000e+00
     vertex  5.065000e+01 -5.665000e+01  2.000000e+00
   endloop
 endfacet
 facet normal  0.000000e+00  0.000000e+00  1.000000e+00
   outer loop
     vertex  4.898797e+01 -5.371906e+01  2.000000e+00
     vertex  4.898121e+01 -5.377352e+01  2.000000e+00
     vertex  5.065000e+01 -5.665000e+01  2.000000e+00
   endloop
 endfacet
 facet normal  0.000000e+00  0.000000e+00  1.000000e+00
   outer loop
     vertex  4.899323e+01 -5.366444e+01  2.000000e+00
     vertex  4.898797e+01 -5.371906e+01  2.000000e+00
     vertex  5.065000e+01 -5.665000e+01  2.000000e+00
   endloop
 endfacet
 facet normal  0.000000e+00  0.000000e+00  1.000000e+00
   outer loop
     vertex  4.899699e+01 -5.360969e+01  2.000000e+00
     vertex  4.899323e+01 -5.366444e+01  2.000000e+00
     vertex  5.065000e+01 -5.665000e+01  2.000000e+00
   endloop
 endfacet
 facet normal  0.000000e+00  0.000000e+00  1.000000e+00
   outer loop
     vertex  4.899925e+01 -5.355487e+01  2.000000e+00
     vertex  4.899699e+01 -5.360969e+01  2.000000e+00
     vertex  5.065000e+01 -5.665000e+01  2.000000e+00
   endloop
 endfacet
 facet normal  0.000000e+00  0.000000e+00  1.000000e+00
   outer loop
     vertex  4.900000e+01 -5.350000e+01  2.000000e+00
     vertex  4.899925e+01 -5.355487e+01  2.000000e+00
     vertex  5.065000e+01 -5.665000e+01  2.000000e+00
   endloop
 endfacet
 facet normal  0.000000e+00  0.000000e+00  1.000000e+00
   outer loop
     vertex  4.899925e+01 -5.344513e+01  2.000000e+00
     vertex  4.900000e+01 -5.350000e+01  2.000000e+00
     vertex  5.065000e+01 -5.665000e+01  2.000000e+00
   endloop
 endfacet
 facet normal  0.000000e+00  0.000000e+00  1.000000e+00
   outer loop
     vertex  4.899699e+01 -5.339031e+01  2.000000e+00
     vertex  4.899925e+01 -5.344513e+01  2.000000e+00
     vertex  5.065000e+01 -5.665000e+01  2.000000e+00
   endloop
 endfacet
 facet normal  0.000000e+00  0.000000e+00  1.000000e+00
   outer loop
     vertex  4.899323e+01 -5.333556e+01  2.000000e+00
     vertex  4.899699e+01 -5.339031e+01  2.000000e+00
     vertex  5.065000e+01 -5.665000e+01  2.000000e+00
   endloop
 endfacet
 facet normal  0.000000e+00  0.000000e+00  1.000000e+00
   outer loop
     vertex  4.898797e+01 -5.328094e+01  2.000000e+00
     vertex  4.899323e+01 -5.333556e+01  2.000000e+00
     vertex  5.065000e+01 -5.665000e+01  2.000000e+00
   endloop
 endfacet
 facet normal  0.000000e+00  0.000000e+00  1.000000e+00
   outer loop
     vertex  4.898121e+01 -5.322648e+01  2.000000e+00
     vertex  4.898797e+01 -5.328094e+01  2.000000e+00
     vertex  5.065000e+01 -5.665000e+01  2.000000e+00
   endloop
 endfacet
 facet normal  0.000000e+00  0.000000e+00  1.000000e+00
   outer loop
     vertex  4.897296e+01 -5.317224e+01  2.000000e+00
     vertex  4.898121e+01 -5.322648e+01  2.000000e+00
     vertex  5.065000e+01 -5.665000e+01  2.000000e+00
   endloop
 endfacet
 facet normal  0.000000e+00  0.000000e+00  1.000000e+00
   outer loop
     vertex  4.896323e+01 -5.311823e+01  2.000000e+00
     vertex  4.897296e+01 -5.317224e+01  2.000000e+00
     vertex  5.065000e+01 -5.665000e+01  2.000000e+00
   endloop
 endfacet
 facet normal  0.000000e+00  0.000000e+00  1.000000e+00
   outer loop
     vertex  4.895201e+01 -5.306452e+01  2.000000e+00
     vertex  4.896323e+01 -5.311823e+01  2.000000e+00
     vertex  5.065000e+01 -5.665000e+01  2.000000e+00
   endloop
 endfacet
 facet normal  0.000000e+00  0.000000e+00  1.000000e+00
   outer loop
     vertex  4.893933e+01 -5.301113e+01  2.000000e+00
     vertex  4.895201e+01 -5.306452e+01  2.000000e+00
     vertex  5.065000e+01 -5.665000e+01  2.000000e+00
   endloop
 endfacet
 facet normal  0.000000e+00  0.000000e+00  1.000000e+00
   outer loop
     vertex  4.892519e+01 -5.295811e+01  2.000000e+00
     vertex  4.893933e+01 -5.301113e+01  2.000000e+00
     vertex  5.065000e+01 -5.665000e+01  2.000000e+00
   endloop
 endfacet
 facet normal  0.000000e+00  0.000000e+00  1.000000e+00
   outer loop
     vertex  4.890960e+01 -5.290550e+01  2.000000e+00
     vertex  4.892519e+01 -5.295811e+01  2.000000e+00
     vertex  5.065000e+01 -5.665000e+01  2.000000e+00
   endloop
 endfacet
 facet normal  0.000000e+00  0.000000e+00  1.000000e+00
   outer loop
     vertex  4.889257e+01 -5.285333e+01  2.000000e+00
     vertex  4.890960e+01 -5.290550e+01  2.000000e+00
     vertex  5.065000e+01 -5.665000e+01  2.000000e+00
   endloop
 endfacet
 facet normal  0.000000e+00  0.000000e+00  1.000000e+00
   outer loop
     vertex  4.887412e+01 -5.280166e+01  2.000000e+00
     vertex  4.889257e+01 -5.285333e+01  2.000000e+00
     vertex  5.065000e+01 -5.665000e+01  2.000000e+00
   endloop
 endfacet
 facet normal  0.000000e+00  0.000000e+00  1.000000e+00
   outer loop
     vertex  4.885425e+01 -5.275050e+01  2.000000e+00
     vertex  4.887412e+01 -5.280166e+01  2.000000e+00
     vertex  5.065000e+01 -5.665000e+01  2.000000e+00
   endloop
 endfacet
 facet normal  0.000000e+00  0.000000e+00  1.000000e+00
   outer loop
     vertex  4.883299e+01 -5.269992e+01  2.000000e+00
     vertex  4.885425e+01 -5.275050e+01  2.000000e+00
     vertex  5.065000e+01 -5.665000e+01  2.000000e+00
   endloop
 endfacet
 facet normal  0.000000e+00  0.000000e+00  1.000000e+00
   outer loop
     vertex  1.620143e+00 -3.447755e+00  2.000000e+00
     vertex  1.580944e+00 -5.209065e+01  2.000000e+00
     vertex  1.620143e+00 -5.205225e+01  2.000000e+00
   endloop
 endfacet
 facet normal  0.000000e+00  0.000000e+00  1.000000e+00
   outer loop
     vertex  1.620143e+00 -3.447755e+00  2.000000e+00
     vertex  1.580944e+00 -3.409355e+00  2.000000e+00
     vertex  1.580944e+00 -5.209065e+01  2.000000e+00
   endloop
 endfacet
 facet normal  0.000000e+00  0.000000e+00  1.000000e+00
   outer loop
     vertex  1.542814e+00 -3.369894e+00  2.000000e+00
     vertex  1.542814e+00 -5.213011e+01  2.000000e+00
     vertex  1.580944e+00 -5.209065e+01  2.000000e+00
   endloop
 endfacet
 facet normal  0.000000e+00  0.000000e+00  1.000000e+00
   outer loop
     vertex  1.542814e+00 -3.369894e+00  2.000000e+00
     vertex  1.580944e+00 -5.209065e+01  2.000000e+00
     vertex  1.580944e+00 -3.409355e+00  2.000000e+00
   endloop
 endfacet
 facet normal  0.000000e+00  0.000000e+00  1.000000e+00
   outer loop
     vertex  1.660380e+00 -3.485065e+00  2.000000e+00
     vertex  1.620143e+00 -3.447755e+00  2.000000e+00
     vertex  1.620143e+00 -5.205225e+01  2.000000e+00
   endloop
 endfacet
 facet normal  0.000000e+00  0.000000e+00  1.000000e+00
   outer loop
     vertex  1.660380e+00 -3.485065e+00  2.000000e+00
     vertex  1.660380e+00 -5.201493e+01  2.000000e+00
     vertex  1.701626e+00 -5.197874e+01  2.000000e+00
   endloop
 endfacet
 facet normal  0.000000e+00  0.000000e+00  1.000000e+00
   outer loop
     vertex  1.660380e+00 -3.485065e+00  2.000000e+00
     vertex  1.620143e+00 -5.205225e+01  2.000000e+00
     vertex  1.660380e+00 -5.201493e+01  2.000000e+00
   endloop
 endfacet
 facet normal  0.000000e+00  0.000000e+00  1.000000e+00
   outer loop
     vertex  1.505781e+00 -3.329402e+00  2.000000e+00
     vertex  1.542814e+00 -5.213011e+01  2.000000e+00
     vertex  1.542814e+00 -3.369894e+00  2.000000e+00
   endloop
 endfacet
 facet normal  0.000000e+00  0.000000e+00  1.000000e+00
   outer loop
     vertex  1.505781e+00 -3.329402e+00  2.000000e+00
     vertex  1.505781e+00 -5.217060e+01  2.000000e+00
     vertex  1.542814e+00 -5.213011e+01  2.000000e+00
   endloop
 endfacet
 facet normal  0.000000e+00  0.000000e+00  1.000000e+00
   outer loop
     vertex  1.505781e+00 -3.329402e+00  2.000000e+00
     vertex  1.469873e+00 -5.221209e+01  2.000000e+00
     vertex  1.505781e+00 -5.217060e+01  2.000000e+00
   endloop
 endfacet
 facet normal  0.000000e+00  0.000000e+00  1.000000e+00
   outer loop
     vertex  1.701626e+00 -3.521257e+00  2.000000e+00
     vertex  1.660380e+00 -3.485065e+00  2.000000e+00
     vertex  1.701626e+00 -5.197874e+01  2.000000e+00
   endloop
 endfacet
 facet normal  0.000000e+00  0.000000e+00  1.000000e+00
   outer loop
     vertex  1.469873e+00 -3.287909e+00  2.000000e+00
     vertex  1.469873e+00 -5.221209e+01  2.000000e+00
     vertex  1.505781e+00 -3.329402e+00  2.000000e+00
   endloop
 endfacet
 facet normal  0.000000e+00  0.000000e+00  1.000000e+00
   outer loop
     vertex  1.743849e+00 -3.556304e+00  2.000000e+00
     vertex  1.701626e+00 -5.197874e+01  2.000000e+00
     vertex  1.743849e+00 -5.194370e+01  2.000000e+00
   endloop
 endfacet
 facet normal  0.000000e+00  0.000000e+00  1.000000e+00
   outer loop
     vertex  1.743849e+00 -3.556304e+00  2.000000e+00
     vertex  1.701626e+00 -3.521257e+00  2.000000e+00
     vertex  1.701626e+00 -5.197874e+01  2.000000e+00
   endloop
 endfacet
 facet normal  0.000000e+00  0.000000e+00  1.000000e+00
   outer loop
     vertex  1.435116e+00 -3.245447e+00  2.000000e+00
     vertex  1.469873e+00 -5.221209e+01  2.000000e+00
     vertex  1.469873e+00 -3.287909e+00  2.000000e+00
   endloop
 endfacet
 facet normal  0.000000e+00  0.000000e+00  1.000000e+00
   outer loop
     vertex  1.435116e+00 -3.245447e+00  2.000000e+00
     vertex  1.435116e+00 -5.225455e+01  2.000000e+00
     vertex  1.469873e+00 -5.221209e+01  2.000000e+00
   endloop
 endfacet
 facet normal  0.000000e+00  0.000000e+00  1.000000e+00
   outer loop
     vertex  1.435116e+00 -3.245447e+00  2.000000e+00
     vertex  1.401537e+00 -5.229795e+01  2.000000e+00
     vertex  1.435116e+00 -5.225455e+01  2.000000e+00
   endloop
 endfacet
 facet normal  0.000000e+00  0.000000e+00  1.000000e+00
   outer loop
     vertex  1.787017e+00 -3.590180e+00  2.000000e+00
     vertex  1.743849e+00 -3.556304e+00  2.000000e+00
     vertex  1.743849e+00 -5.194370e+01  2.000000e+00
   endloop
 endfacet
 facet normal  0.000000e+00  0.000000e+00  1.000000e+00
   outer loop
     vertex  1.787017e+00 -3.590180e+00  2.000000e+00
     vertex  1.787017e+00 -5.190982e+01  2.000000e+00
     vertex  1.831099e+00 -5.187714e+01  2.000000e+00
   endloop
 endfacet
 facet normal  0.000000e+00  0.000000e+00  1.000000e+00
   outer loop
     vertex  1.787017e+00 -3.590180e+00  2.000000e+00
     vertex  1.743849e+00 -5.194370e+01  2.000000e+00
     vertex  1.787017e+00 -5.190982e+01  2.000000e+00
   endloop
 endfacet
 facet normal  0.000000e+00  0.000000e+00  1.000000e+00
   outer loop
     vertex  1.401537e+00 -3.202047e+00  2.000000e+00
     vertex  1.401537e+00 -5.229795e+01  2.000000e+00
     vertex  1.435116e+00 -3.245447e+00  2.000000e+00
   endloop
 endfacet
 facet normal  0.000000e+00  0.000000e+00  1.000000e+00
   outer loop
     vertex  1.831099e+00 -3.622858e+00  2.000000e+00
     vertex  1.787017e+00 -3.590180e+00  2.000000e+00
     vertex  1.831099e+00 -5.187714e+01  2.000000e+00
   endloop
 endfacet
 facet normal  0.000000e+00  0.000000e+00  1.000000e+00
   outer loop
     vertex  1.369162e+00 -3.157742e+00  2.000000e+00
     vertex  1.401537e+00 -5.229795e+01  2.000000e+00
     vertex  1.401537e+00 -3.202047e+00  2.000000e+00
   endloop
 endfacet
 facet normal  0.000000e+00  0.000000e+00  1.000000e+00
   outer loop
     vertex  1.369162e+00 -3.157742e+00  2.000000e+00
     vertex  1.369162e+00 -5.234226e+01  2.000000e+00
     vertex  1.401537e+00 -5.229795e+01  2.000000e+00
   endloop
 endfacet
 facet normal  0.000000e+00  0.000000e+00  1.000000e+00
   outer loop
     vertex  1.876060e+00 -3.654315e+00  2.000000e+00
     vertex  1.831099e+00 -3.622858e+00  2.000000e+00
     vertex  1.831099e+00 -5.187714e+01  2.000000e+00
   endloop
 endfacet
 facet normal  0.000000e+00  0.000000e+00  1.000000e+00
   outer loop
     vertex  1.876060e+00 -3.654315e+00  2.000000e+00
     vertex  1.831099e+00 -5.187714e+01  2.000000e+00
     vertex  1.876060e+00 -5.184568e+01  2.000000e+00
   endloop
 endfacet
 facet normal  0.000000e+00  0.000000e+00  1.000000e+00
   outer loop
     vertex  1.338014e+00 -3.112566e+00  2.000000e+00
     vertex  1.369162e+00 -5.234226e+01  2.000000e+00
     vertex  1.369162e+00 -3.157742e+00  2.000000e+00
   endloop
 endfacet
 facet normal  0.000000e+00  0.000000e+00  1.000000e+00
   outer loop
     vertex  1.338014e+00 -3.112566e+00  2.000000e+00
     vertex  1.338014e+00 -5.238743e+01  2.000000e+00
     vertex  1.369162e+00 -5.234226e+01  2.000000e+00
   endloop
 endfacet
 facet normal  0.000000e+00  0.000000e+00  1.000000e+00
   outer loop
     vertex  1.921868e+00 -3.684527e+00  2.000000e+00
     vertex  1.876060e+00 -3.654315e+00  2.000000e+00
     vertex  1.876060e+00 -5.184568e+01  2.000000e+00
   endloop
 endfacet
 facet normal  0.000000e+00  0.000000e+00  1.000000e+00
   outer loop
     vertex  1.921868e+00 -3.684527e+00  2.000000e+00
     vertex  1.876060e+00 -5.184568e+01  2.000000e+00
     vertex  1.921868e+00 -5.181547e+01  2.000000e+00
   endloop
 endfacet
 facet normal  0.000000e+00  0.000000e+00  1.000000e+00
   outer loop
     vertex  1.308117e+00 -3.066552e+00  2.000000e+00
     vertex  1.338014e+00 -5.238743e+01  2.000000e+00
     vertex  1.338014e+00 -3.112566e+00  2.000000e+00
   endloop
 endfacet
 facet normal  0.000000e+00  0.000000e+00  1.000000e+00
   outer loop
     vertex  1.308117e+00 -3.066552e+00  2.000000e+00
     vertex  1.308117e+00 -5.243345e+01  2.000000e+00
     vertex  1.338014e+00 -5.238743e+01  2.000000e+00
   endloop
 endfacet
 facet normal  0.000000e+00  0.000000e+00  1.000000e+00
   outer loop
     vertex  1.968487e+00 -3.713470e+00  2.000000e+00
     vertex  1.921868e+00 -3.684527e+00  2.000000e+00
     vertex  1.921868e+00 -5.181547e+01  2.000000e+00
   endloop
 endfacet
 facet normal  0.000000e+00  0.000000e+00  1.000000e+00
   outer loop
     vertex  1.968487e+00 -3.713470e+00  2.000000e+00
     vertex  1.921868e+00 -5.181547e+01  2.000000e+00
     vertex  1.968487e+00 -5.178653e+01  2.000000e+00
   endloop
 endfacet
 facet normal  0.000000e+00  0.000000e+00  1.000000e+00
   outer loop
     vertex  1.279494e+00 -3.019736e+00  2.000000e+00
     vertex  1.308117e+00 -5.243345e+01  2.000000e+00
     vertex  1.308117e+00 -3.066552e+00  2.000000e+00
   endloop
 endfacet
 facet normal  0.000000e+00  0.000000e+00  1.000000e+00
   outer loop
     vertex  1.279494e+00 -3.019736e+00  2.000000e+00
     vertex  1.279494e+00 -5.248026e+01  2.000000e+00
     vertex  1.308117e+00 -5.243345e+01  2.000000e+00
   endloop
 endfacet
 facet normal  0.000000e+00  0.000000e+00  1.000000e+00
   outer loop
     vertex  2.015883e+00 -3.741124e+00  2.000000e+00
     vertex  1.968487e+00 -3.713470e+00  2.000000e+00
     vertex  1.968487e+00 -5.178653e+01  2.000000e+00
   endloop
 endfacet
 facet normal  0.000000e+00  0.000000e+00  1.000000e+00
   outer loop
     vertex  2.015883e+00 -3.741124e+00  2.000000e+00
     vertex  1.968487e+00 -5.178653e+01  2.000000e+00
     vertex  2.015883e+00 -5.175888e+01  2.000000e+00
   endloop
 endfacet
 facet normal  0.000000e+00  0.000000e+00  1.000000e+00
   outer loop
     vertex  1.252167e+00 -2.972151e+00  2.000000e+00
     vertex  1.279494e+00 -5.248026e+01  2.000000e+00
     vertex  1.279494e+00 -3.019736e+00  2.000000e+00
   endloop
 endfacet
 facet normal  0.000000e+00  0.000000e+00  1.000000e+00
   outer loop
     vertex  1.252167e+00 -2.972151e+00  2.000000e+00
     vertex  1.252167e+00 -5.252785e+01  2.000000e+00
     vertex  1.279494e+00 -5.248026e+01  2.000000e+00
   endloop
 endfacet
 facet normal  0.000000e+00  0.000000e+00  1.000000e+00
   outer loop
     vertex  2.064019e+00 -3.767467e+00  2.000000e+00
     vertex  2.015883e+00 -3.741124e+00  2.000000e+00
     vertex  2.015883e+00 -5.175888e+01  2.000000e+00
   endloop
 endfacet
 facet normal  0.000000e+00  0.000000e+00  1.000000e+00
   outer loop
     vertex  2.064019e+00 -3.767467e+00  2.000000e+00
     vertex  2.064019e+00 -5.173253e+01  2.000000e+00
     vertex  2.112860e+00 -5.170752e+01  2.000000e+00
   endloop
 endfacet
 facet normal  0.000000e+00  0.000000e+00  1.000000e+00
   outer loop
     vertex  2.064019e+00 -3.767467e+00  2.000000e+00
     vertex  2.015883e+00 -5.175888e+01  2.000000e+00
     vertex  2.064019e+00 -5.173253e+01  2.000000e+00
   endloop
 endfacet
 facet normal  0.000000e+00  0.000000e+00  1.000000e+00
   outer loop
     vertex  1.226154e+00 -2.923835e+00  2.000000e+00
     vertex  1.226154e+00 -5.257616e+01  2.000000e+00
     vertex  1.252167e+00 -5.252785e+01  2.000000e+00
   endloop
 endfacet
 facet normal  0.000000e+00  0.000000e+00  1.000000e+00
   outer loop
     vertex  1.226154e+00 -2.923835e+00  2.000000e+00
     vertex  1.252167e+00 -5.252785e+01  2.000000e+00
     vertex  1.252167e+00 -2.972151e+00  2.000000e+00
   endloop
 endfacet
 facet normal  0.000000e+00  0.000000e+00  1.000000e+00
   outer loop
     vertex  2.112860e+00 -3.792480e+00  2.000000e+00
     vertex  2.064019e+00 -3.767467e+00  2.000000e+00
     vertex  2.112860e+00 -5.170752e+01  2.000000e+00
   endloop
 endfacet
 facet normal  0.000000e+00  0.000000e+00  1.000000e+00
   outer loop
     vertex  1.201477e+00 -2.874824e+00  2.000000e+00
     vertex  1.201477e+00 -5.262518e+01  2.000000e+00
     vertex  1.226154e+00 -5.257616e+01  2.000000e+00
   endloop
 endfacet
 facet normal  0.000000e+00  0.000000e+00  1.000000e+00
   outer loop
     vertex  1.201477e+00 -2.874824e+00  2.000000e+00
     vertex  1.226154e+00 -5.257616e+01  2.000000e+00
     vertex  1.226154e+00 -2.923835e+00  2.000000e+00
   endloop
 endfacet
 facet normal  0.000000e+00  0.000000e+00  1.000000e+00
   outer loop
     vertex  2.162369e+00 -3.816143e+00  2.000000e+00
     vertex  2.112860e+00 -3.792480e+00  2.000000e+00
     vertex  2.112860e+00 -5.170752e+01  2.000000e+00
   endloop
 endfacet
 facet normal  0.000000e+00  0.000000e+00  1.000000e+00
   outer loop
     vertex  2.162369e+00 -3.816143e+00  2.000000e+00
     vertex  2.112860e+00 -5.170752e+01  2.000000e+00
     vertex  2.162369e+00 -5.168386e+01  2.000000e+00
   endloop
 endfacet
 facet normal  0.000000e+00  0.000000e+00  1.000000e+00
   outer loop
     vertex  1.178154e+00 -2.825154e+00  2.000000e+00
     vertex  1.178154e+00 -5.267485e+01  2.000000e+00
     vertex  1.201477e+00 -5.262518e+01  2.000000e+00
   endloop
 endfacet
 facet normal  0.000000e+00  0.000000e+00  1.000000e+00
   outer loop
     vertex  1.178154e+00 -2.825154e+00  2.000000e+00
     vertex  1.201477e+00 -5.262518e+01  2.000000e+00
     vertex  1.201477e+00 -2.874824e+00  2.000000e+00
   endloop
 endfacet
 facet normal  0.000000e+00  0.000000e+00  1.000000e+00
   outer loop
     vertex  2.212508e+00 -3.838439e+00  2.000000e+00
     vertex  2.162369e+00 -5.168386e+01  2.000000e+00
     vertex  2.212508e+00 -5.166156e+01  2.000000e+00
   endloop
 endfacet
 facet normal  0.000000e+00  0.000000e+00  1.000000e+00
   outer loop
     vertex  2.212508e+00 -3.838439e+00  2.000000e+00
     vertex  2.162369e+00 -3.816143e+00  2.000000e+00
     vertex  2.162369e+00 -5.168386e+01  2.000000e+00
   endloop
 endfacet
 facet normal  0.000000e+00  0.000000e+00  1.000000e+00
   outer loop
     vertex  1.156203e+00 -2.774863e+00  2.000000e+00
     vertex  1.156203e+00 -5.272514e+01  2.000000e+00
     vertex  1.178154e+00 -5.267485e+01  2.000000e+00
   endloop
 endfacet
 facet normal  0.000000e+00  0.000000e+00  1.000000e+00
   outer loop
     vertex  1.156203e+00 -2.774863e+00  2.000000e+00
     vertex -6.500000e-01 -5.665000e+01  2.000000e+00
     vertex  1.156203e+00 -5.272514e+01  2.000000e+00
   endloop
 endfacet
 facet normal  0.000000e+00  0.000000e+00  1.000000e+00
   outer loop
     vertex  1.156203e+00 -2.774863e+00  2.000000e+00
     vertex  1.178154e+00 -5.267485e+01  2.000000e+00
     vertex  1.178154e+00 -2.825154e+00  2.000000e+00
   endloop
 endfacet
 facet normal  0.000000e+00  0.000000e+00  1.000000e+00
   outer loop
     vertex  2.263241e+00 -3.859351e+00  2.000000e+00
     vertex  2.212508e+00 -3.838439e+00  2.000000e+00
     vertex  2.212508e+00 -5.166156e+01  2.000000e+00
   endloop
 endfacet
 facet normal  0.000000e+00  0.000000e+00  1.000000e+00
   outer loop
     vertex  2.263241e+00 -3.859351e+00  2.000000e+00
     vertex  2.212508e+00 -5.166156e+01  2.000000e+00
     vertex  2.263241e+00 -5.164065e+01  2.000000e+00
   endloop
 endfacet
 facet normal  0.000000e+00  0.000000e+00  1.000000e+00
   outer loop
     vertex  1.135639e+00 -2.723988e+00  2.000000e+00
     vertex -6.500000e-01 -5.665000e+01  2.000000e+00
     vertex  1.156203e+00 -2.774863e+00  2.000000e+00
   endloop
 endfacet
 facet normal  0.000000e+00  0.000000e+00  1.000000e+00
   outer loop
     vertex  2.314528e+00 -3.878863e+00  2.000000e+00
     vertex  2.263241e+00 -3.859351e+00  2.000000e+00
     vertex  2.263241e+00 -5.164065e+01  2.000000e+00
   endloop
 endfacet
 facet normal  0.000000e+00  0.000000e+00  1.000000e+00
   outer loop
     vertex  2.314528e+00 -3.878863e+00  2.000000e+00
     vertex  2.263241e+00 -5.164065e+01  2.000000e+00
     vertex  2.314528e+00 -5.162114e+01  2.000000e+00
   endloop
 endfacet
 facet normal  0.000000e+00  0.000000e+00  1.000000e+00
   outer loop
     vertex  1.116479e+00 -2.672569e+00  2.000000e+00
     vertex -6.500000e-01 -5.665000e+01  2.000000e+00
     vertex  1.135639e+00 -2.723988e+00  2.000000e+00
   endloop
 endfacet
 facet normal  0.000000e+00  0.000000e+00  1.000000e+00
   outer loop
     vertex  2.366330e+00 -3.896961e+00  2.000000e+00
     vertex  2.314528e+00 -3.878863e+00  2.000000e+00
     vertex  2.314528e+00 -5.162114e+01  2.000000e+00
   endloop
 endfacet
 facet normal  0.000000e+00  0.000000e+00  1.000000e+00
   outer loop
     vertex  2.366330e+00 -3.896961e+00  2.000000e+00
     vertex  2.314528e+00 -5.162114e+01  2.000000e+00
     vertex  2.366330e+00 -5.160304e+01  2.000000e+00
   endloop
 endfacet
 facet normal  0.000000e+00  0.000000e+00  1.000000e+00
   outer loop
     vertex  1.098737e+00 -2.620643e+00  2.000000e+00
     vertex -6.500000e-01 -5.665000e+01  2.000000e+00
     vertex  1.116479e+00 -2.672569e+00  2.000000e+00
   endloop
 endfacet
 facet normal  0.000000e+00  0.000000e+00  1.000000e+00
   outer loop
     vertex  2.418610e+00 -3.913632e+00  2.000000e+00
     vertex  2.366330e+00 -3.896961e+00  2.000000e+00
     vertex  2.366330e+00 -5.160304e+01  2.000000e+00
   endloop
 endfacet
 facet normal  0.000000e+00  0.000000e+00  1.000000e+00
   outer loop
     vertex  2.418610e+00 -3.913632e+00  2.000000e+00
     vertex  2.366330e+00 -5.160304e+01  2.000000e+00
     vertex  2.418610e+00 -5.158637e+01  2.000000e+00
   endloop
 endfacet
 facet normal  0.000000e+00  0.000000e+00  1.000000e+00
   outer loop
     vertex  1.082425e+00 -2.568250e+00  2.000000e+00
     vertex -6.500000e-01 -5.665000e+01  2.000000e+00
     vertex  1.098737e+00 -2.620643e+00  2.000000e+00
   endloop
 endfacet
 facet normal  0.000000e+00  0.000000e+00  1.000000e+00
   outer loop
     vertex  2.471328e+00 -3.928861e+00  2.000000e+00
     vertex  2.418610e+00 -3.913632e+00  2.000000e+00
     vertex  2.418610e+00 -5.158637e+01  2.000000e+00
   endloop
 endfacet
 facet normal  0.000000e+00  0.000000e+00  1.000000e+00
   outer loop
     vertex  2.471328e+00 -3.928861e+00  2.000000e+00
     vertex  2.418610e+00 -5.158637e+01  2.000000e+00
     vertex  2.471328e+00 -5.157114e+01  2.000000e+00
   endloop
 endfacet
 facet normal  0.000000e+00  0.000000e+00  1.000000e+00
   outer loop
     vertex  2.524443e+00 -3.942639e+00  2.000000e+00
     vertex  2.471328e+00 -3.928861e+00  2.000000e+00
     vertex  2.471328e+00 -5.157114e+01  2.000000e+00
   endloop
 endfacet
 facet normal  0.000000e+00  0.000000e+00  1.000000e+00
   outer loop
     vertex  2.524443e+00 -3.942639e+00  2.000000e+00
     vertex  2.471328e+00 -5.157114e+01  2.000000e+00
     vertex  2.524443e+00 -5.155736e+01  2.000000e+00
   endloop
 endfacet
 facet normal  0.000000e+00  0.000000e+00  1.000000e+00
   outer loop
     vertex  2.577917e+00 -3.954954e+00  2.000000e+00
     vertex  2.524443e+00 -3.942639e+00  2.000000e+00
     vertex  2.524443e+00 -5.155736e+01  2.000000e+00
   endloop
 endfacet
 facet normal  0.000000e+00  0.000000e+00  1.000000e+00
   outer loop
     vertex  2.577917e+00 -3.954954e+00  2.000000e+00
     vertex  2.524443e+00 -5.155736e+01  2.000000e+00
     vertex  2.577917e+00 -5.154505e+01  2.000000e+00
   endloop
 endfacet
 facet normal  0.000000e+00  0.000000e+00  1.000000e+00
   outer loop
     vertex  2.631708e+00 -3.965798e+00  2.000000e+00
     vertex  2.577917e+00 -3.954954e+00  2.000000e+00
     vertex  2.577917e+00 -5.154505e+01  2.000000e+00
   endloop
 endfacet
 facet normal  0.000000e+00  0.000000e+00  1.000000e+00
   outer loop
     vertex  2.631708e+00 -3.965798e+00  2.000000e+00
     vertex  2.631708e+00 -5.153420e+01  2.000000e+00
     vertex  2.685776e+00 -5.152484e+01  2.000000e+00
   endloop
 endfacet
 facet normal  0.000000e+00  0.000000e+00  1.000000e+00
   outer loop
     vertex  2.631708e+00 -3.965798e+00  2.000000e+00
     vertex  2.577917e+00 -5.154505e+01  2.000000e+00
     vertex  2.631708e+00 -5.153420e+01  2.000000e+00
   endloop
 endfacet
 facet normal  0.000000e+00  0.000000e+00  1.000000e+00
   outer loop
     vertex  2.685776e+00 -3.975162e+00  2.000000e+00
     vertex  2.631708e+00 -3.965798e+00  2.000000e+00
     vertex  2.685776e+00 -5.152484e+01  2.000000e+00
   endloop
 endfacet
 facet normal  0.000000e+00  0.000000e+00  1.000000e+00
   outer loop
     vertex  2.740081e+00 -3.983039e+00  2.000000e+00
     vertex  2.685776e+00 -3.975162e+00  2.000000e+00
     vertex  2.685776e+00 -5.152484e+01  2.000000e+00
   endloop
 endfacet
 facet normal  0.000000e+00  0.000000e+00  1.000000e+00
   outer loop
     vertex  2.740081e+00 -3.983039e+00  2.000000e+00
     vertex  2.685776e+00 -5.152484e+01  2.000000e+00
     vertex  2.740081e+00 -5.151696e+01  2.000000e+00
   endloop
 endfacet
 facet normal  0.000000e+00  0.000000e+00  1.000000e+00
   outer loop
     vertex  2.794582e+00 -3.989423e+00  2.000000e+00
     vertex  2.740081e+00 -3.983039e+00  2.000000e+00
     vertex  2.740081e+00 -5.151696e+01  2.000000e+00
   endloop
 endfacet
 facet normal  0.000000e+00  0.000000e+00  1.000000e+00
   outer loop
     vertex  2.794582e+00 -3.989423e+00  2.000000e+00
     vertex  2.794582e+00 -5.151058e+01  2.000000e+00
     vertex  2.849237e+00 -5.150569e+01  2.000000e+00
   endloop
 endfacet
 facet normal  0.000000e+00  0.000000e+00  1.000000e+00
   outer loop
     vertex  2.794582e+00 -3.989423e+00  2.000000e+00
     vertex  2.740081e+00 -5.151696e+01  2.000000e+00
     vertex  2.794582e+00 -5.151058e+01  2.000000e+00
   endloop
 endfacet
 facet normal  0.000000e+00  0.000000e+00  1.000000e+00
   outer loop
     vertex  2.849237e+00 -3.994310e+00  2.000000e+00
     vertex  2.794582e+00 -3.989423e+00  2.000000e+00
     vertex  2.849237e+00 -5.150569e+01  2.000000e+00
   endloop
 endfacet
 facet normal  0.000000e+00  0.000000e+00  1.000000e+00
   outer loop
     vertex  2.904006e+00 -3.997695e+00  2.000000e+00
     vertex  2.849237e+00 -3.994310e+00  2.000000e+00
     vertex  2.849237e+00 -5.150569e+01  2.000000e+00
   endloop
 endfacet
 facet normal  0.000000e+00  0.000000e+00  1.000000e+00
   outer loop
     vertex  2.904006e+00 -3.997695e+00  2.000000e+00
     vertex  2.849237e+00 -5.150569e+01  2.000000e+00
     vertex  2.904006e+00 -5.150231e+01  2.000000e+00
   endloop
 endfacet
 facet normal  0.000000e+00  0.000000e+00  1.000000e+00
   outer loop
     vertex  2.958847e+00 -3.999577e+00  2.000000e+00
     vertex  2.904006e+00 -3.997695e+00  2.000000e+00
     vertex  2.904006e+00 -5.150231e+01  2.000000e+00
   endloop
 endfacet
 facet normal  0.000000e+00  0.000000e+00  1.000000e+00
   outer loop
     vertex  2.958847e+00 -3.999577e+00  2.000000e+00
     vertex  2.904006e+00 -5.150231e+01  2.000000e+00
     vertex  2.958847e+00 -5.150042e+01  2.000000e+00
   endloop
 endfacet
 facet normal  0.000000e+00  0.000000e+00  1.000000e+00
   outer loop
     vertex  3.013719e+00 -3.999953e+00  2.000000e+00
     vertex  2.958847e+00 -3.999577e+00  2.000000e+00
     vertex  2.958847e+00 -5.150042e+01  2.000000e+00
   endloop
 endfacet
 facet normal  0.000000e+00  0.000000e+00  1.000000e+00
   outer loop
     vertex  3.013719e+00 -3.999953e+00  2.000000e+00
     vertex  2.958847e+00 -5.150042e+01  2.000000e+00
     vertex  3.013719e+00 -5.150005e+01  2.000000e+00
   endloop
 endfacet
 facet normal  0.000000e+00  0.000000e+00  1.000000e+00
   outer loop
     vertex  3.068580e+00 -3.998824e+00  2.000000e+00
     vertex  3.013719e+00 -5.150005e+01  2.000000e+00
     vertex  3.068580e+00 -5.150118e+01  2.000000e+00
   endloop
 endfacet
 facet normal  0.000000e+00  0.000000e+00  1.000000e+00
   outer loop
     vertex  3.068580e+00 -3.998824e+00  2.000000e+00
     vertex  3.013719e+00 -3.999953e+00  2.000000e+00
     vertex  3.013719e+00 -5.150005e+01  2.000000e+00
   endloop
 endfacet
 facet normal  0.000000e+00  0.000000e+00  1.000000e+00
   outer loop
     vertex  3.123390e+00 -3.996190e+00  2.000000e+00
     vertex  3.068580e+00 -5.150118e+01  2.000000e+00
     vertex  3.123390e+00 -5.150381e+01  2.000000e+00
   endloop
 endfacet
 facet normal  0.000000e+00  0.000000e+00  1.000000e+00
   outer loop
     vertex  3.123390e+00 -3.996190e+00  2.000000e+00
     vertex  3.068580e+00 -3.998824e+00  2.000000e+00
     vertex  3.068580e+00 -5.150118e+01  2.000000e+00
   endloop
 endfacet
 facet normal  0.000000e+00  0.000000e+00  1.000000e+00
   outer loop
     vertex  3.178107e+00 -3.992054e+00  2.000000e+00
     vertex  3.123390e+00 -3.996190e+00  2.000000e+00
     vertex  3.123390e+00 -5.150381e+01  2.000000e+00
   endloop
 endfacet
 facet normal  0.000000e+00  0.000000e+00  1.000000e+00
   outer loop
     vertex  3.178107e+00 -3.992054e+00  2.000000e+00
     vertex  3.178107e+00 -5.150795e+01  2.000000e+00
     vertex  3.232690e+00 -5.151358e+01  2.000000e+00
   endloop
 endfacet
 facet normal  0.000000e+00  0.000000e+00  1.000000e+00
   outer loop
     vertex  3.178107e+00 -3.992054e+00  2.000000e+00
     vertex  3.123390e+00 -5.150381e+01  2.000000e+00
     vertex  3.178107e+00 -5.150795e+01  2.000000e+00
   endloop
 endfacet
 facet normal  0.000000e+00  0.000000e+00  1.000000e+00
   outer loop
     vertex  3.232690e+00 -3.986418e+00  2.000000e+00
     vertex  3.178107e+00 -3.992054e+00  2.000000e+00
     vertex  3.232690e+00 -5.151358e+01  2.000000e+00
   endloop
 endfacet
 facet normal  0.000000e+00  0.000000e+00  1.000000e+00
   outer loop
     vertex  3.232690e+00 -3.986418e+00  2.000000e+00
     vertex  3.232690e+00 -5.151358e+01  2.000000e+00
     vertex  3.287098e+00 -5.152071e+01  2.000000e+00
   endloop
 endfacet
 facet normal  0.000000e+00  0.000000e+00  1.000000e+00
   outer loop
     vertex  3.287098e+00 -3.979286e+00  2.000000e+00
     vertex  3.232690e+00 -3.986418e+00  2.000000e+00
     vertex  3.287098e+00 -5.152071e+01  2.000000e+00
   endloop
 endfacet
 facet normal  0.000000e+00  0.000000e+00  1.000000e+00
   outer loop
     vertex  3.341290e+00 -3.970665e+00  2.000000e+00
     vertex  3.287098e+00 -3.979286e+00  2.000000e+00
     vertex  3.287098e+00 -5.152071e+01  2.000000e+00
   endloop
 endfacet
 facet normal  0.000000e+00  0.000000e+00  1.000000e+00
   outer loop
     vertex  3.341290e+00 -3.970665e+00  2.000000e+00
     vertex  3.287098e+00 -5.152071e+01  2.000000e+00
     vertex  3.341290e+00 -5.152933e+01  2.000000e+00
   endloop
 endfacet
 facet normal  0.000000e+00  0.000000e+00  1.000000e+00
   outer loop
     vertex  3.395225e+00 -3.960560e+00  2.000000e+00
     vertex  3.341290e+00 -3.970665e+00  2.000000e+00
     vertex  3.341290e+00 -5.152933e+01  2.000000e+00
   endloop
 endfacet
 facet normal  0.000000e+00  0.000000e+00  1.000000e+00
   outer loop
     vertex  3.395225e+00 -3.960560e+00  2.000000e+00
     vertex  3.341290e+00 -5.152933e+01  2.000000e+00
     vertex  3.395225e+00 -5.153944e+01  2.000000e+00
   endloop
 endfacet
 facet normal  0.000000e+00  0.000000e+00  1.000000e+00
   outer loop
     vertex  3.448862e+00 -3.948980e+00  2.000000e+00
     vertex  3.448862e+00 -5.155102e+01  2.000000e+00
     vertex  3.502162e+00 -5.156407e+01  2.000000e+00
   endloop
 endfacet
 facet normal  0.000000e+00  0.000000e+00  1.000000e+00
   outer loop
     vertex  3.448862e+00 -3.948980e+00  2.000000e+00
     vertex  3.395225e+00 -5.153944e+01  2.000000e+00
     vertex  3.448862e+00 -5.155102e+01  2.000000e+00
   endloop
 endfacet
 facet normal  0.000000e+00  0.000000e+00  1.000000e+00
   outer loop
     vertex  3.448862e+00 -3.948980e+00  2.000000e+00
     vertex  3.395225e+00 -3.960560e+00  2.000000e+00
     vertex  3.395225e+00 -5.153944e+01  2.000000e+00
   endloop
 endfacet
 facet normal  0.000000e+00  0.000000e+00  1.000000e+00
   outer loop
     vertex  3.502162e+00 -3.935932e+00  2.000000e+00
     vertex  3.448862e+00 -3.948980e+00  2.000000e+00
     vertex  3.502162e+00 -5.156407e+01  2.000000e+00
   endloop
 endfacet
 facet normal  0.000000e+00  0.000000e+00  1.000000e+00
   outer loop
     vertex  3.555083e+00 -3.921427e+00  2.000000e+00
     vertex  3.502162e+00 -3.935932e+00  2.000000e+00
     vertex  3.502162e+00 -5.156407e+01  2.000000e+00
   endloop
 endfacet
 facet normal  0.000000e+00  0.000000e+00  1.000000e+00
   outer loop
     vertex  3.555083e+00 -3.921427e+00  2.000000e+00
     vertex  3.502162e+00 -5.156407e+01  2.000000e+00
     vertex  3.555083e+00 -5.157857e+01  2.000000e+00
   endloop
 endfacet
 facet normal  0.000000e+00  0.000000e+00  1.000000e+00
   outer loop
     vertex  3.607587e+00 -3.905476e+00  2.000000e+00
     vertex  3.555083e+00 -3.921427e+00  2.000000e+00
     vertex  3.555083e+00 -5.157857e+01  2.000000e+00
   endloop
 endfacet
 facet normal  0.000000e+00  0.000000e+00  1.000000e+00
   outer loop
     vertex  3.607587e+00 -3.905476e+00  2.000000e+00
     vertex  3.555083e+00 -5.157857e+01  2.000000e+00
     vertex  3.607587e+00 -5.159452e+01  2.000000e+00
   endloop
 endfacet
 facet normal  0.000000e+00  0.000000e+00  1.000000e+00
   outer loop
     vertex  3.659633e+00 -3.888090e+00  2.000000e+00
     vertex  3.607587e+00 -5.159452e+01  2.000000e+00
     vertex  3.659633e+00 -5.161191e+01  2.000000e+00
   endloop
 endfacet
 facet normal  0.000000e+00  0.000000e+00  1.000000e+00
   outer loop
     vertex  3.659633e+00 -3.888090e+00  2.000000e+00
     vertex  3.607587e+00 -3.905476e+00  2.000000e+00
     vertex  3.607587e+00 -5.159452e+01  2.000000e+00
   endloop
 endfacet
 facet normal  0.000000e+00  0.000000e+00  1.000000e+00
   outer loop
     vertex  3.711183e+00 -3.869283e+00  2.000000e+00
     vertex  3.659633e+00 -5.161191e+01  2.000000e+00
     vertex  3.711183e+00 -5.163072e+01  2.000000e+00
   endloop
 endfacet
 facet normal  0.000000e+00  0.000000e+00  1.000000e+00
   outer loop
     vertex  3.711183e+00 -3.869283e+00  2.000000e+00
     vertex  3.659633e+00 -3.888090e+00  2.000000e+00
     vertex  3.659633e+00 -5.161191e+01  2.000000e+00
   endloop
 endfacet
 facet normal  0.000000e+00  0.000000e+00  1.000000e+00
   outer loop
     vertex  3.762197e+00 -3.849069e+00  2.000000e+00
     vertex  3.762197e+00 -5.165093e+01  2.000000e+00
     vertex  3.812638e+00 -5.167254e+01  2.000000e+00
   endloop
 endfacet
 facet normal  0.000000e+00  0.000000e+00  1.000000e+00
   outer loop
     vertex  3.762197e+00 -3.849069e+00  2.000000e+00
     vertex  3.711183e+00 -5.163072e+01  2.000000e+00
     vertex  3.762197e+00 -5.165093e+01  2.000000e+00
   endloop
 endfacet
 facet normal  0.000000e+00  0.000000e+00  1.000000e+00
   outer loop
     vertex  3.762197e+00 -3.849069e+00  2.000000e+00
     vertex  3.711183e+00 -3.869283e+00  2.000000e+00
     vertex  3.711183e+00 -5.163072e+01  2.000000e+00
   endloop
 endfacet
 facet normal  0.000000e+00  0.000000e+00  1.000000e+00
   outer loop
     vertex  3.812638e+00 -3.827463e+00  2.000000e+00
     vertex  3.762197e+00 -3.849069e+00  2.000000e+00
     vertex  3.812638e+00 -5.167254e+01  2.000000e+00
   endloop
 endfacet
 facet normal  0.000000e+00  0.000000e+00  1.000000e+00
   outer loop
     vertex  3.862467e+00 -3.804481e+00  2.000000e+00
     vertex  3.812638e+00 -5.167254e+01  2.000000e+00
     vertex  3.862467e+00 -5.169552e+01  2.000000e+00
   endloop
 endfacet
 facet normal  0.000000e+00  0.000000e+00  1.000000e+00
   outer loop
     vertex  3.862467e+00 -3.804481e+00  2.000000e+00
     vertex  3.812638e+00 -3.827463e+00  2.000000e+00
     vertex  3.812638e+00 -5.167254e+01  2.000000e+00
   endloop
 endfacet
 facet normal  0.000000e+00  0.000000e+00  1.000000e+00
   outer loop
     vertex  3.911646e+00 -3.780141e+00  2.000000e+00
     vertex  3.911646e+00 -5.171986e+01  2.000000e+00
     vertex  3.960139e+00 -5.174554e+01  2.000000e+00
   endloop
 endfacet
 facet normal  0.000000e+00  0.000000e+00  1.000000e+00
   outer loop
     vertex  3.911646e+00 -3.780141e+00  2.000000e+00
     vertex  3.862467e+00 -5.169552e+01  2.000000e+00
     vertex  3.911646e+00 -5.171986e+01  2.000000e+00
   endloop
 endfacet
 facet normal  0.000000e+00  0.000000e+00  1.000000e+00
   outer loop
     vertex  3.911646e+00 -3.780141e+00  2.000000e+00
     vertex  3.862467e+00 -3.804481e+00  2.000000e+00
     vertex  3.862467e+00 -5.169552e+01  2.000000e+00
   endloop
 endfacet
 facet normal  0.000000e+00  0.000000e+00  1.000000e+00
   outer loop
     vertex  3.960139e+00 -3.754461e+00  2.000000e+00
     vertex  3.911646e+00 -3.780141e+00  2.000000e+00
     vertex  3.960139e+00 -5.174554e+01  2.000000e+00
   endloop
 endfacet
 facet normal  0.000000e+00  0.000000e+00  1.000000e+00
   outer loop
     vertex  4.007910e+00 -3.727460e+00  2.000000e+00
     vertex  3.960139e+00 -3.754461e+00  2.000000e+00
     vertex  3.960139e+00 -5.174554e+01  2.000000e+00
   endloop
 endfacet
 facet normal  0.000000e+00  0.000000e+00  1.000000e+00
   outer loop
     vertex  4.007910e+00 -3.727460e+00  2.000000e+00
     vertex  3.960139e+00 -5.174554e+01  2.000000e+00
     vertex  4.007910e+00 -5.177254e+01  2.000000e+00
   endloop
 endfacet
 facet normal  0.000000e+00  0.000000e+00  1.000000e+00
   outer loop
     vertex  4.054922e+00 -3.699159e+00  2.000000e+00
     vertex  4.007910e+00 -5.177254e+01  2.000000e+00
     vertex  4.054922e+00 -5.180084e+01  2.000000e+00
   endloop
 endfacet
 facet normal  0.000000e+00  0.000000e+00  1.000000e+00
   outer loop
     vertex  4.054922e+00 -3.699159e+00  2.000000e+00
     vertex  4.007910e+00 -3.727460e+00  2.000000e+00
     vertex  4.007910e+00 -5.177254e+01  2.000000e+00
   endloop
 endfacet
 facet normal  0.000000e+00  0.000000e+00  1.000000e+00
   outer loop
     vertex  4.101140e+00 -3.669578e+00  2.000000e+00
     vertex  4.054922e+00 -3.699159e+00  2.000000e+00
     vertex  4.054922e+00 -5.180084e+01  2.000000e+00
   endloop
 endfacet
 facet normal  0.000000e+00  0.000000e+00  1.000000e+00
   outer loop
     vertex  4.101140e+00 -3.669578e+00  2.000000e+00
     vertex  4.054922e+00 -5.180084e+01  2.000000e+00
     vertex  4.101140e+00 -5.183042e+01  2.000000e+00
   endloop
 endfacet
 facet normal  0.000000e+00  0.000000e+00  1.000000e+00
   outer loop
     vertex  4.146528e+00 -3.638741e+00  2.000000e+00
     vertex  4.101140e+00 -3.669578e+00  2.000000e+00
     vertex  4.101140e+00 -5.183042e+01  2.000000e+00
   endloop
 endfacet
 facet normal  0.000000e+00  0.000000e+00  1.000000e+00
   outer loop
     vertex  4.146528e+00 -3.638741e+00  2.000000e+00
     vertex  4.101140e+00 -5.183042e+01  2.000000e+00
     vertex  4.146528e+00 -5.186126e+01  2.000000e+00
   endloop
 endfacet
 facet normal  0.000000e+00  0.000000e+00  1.000000e+00
   outer loop
     vertex  4.191054e+00 -3.606670e+00  2.000000e+00
     vertex  4.191054e+00 -5.189333e+01  2.000000e+00
     vertex  4.234683e+00 -5.192661e+01  2.000000e+00
   endloop
 endfacet
 facet normal  0.000000e+00  0.000000e+00  1.000000e+00
   outer loop
     vertex  4.191054e+00 -3.606670e+00  2.000000e+00
     vertex  4.146528e+00 -5.186126e+01  2.000000e+00
     vertex  4.191054e+00 -5.189333e+01  2.000000e+00
   endloop
 endfacet
 facet normal  0.000000e+00  0.000000e+00  1.000000e+00
   outer loop
     vertex  4.191054e+00 -3.606670e+00  2.000000e+00
     vertex  4.146528e+00 -3.638741e+00  2.000000e+00
     vertex  4.146528e+00 -5.186126e+01  2.000000e+00
   endloop
 endfacet
 facet normal  0.000000e+00  0.000000e+00  1.000000e+00
   outer loop
     vertex  4.234683e+00 -3.573390e+00  2.000000e+00
     vertex  4.191054e+00 -3.606670e+00  2.000000e+00
     vertex  4.234683e+00 -5.192661e+01  2.000000e+00
   endloop
 endfacet
 facet normal  0.000000e+00  0.000000e+00  1.000000e+00
   outer loop
     vertex  4.277383e+00 -3.538926e+00  2.000000e+00
     vertex  4.234683e+00 -3.573390e+00  2.000000e+00
     vertex  4.234683e+00 -5.192661e+01  2.000000e+00
   endloop
 endfacet
 facet normal  0.000000e+00  0.000000e+00  1.000000e+00
   outer loop
     vertex  4.277383e+00 -3.538926e+00  2.000000e+00
     vertex  4.277383e+00 -5.196107e+01  2.000000e+00
     vertex  4.319121e+00 -5.199670e+01  2.000000e+00
   endloop
 endfacet
 facet normal  0.000000e+00  0.000000e+00  1.000000e+00
   outer loop
     vertex  4.277383e+00 -3.538926e+00  2.000000e+00
     vertex  4.234683e+00 -5.192661e+01  2.000000e+00
     vertex  4.277383e+00 -5.196107e+01  2.000000e+00
   endloop
 endfacet
 facet normal  0.000000e+00  0.000000e+00  1.000000e+00
   outer loop
     vertex  4.319121e+00 -3.503303e+00  2.000000e+00
     vertex  4.319121e+00 -5.199670e+01  2.000000e+00
     vertex  4.570163e+01 -5.197874e+01  2.000000e+00
   endloop
 endfacet
 facet normal  0.000000e+00  0.000000e+00  1.000000e+00
   outer loop
     vertex  4.319121e+00 -3.503303e+00  2.000000e+00
     vertex  4.277383e+00 -3.538926e+00  2.000000e+00
     vertex  4.319121e+00 -5.199670e+01  2.000000e+00
   endloop
 endfacet
 facet normal  0.000000e+00  0.000000e+00  1.000000e+00
   outer loop
     vertex -6.500000e-01  7.950000e+00  2.000000e+00
     vertex  3.762197e+00 -1.509312e-01  2.000000e+00
     vertex  3.812638e+00 -1.725373e-01  2.000000e+00
   endloop
 endfacet
 facet normal  0.000000e+00  0.000000e+00  1.000000e+00
   outer loop
     vertex -6.500000e-01  7.950000e+00  2.000000e+00
     vertex  3.711183e+00 -1.307170e-01  2.000000e+00
     vertex  3.762197e+00 -1.509312e-01  2.000000e+00
   endloop
 endfacet
 facet normal  0.000000e+00  0.000000e+00  1.000000e+00
   outer loop
     vertex -6.500000e-01  7.950000e+00  2.000000e+00
     vertex  3.659633e+00 -1.119099e-01  2.000000e+00
     vertex  3.711183e+00 -1.307170e-01  2.000000e+00
   endloop
 endfacet
 facet normal  0.000000e+00  0.000000e+00  1.000000e+00
   outer loop
     vertex -6.500000e-01  7.950000e+00  2.000000e+00
     vertex  3.607587e+00 -9.452416e-02  2.000000e+00
     vertex  3.659633e+00 -1.119099e-01  2.000000e+00
   endloop
 endfacet
 facet normal  0.000000e+00  0.000000e+00  1.000000e+00
   outer loop
     vertex -6.500000e-01  7.950000e+00  2.000000e+00
     vertex  3.555083e+00 -7.857279e-02  2.000000e+00
     vertex  3.607587e+00 -9.452416e-02  2.000000e+00
   endloop
 endfacet
 facet normal  0.000000e+00  0.000000e+00  1.000000e+00
   outer loop
     vertex -6.500000e-01  7.950000e+00  2.000000e+00
     vertex  3.502162e+00 -6.406780e-02  2.000000e+00
     vertex  3.555083e+00 -7.857279e-02  2.000000e+00
   endloop
 endfacet
 facet normal  0.000000e+00  0.000000e+00  1.000000e+00
   outer loop
     vertex -6.500000e-01  7.950000e+00  2.000000e+00
     vertex  3.448862e+00 -5.102012e-02  2.000000e+00
     vertex  3.502162e+00 -6.406780e-02  2.000000e+00
   endloop
 endfacet
 facet normal  0.000000e+00  0.000000e+00  1.000000e+00
   outer loop
     vertex -6.500000e-01  7.950000e+00  2.000000e+00
     vertex  3.395225e+00 -3.943958e-02  2.000000e+00
     vertex  3.448862e+00 -5.102012e-02  2.000000e+00
   endloop
 endfacet
 facet normal  0.000000e+00  0.000000e+00  1.000000e+00
   outer loop
     vertex -6.500000e-01  7.950000e+00  2.000000e+00
     vertex  3.341290e+00 -2.933488e-02  2.000000e+00
     vertex  3.395225e+00 -3.943958e-02  2.000000e+00
   endloop
 endfacet
 facet normal  0.000000e+00  0.000000e+00  1.000000e+00
   outer loop
     vertex -6.500000e-01  7.950000e+00  2.000000e+00
     vertex  3.287098e+00 -2.071363e-02  2.000000e+00
     vertex  3.341290e+00 -2.933488e-02  2.000000e+00
   endloop
 endfacet
 facet normal  0.000000e+00  0.000000e+00  1.000000e+00
   outer loop
     vertex -6.500000e-01  7.950000e+00  2.000000e+00
     vertex  3.232690e+00 -1.358234e-02  2.000000e+00
     vertex  3.287098e+00 -2.071363e-02  2.000000e+00
   endloop
 endfacet
 facet normal  0.000000e+00  0.000000e+00  1.000000e+00
   outer loop
     vertex -6.500000e-01  7.950000e+00  2.000000e+00
     vertex  3.178107e+00 -7.946350e-03  2.000000e+00
     vertex  3.232690e+00 -1.358234e-02  2.000000e+00
   endloop
 endfacet
 facet normal  0.000000e+00  0.000000e+00  1.000000e+00
   outer loop
     vertex -6.500000e-01  7.950000e+00  2.000000e+00
     vertex  3.123390e+00 -3.809920e-03  2.000000e+00
     vertex  3.178107e+00 -7.946350e-03  2.000000e+00
   endloop
 endfacet
 facet normal  0.000000e+00  0.000000e+00  1.000000e+00
   outer loop
     vertex -6.500000e-01  7.950000e+00  2.000000e+00
     vertex  3.068580e+00 -1.176160e-03  2.000000e+00
     vertex  3.123390e+00 -3.809920e-03  2.000000e+00
   endloop
 endfacet
 facet normal  0.000000e+00  0.000000e+00  1.000000e+00
   outer loop
     vertex -6.500000e-01  7.950000e+00  2.000000e+00
     vertex  3.013719e+00 -4.705081e-05  2.000000e+00
     vertex  3.068580e+00 -1.176160e-03  2.000000e+00
   endloop
 endfacet
 facet normal  0.000000e+00  0.000000e+00  1.000000e+00
   outer loop
     vertex -6.500000e-01  7.950000e+00  2.000000e+00
     vertex  2.958847e+00 -4.234440e-04  2.000000e+00
     vertex  3.013719e+00 -4.705081e-05  2.000000e+00
   endloop
 endfacet
 facet normal  0.000000e+00  0.000000e+00  1.000000e+00
   outer loop
     vertex -6.500000e-01  7.950000e+00  2.000000e+00
     vertex  2.904006e+00 -2.305056e-03  2.000000e+00
     vertex  2.958847e+00 -4.234440e-04  2.000000e+00
   endloop
 endfacet
 facet normal  0.000000e+00  0.000000e+00  1.000000e+00
   outer loop
     vertex -6.500000e-01  7.950000e+00  2.000000e+00
     vertex  2.849237e+00 -5.690470e-03  2.000000e+00
     vertex  2.904006e+00 -2.305056e-03  2.000000e+00
   endloop
 endfacet
 facet normal  0.000000e+00  0.000000e+00  1.000000e+00
   outer loop
     vertex -6.500000e-01  7.950000e+00  2.000000e+00
     vertex  2.794582e+00 -1.057714e-02  2.000000e+00
     vertex  2.849237e+00 -5.690470e-03  2.000000e+00
   endloop
 endfacet
 facet normal  0.000000e+00  0.000000e+00  1.000000e+00
   outer loop
     vertex -6.500000e-01  7.950000e+00  2.000000e+00
     vertex  2.740081e+00 -1.696138e-02  2.000000e+00
     vertex  2.794582e+00 -1.057714e-02  2.000000e+00
   endloop
 endfacet
 facet normal  0.000000e+00  0.000000e+00  1.000000e+00
   outer loop
     vertex -6.500000e-01  7.950000e+00  2.000000e+00
     vertex  2.685776e+00 -2.483839e-02  2.000000e+00
     vertex  2.740081e+00 -1.696138e-02  2.000000e+00
   endloop
 endfacet
 facet normal  0.000000e+00  0.000000e+00  1.000000e+00
   outer loop
     vertex -6.500000e-01  7.950000e+00  2.000000e+00
     vertex  2.631708e+00 -3.420224e-02  2.000000e+00
     vertex  2.685776e+00 -2.483839e-02  2.000000e+00
   endloop
 endfacet
 facet normal  0.000000e+00  0.000000e+00  1.000000e+00
   outer loop
     vertex -6.500000e-01  7.950000e+00  2.000000e+00
     vertex  2.577917e+00 -4.504589e-02  2.000000e+00
     vertex  2.631708e+00 -3.420224e-02  2.000000e+00
   endloop
 endfacet
 facet normal  0.000000e+00  0.000000e+00  1.000000e+00
   outer loop
     vertex -6.500000e-01  7.950000e+00  2.000000e+00
     vertex  2.524443e+00 -5.736116e-02  2.000000e+00
     vertex  2.577917e+00 -4.504589e-02  2.000000e+00
   endloop
 endfacet
 facet normal  0.000000e+00  0.000000e+00  1.000000e+00
   outer loop
     vertex -6.500000e-01  7.950000e+00  2.000000e+00
     vertex  2.471328e+00 -7.113879e-02  2.000000e+00
     vertex  2.524443e+00 -5.736116e-02  2.000000e+00
   endloop
 endfacet
 facet normal  0.000000e+00  0.000000e+00  1.000000e+00
   outer loop
     vertex -6.500000e-01  7.950000e+00  2.000000e+00
     vertex  2.418610e+00 -8.636840e-02  2.000000e+00
     vertex  2.471328e+00 -7.113879e-02  2.000000e+00
   endloop
 endfacet
 facet normal  0.000000e+00  0.000000e+00  1.000000e+00
   outer loop
     vertex -6.500000e-01  7.950000e+00  2.000000e+00
     vertex  2.366330e+00 -1.030385e-01  2.000000e+00
     vertex  2.418610e+00 -8.636840e-02  2.000000e+00
   endloop
 endfacet
 facet normal  0.000000e+00  0.000000e+00  1.000000e+00
   outer loop
     vertex -6.500000e-01  7.950000e+00  2.000000e+00
     vertex  2.314528e+00 -1.211366e-01  2.000000e+00
     vertex  2.366330e+00 -1.030385e-01  2.000000e+00
   endloop
 endfacet
 facet normal  0.000000e+00  0.000000e+00  1.000000e+00
   outer loop
     vertex -6.500000e-01  7.950000e+00  2.000000e+00
     vertex  2.263241e+00 -1.406491e-01  2.000000e+00
     vertex  2.314528e+00 -1.211366e-01  2.000000e+00
   endloop
 endfacet
 facet normal  0.000000e+00  0.000000e+00  1.000000e+00
   outer loop
     vertex -6.500000e-01  7.950000e+00  2.000000e+00
     vertex  2.212508e+00 -1.615612e-01  2.000000e+00
     vertex  2.263241e+00 -1.406491e-01  2.000000e+00
   endloop
 endfacet
 facet normal  0.000000e+00  0.000000e+00  1.000000e+00
   outer loop
     vertex -6.500000e-01  7.950000e+00  2.000000e+00
     vertex  2.162369e+00 -1.838573e-01  2.000000e+00
     vertex  2.212508e+00 -1.615612e-01  2.000000e+00
   endloop
 endfacet
 facet normal  0.000000e+00  0.000000e+00  1.000000e+00
   outer loop
     vertex -6.500000e-01  7.950000e+00  2.000000e+00
     vertex  2.112860e+00 -2.075204e-01  2.000000e+00
     vertex  2.162369e+00 -1.838573e-01  2.000000e+00
   endloop
 endfacet
 facet normal  0.000000e+00  0.000000e+00  1.000000e+00
   outer loop
     vertex -6.500000e-01  7.950000e+00  2.000000e+00
     vertex  2.064019e+00 -2.325329e-01  2.000000e+00
     vertex  2.112860e+00 -2.075204e-01  2.000000e+00
   endloop
 endfacet
 facet normal  0.000000e+00  0.000000e+00  1.000000e+00
   outer loop
     vertex -6.500000e-01  7.950000e+00  2.000000e+00
     vertex  2.015883e+00 -2.588759e-01  2.000000e+00
     vertex  2.064019e+00 -2.325329e-01  2.000000e+00
   endloop
 endfacet
 facet normal  0.000000e+00  0.000000e+00  1.000000e+00
   outer loop
     vertex -6.500000e-01  7.950000e+00  2.000000e+00
     vertex  1.968487e+00 -2.865296e-01  2.000000e+00
     vertex  2.015883e+00 -2.588759e-01  2.000000e+00
   endloop
 endfacet
 facet normal  0.000000e+00  0.000000e+00  1.000000e+00
   outer loop
     vertex -6.500000e-01  7.950000e+00  2.000000e+00
     vertex  1.921868e+00 -3.154731e-01  2.000000e+00
     vertex  1.968487e+00 -2.865296e-01  2.000000e+00
   endloop
 endfacet
 facet normal  0.000000e+00  0.000000e+00  1.000000e+00
   outer loop
     vertex -6.500000e-01  7.950000e+00  2.000000e+00
     vertex  1.876060e+00 -3.456846e-01  2.000000e+00
     vertex  1.921868e+00 -3.154731e-01  2.000000e+00
   endloop
 endfacet
 facet normal  0.000000e+00  0.000000e+00  1.000000e+00
   outer loop
     vertex -6.500000e-01  7.950000e+00  2.000000e+00
     vertex  1.831099e+00 -3.771415e-01  2.000000e+00
     vertex  1.876060e+00 -3.456846e-01  2.000000e+00
   endloop
 endfacet
 facet normal  0.000000e+00  0.000000e+00  1.000000e+00
   outer loop
     vertex -6.500000e-01  7.950000e+00  2.000000e+00
     vertex  1.787017e+00 -4.098200e-01  2.000000e+00
     vertex  1.831099e+00 -3.771415e-01  2.000000e+00
   endloop
 endfacet
 facet normal  0.000000e+00  0.000000e+00  1.000000e+00
   outer loop
     vertex -6.500000e-01  7.950000e+00  2.000000e+00
     vertex  1.743849e+00 -4.436956e-01  2.000000e+00
     vertex  1.787017e+00 -4.098200e-01  2.000000e+00
   endloop
 endfacet
 facet normal  0.000000e+00  0.000000e+00  1.000000e+00
   outer loop
     vertex -6.500000e-01  7.950000e+00  2.000000e+00
     vertex  1.701626e+00 -4.787427e-01  2.000000e+00
     vertex  1.743849e+00 -4.436956e-01  2.000000e+00
   endloop
 endfacet
 facet normal  0.000000e+00  0.000000e+00  1.000000e+00
   outer loop
     vertex -6.500000e-01  7.950000e+00  2.000000e+00
     vertex  1.660380e+00 -5.149349e-01  2.000000e+00
     vertex  1.701626e+00 -4.787427e-01  2.000000e+00
   endloop
 endfacet
 facet normal  0.000000e+00  0.000000e+00  1.000000e+00
   outer loop
     vertex -6.500000e-01  7.950000e+00  2.000000e+00
     vertex  1.620143e+00 -5.522451e-01  2.000000e+00
     vertex  1.660380e+00 -5.149349e-01  2.000000e+00
   endloop
 endfacet
 facet normal  0.000000e+00  0.000000e+00  1.000000e+00
   outer loop
     vertex -6.500000e-01  7.950000e+00  2.000000e+00
     vertex  1.580944e+00 -5.906451e-01  2.000000e+00
     vertex  1.620143e+00 -5.522451e-01  2.000000e+00
   endloop
 endfacet
 facet normal  0.000000e+00  0.000000e+00  1.000000e+00
   outer loop
     vertex -6.500000e-01  7.950000e+00  2.000000e+00
     vertex  1.542814e+00 -6.301060e-01  2.000000e+00
     vertex  1.580944e+00 -5.906451e-01  2.000000e+00
   endloop
 endfacet
 facet normal  0.000000e+00  0.000000e+00  1.000000e+00
   outer loop
     vertex -6.500000e-01  7.950000e+00  2.000000e+00
     vertex  1.505781e+00 -6.705981e-01  2.000000e+00
     vertex  1.542814e+00 -6.301060e-01  2.000000e+00
   endloop
 endfacet
 facet normal  0.000000e+00  0.000000e+00  1.000000e+00
   outer loop
     vertex -6.500000e-01  7.950000e+00  2.000000e+00
     vertex  1.469873e+00 -7.120909e-01  2.000000e+00
     vertex  1.505781e+00 -6.705981e-01  2.000000e+00
   endloop
 endfacet
 facet normal  0.000000e+00  0.000000e+00  1.000000e+00
   outer loop
     vertex -6.500000e-01  7.950000e+00  2.000000e+00
     vertex  1.435116e+00 -7.545532e-01  2.000000e+00
     vertex  1.469873e+00 -7.120909e-01  2.000000e+00
   endloop
 endfacet
 facet normal  0.000000e+00  0.000000e+00  1.000000e+00
   outer loop
     vertex -6.500000e-01  7.950000e+00  2.000000e+00
     vertex  1.401537e+00 -7.979531e-01  2.000000e+00
     vertex  1.435116e+00 -7.545532e-01  2.000000e+00
   endloop
 endfacet
 facet normal  0.000000e+00  0.000000e+00  1.000000e+00
   outer loop
     vertex -6.500000e-01  7.950000e+00  2.000000e+00
     vertex  1.369162e+00 -8.422579e-01  2.000000e+00
     vertex  1.401537e+00 -7.979531e-01  2.000000e+00
   endloop
 endfacet
 facet normal  0.000000e+00  0.000000e+00  1.000000e+00
   outer loop
     vertex -6.500000e-01  7.950000e+00  2.000000e+00
     vertex  1.338014e+00 -8.874341e-01  2.000000e+00
     vertex  1.369162e+00 -8.422579e-01  2.000000e+00
   endloop
 endfacet
 facet normal  0.000000e+00  0.000000e+00  1.000000e+00
   outer loop
     vertex -6.500000e-01  7.950000e+00  2.000000e+00
     vertex  1.308117e+00 -9.334479e-01  2.000000e+00
     vertex  1.338014e+00 -8.874341e-01  2.000000e+00
   endloop
 endfacet
 facet normal  0.000000e+00  0.000000e+00  1.000000e+00
   outer loop
     vertex -6.500000e-01  7.950000e+00  2.000000e+00
     vertex  1.279494e+00 -9.802645e-01  2.000000e+00
     vertex  1.308117e+00 -9.334479e-01  2.000000e+00
   endloop
 endfacet
 facet normal  0.000000e+00  0.000000e+00  1.000000e+00
   outer loop
     vertex -6.500000e-01  7.950000e+00  2.000000e+00
     vertex  1.252167e+00 -1.027849e+00  2.000000e+00
     vertex  1.279494e+00 -9.802645e-01  2.000000e+00
   endloop
 endfacet
 facet normal  0.000000e+00  0.000000e+00  1.000000e+00
   outer loop
     vertex -6.500000e-01  7.950000e+00  2.000000e+00
     vertex  1.226154e+00 -1.076165e+00  2.000000e+00
     vertex  1.252167e+00 -1.027849e+00  2.000000e+00
   endloop
 endfacet
 facet normal  0.000000e+00  0.000000e+00  1.000000e+00
   outer loop
     vertex -6.500000e-01  7.950000e+00  2.000000e+00
     vertex  1.201477e+00 -1.125176e+00  2.000000e+00
     vertex  1.226154e+00 -1.076165e+00  2.000000e+00
   endloop
 endfacet
 facet normal  0.000000e+00  0.000000e+00  1.000000e+00
   outer loop
     vertex -6.500000e-01  7.950000e+00  2.000000e+00
     vertex  1.178154e+00 -1.174846e+00  2.000000e+00
     vertex  1.201477e+00 -1.125176e+00  2.000000e+00
   endloop
 endfacet
 facet normal  0.000000e+00  0.000000e+00  1.000000e+00
   outer loop
     vertex -6.500000e-01  7.950000e+00  2.000000e+00
     vertex  1.156203e+00 -1.225137e+00  2.000000e+00
     vertex  1.178154e+00 -1.174846e+00  2.000000e+00
   endloop
 endfacet
 facet normal  0.000000e+00  0.000000e+00  1.000000e+00
   outer loop
     vertex -6.500000e-01  7.950000e+00  2.000000e+00
     vertex  1.135639e+00 -1.276012e+00  2.000000e+00
     vertex  1.156203e+00 -1.225137e+00  2.000000e+00
   endloop
 endfacet
 facet normal  0.000000e+00  0.000000e+00  1.000000e+00
   outer loop
     vertex -6.500000e-01  7.950000e+00  2.000000e+00
     vertex  1.116479e+00 -1.327431e+00  2.000000e+00
     vertex  1.135639e+00 -1.276012e+00  2.000000e+00
   endloop
 endfacet
 facet normal  0.000000e+00  0.000000e+00  1.000000e+00
   outer loop
     vertex -6.500000e-01  7.950000e+00  2.000000e+00
     vertex  1.098737e+00 -1.379357e+00  2.000000e+00
     vertex  1.116479e+00 -1.327431e+00  2.000000e+00
   endloop
 endfacet
 facet normal  0.000000e+00  0.000000e+00  1.000000e+00
   outer loop
     vertex -6.500000e-01  7.950000e+00  2.000000e+00
     vertex  1.082425e+00 -1.431750e+00  2.000000e+00
     vertex  1.098737e+00 -1.379357e+00  2.000000e+00
   endloop
 endfacet
 facet normal  0.000000e+00  0.000000e+00  1.000000e+00
   outer loop
     vertex -6.500000e-01  7.950000e+00  2.000000e+00
     vertex  1.067558e+00 -1.484571e+00  2.000000e+00
     vertex  1.082425e+00 -1.431750e+00  2.000000e+00
   endloop
 endfacet
 facet normal  0.000000e+00  0.000000e+00  1.000000e+00
   outer loop
     vertex -6.500000e-01  7.950000e+00  2.000000e+00
     vertex  1.054145e+00 -1.537780e+00  2.000000e+00
     vertex  1.067558e+00 -1.484571e+00  2.000000e+00
   endloop
 endfacet
 facet normal  0.000000e+00  0.000000e+00  1.000000e+00
   outer loop
     vertex -6.500000e-01  7.950000e+00  2.000000e+00
     vertex  1.042197e+00 -1.591336e+00  2.000000e+00
     vertex  1.054145e+00 -1.537780e+00  2.000000e+00
   endloop
 endfacet
 facet normal  0.000000e+00  0.000000e+00  1.000000e+00
   outer loop
     vertex -6.500000e-01  7.950000e+00  2.000000e+00
     vertex  1.031722e+00 -1.645200e+00  2.000000e+00
     vertex  1.042197e+00 -1.591336e+00  2.000000e+00
   endloop
 endfacet
 facet normal  0.000000e+00  0.000000e+00  1.000000e+00
   outer loop
     vertex -6.500000e-01  7.950000e+00  2.000000e+00
     vertex  1.022729e+00 -1.699332e+00  2.000000e+00
     vertex  1.031722e+00 -1.645200e+00  2.000000e+00
   endloop
 endfacet
 facet normal  0.000000e+00  0.000000e+00  1.000000e+00
   outer loop
     vertex -6.500000e-01  7.950000e+00  2.000000e+00
     vertex  1.015225e+00 -1.753690e+00  2.000000e+00
     vertex  1.022729e+00 -1.699332e+00  2.000000e+00
   endloop
 endfacet
 facet normal  0.000000e+00  0.000000e+00  1.000000e+00
   outer loop
     vertex -6.500000e-01  7.950000e+00  2.000000e+00
     vertex  1.009215e+00 -1.808233e+00  2.000000e+00
     vertex  1.015225e+00 -1.753690e+00  2.000000e+00
   endloop
 endfacet
 facet normal  0.000000e+00  0.000000e+00  1.000000e+00
   outer loop
     vertex -6.500000e-01  7.950000e+00  2.000000e+00
     vertex  1.004703e+00 -1.862920e+00  2.000000e+00
     vertex  1.009215e+00 -1.808233e+00  2.000000e+00
   endloop
 endfacet
 facet normal  0.000000e+00  0.000000e+00  1.000000e+00
   outer loop
     vertex -6.500000e-01  7.950000e+00  2.000000e+00
     vertex  1.001694e+00 -1.917711e+00  2.000000e+00
     vertex  1.004703e+00 -1.862920e+00  2.000000e+00
   endloop
 endfacet
 facet normal  0.000000e+00  0.000000e+00  1.000000e+00
   outer loop
     vertex -6.500000e-01  7.950000e+00  2.000000e+00
     vertex  1.000188e+00 -1.972563e+00  2.000000e+00
     vertex  1.001694e+00 -1.917711e+00  2.000000e+00
   endloop
 endfacet
 facet normal  0.000000e+00  0.000000e+00  1.000000e+00
   outer loop
     vertex -6.500000e-01  7.950000e+00  2.000000e+00
     vertex  1.000188e+00 -2.027437e+00  2.000000e+00
     vertex  1.000188e+00 -1.972563e+00  2.000000e+00
   endloop
 endfacet
 facet normal  0.000000e+00  0.000000e+00  1.000000e+00
   outer loop
     vertex -6.500000e-01  7.950000e+00  2.000000e+00
     vertex  1.001694e+00 -2.082289e+00  2.000000e+00
     vertex  1.000188e+00 -2.027437e+00  2.000000e+00
   endloop
 endfacet
 facet normal  0.000000e+00  0.000000e+00  1.000000e+00
   outer loop
     vertex -6.500000e-01  7.950000e+00  2.000000e+00
     vertex  1.004703e+00 -2.137080e+00  2.000000e+00
     vertex  1.001694e+00 -2.082289e+00  2.000000e+00
   endloop
 endfacet
 facet normal  0.000000e+00  0.000000e+00  1.000000e+00
   outer loop
     vertex -6.500000e-01  7.950000e+00  2.000000e+00
     vertex  1.009215e+00 -2.191767e+00  2.000000e+00
     vertex  1.004703e+00 -2.137080e+00  2.000000e+00
   endloop
 endfacet
 facet normal  0.000000e+00  0.000000e+00  1.000000e+00
   outer loop
     vertex -6.500000e-01  7.950000e+00  2.000000e+00
     vertex  4.475841e+00 -6.502250e-01  2.000000e+00
     vertex  4.512316e+00 -6.912213e-01  2.000000e+00
   endloop
 endfacet
 facet normal  0.000000e+00  0.000000e+00  1.000000e+00
   outer loop
     vertex -6.500000e-01  7.950000e+00  2.000000e+00
     vertex  4.438256e+00 -6.102447e-01  2.000000e+00
     vertex  4.475841e+00 -6.502250e-01  2.000000e+00
   endloop
 endfacet
 facet normal  0.000000e+00  0.000000e+00  1.000000e+00
   outer loop
     vertex -6.500000e-01  7.950000e+00  2.000000e+00
     vertex  4.399588e+00 -5.713106e-01  2.000000e+00
     vertex  4.438256e+00 -6.102447e-01  2.000000e+00
   endloop
 endfacet
 facet normal  0.000000e+00  0.000000e+00  1.000000e+00
   outer loop
     vertex -6.500000e-01  7.950000e+00  2.000000e+00
     vertex  4.359867e+00 -5.334520e-01  2.000000e+00
     vertex  4.399588e+00 -5.713106e-01  2.000000e+00
   endloop
 endfacet
 facet normal  0.000000e+00  0.000000e+00  1.000000e+00
   outer loop
     vertex -6.500000e-01  7.950000e+00  2.000000e+00
     vertex  4.319121e+00 -4.966973e-01  2.000000e+00
     vertex  4.359867e+00 -5.334520e-01  2.000000e+00
   endloop
 endfacet
 facet normal  0.000000e+00  0.000000e+00  1.000000e+00
   outer loop
     vertex -6.500000e-01  7.950000e+00  2.000000e+00
     vertex  4.277383e+00 -4.610743e-01  2.000000e+00
     vertex  4.319121e+00 -4.966973e-01  2.000000e+00
   endloop
 endfacet
 facet normal  0.000000e+00  0.000000e+00  1.000000e+00
   outer loop
     vertex -6.500000e-01  7.950000e+00  2.000000e+00
     vertex  4.234683e+00 -4.266098e-01  2.000000e+00
     vertex  4.277383e+00 -4.610743e-01  2.000000e+00
   endloop
 endfacet
 facet normal  0.000000e+00  0.000000e+00  1.000000e+00
   outer loop
     vertex -6.500000e-01  7.950000e+00  2.000000e+00
     vertex  4.191054e+00 -3.933296e-01  2.000000e+00
     vertex  4.234683e+00 -4.266098e-01  2.000000e+00
   endloop
 endfacet
 facet normal  0.000000e+00  0.000000e+00  1.000000e+00
   outer loop
     vertex -6.500000e-01  7.950000e+00  2.000000e+00
     vertex  4.146528e+00 -3.612589e-01  2.000000e+00
     vertex  4.191054e+00 -3.933296e-01  2.000000e+00
   endloop
 endfacet
 facet normal  0.000000e+00  0.000000e+00  1.000000e+00
   outer loop
     vertex -6.500000e-01  7.950000e+00  2.000000e+00
     vertex  4.101140e+00 -3.304218e-01  2.000000e+00
     vertex  4.146528e+00 -3.612589e-01  2.000000e+00
   endloop
 endfacet
 facet normal  0.000000e+00  0.000000e+00  1.000000e+00
   outer loop
     vertex -6.500000e-01  7.950000e+00  2.000000e+00
     vertex  4.054922e+00 -3.008414e-01  2.000000e+00
     vertex  4.101140e+00 -3.304218e-01  2.000000e+00
   endloop
 endfacet
 facet normal  0.000000e+00  0.000000e+00  1.000000e+00
   outer loop
     vertex -6.500000e-01  7.950000e+00  2.000000e+00
     vertex  4.007910e+00 -2.725402e-01  2.000000e+00
     vertex  4.054922e+00 -3.008414e-01  2.000000e+00
   endloop
 endfacet
 facet normal  0.000000e+00  0.000000e+00  1.000000e+00
   outer loop
     vertex -6.500000e-01  7.950000e+00  2.000000e+00
     vertex  3.960139e+00 -2.455393e-01  2.000000e+00
     vertex  4.007910e+00 -2.725402e-01  2.000000e+00
   endloop
 endfacet
 facet normal  0.000000e+00  0.000000e+00  1.000000e+00
   outer loop
     vertex -6.500000e-01  7.950000e+00  2.000000e+00
     vertex  3.911646e+00 -2.198592e-01  2.000000e+00
     vertex  3.960139e+00 -2.455393e-01  2.000000e+00
   endloop
 endfacet
 facet normal  0.000000e+00  0.000000e+00  1.000000e+00
   outer loop
     vertex -6.500000e-01  7.950000e+00  2.000000e+00
     vertex  3.862467e+00 -1.955191e-01  2.000000e+00
     vertex  3.911646e+00 -2.198592e-01  2.000000e+00
   endloop
 endfacet
 facet normal  0.000000e+00  0.000000e+00  1.000000e+00
   outer loop
     vertex -6.500000e-01  7.950000e+00  2.000000e+00
     vertex  3.812638e+00 -1.725373e-01  2.000000e+00
     vertex  3.862467e+00 -1.955191e-01  2.000000e+00
   endloop
 endfacet
 facet normal  0.000000e+00  0.000000e+00  1.000000e+00
   outer loop
     vertex  4.558094e+01 -3.209355e+00  2.000000e+00
     vertex  4.438256e+00 -3.389755e+00  2.000000e+00
     vertex  4.399588e+00 -3.428689e+00  2.000000e+00
   endloop
 endfacet
 facet normal  0.000000e+00  0.000000e+00  1.000000e+00
   outer loop
     vertex  4.562014e+01 -3.247755e+00  2.000000e+00
     vertex  4.399588e+00 -3.428689e+00  2.000000e+00
     vertex  4.359867e+00 -3.466548e+00  2.000000e+00
   endloop
 endfacet
 facet normal  0.000000e+00  0.000000e+00  1.000000e+00
   outer loop
     vertex  4.562014e+01 -3.247755e+00  2.000000e+00
     vertex  4.558094e+01 -3.209355e+00  2.000000e+00
     vertex  4.399588e+00 -3.428689e+00  2.000000e+00
   endloop
 endfacet
 facet normal  0.000000e+00  0.000000e+00  1.000000e+00
   outer loop
     vertex  4.554281e+01 -3.169894e+00  2.000000e+00
     vertex  4.475841e+00 -3.349775e+00  2.000000e+00
     vertex  4.438256e+00 -3.389755e+00  2.000000e+00
   endloop
 endfacet
 facet normal  0.000000e+00  0.000000e+00  1.000000e+00
   outer loop
     vertex  4.554281e+01 -3.169894e+00  2.000000e+00
     vertex  4.438256e+00 -3.389755e+00  2.000000e+00
     vertex  4.558094e+01 -3.209355e+00  2.000000e+00
   endloop
 endfacet
 facet normal  0.000000e+00  0.000000e+00  1.000000e+00
   outer loop
     vertex  4.566038e+01 -3.285065e+00  2.000000e+00
     vertex  4.562014e+01 -3.247755e+00  2.000000e+00
     vertex  4.359867e+00 -3.466548e+00  2.000000e+00
   endloop
 endfacet
 facet normal  0.000000e+00  0.000000e+00  1.000000e+00
   outer loop
     vertex  4.566038e+01 -3.285065e+00  2.000000e+00
     vertex  4.359867e+00 -3.466548e+00  2.000000e+00
     vertex  4.319121e+00 -3.503303e+00  2.000000e+00
   endloop
 endfacet
 facet normal  0.000000e+00  0.000000e+00  1.000000e+00
   outer loop
     vertex  4.550578e+01 -3.129402e+00  2.000000e+00
     vertex  4.475841e+00 -3.349775e+00  2.000000e+00
     vertex  4.554281e+01 -3.169894e+00  2.000000e+00
   endloop
 endfacet
 facet normal  0.000000e+00  0.000000e+00  1.000000e+00
   outer loop
     vertex  4.550578e+01 -3.129402e+00  2.000000e+00
     vertex  4.512316e+00 -3.308779e+00  2.000000e+00
     vertex  4.475841e+00 -3.349775e+00  2.000000e+00
   endloop
 endfacet
 facet normal  0.000000e+00  0.000000e+00  1.000000e+00
   outer loop
     vertex  4.570163e+01 -3.321257e+00  2.000000e+00
     vertex  4.319121e+00 -3.503303e+00  2.000000e+00
     vertex  4.570163e+01 -5.197874e+01  2.000000e+00
   endloop
 endfacet
 facet normal  0.000000e+00  0.000000e+00  1.000000e+00
   outer loop
     vertex  4.570163e+01 -3.321257e+00  2.000000e+00
     vertex  4.566038e+01 -3.285065e+00  2.000000e+00
     vertex  4.319121e+00 -3.503303e+00  2.000000e+00
   endloop
 endfacet
 facet normal  0.000000e+00  0.000000e+00  1.000000e+00
   outer loop
     vertex  4.546987e+01 -3.087909e+00  2.000000e+00
     vertex  4.512316e+00 -3.308779e+00  2.000000e+00
     vertex  4.550578e+01 -3.129402e+00  2.000000e+00
   endloop
 endfacet
 facet normal  0.000000e+00  0.000000e+00  1.000000e+00
   outer loop
     vertex  4.546987e+01 -3.087909e+00  2.000000e+00
     vertex  4.547651e+00 -3.266797e+00  2.000000e+00
     vertex  4.512316e+00 -3.308779e+00  2.000000e+00
   endloop
 endfacet
 facet normal  0.000000e+00  0.000000e+00  1.000000e+00
   outer loop
     vertex  4.574385e+01 -3.356304e+00  2.000000e+00
     vertex  4.574385e+01 -5.194370e+01  2.000000e+00
     vertex  4.578702e+01 -5.190982e+01  2.000000e+00
   endloop
 endfacet
 facet normal  0.000000e+00  0.000000e+00  1.000000e+00
   outer loop
     vertex  4.574385e+01 -3.356304e+00  2.000000e+00
     vertex  4.570163e+01 -5.197874e+01  2.000000e+00
     vertex  4.574385e+01 -5.194370e+01  2.000000e+00
   endloop
 endfacet
 facet normal  0.000000e+00  0.000000e+00  1.000000e+00
   outer loop
     vertex  4.574385e+01 -3.356304e+00  2.000000e+00
     vertex  4.570163e+01 -3.321257e+00  2.000000e+00
     vertex  4.570163e+01 -5.197874e+01  2.000000e+00
   endloop
 endfacet
 facet normal  0.000000e+00  0.000000e+00  1.000000e+00
   outer loop
     vertex  4.543512e+01 -3.045447e+00  2.000000e+00
     vertex  4.581822e+00 -3.223862e+00  2.000000e+00
     vertex  4.547651e+00 -3.266797e+00  2.000000e+00
   endloop
 endfacet
 facet normal  0.000000e+00  0.000000e+00  1.000000e+00
   outer loop
     vertex  4.543512e+01 -3.045447e+00  2.000000e+00
     vertex  4.547651e+00 -3.266797e+00  2.000000e+00
     vertex  4.546987e+01 -3.087909e+00  2.000000e+00
   endloop
 endfacet
 facet normal  0.000000e+00  0.000000e+00  1.000000e+00
   outer loop
     vertex  4.578702e+01 -3.390180e+00  2.000000e+00
     vertex  4.574385e+01 -3.356304e+00  2.000000e+00
     vertex  4.578702e+01 -5.190982e+01  2.000000e+00
   endloop
 endfacet
 facet normal  0.000000e+00  0.000000e+00  1.000000e+00
   outer loop
     vertex  4.540154e+01 -3.002047e+00  2.000000e+00
     vertex  4.581822e+00 -3.223862e+00  2.000000e+00
     vertex  4.543512e+01 -3.045447e+00  2.000000e+00
   endloop
 endfacet
 facet normal  0.000000e+00  0.000000e+00  1.000000e+00
   outer loop
     vertex  4.540154e+01 -3.002047e+00  2.000000e+00
     vertex  4.614802e+00 -3.180006e+00  2.000000e+00
     vertex  4.581822e+00 -3.223862e+00  2.000000e+00
   endloop
 endfacet
 facet normal  0.000000e+00  0.000000e+00  1.000000e+00
   outer loop
     vertex  4.583110e+01 -3.422858e+00  2.000000e+00
     vertex  4.583110e+01 -5.187714e+01  2.000000e+00
     vertex  4.587606e+01 -5.184568e+01  2.000000e+00
   endloop
 endfacet
 facet normal  0.000000e+00  0.000000e+00  1.000000e+00
   outer loop
     vertex  4.583110e+01 -3.422858e+00  2.000000e+00
     vertex  4.578702e+01 -5.190982e+01  2.000000e+00
     vertex  4.583110e+01 -5.187714e+01  2.000000e+00
   endloop
 endfacet
 facet normal  0.000000e+00  0.000000e+00  1.000000e+00
   outer loop
     vertex  4.583110e+01 -3.422858e+00  2.000000e+00
     vertex  4.578702e+01 -3.390180e+00  2.000000e+00
     vertex  4.578702e+01 -5.190982e+01  2.000000e+00
   endloop
 endfacet
 facet normal  0.000000e+00  0.000000e+00  1.000000e+00
   outer loop
     vertex  4.536916e+01 -2.957742e+00  2.000000e+00
     vertex  4.614802e+00 -3.180006e+00  2.000000e+00
     vertex  4.540154e+01 -3.002047e+00  2.000000e+00
   endloop
 endfacet
 facet normal  0.000000e+00  0.000000e+00  1.000000e+00
   outer loop
     vertex  4.536916e+01 -2.957742e+00  2.000000e+00
     vertex  4.646567e+00 -3.135261e+00  2.000000e+00
     vertex  4.614802e+00 -3.180006e+00  2.000000e+00
   endloop
 endfacet
 facet normal  0.000000e+00  0.000000e+00  1.000000e+00
   outer loop
     vertex  4.587606e+01 -3.454315e+00  2.000000e+00
     vertex  4.587606e+01 -5.184568e+01  2.000000e+00
     vertex  4.592187e+01 -5.181547e+01  2.000000e+00
   endloop
 endfacet
 facet normal  0.000000e+00  0.000000e+00  1.000000e+00
   outer loop
     vertex  4.587606e+01 -3.454315e+00  2.000000e+00
     vertex  4.583110e+01 -3.422858e+00  2.000000e+00
     vertex  4.587606e+01 -5.184568e+01  2.000000e+00
   endloop
 endfacet
 facet normal  0.000000e+00  0.000000e+00  1.000000e+00
   outer loop
     vertex  4.533801e+01 -2.912566e+00  2.000000e+00
     vertex  4.646567e+00 -3.135261e+00  2.000000e+00
     vertex  4.536916e+01 -2.957742e+00  2.000000e+00
   endloop
 endfacet
 facet normal  0.000000e+00  0.000000e+00  1.000000e+00
   outer loop
     vertex  4.533801e+01 -2.912566e+00  2.000000e+00
     vertex  4.677092e+00 -3.089662e+00  2.000000e+00
     vertex  4.646567e+00 -3.135261e+00  2.000000e+00
   endloop
 endfacet
 facet normal  0.000000e+00  0.000000e+00  1.000000e+00
   outer loop
     vertex  4.592187e+01 -3.484527e+00  2.000000e+00
     vertex  4.587606e+01 -3.454315e+00  2.000000e+00
     vertex  4.592187e+01 -5.181547e+01  2.000000e+00
   endloop
 endfacet
 facet normal  0.000000e+00  0.000000e+00  1.000000e+00
   outer loop
     vertex  4.530812e+01 -2.866552e+00  2.000000e+00
     vertex  4.677092e+00 -3.089662e+00  2.000000e+00
     vertex  4.533801e+01 -2.912566e+00  2.000000e+00
   endloop
 endfacet
 facet normal  0.000000e+00  0.000000e+00  1.000000e+00
   outer loop
     vertex  4.530812e+01 -2.866552e+00  2.000000e+00
     vertex  4.706355e+00 -3.043242e+00  2.000000e+00
     vertex  4.677092e+00 -3.089662e+00  2.000000e+00
   endloop
 endfacet
 facet normal  0.000000e+00  0.000000e+00  1.000000e+00
   outer loop
     vertex  4.596849e+01 -3.513470e+00  2.000000e+00
     vertex  4.592187e+01 -5.181547e+01  2.000000e+00
     vertex  4.596849e+01 -5.178653e+01  2.000000e+00
   endloop
 endfacet
 facet normal  0.000000e+00  0.000000e+00  1.000000e+00
   outer loop
     vertex  4.596849e+01 -3.513470e+00  2.000000e+00
     vertex  4.592187e+01 -3.484527e+00  2.000000e+00
     vertex  4.592187e+01 -5.181547e+01  2.000000e+00
   endloop
 endfacet
 facet normal  0.000000e+00  0.000000e+00  1.000000e+00
   outer loop
     vertex  4.527949e+01 -2.819736e+00  2.000000e+00
     vertex  4.734333e+00 -2.996037e+00  2.000000e+00
     vertex  4.706355e+00 -3.043242e+00  2.000000e+00
   endloop
 endfacet
 facet normal  0.000000e+00  0.000000e+00  1.000000e+00
   outer loop
     vertex  4.527949e+01 -2.819736e+00  2.000000e+00
     vertex  4.706355e+00 -3.043242e+00  2.000000e+00
     vertex  4.530812e+01 -2.866552e+00  2.000000e+00
   endloop
 endfacet
 facet normal  0.000000e+00  0.000000e+00  1.000000e+00
   outer loop
     vertex  4.601588e+01 -3.541124e+00  2.000000e+00
     vertex  4.596849e+01 -3.513470e+00  2.000000e+00
     vertex  4.596849e+01 -5.178653e+01  2.000000e+00
   endloop
 endfacet
 facet normal  0.000000e+00  0.000000e+00  1.000000e+00
   outer loop
     vertex  4.601588e+01 -3.541124e+00  2.000000e+00
     vertex  4.596849e+01 -5.178653e+01  2.000000e+00
     vertex  4.601588e+01 -5.175888e+01  2.000000e+00
   endloop
 endfacet
 facet normal  0.000000e+00  0.000000e+00  1.000000e+00
   outer loop
     vertex  4.525217e+01 -2.772151e+00  2.000000e+00
     vertex  4.734333e+00 -2.996037e+00  2.000000e+00
     vertex  4.527949e+01 -2.819736e+00  2.000000e+00
   endloop
 endfacet
 facet normal  0.000000e+00  0.000000e+00  1.000000e+00
   outer loop
     vertex  4.525217e+01 -2.772151e+00  2.000000e+00
     vertex  4.761005e+00 -2.948082e+00  2.000000e+00
     vertex  4.734333e+00 -2.996037e+00  2.000000e+00
   endloop
 endfacet
 facet normal  0.000000e+00  0.000000e+00  1.000000e+00
   outer loop
     vertex  4.606402e+01 -3.567467e+00  2.000000e+00
     vertex  4.601588e+01 -3.541124e+00  2.000000e+00
     vertex  4.601588e+01 -5.175888e+01  2.000000e+00
   endloop
 endfacet
 facet normal  0.000000e+00  0.000000e+00  1.000000e+00
   outer loop
     vertex  4.606402e+01 -3.567467e+00  2.000000e+00
     vertex  4.601588e+01 -5.175888e+01  2.000000e+00
     vertex  4.606402e+01 -5.173253e+01  2.000000e+00
   endloop
 endfacet
 facet normal  0.000000e+00  0.000000e+00  1.000000e+00
   outer loop
     vertex  4.522615e+01 -2.723835e+00  2.000000e+00
     vertex  4.761005e+00 -2.948082e+00  2.000000e+00
     vertex  4.525217e+01 -2.772151e+00  2.000000e+00
   endloop
 endfacet
 facet normal  0.000000e+00  0.000000e+00  1.000000e+00
   outer loop
     vertex  4.522615e+01 -2.723835e+00  2.000000e+00
     vertex  4.786352e+00 -2.899414e+00  2.000000e+00
     vertex  4.761005e+00 -2.948082e+00  2.000000e+00
   endloop
 endfacet
 facet normal  0.000000e+00  0.000000e+00  1.000000e+00
   outer loop
     vertex  4.611286e+01 -3.592480e+00  2.000000e+00
     vertex  4.606402e+01 -5.173253e+01  2.000000e+00
     vertex  4.611286e+01 -5.170752e+01  2.000000e+00
   endloop
 endfacet
 facet normal  0.000000e+00  0.000000e+00  1.000000e+00
   outer loop
     vertex  4.611286e+01 -3.592480e+00  2.000000e+00
     vertex  4.606402e+01 -3.567467e+00  2.000000e+00
     vertex  4.606402e+01 -5.173253e+01  2.000000e+00
   endloop
 endfacet
 facet normal  0.000000e+00  0.000000e+00  1.000000e+00
   outer loop
     vertex  4.520148e+01 -2.674824e+00  2.000000e+00
     vertex  4.786352e+00 -2.899414e+00  2.000000e+00
     vertex  4.522615e+01 -2.723835e+00  2.000000e+00
   endloop
 endfacet
 facet normal  0.000000e+00  0.000000e+00  1.000000e+00
   outer loop
     vertex  4.520148e+01 -2.674824e+00  2.000000e+00
     vertex  4.810354e+00 -2.850069e+00  2.000000e+00
     vertex  4.786352e+00 -2.899414e+00  2.000000e+00
   endloop
 endfacet
 facet normal  0.000000e+00  0.000000e+00  1.000000e+00
   outer loop
     vertex  4.616237e+01 -3.616143e+00  2.000000e+00
     vertex  4.611286e+01 -5.170752e+01  2.000000e+00
     vertex  4.616237e+01 -5.168386e+01  2.000000e+00
   endloop
 endfacet
 facet normal  0.000000e+00  0.000000e+00  1.000000e+00
   outer loop
     vertex  4.616237e+01 -3.616143e+00  2.000000e+00
     vertex  4.611286e+01 -3.592480e+00  2.000000e+00
     vertex  4.611286e+01 -5.170752e+01  2.000000e+00
   endloop
 endfacet
 facet normal  0.000000e+00  0.000000e+00  1.000000e+00
   outer loop
     vertex  4.517815e+01 -2.625154e+00  2.000000e+00
     vertex  4.810354e+00 -2.850069e+00  2.000000e+00
     vertex  4.520148e+01 -2.674824e+00  2.000000e+00
   endloop
 endfacet
 facet normal  0.000000e+00  0.000000e+00  1.000000e+00
   outer loop
     vertex  4.517815e+01 -2.625154e+00  2.000000e+00
     vertex  4.832994e+00 -2.800083e+00  2.000000e+00
     vertex  4.810354e+00 -2.850069e+00  2.000000e+00
   endloop
 endfacet
 facet normal  0.000000e+00  0.000000e+00  1.000000e+00
   outer loop
     vertex  4.621251e+01 -3.638439e+00  2.000000e+00
     vertex  4.616237e+01 -5.168386e+01  2.000000e+00
     vertex  4.621251e+01 -5.166156e+01  2.000000e+00
   endloop
 endfacet
 facet normal  0.000000e+00  0.000000e+00  1.000000e+00
   outer loop
     vertex  4.621251e+01 -3.638439e+00  2.000000e+00
     vertex  4.616237e+01 -3.616143e+00  2.000000e+00
     vertex  4.616237e+01 -5.168386e+01  2.000000e+00
   endloop
 endfacet
 facet normal  0.000000e+00  0.000000e+00  1.000000e+00
   outer loop
     vertex  4.515620e+01 -2.574863e+00  2.000000e+00
     vertex  4.832994e+00 -2.800083e+00  2.000000e+00
     vertex  4.517815e+01 -2.625154e+00  2.000000e+00
   endloop
 endfacet
 facet normal  0.000000e+00  0.000000e+00  1.000000e+00
   outer loop
     vertex  4.515620e+01 -2.574863e+00  2.000000e+00
     vertex  4.854253e+00 -2.749496e+00  2.000000e+00
     vertex  4.832994e+00 -2.800083e+00  2.000000e+00
   endloop
 endfacet
 facet normal  0.000000e+00  0.000000e+00  1.000000e+00
   outer loop
     vertex  4.626324e+01 -3.659351e+00  2.000000e+00
     vertex  4.626324e+01 -5.164065e+01  2.000000e+00
     vertex  4.631453e+01 -5.162114e+01  2.000000e+00
   endloop
 endfacet
 facet normal  0.000000e+00  0.000000e+00  1.000000e+00
   outer loop
     vertex  4.626324e+01 -3.659351e+00  2.000000e+00
     vertex  4.621251e+01 -5.166156e+01  2.000000e+00
     vertex  4.626324e+01 -5.164065e+01  2.000000e+00
   endloop
 endfacet
 facet normal  0.000000e+00  0.000000e+00  1.000000e+00
   outer loop
     vertex  4.626324e+01 -3.659351e+00  2.000000e+00
     vertex  4.621251e+01 -3.638439e+00  2.000000e+00
     vertex  4.621251e+01 -5.166156e+01  2.000000e+00
   endloop
 endfacet
 facet normal  0.000000e+00  0.000000e+00  1.000000e+00
   outer loop
     vertex  4.513564e+01 -2.523988e+00  2.000000e+00
     vertex  4.874117e+00 -2.698344e+00  2.000000e+00
     vertex  4.854253e+00 -2.749496e+00  2.000000e+00
   endloop
 endfacet
 facet normal  0.000000e+00  0.000000e+00  1.000000e+00
   outer loop
     vertex  4.513564e+01 -2.523988e+00  2.000000e+00
     vertex  4.854253e+00 -2.749496e+00  2.000000e+00
     vertex  4.515620e+01 -2.574863e+00  2.000000e+00
   endloop
 endfacet
 facet normal  0.000000e+00  0.000000e+00  1.000000e+00
   outer loop
     vertex  4.631453e+01 -3.678863e+00  2.000000e+00
     vertex  4.631453e+01 -5.162114e+01  2.000000e+00
     vertex  4.636633e+01 -5.160304e+01  2.000000e+00
   endloop
 endfacet
 facet normal  0.000000e+00  0.000000e+00  1.000000e+00
   outer loop
     vertex  4.631453e+01 -3.678863e+00  2.000000e+00
     vertex  4.626324e+01 -3.659351e+00  2.000000e+00
     vertex  4.631453e+01 -5.162114e+01  2.000000e+00
   endloop
 endfacet
 facet normal  0.000000e+00  0.000000e+00  1.000000e+00
   outer loop
     vertex  4.511648e+01 -2.472569e+00  2.000000e+00
     vertex  4.874117e+00 -2.698344e+00  2.000000e+00
     vertex  4.513564e+01 -2.523988e+00  2.000000e+00
   endloop
 endfacet
 facet normal  0.000000e+00  0.000000e+00  1.000000e+00
   outer loop
     vertex  4.511648e+01 -2.472569e+00  2.000000e+00
     vertex  4.892570e+00 -2.646667e+00  2.000000e+00
     vertex  4.874117e+00 -2.698344e+00  2.000000e+00
   endloop
 endfacet
 facet normal  0.000000e+00  0.000000e+00  1.000000e+00
   outer loop
     vertex  4.636633e+01 -3.696961e+00  2.000000e+00
     vertex  4.631453e+01 -3.678863e+00  2.000000e+00
     vertex  4.636633e+01 -5.160304e+01  2.000000e+00
   endloop
 endfacet
 facet normal  0.000000e+00  0.000000e+00  1.000000e+00
   outer loop
     vertex  4.509874e+01 -2.420643e+00  2.000000e+00
     vertex  4.892570e+00 -2.646667e+00  2.000000e+00
     vertex  4.511648e+01 -2.472569e+00  2.000000e+00
   endloop
 endfacet
 facet normal  0.000000e+00  0.000000e+00  1.000000e+00
   outer loop
     vertex  4.509874e+01 -2.420643e+00  2.000000e+00
     vertex  4.909599e+00 -2.594502e+00  2.000000e+00
     vertex  4.892570e+00 -2.646667e+00  2.000000e+00
   endloop
 endfacet
 facet normal  0.000000e+00  0.000000e+00  1.000000e+00
   outer loop
     vertex  4.641861e+01 -3.713632e+00  2.000000e+00
     vertex  4.636633e+01 -3.696961e+00  2.000000e+00
     vertex  4.636633e+01 -5.160304e+01  2.000000e+00
   endloop
 endfacet
 facet normal  0.000000e+00  0.000000e+00  1.000000e+00
   outer loop
     vertex  4.641861e+01 -3.713632e+00  2.000000e+00
     vertex  4.641861e+01 -5.158637e+01  2.000000e+00
     vertex  4.647133e+01 -5.157114e+01  2.000000e+00
   endloop
 endfacet
 facet normal  0.000000e+00  0.000000e+00  1.000000e+00
   outer loop
     vertex  4.641861e+01 -3.713632e+00  2.000000e+00
     vertex  4.636633e+01 -5.160304e+01  2.000000e+00
     vertex  4.641861e+01 -5.158637e+01  2.000000e+00
   endloop
 endfacet
 facet normal  0.000000e+00  0.000000e+00  1.000000e+00
   outer loop
     vertex  4.508243e+01 -2.368250e+00  2.000000e+00
     vertex  4.909599e+00 -2.594502e+00  2.000000e+00
     vertex  4.509874e+01 -2.420643e+00  2.000000e+00
   endloop
 endfacet
 facet normal  0.000000e+00  0.000000e+00  1.000000e+00
   outer loop
     vertex  4.508243e+01 -2.368250e+00  2.000000e+00
     vertex  4.925190e+00 -2.541891e+00  2.000000e+00
     vertex  4.909599e+00 -2.594502e+00  2.000000e+00
   endloop
 endfacet
 facet normal  0.000000e+00  0.000000e+00  1.000000e+00
   outer loop
     vertex  4.647133e+01 -3.728861e+00  2.000000e+00
     vertex  4.641861e+01 -3.713632e+00  2.000000e+00
     vertex  4.647133e+01 -5.157114e+01  2.000000e+00
   endloop
 endfacet
 facet normal  0.000000e+00  0.000000e+00  1.000000e+00
   outer loop
     vertex  4.506756e+01 -2.315429e+00  2.000000e+00
     vertex  4.925190e+00 -2.541891e+00  2.000000e+00
     vertex  4.508243e+01 -2.368250e+00  2.000000e+00
   endloop
 endfacet
 facet normal  0.000000e+00  0.000000e+00  1.000000e+00
   outer loop
     vertex  4.506756e+01 -2.315429e+00  2.000000e+00
     vertex  4.939331e+00 -2.488871e+00  2.000000e+00
     vertex  4.925190e+00 -2.541891e+00  2.000000e+00
   endloop
 endfacet
 facet normal  0.000000e+00  0.000000e+00  1.000000e+00
   outer loop
     vertex  4.652444e+01 -3.742639e+00  2.000000e+00
     vertex  4.647133e+01 -3.728861e+00  2.000000e+00
     vertex  4.647133e+01 -5.157114e+01  2.000000e+00
   endloop
 endfacet
 facet normal  0.000000e+00  0.000000e+00  1.000000e+00
   outer loop
     vertex  4.652444e+01 -3.742639e+00  2.000000e+00
     vertex  4.652444e+01 -5.155736e+01  2.000000e+00
     vertex  4.657792e+01 -5.154505e+01  2.000000e+00
   endloop
 endfacet
 facet normal  0.000000e+00  0.000000e+00  1.000000e+00
   outer loop
     vertex  4.652444e+01 -3.742639e+00  2.000000e+00
     vertex  4.647133e+01 -5.157114e+01  2.000000e+00
     vertex  4.652444e+01 -5.155736e+01  2.000000e+00
   endloop
 endfacet
 facet normal  0.000000e+00  0.000000e+00  1.000000e+00
   outer loop
     vertex  4.505414e+01 -2.262220e+00  2.000000e+00
     vertex  4.952013e+00 -2.435483e+00  2.000000e+00
     vertex  4.939331e+00 -2.488871e+00  2.000000e+00
   endloop
 endfacet
 facet normal  0.000000e+00  0.000000e+00  1.000000e+00
   outer loop
     vertex  4.505414e+01 -2.262220e+00  2.000000e+00
     vertex  4.939331e+00 -2.488871e+00  2.000000e+00
     vertex  4.506756e+01 -2.315429e+00  2.000000e+00
   endloop
 endfacet
 facet normal  0.000000e+00  0.000000e+00  1.000000e+00
   outer loop
     vertex  4.657792e+01 -3.754954e+00  2.000000e+00
     vertex  4.652444e+01 -3.742639e+00  2.000000e+00
     vertex  4.657792e+01 -5.154505e+01  2.000000e+00
   endloop
 endfacet
 facet normal  0.000000e+00  0.000000e+00  1.000000e+00
   outer loop
     vertex  4.657792e+01 -3.754954e+00  2.000000e+00
     vertex  4.657792e+01 -5.154505e+01  2.000000e+00
     vertex  4.663171e+01 -5.153420e+01  2.000000e+00
   endloop
 endfacet
 facet normal  0.000000e+00  0.000000e+00  1.000000e+00
   outer loop
     vertex  4.504220e+01 -2.208664e+00  2.000000e+00
     vertex  4.963225e+00 -2.381768e+00  2.000000e+00
     vertex  4.952013e+00 -2.435483e+00  2.000000e+00
   endloop
 endfacet
 facet normal  0.000000e+00  0.000000e+00  1.000000e+00
   outer loop
     vertex  4.504220e+01 -2.208664e+00  2.000000e+00
     vertex  4.952013e+00 -2.435483e+00  2.000000e+00
     vertex  4.505414e+01 -2.262220e+00  2.000000e+00
   endloop
 endfacet
 facet normal  0.000000e+00  0.000000e+00  1.000000e+00
   outer loop
     vertex  4.663171e+01 -3.765798e+00  2.000000e+00
     vertex  4.657792e+01 -3.754954e+00  2.000000e+00
     vertex  4.663171e+01 -5.153420e+01  2.000000e+00
   endloop
 endfacet
 facet normal  0.000000e+00  0.000000e+00  1.000000e+00
   outer loop
     vertex  4.503172e+01 -2.154800e+00  2.000000e+00
     vertex  4.963225e+00 -2.381768e+00  2.000000e+00
     vertex  4.504220e+01 -2.208664e+00  2.000000e+00
   endloop
 endfacet
 facet normal  0.000000e+00  0.000000e+00  1.000000e+00
   outer loop
     vertex  4.503172e+01 -2.154800e+00  2.000000e+00
     vertex  4.972960e+00 -2.327765e+00  2.000000e+00
     vertex  4.963225e+00 -2.381768e+00  2.000000e+00
   endloop
 endfacet
 facet normal  0.000000e+00  0.000000e+00  1.000000e+00
   outer loop
     vertex  4.668578e+01 -3.775162e+00  2.000000e+00
     vertex  4.663171e+01 -5.153420e+01  2.000000e+00
     vertex  4.668578e+01 -5.152484e+01  2.000000e+00
   endloop
 endfacet
 facet normal  0.000000e+00  0.000000e+00  1.000000e+00
   outer loop
     vertex  4.668578e+01 -3.775162e+00  2.000000e+00
     vertex  4.663171e+01 -3.765798e+00  2.000000e+00
     vertex  4.663171e+01 -5.153420e+01  2.000000e+00
   endloop
 endfacet
 facet normal  0.000000e+00  0.000000e+00  1.000000e+00
   outer loop
     vertex  4.502273e+01 -2.100668e+00  2.000000e+00
     vertex  4.972960e+00 -2.327765e+00  2.000000e+00
     vertex  4.503172e+01 -2.154800e+00  2.000000e+00
   endloop
 endfacet
 facet normal  0.000000e+00  0.000000e+00  1.000000e+00
   outer loop
     vertex  4.502273e+01 -2.100668e+00  2.000000e+00
     vertex  4.981209e+00 -2.273515e+00  2.000000e+00
     vertex  4.972960e+00 -2.327765e+00  2.000000e+00
   endloop
 endfacet
 facet normal  0.000000e+00  0.000000e+00  1.000000e+00
   outer loop
     vertex  4.674008e+01 -3.783039e+00  2.000000e+00
     vertex  4.668578e+01 -3.775162e+00  2.000000e+00
     vertex  4.668578e+01 -5.152484e+01  2.000000e+00
   endloop
 endfacet
 facet normal  0.000000e+00  0.000000e+00  1.000000e+00
   outer loop
     vertex  4.674008e+01 -3.783039e+00  2.000000e+00
     vertex  4.668578e+01 -5.152484e+01  2.000000e+00
     vertex  4.674008e+01 -5.151696e+01  2.000000e+00
   endloop
 endfacet
 facet normal  0.000000e+00  0.000000e+00  1.000000e+00
   outer loop
     vertex  4.501523e+01 -2.046310e+00  2.000000e+00
     vertex  4.987967e+00 -2.219060e+00  2.000000e+00
     vertex  4.981209e+00 -2.273515e+00  2.000000e+00
   endloop
 endfacet
 facet normal  0.000000e+00  0.000000e+00  1.000000e+00
   outer loop
     vertex  4.501523e+01 -2.046310e+00  2.000000e+00
     vertex  4.981209e+00 -2.273515e+00  2.000000e+00
     vertex  4.502273e+01 -2.100668e+00  2.000000e+00
   endloop
 endfacet
 facet normal  0.000000e+00  0.000000e+00  1.000000e+00
   outer loop
     vertex  4.679458e+01 -3.789423e+00  2.000000e+00
     vertex  4.674008e+01 -3.783039e+00  2.000000e+00
     vertex  4.674008e+01 -5.151696e+01  2.000000e+00
   endloop
 endfacet
 facet normal  0.000000e+00  0.000000e+00  1.000000e+00
   outer loop
     vertex  4.679458e+01 -3.789423e+00  2.000000e+00
     vertex  4.679458e+01 -5.151058e+01  2.000000e+00
     vertex  4.684924e+01 -5.150569e+01  2.000000e+00
   endloop
 endfacet
 facet normal  0.000000e+00  0.000000e+00  1.000000e+00
   outer loop
     vertex  4.679458e+01 -3.789423e+00  2.000000e+00
     vertex  4.674008e+01 -5.151696e+01  2.000000e+00
     vertex  4.679458e+01 -5.151058e+01  2.000000e+00
   endloop
 endfacet
 facet normal  0.000000e+00  0.000000e+00  1.000000e+00
   outer loop
     vertex  4.500921e+01 -1.991767e+00  2.000000e+00
     vertex  4.987967e+00 -2.219060e+00  2.000000e+00
     vertex  4.501523e+01 -2.046310e+00  2.000000e+00
   endloop
 endfacet
 facet normal  0.000000e+00  0.000000e+00  1.000000e+00
   outer loop
     vertex  4.500921e+01 -1.991767e+00  2.000000e+00
     vertex  4.993228e+00 -2.164439e+00  2.000000e+00
     vertex  4.987967e+00 -2.219060e+00  2.000000e+00
   endloop
 endfacet
 facet normal  0.000000e+00  0.000000e+00  1.000000e+00
   outer loop
     vertex  4.684924e+01 -3.794310e+00  2.000000e+00
     vertex  4.679458e+01 -3.789423e+00  2.000000e+00
     vertex  4.684924e+01 -5.150569e+01  2.000000e+00
   endloop
 endfacet
 facet normal  0.000000e+00  0.000000e+00  1.000000e+00
   outer loop
     vertex  4.684924e+01 -3.794310e+00  2.000000e+00
     vertex  4.684924e+01 -5.150569e+01  2.000000e+00
     vertex  4.690401e+01 -5.150231e+01  2.000000e+00
   endloop
 endfacet
 facet normal  0.000000e+00  0.000000e+00  1.000000e+00
   outer loop
     vertex  4.500470e+01 -1.937080e+00  2.000000e+00
     vertex  4.993228e+00 -2.164439e+00  2.000000e+00
     vertex  4.500921e+01 -1.991767e+00  2.000000e+00
   endloop
 endfacet
 facet normal  0.000000e+00  0.000000e+00  1.000000e+00
   outer loop
     vertex  4.500470e+01 -1.937080e+00  2.000000e+00
     vertex  4.996989e+00 -2.109695e+00  2.000000e+00
     vertex  4.993228e+00 -2.164439e+00  2.000000e+00
   endloop
 endfacet
 facet normal  0.000000e+00  0.000000e+00  1.000000e+00
   outer loop
     vertex  4.690401e+01 -3.797695e+00  2.000000e+00
     vertex  4.684924e+01 -3.794310e+00  2.000000e+00
     vertex  4.690401e+01 -5.150231e+01  2.000000e+00
   endloop
 endfacet
 facet normal  0.000000e+00  0.000000e+00  1.000000e+00
   outer loop
     vertex  4.500169e+01 -1.882289e+00  2.000000e+00
     vertex  4.996989e+00 -2.109695e+00  2.000000e+00
     vertex  4.500470e+01 -1.937080e+00  2.000000e+00
   endloop
 endfacet
 facet normal  0.000000e+00  0.000000e+00  1.000000e+00
   outer loop
     vertex  4.500169e+01 -1.882289e+00  2.000000e+00
     vertex  4.999247e+00 -2.054868e+00  2.000000e+00
     vertex  4.996989e+00 -2.109695e+00  2.000000e+00
   endloop
 endfacet
 facet normal  0.000000e+00  0.000000e+00  1.000000e+00
   outer loop
     vertex  4.695885e+01 -3.799577e+00  2.000000e+00
     vertex  4.690401e+01 -3.797695e+00  2.000000e+00
     vertex  4.690401e+01 -5.150231e+01  2.000000e+00
   endloop
 endfacet
 facet normal  0.000000e+00  0.000000e+00  1.000000e+00
   outer loop
     vertex  4.695885e+01 -3.799577e+00  2.000000e+00
     vertex  4.695885e+01 -5.150042e+01  2.000000e+00
     vertex  4.701372e+01 -5.150005e+01  2.000000e+00
   endloop
 endfacet
 facet normal  0.000000e+00  0.000000e+00  1.000000e+00
   outer loop
     vertex  4.695885e+01 -3.799577e+00  2.000000e+00
     vertex  4.690401e+01 -5.150231e+01  2.000000e+00
     vertex  4.695885e+01 -5.150042e+01  2.000000e+00
   endloop
 endfacet
 facet normal  0.000000e+00  0.000000e+00  1.000000e+00
   outer loop
     vertex  4.500019e+01 -1.827437e+00  2.000000e+00
     vertex  5.000000e+00 -2.000000e+00  2.000000e+00
     vertex  4.999247e+00 -2.054868e+00  2.000000e+00
   endloop
 endfacet
 facet normal  0.000000e+00  0.000000e+00  1.000000e+00
   outer loop
     vertex  4.500019e+01 -1.827437e+00  2.000000e+00
     vertex  4.999247e+00 -2.054868e+00  2.000000e+00
     vertex  4.500169e+01 -1.882289e+00  2.000000e+00
   endloop
 endfacet
 facet normal  0.000000e+00  0.000000e+00  1.000000e+00
   outer loop
     vertex  4.701372e+01 -3.799953e+00  2.000000e+00
     vertex  4.695885e+01 -3.799577e+00  2.000000e+00
     vertex  4.701372e+01 -5.150005e+01  2.000000e+00
   endloop
 endfacet
 facet normal  0.000000e+00  0.000000e+00  1.000000e+00
   outer loop
     vertex  4.500019e+01 -1.772563e+00  2.000000e+00
     vertex  4.999247e+00 -1.945132e+00  2.000000e+00
     vertex  5.000000e+00 -2.000000e+00  2.000000e+00
   endloop
 endfacet
 facet normal  0.000000e+00  0.000000e+00  1.000000e+00
   outer loop
     vertex  4.500019e+01 -1.772563e+00  2.000000e+00
     vertex  5.000000e+00 -2.000000e+00  2.000000e+00
     vertex  4.500019e+01 -1.827437e+00  2.000000e+00
   endloop
 endfacet
 facet normal  0.000000e+00  0.000000e+00  1.000000e+00
   outer loop
     vertex  4.706858e+01 -3.798824e+00  2.000000e+00
     vertex  4.706858e+01 -5.150118e+01  2.000000e+00
     vertex  4.712339e+01 -5.150381e+01  2.000000e+00
   endloop
 endfacet
 facet normal  0.000000e+00  0.000000e+00  1.000000e+00
   outer loop
     vertex  4.706858e+01 -3.798824e+00  2.000000e+00
     vertex  4.701372e+01 -5.150005e+01  2.000000e+00
     vertex  4.706858e+01 -5.150118e+01  2.000000e+00
   endloop
 endfacet
 facet normal  0.000000e+00  0.000000e+00  1.000000e+00
   outer loop
     vertex  4.706858e+01 -3.798824e+00  2.000000e+00
     vertex  4.701372e+01 -3.799953e+00  2.000000e+00
     vertex  4.701372e+01 -5.150005e+01  2.000000e+00
   endloop
 endfacet
 facet normal  0.000000e+00  0.000000e+00  1.000000e+00
   outer loop
     vertex  4.500169e+01 -1.717711e+00  2.000000e+00
     vertex  4.999247e+00 -1.945132e+00  2.000000e+00
     vertex  4.500019e+01 -1.772563e+00  2.000000e+00
   endloop
 endfacet
 facet normal  0.000000e+00  0.000000e+00  1.000000e+00
   outer loop
     vertex  4.500169e+01 -1.717711e+00  2.000000e+00
     vertex  4.996989e+00 -1.890305e+00  2.000000e+00
     vertex  4.999247e+00 -1.945132e+00  2.000000e+00
   endloop
 endfacet
 facet normal  0.000000e+00  0.000000e+00  1.000000e+00
   outer loop
     vertex  4.712339e+01 -3.796190e+00  2.000000e+00
     vertex  4.706858e+01 -3.798824e+00  2.000000e+00
     vertex  4.712339e+01 -5.150381e+01  2.000000e+00
   endloop
 endfacet
 facet normal  0.000000e+00  0.000000e+00  1.000000e+00
   outer loop
     vertex  4.500470e+01 -1.662920e+00  2.000000e+00
     vertex  4.993228e+00 -1.835561e+00  2.000000e+00
     vertex  4.996989e+00 -1.890305e+00  2.000000e+00
   endloop
 endfacet
 facet normal  0.000000e+00  0.000000e+00  1.000000e+00
   outer loop
     vertex  4.500470e+01 -1.662920e+00  2.000000e+00
     vertex  4.996989e+00 -1.890305e+00  2.000000e+00
     vertex  4.500169e+01 -1.717711e+00  2.000000e+00
   endloop
 endfacet
 facet normal  0.000000e+00  0.000000e+00  1.000000e+00
   outer loop
     vertex  4.717811e+01 -3.792054e+00  2.000000e+00
     vertex  4.712339e+01 -3.796190e+00  2.000000e+00
     vertex  4.712339e+01 -5.150381e+01  2.000000e+00
   endloop
 endfacet
 facet normal  0.000000e+00  0.000000e+00  1.000000e+00
   outer loop
     vertex  4.717811e+01 -3.792054e+00  2.000000e+00
     vertex  4.717811e+01 -5.150795e+01  2.000000e+00
     vertex  4.723269e+01 -5.151358e+01  2.000000e+00
   endloop
 endfacet
 facet normal  0.000000e+00  0.000000e+00  1.000000e+00
   outer loop
     vertex  4.717811e+01 -3.792054e+00  2.000000e+00
     vertex  4.712339e+01 -5.150381e+01  2.000000e+00
     vertex  4.717811e+01 -5.150795e+01  2.000000e+00
   endloop
 endfacet
 facet normal  0.000000e+00  0.000000e+00  1.000000e+00
   outer loop
     vertex  4.500921e+01 -1.608233e+00  2.000000e+00
     vertex  4.993228e+00 -1.835561e+00  2.000000e+00
     vertex  4.500470e+01 -1.662920e+00  2.000000e+00
   endloop
 endfacet
 facet normal  0.000000e+00  0.000000e+00  1.000000e+00
   outer loop
     vertex  4.500921e+01 -1.608233e+00  2.000000e+00
     vertex  4.987967e+00 -1.780940e+00  2.000000e+00
     vertex  4.993228e+00 -1.835561e+00  2.000000e+00
   endloop
 endfacet
 facet normal  0.000000e+00  0.000000e+00  1.000000e+00
   outer loop
     vertex  4.723269e+01 -3.786418e+00  2.000000e+00
     vertex  4.717811e+01 -3.792054e+00  2.000000e+00
     vertex  4.723269e+01 -5.151358e+01  2.000000e+00
   endloop
 endfacet
 facet normal  0.000000e+00  0.000000e+00  1.000000e+00
   outer loop
     vertex  4.501523e+01 -1.553690e+00  2.000000e+00
     vertex  4.987967e+00 -1.780940e+00  2.000000e+00
     vertex  4.500921e+01 -1.608233e+00  2.000000e+00
   endloop
 endfacet
 facet normal  0.000000e+00  0.000000e+00  1.000000e+00
   outer loop
     vertex  4.501523e+01 -1.553690e+00  2.000000e+00
     vertex  4.981209e+00 -1.726485e+00  2.000000e+00
     vertex  4.987967e+00 -1.780940e+00  2.000000e+00
   endloop
 endfacet
 facet normal  0.000000e+00  0.000000e+00  1.000000e+00
   outer loop
     vertex  4.728710e+01 -3.779286e+00  2.000000e+00
     vertex  4.723269e+01 -3.786418e+00  2.000000e+00
     vertex  4.723269e+01 -5.151358e+01  2.000000e+00
   endloop
 endfacet
 facet normal  0.000000e+00  0.000000e+00  1.000000e+00
   outer loop
     vertex  4.728710e+01 -3.779286e+00  2.000000e+00
     vertex  4.723269e+01 -5.151358e+01  2.000000e+00
     vertex  4.728710e+01 -5.152071e+01  2.000000e+00
   endloop
 endfacet
 facet normal  0.000000e+00  0.000000e+00  1.000000e+00
   outer loop
     vertex  4.502273e+01 -1.499332e+00  2.000000e+00
     vertex  4.981209e+00 -1.726485e+00  2.000000e+00
     vertex  4.501523e+01 -1.553690e+00  2.000000e+00
   endloop
 endfacet
 facet normal  0.000000e+00  0.000000e+00  1.000000e+00
   outer loop
     vertex  4.502273e+01 -1.499332e+00  2.000000e+00
     vertex  4.972960e+00 -1.672235e+00  2.000000e+00
     vertex  4.981209e+00 -1.726485e+00  2.000000e+00
   endloop
 endfacet
 facet normal  0.000000e+00  0.000000e+00  1.000000e+00
   outer loop
     vertex  4.734129e+01 -3.770665e+00  2.000000e+00
     vertex  4.728710e+01 -3.779286e+00  2.000000e+00
     vertex  4.728710e+01 -5.152071e+01  2.000000e+00
   endloop
 endfacet
 facet normal  0.000000e+00  0.000000e+00  1.000000e+00
   outer loop
     vertex  4.734129e+01 -3.770665e+00  2.000000e+00
     vertex  4.728710e+01 -5.152071e+01  2.000000e+00
     vertex  4.734129e+01 -5.152933e+01  2.000000e+00
   endloop
 endfacet
 facet normal  0.000000e+00  0.000000e+00  1.000000e+00
   outer loop
     vertex  4.503172e+01 -1.445200e+00  2.000000e+00
     vertex  4.972960e+00 -1.672235e+00  2.000000e+00
     vertex  4.502273e+01 -1.499332e+00  2.000000e+00
   endloop
 endfacet
 facet normal  0.000000e+00  0.000000e+00  1.000000e+00
   outer loop
     vertex  4.503172e+01 -1.445200e+00  2.000000e+00
     vertex  4.963225e+00 -1.618232e+00  2.000000e+00
     vertex  4.972960e+00 -1.672235e+00  2.000000e+00
   endloop
 endfacet
 facet normal  0.000000e+00  0.000000e+00  1.000000e+00
   outer loop
     vertex  4.739523e+01 -3.760560e+00  2.000000e+00
     vertex  4.734129e+01 -3.770665e+00  2.000000e+00
     vertex  4.734129e+01 -5.152933e+01  2.000000e+00
   endloop
 endfacet
 facet normal  0.000000e+00  0.000000e+00  1.000000e+00
   outer loop
     vertex  4.739523e+01 -3.760560e+00  2.000000e+00
     vertex  4.734129e+01 -5.152933e+01  2.000000e+00
     vertex  4.739523e+01 -5.153944e+01  2.000000e+00
   endloop
 endfacet
 facet normal  0.000000e+00  0.000000e+00  1.000000e+00
   outer loop
     vertex  4.504220e+01 -1.391336e+00  2.000000e+00
     vertex  4.963225e+00 -1.618232e+00  2.000000e+00
     vertex  4.503172e+01 -1.445200e+00  2.000000e+00
   endloop
 endfacet
 facet normal  0.000000e+00  0.000000e+00  1.000000e+00
   outer loop
     vertex  4.504220e+01 -1.391336e+00  2.000000e+00
     vertex  4.952013e+00 -1.564517e+00  2.000000e+00
     vertex  4.963225e+00 -1.618232e+00  2.000000e+00
   endloop
 endfacet
 facet normal  0.000000e+00  0.000000e+00  1.000000e+00
   outer loop
     vertex  4.744886e+01 -3.748980e+00  2.000000e+00
     vertex  4.739523e+01 -3.760560e+00  2.000000e+00
     vertex  4.739523e+01 -5.153944e+01  2.000000e+00
   endloop
 endfacet
 facet normal  0.000000e+00  0.000000e+00  1.000000e+00
   outer loop
     vertex  4.744886e+01 -3.748980e+00  2.000000e+00
     vertex  4.744886e+01 -5.155102e+01  2.000000e+00
     vertex  4.750216e+01 -5.156407e+01  2.000000e+00
   endloop
 endfacet
 facet normal  0.000000e+00  0.000000e+00  1.000000e+00
   outer loop
     vertex  4.744886e+01 -3.748980e+00  2.000000e+00
     vertex  4.739523e+01 -5.153944e+01  2.000000e+00
     vertex  4.744886e+01 -5.155102e+01  2.000000e+00
   endloop
 endfacet
 facet normal  0.000000e+00  0.000000e+00  1.000000e+00
   outer loop
     vertex  4.505414e+01 -1.337780e+00  2.000000e+00
     vertex  4.952013e+00 -1.564517e+00  2.000000e+00
     vertex  4.504220e+01 -1.391336e+00  2.000000e+00
   endloop
 endfacet
 facet normal  0.000000e+00  0.000000e+00  1.000000e+00
   outer loop
     vertex  4.505414e+01 -1.337780e+00  2.000000e+00
     vertex  4.939331e+00 -1.511129e+00  2.000000e+00
     vertex  4.952013e+00 -1.564517e+00  2.000000e+00
   endloop
 endfacet
 facet normal  0.000000e+00  0.000000e+00  1.000000e+00
   outer loop
     vertex  4.750216e+01 -3.735932e+00  2.000000e+00
     vertex  4.744886e+01 -3.748980e+00  2.000000e+00
     vertex  4.750216e+01 -5.156407e+01  2.000000e+00
   endloop
 endfacet
 facet normal  0.000000e+00  0.000000e+00  1.000000e+00
   outer loop
     vertex  4.506756e+01 -1.284571e+00  2.000000e+00
     vertex  4.925190e+00 -1.458109e+00  2.000000e+00
     vertex  4.939331e+00 -1.511129e+00  2.000000e+00
   endloop
 endfacet
 facet normal  0.000000e+00  0.000000e+00  1.000000e+00
   outer loop
     vertex  4.506756e+01 -1.284571e+00  2.000000e+00
     vertex  4.939331e+00 -1.511129e+00  2.000000e+00
     vertex  4.505414e+01 -1.337780e+00  2.000000e+00
   endloop
 endfacet
 facet normal  0.000000e+00  0.000000e+00  1.000000e+00
   outer loop
     vertex  4.755508e+01 -3.721427e+00  2.000000e+00
     vertex  4.750216e+01 -3.735932e+00  2.000000e+00
     vertex  4.750216e+01 -5.156407e+01  2.000000e+00
   endloop
 endfacet
 facet normal  0.000000e+00  0.000000e+00  1.000000e+00
   outer loop
     vertex  4.755508e+01 -3.721427e+00  2.000000e+00
     vertex  4.750216e+01 -5.156407e+01  2.000000e+00
     vertex  4.755508e+01 -5.157857e+01  2.000000e+00
   endloop
 endfacet
 facet normal  0.000000e+00  0.000000e+00  1.000000e+00
   outer loop
     vertex  4.508243e+01 -1.231750e+00  2.000000e+00
     vertex  4.925190e+00 -1.458109e+00  2.000000e+00
     vertex  4.506756e+01 -1.284571e+00  2.000000e+00
   endloop
 endfacet
 facet normal  0.000000e+00  0.000000e+00  1.000000e+00
   outer loop
     vertex  4.508243e+01 -1.231750e+00  2.000000e+00
     vertex  4.909599e+00 -1.405498e+00  2.000000e+00
     vertex  4.925190e+00 -1.458109e+00  2.000000e+00
   endloop
 endfacet
 facet normal  0.000000e+00  0.000000e+00  1.000000e+00
   outer loop
     vertex  4.760759e+01 -3.705476e+00  2.000000e+00
     vertex  4.755508e+01 -3.721427e+00  2.000000e+00
     vertex  4.755508e+01 -5.157857e+01  2.000000e+00
   endloop
 endfacet
 facet normal  0.000000e+00  0.000000e+00  1.000000e+00
   outer loop
     vertex  4.760759e+01 -3.705476e+00  2.000000e+00
     vertex  4.760759e+01 -5.159452e+01  2.000000e+00
     vertex  4.765963e+01 -5.161191e+01  2.000000e+00
   endloop
 endfacet
 facet normal  0.000000e+00  0.000000e+00  1.000000e+00
   outer loop
     vertex  4.760759e+01 -3.705476e+00  2.000000e+00
     vertex  4.755508e+01 -5.157857e+01  2.000000e+00
     vertex  4.760759e+01 -5.159452e+01  2.000000e+00
   endloop
 endfacet
 facet normal  0.000000e+00  0.000000e+00  1.000000e+00
   outer loop
     vertex  4.509874e+01 -1.179357e+00  2.000000e+00
     vertex  4.909599e+00 -1.405498e+00  2.000000e+00
     vertex  4.508243e+01 -1.231750e+00  2.000000e+00
   endloop
 endfacet
 facet normal  0.000000e+00  0.000000e+00  1.000000e+00
   outer loop
     vertex  4.509874e+01 -1.179357e+00  2.000000e+00
     vertex  4.892570e+00 -1.353333e+00  2.000000e+00
     vertex  4.909599e+00 -1.405498e+00  2.000000e+00
   endloop
 endfacet
 facet normal  0.000000e+00  0.000000e+00  1.000000e+00
   outer loop
     vertex  4.765963e+01 -3.688090e+00  2.000000e+00
     vertex  4.760759e+01 -3.705476e+00  2.000000e+00
     vertex  4.765963e+01 -5.161191e+01  2.000000e+00
   endloop
 endfacet
 facet normal  0.000000e+00  0.000000e+00  1.000000e+00
   outer loop
     vertex  4.765963e+01 -3.688090e+00  2.000000e+00
     vertex  4.765963e+01 -5.161191e+01  2.000000e+00
     vertex  4.771118e+01 -5.163072e+01  2.000000e+00
   endloop
 endfacet
 facet normal  0.000000e+00  0.000000e+00  1.000000e+00
   outer loop
     vertex  4.511648e+01 -1.127431e+00  2.000000e+00
     vertex  4.892570e+00 -1.353333e+00  2.000000e+00
     vertex  4.509874e+01 -1.179357e+00  2.000000e+00
   endloop
 endfacet
 facet normal  0.000000e+00  0.000000e+00  1.000000e+00
   outer loop
     vertex  4.511648e+01 -1.127431e+00  2.000000e+00
     vertex  4.874117e+00 -1.301656e+00  2.000000e+00
     vertex  4.892570e+00 -1.353333e+00  2.000000e+00
   endloop
 endfacet
 facet normal  0.000000e+00  0.000000e+00  1.000000e+00
   outer loop
     vertex  4.771118e+01 -3.669283e+00  2.000000e+00
     vertex  4.765963e+01 -3.688090e+00  2.000000e+00
     vertex  4.771118e+01 -5.163072e+01  2.000000e+00
   endloop
 endfacet
 facet normal  0.000000e+00  0.000000e+00  1.000000e+00
   outer loop
     vertex  4.771118e+01 -3.669283e+00  2.000000e+00
     vertex  4.771118e+01 -5.163072e+01  2.000000e+00
     vertex  4.776220e+01 -5.165093e+01  2.000000e+00
   endloop
 endfacet
 facet normal  0.000000e+00  0.000000e+00  1.000000e+00
   outer loop
     vertex  4.513564e+01 -1.076012e+00  2.000000e+00
     vertex  4.874117e+00 -1.301656e+00  2.000000e+00
     vertex  4.511648e+01 -1.127431e+00  2.000000e+00
   endloop
 endfacet
 facet normal  0.000000e+00  0.000000e+00  1.000000e+00
   outer loop
     vertex  4.513564e+01 -1.076012e+00  2.000000e+00
     vertex  4.854253e+00 -1.250504e+00  2.000000e+00
     vertex  4.874117e+00 -1.301656e+00  2.000000e+00
   endloop
 endfacet
 facet normal  0.000000e+00  0.000000e+00  1.000000e+00
   outer loop
     vertex  4.776220e+01 -3.649069e+00  2.000000e+00
     vertex  4.771118e+01 -3.669283e+00  2.000000e+00
     vertex  4.776220e+01 -5.165093e+01  2.000000e+00
   endloop
 endfacet
 facet normal  0.000000e+00  0.000000e+00  1.000000e+00
   outer loop
     vertex  4.776220e+01 -3.649069e+00  2.000000e+00
     vertex  4.776220e+01 -5.165093e+01  2.000000e+00
     vertex  4.781264e+01 -5.167254e+01  2.000000e+00
   endloop
 endfacet
 facet normal  0.000000e+00  0.000000e+00  1.000000e+00
   outer loop
     vertex  4.515620e+01 -1.025137e+00  2.000000e+00
     vertex  4.854253e+00 -1.250504e+00  2.000000e+00
     vertex  4.513564e+01 -1.076012e+00  2.000000e+00
   endloop
 endfacet
 facet normal  0.000000e+00  0.000000e+00  1.000000e+00
   outer loop
     vertex  4.515620e+01 -1.025137e+00  2.000000e+00
     vertex  4.832994e+00 -1.199917e+00  2.000000e+00
     vertex  4.854253e+00 -1.250504e+00  2.000000e+00
   endloop
 endfacet
 facet normal  0.000000e+00  0.000000e+00  1.000000e+00
   outer loop
     vertex  4.781264e+01 -3.627463e+00  2.000000e+00
     vertex  4.776220e+01 -3.649069e+00  2.000000e+00
     vertex  4.781264e+01 -5.167254e+01  2.000000e+00
   endloop
 endfacet
 facet normal  0.000000e+00  0.000000e+00  1.000000e+00
   outer loop
     vertex  4.781264e+01 -3.627463e+00  2.000000e+00
     vertex  4.781264e+01 -5.167254e+01  2.000000e+00
     vertex  4.786247e+01 -5.169552e+01  2.000000e+00
   endloop
 endfacet
 facet normal  0.000000e+00  0.000000e+00  1.000000e+00
   outer loop
     vertex  4.517815e+01 -9.748463e-01  2.000000e+00
     vertex  4.832994e+00 -1.199917e+00  2.000000e+00
     vertex  4.515620e+01 -1.025137e+00  2.000000e+00
   endloop
 endfacet
 facet normal  0.000000e+00  0.000000e+00  1.000000e+00
   outer loop
     vertex  4.517815e+01 -9.748463e-01  2.000000e+00
     vertex  4.810354e+00 -1.149931e+00  2.000000e+00
     vertex  4.832994e+00 -1.199917e+00  2.000000e+00
   endloop
 endfacet
 facet normal  0.000000e+00  0.000000e+00  1.000000e+00
   outer loop
     vertex  4.786247e+01 -3.604481e+00  2.000000e+00
     vertex  4.781264e+01 -3.627463e+00  2.000000e+00
     vertex  4.786247e+01 -5.169552e+01  2.000000e+00
   endloop
 endfacet
 facet normal  0.000000e+00  0.000000e+00  1.000000e+00
   outer loop
     vertex  4.786247e+01 -3.604481e+00  2.000000e+00
     vertex  4.786247e+01 -5.169552e+01  2.000000e+00
     vertex  4.791165e+01 -5.171986e+01  2.000000e+00
   endloop
 endfacet
 facet normal  0.000000e+00  0.000000e+00  1.000000e+00
   outer loop
     vertex  4.520148e+01 -9.251763e-01  2.000000e+00
     vertex  4.810354e+00 -1.149931e+00  2.000000e+00
     vertex  4.517815e+01 -9.748463e-01  2.000000e+00
   endloop
 endfacet
 facet normal  0.000000e+00  0.000000e+00  1.000000e+00
   outer loop
     vertex  4.520148e+01 -9.251763e-01  2.000000e+00
     vertex  4.786352e+00 -1.100586e+00  2.000000e+00
     vertex  4.810354e+00 -1.149931e+00  2.000000e+00
   endloop
 endfacet
 facet normal  0.000000e+00  0.000000e+00  1.000000e+00
   outer loop
     vertex  4.791165e+01 -3.580141e+00  2.000000e+00
     vertex  4.786247e+01 -3.604481e+00  2.000000e+00
     vertex  4.791165e+01 -5.171986e+01  2.000000e+00
   endloop
 endfacet
 facet normal  0.000000e+00  0.000000e+00  1.000000e+00
   outer loop
     vertex  4.791165e+01 -3.580141e+00  2.000000e+00
     vertex  4.791165e+01 -5.171986e+01  2.000000e+00
     vertex  4.796014e+01 -5.174554e+01  2.000000e+00
   endloop
 endfacet
 facet normal  0.000000e+00  0.000000e+00  1.000000e+00
   outer loop
     vertex  4.522615e+01 -8.761648e-01  2.000000e+00
     vertex  4.786352e+00 -1.100586e+00  2.000000e+00
     vertex  4.520148e+01 -9.251763e-01  2.000000e+00
   endloop
 endfacet
 facet normal  0.000000e+00  0.000000e+00  1.000000e+00
   outer loop
     vertex  4.522615e+01 -8.761648e-01  2.000000e+00
     vertex  4.761005e+00 -1.051918e+00  2.000000e+00
     vertex  4.786352e+00 -1.100586e+00  2.000000e+00
   endloop
 endfacet
 facet normal  0.000000e+00  0.000000e+00  1.000000e+00
   outer loop
     vertex  4.796014e+01 -3.554461e+00  2.000000e+00
     vertex  4.791165e+01 -3.580141e+00  2.000000e+00
     vertex  4.796014e+01 -5.174554e+01  2.000000e+00
   endloop
 endfacet
 facet normal  0.000000e+00  0.000000e+00  1.000000e+00
   outer loop
     vertex  4.796014e+01 -3.554461e+00  2.000000e+00
     vertex  4.796014e+01 -5.174554e+01  2.000000e+00
     vertex  4.800791e+01 -5.177254e+01  2.000000e+00
   endloop
 endfacet
 facet normal  0.000000e+00  0.000000e+00  1.000000e+00
   outer loop
     vertex  4.525217e+01 -8.278487e-01  2.000000e+00
     vertex  4.761005e+00 -1.051918e+00  2.000000e+00
     vertex  4.522615e+01 -8.761648e-01  2.000000e+00
   endloop
 endfacet
 facet normal  0.000000e+00  0.000000e+00  1.000000e+00
   outer loop
     vertex  4.525217e+01 -8.278487e-01  2.000000e+00
     vertex  4.734333e+00 -1.003963e+00  2.000000e+00
     vertex  4.761005e+00 -1.051918e+00  2.000000e+00
   endloop
 endfacet
 facet normal  0.000000e+00  0.000000e+00  1.000000e+00
   outer loop
     vertex  4.800791e+01 -3.527460e+00  2.000000e+00
     vertex  4.796014e+01 -3.554461e+00  2.000000e+00
     vertex  4.800791e+01 -5.177254e+01  2.000000e+00
   endloop
 endfacet
 facet normal  0.000000e+00  0.000000e+00  1.000000e+00
   outer loop
     vertex  4.527949e+01 -7.802645e-01  2.000000e+00
     vertex  4.734333e+00 -1.003963e+00  2.000000e+00
     vertex  4.525217e+01 -8.278487e-01  2.000000e+00
   endloop
 endfacet
 facet normal  0.000000e+00  0.000000e+00  1.000000e+00
   outer loop
     vertex  4.527949e+01 -7.802645e-01  2.000000e+00
     vertex  4.706355e+00 -9.567580e-01  2.000000e+00
     vertex  4.734333e+00 -1.003963e+00  2.000000e+00
   endloop
 endfacet
 facet normal  0.000000e+00  0.000000e+00  1.000000e+00
   outer loop
     vertex  4.805492e+01 -3.499159e+00  2.000000e+00
     vertex  4.800791e+01 -3.527460e+00  2.000000e+00
     vertex  4.800791e+01 -5.177254e+01  2.000000e+00
   endloop
 endfacet
 facet normal  0.000000e+00  0.000000e+00  1.000000e+00
   outer loop
     vertex  4.805492e+01 -3.499159e+00  2.000000e+00
     vertex  4.800791e+01 -5.177254e+01  2.000000e+00
     vertex  4.805492e+01 -5.180084e+01  2.000000e+00
   endloop
 endfacet
 facet normal  0.000000e+00  0.000000e+00  1.000000e+00
   outer loop
     vertex  4.530812e+01 -7.334479e-01  2.000000e+00
     vertex  4.706355e+00 -9.567580e-01  2.000000e+00
     vertex  4.527949e+01 -7.802645e-01  2.000000e+00
   endloop
 endfacet
 facet normal  0.000000e+00  0.000000e+00  1.000000e+00
   outer loop
     vertex  4.530812e+01 -7.334479e-01  2.000000e+00
     vertex  4.677092e+00 -9.103384e-01  2.000000e+00
     vertex  4.706355e+00 -9.567580e-01  2.000000e+00
   endloop
 endfacet
 facet normal  0.000000e+00  0.000000e+00  1.000000e+00
   outer loop
     vertex  4.810114e+01 -3.469578e+00  2.000000e+00
     vertex  4.805492e+01 -3.499159e+00  2.000000e+00
     vertex  4.805492e+01 -5.180084e+01  2.000000e+00
   endloop
 endfacet
 facet normal  0.000000e+00  0.000000e+00  1.000000e+00
   outer loop
     vertex  4.810114e+01 -3.469578e+00  2.000000e+00
     vertex  4.805492e+01 -5.180084e+01  2.000000e+00
     vertex  4.810114e+01 -5.183042e+01  2.000000e+00
   endloop
 endfacet
 facet normal  0.000000e+00  0.000000e+00  1.000000e+00
   outer loop
     vertex  4.533801e+01 -6.874341e-01  2.000000e+00
     vertex  4.677092e+00 -9.103384e-01  2.000000e+00
     vertex  4.530812e+01 -7.334479e-01  2.000000e+00
   endloop
 endfacet
 facet normal  0.000000e+00  0.000000e+00  1.000000e+00
   outer loop
     vertex  4.533801e+01 -6.874341e-01  2.000000e+00
     vertex  4.646567e+00 -8.647391e-01  2.000000e+00
     vertex  4.677092e+00 -9.103384e-01  2.000000e+00
   endloop
 endfacet
 facet normal  0.000000e+00  0.000000e+00  1.000000e+00
   outer loop
     vertex  4.814653e+01 -3.438741e+00  2.000000e+00
     vertex  4.810114e+01 -5.183042e+01  2.000000e+00
     vertex  4.814653e+01 -5.186126e+01  2.000000e+00
   endloop
 endfacet
 facet normal  0.000000e+00  0.000000e+00  1.000000e+00
   outer loop
     vertex  4.814653e+01 -3.438741e+00  2.000000e+00
     vertex  4.810114e+01 -3.469578e+00  2.000000e+00
     vertex  4.810114e+01 -5.183042e+01  2.000000e+00
   endloop
 endfacet
 facet normal  0.000000e+00  0.000000e+00  1.000000e+00
   outer loop
     vertex  4.536916e+01 -6.422579e-01  2.000000e+00
     vertex  4.614802e+00 -8.199944e-01  2.000000e+00
     vertex  4.646567e+00 -8.647391e-01  2.000000e+00
   endloop
 endfacet
 facet normal  0.000000e+00  0.000000e+00  1.000000e+00
   outer loop
     vertex  4.536916e+01 -6.422579e-01  2.000000e+00
     vertex  4.646567e+00 -8.647391e-01  2.000000e+00
     vertex  4.533801e+01 -6.874341e-01  2.000000e+00
   endloop
 endfacet
 facet normal  0.000000e+00  0.000000e+00  1.000000e+00
   outer loop
     vertex  4.819105e+01 -3.406670e+00  2.000000e+00
     vertex  4.814653e+01 -3.438741e+00  2.000000e+00
     vertex  4.814653e+01 -5.186126e+01  2.000000e+00
   endloop
 endfacet
 facet normal  0.000000e+00  0.000000e+00  1.000000e+00
   outer loop
     vertex  4.819105e+01 -3.406670e+00  2.000000e+00
     vertex  4.819105e+01 -5.189333e+01  2.000000e+00
     vertex  4.823468e+01 -5.192661e+01  2.000000e+00
   endloop
 endfacet
 facet normal  0.000000e+00  0.000000e+00  1.000000e+00
   outer loop
     vertex  4.819105e+01 -3.406670e+00  2.000000e+00
     vertex  4.814653e+01 -5.186126e+01  2.000000e+00
     vertex  4.819105e+01 -5.189333e+01  2.000000e+00
   endloop
 endfacet
 facet normal  0.000000e+00  0.000000e+00  1.000000e+00
   outer loop
     vertex  4.540154e+01 -5.979531e-01  2.000000e+00
     vertex  4.581822e+00 -7.761380e-01  2.000000e+00
     vertex  4.614802e+00 -8.199944e-01  2.000000e+00
   endloop
 endfacet
 facet normal  0.000000e+00  0.000000e+00  1.000000e+00
   outer loop
     vertex  4.540154e+01 -5.979531e-01  2.000000e+00
     vertex  4.614802e+00 -8.199944e-01  2.000000e+00
     vertex  4.536916e+01 -6.422579e-01  2.000000e+00
   endloop
 endfacet
 facet normal  0.000000e+00  0.000000e+00  1.000000e+00
   outer loop
     vertex  4.823468e+01 -3.373390e+00  2.000000e+00
     vertex  4.819105e+01 -3.406670e+00  2.000000e+00
     vertex  4.823468e+01 -5.192661e+01  2.000000e+00
   endloop
 endfacet
 facet normal  0.000000e+00  0.000000e+00  1.000000e+00
   outer loop
     vertex  4.543512e+01 -5.545532e-01  2.000000e+00
     vertex  4.581822e+00 -7.761380e-01  2.000000e+00
     vertex  4.540154e+01 -5.979531e-01  2.000000e+00
   endloop
 endfacet
 facet normal  0.000000e+00  0.000000e+00  1.000000e+00
   outer loop
     vertex  4.543512e+01 -5.545532e-01  2.000000e+00
     vertex  4.547651e+00 -7.332029e-01  2.000000e+00
     vertex  4.581822e+00 -7.761380e-01  2.000000e+00
   endloop
 endfacet
 facet normal  0.000000e+00  0.000000e+00  1.000000e+00
   outer loop
     vertex  4.827738e+01 -3.338926e+00  2.000000e+00
     vertex  4.823468e+01 -5.192661e+01  2.000000e+00
     vertex  4.827738e+01 -5.196107e+01  2.000000e+00
   endloop
 endfacet
 facet normal  0.000000e+00  0.000000e+00  1.000000e+00
   outer loop
     vertex  4.827738e+01 -3.338926e+00  2.000000e+00
     vertex  4.823468e+01 -3.373390e+00  2.000000e+00
     vertex  4.823468e+01 -5.192661e+01  2.000000e+00
   endloop
 endfacet
 facet normal  0.000000e+00  0.000000e+00  1.000000e+00
   outer loop
     vertex  4.546987e+01 -5.120909e-01  2.000000e+00
     vertex  4.512316e+00 -6.912213e-01  2.000000e+00
     vertex  4.547651e+00 -7.332029e-01  2.000000e+00
   endloop
 endfacet
 facet normal  0.000000e+00  0.000000e+00  1.000000e+00
   outer loop
     vertex  4.546987e+01 -5.120909e-01  2.000000e+00
     vertex  4.547651e+00 -7.332029e-01  2.000000e+00
     vertex  4.543512e+01 -5.545532e-01  2.000000e+00
   endloop
 endfacet
 facet normal  0.000000e+00  0.000000e+00  1.000000e+00
   outer loop
     vertex  4.831912e+01 -3.303303e+00  2.000000e+00
     vertex  4.827738e+01 -5.196107e+01  2.000000e+00
     vertex  4.831912e+01 -5.199670e+01  2.000000e+00
   endloop
 endfacet
 facet normal  0.000000e+00  0.000000e+00  1.000000e+00
   outer loop
     vertex  4.831912e+01 -3.303303e+00  2.000000e+00
     vertex  4.827738e+01 -3.338926e+00  2.000000e+00
     vertex  4.827738e+01 -5.196107e+01  2.000000e+00
   endloop
 endfacet
 facet normal  0.000000e+00  0.000000e+00  1.000000e+00
   outer loop
     vertex  4.550578e+01 -4.705981e-01  2.000000e+00
     vertex -6.500000e-01  7.950000e+00  2.000000e+00
     vertex  4.512316e+00 -6.912213e-01  2.000000e+00
   endloop
 endfacet
 facet normal  0.000000e+00  0.000000e+00  1.000000e+00
   outer loop
     vertex  4.550578e+01 -4.705981e-01  2.000000e+00
     vertex  4.512316e+00 -6.912213e-01  2.000000e+00
     vertex  4.546987e+01 -5.120909e-01  2.000000e+00
   endloop
 endfacet
 facet normal  0.000000e+00  0.000000e+00  1.000000e+00
   outer loop
     vertex  4.835987e+01 -3.266548e+00  2.000000e+00
     vertex  4.831912e+01 -3.303303e+00  2.000000e+00
     vertex  4.831912e+01 -5.199670e+01  2.000000e+00
   endloop
 endfacet
 facet normal  0.000000e+00  0.000000e+00  1.000000e+00
   outer loop
     vertex  4.835987e+01 -3.266548e+00  2.000000e+00
     vertex  4.835987e+01 -5.203345e+01  2.000000e+00
     vertex  4.839959e+01 -5.207131e+01  2.000000e+00
   endloop
 endfacet
 facet normal  0.000000e+00  0.000000e+00  1.000000e+00
   outer loop
     vertex  4.835987e+01 -3.266548e+00  2.000000e+00
     vertex  4.831912e+01 -5.199670e+01  2.000000e+00
     vertex  4.835987e+01 -5.203345e+01  2.000000e+00
   endloop
 endfacet
 facet normal  0.000000e+00  0.000000e+00  1.000000e+00
   outer loop
     vertex  4.839959e+01 -3.228689e+00  2.000000e+00
     vertex  4.839959e+01 -5.207131e+01  2.000000e+00
     vertex  4.843826e+01 -5.211024e+01  2.000000e+00
   endloop
 endfacet
 facet normal  0.000000e+00  0.000000e+00  1.000000e+00
   outer loop
     vertex  4.839959e+01 -3.228689e+00  2.000000e+00
     vertex  4.835987e+01 -3.266548e+00  2.000000e+00
     vertex  4.839959e+01 -5.207131e+01  2.000000e+00
   endloop
 endfacet
 facet normal  0.000000e+00  0.000000e+00  1.000000e+00
   outer loop
     vertex  4.843826e+01 -3.189755e+00  2.000000e+00
     vertex  4.839959e+01 -3.228689e+00  2.000000e+00
     vertex  4.843826e+01 -5.211024e+01  2.000000e+00
   endloop
 endfacet
 facet normal  0.000000e+00  0.000000e+00  1.000000e+00
   outer loop
     vertex  4.843826e+01 -3.189755e+00  2.000000e+00
     vertex  4.843826e+01 -5.211024e+01  2.000000e+00
     vertex  4.847584e+01 -5.215022e+01  2.000000e+00
   endloop
 endfacet
 facet normal  0.000000e+00  0.000000e+00  1.000000e+00
   outer loop
     vertex  4.847584e+01 -3.149775e+00  2.000000e+00
     vertex  4.843826e+01 -3.189755e+00  2.000000e+00
     vertex  4.847584e+01 -5.215022e+01  2.000000e+00
   endloop
 endfacet
 facet normal  0.000000e+00  0.000000e+00  1.000000e+00
   outer loop
     vertex  4.851232e+01 -3.108779e+00  2.000000e+00
     vertex  4.847584e+01 -3.149775e+00  2.000000e+00
     vertex  4.847584e+01 -5.215022e+01  2.000000e+00
   endloop
 endfacet
 facet normal  0.000000e+00  0.000000e+00  1.000000e+00
   outer loop
     vertex  4.851232e+01 -3.108779e+00  2.000000e+00
     vertex  4.847584e+01 -5.215022e+01  2.000000e+00
     vertex  4.851232e+01 -5.219122e+01  2.000000e+00
   endloop
 endfacet
 facet normal  0.000000e+00  0.000000e+00  1.000000e+00
   outer loop
     vertex  4.854765e+01 -3.066797e+00  2.000000e+00
     vertex  4.851232e+01 -3.108779e+00  2.000000e+00
     vertex  4.851232e+01 -5.219122e+01  2.000000e+00
   endloop
 endfacet
 facet normal  0.000000e+00  0.000000e+00  1.000000e+00
   outer loop
     vertex  4.854765e+01 -3.066797e+00  2.000000e+00
     vertex  4.851232e+01 -5.219122e+01  2.000000e+00
     vertex  4.854765e+01 -5.223320e+01  2.000000e+00
   endloop
 endfacet
 facet normal  0.000000e+00  0.000000e+00  1.000000e+00
   outer loop
     vertex  4.858182e+01 -3.023862e+00  2.000000e+00
     vertex  4.854765e+01 -3.066797e+00  2.000000e+00
     vertex  4.854765e+01 -5.223320e+01  2.000000e+00
   endloop
 endfacet
 facet normal  0.000000e+00  0.000000e+00  1.000000e+00
   outer loop
     vertex  4.858182e+01 -3.023862e+00  2.000000e+00
     vertex  4.854765e+01 -5.223320e+01  2.000000e+00
     vertex  4.858182e+01 -5.227614e+01  2.000000e+00
   endloop
 endfacet
 facet normal  0.000000e+00  0.000000e+00  1.000000e+00
   outer loop
     vertex  4.861480e+01 -2.980006e+00  2.000000e+00
     vertex  4.858182e+01 -3.023862e+00  2.000000e+00
     vertex  4.858182e+01 -5.227614e+01  2.000000e+00
   endloop
 endfacet
 facet normal  0.000000e+00  0.000000e+00  1.000000e+00
   outer loop
     vertex  4.861480e+01 -2.980006e+00  2.000000e+00
     vertex  4.861480e+01 -5.231999e+01  2.000000e+00
     vertex  4.864657e+01 -5.236474e+01  2.000000e+00
   endloop
 endfacet
 facet normal  0.000000e+00  0.000000e+00  1.000000e+00
   outer loop
     vertex  4.861480e+01 -2.980006e+00  2.000000e+00
     vertex  4.858182e+01 -5.227614e+01  2.000000e+00
     vertex  4.861480e+01 -5.231999e+01  2.000000e+00
   endloop
 endfacet
 facet normal  0.000000e+00  0.000000e+00  1.000000e+00
   outer loop
     vertex  4.864657e+01 -2.935261e+00  2.000000e+00
     vertex  4.861480e+01 -2.980006e+00  2.000000e+00
     vertex  4.864657e+01 -5.236474e+01  2.000000e+00
   endloop
 endfacet
 facet normal  0.000000e+00  0.000000e+00  1.000000e+00
   outer loop
     vertex  4.864657e+01 -2.935261e+00  2.000000e+00
     vertex  4.864657e+01 -5.236474e+01  2.000000e+00
     vertex  4.867709e+01 -5.241034e+01  2.000000e+00
   endloop
 endfacet
 facet normal  0.000000e+00  0.000000e+00  1.000000e+00
   outer loop
     vertex  4.867709e+01 -2.889662e+00  2.000000e+00
     vertex  4.864657e+01 -2.935261e+00  2.000000e+00
     vertex  4.867709e+01 -5.241034e+01  2.000000e+00
   endloop
 endfacet
 facet normal  0.000000e+00  0.000000e+00  1.000000e+00
   outer loop
     vertex  4.870635e+01 -2.843242e+00  2.000000e+00
     vertex  4.867709e+01 -2.889662e+00  2.000000e+00
     vertex  4.867709e+01 -5.241034e+01  2.000000e+00
   endloop
 endfacet
 facet normal  0.000000e+00  0.000000e+00  1.000000e+00
   outer loop
     vertex  4.870635e+01 -2.843242e+00  2.000000e+00
     vertex  4.867709e+01 -5.241034e+01  2.000000e+00
     vertex  4.870635e+01 -5.245676e+01  2.000000e+00
   endloop
 endfacet
 facet normal  0.000000e+00  0.000000e+00  1.000000e+00
   outer loop
     vertex  4.873433e+01 -2.796037e+00  2.000000e+00
     vertex  4.870635e+01 -2.843242e+00  2.000000e+00
     vertex  4.870635e+01 -5.245676e+01  2.000000e+00
   endloop
 endfacet
 facet normal  0.000000e+00  0.000000e+00  1.000000e+00
   outer loop
     vertex  4.873433e+01 -2.796037e+00  2.000000e+00
     vertex  4.870635e+01 -5.245676e+01  2.000000e+00
     vertex  4.873433e+01 -5.250396e+01  2.000000e+00
   endloop
 endfacet
 facet normal  0.000000e+00  0.000000e+00  1.000000e+00
   outer loop
     vertex  4.876101e+01 -2.748082e+00  2.000000e+00
     vertex  4.873433e+01 -2.796037e+00  2.000000e+00
     vertex  4.873433e+01 -5.250396e+01  2.000000e+00
   endloop
 endfacet
 facet normal  0.000000e+00  0.000000e+00  1.000000e+00
   outer loop
     vertex  4.876101e+01 -2.748082e+00  2.000000e+00
     vertex  4.873433e+01 -5.250396e+01  2.000000e+00
     vertex  4.876101e+01 -5.255192e+01  2.000000e+00
   endloop
 endfacet
 facet normal  0.000000e+00  0.000000e+00  1.000000e+00
   outer loop
     vertex  4.878635e+01 -2.699414e+00  2.000000e+00
     vertex  4.876101e+01 -2.748082e+00  2.000000e+00
     vertex  4.876101e+01 -5.255192e+01  2.000000e+00
   endloop
 endfacet
 facet normal  0.000000e+00  0.000000e+00  1.000000e+00
   outer loop
     vertex  4.878635e+01 -2.699414e+00  2.000000e+00
     vertex  4.876101e+01 -5.255192e+01  2.000000e+00
     vertex  4.878635e+01 -5.260059e+01  2.000000e+00
   endloop
 endfacet
 facet normal  0.000000e+00  0.000000e+00  1.000000e+00
   outer loop
     vertex  4.881035e+01 -2.650069e+00  2.000000e+00
     vertex  4.878635e+01 -5.260059e+01  2.000000e+00
     vertex  4.881035e+01 -5.264993e+01  2.000000e+00
   endloop
 endfacet
 facet normal  0.000000e+00  0.000000e+00  1.000000e+00
   outer loop
     vertex  4.881035e+01 -2.650069e+00  2.000000e+00
     vertex  4.878635e+01 -2.699414e+00  2.000000e+00
     vertex  4.878635e+01 -5.260059e+01  2.000000e+00
   endloop
 endfacet
 facet normal  0.000000e+00  0.000000e+00  1.000000e+00
   outer loop
     vertex  4.883299e+01 -2.600083e+00  2.000000e+00
     vertex  4.881035e+01 -5.264993e+01  2.000000e+00
     vertex  4.883299e+01 -5.269992e+01  2.000000e+00
   endloop
 endfacet
 facet normal  0.000000e+00  0.000000e+00  1.000000e+00
   outer loop
     vertex  4.883299e+01 -2.600083e+00  2.000000e+00
     vertex  4.881035e+01 -2.650069e+00  2.000000e+00
     vertex  4.881035e+01 -5.264993e+01  2.000000e+00
   endloop
 endfacet
 facet normal  0.000000e+00  0.000000e+00  1.000000e+00
   outer loop
     vertex  4.883299e+01 -2.600083e+00  2.000000e+00
     vertex  4.883299e+01 -5.269992e+01  2.000000e+00
     vertex  5.065000e+01 -5.665000e+01  2.000000e+00
   endloop
 endfacet
 facet normal  0.000000e+00  0.000000e+00  1.000000e+00
   outer loop
     vertex  4.885425e+01 -2.549496e+00  2.000000e+00
     vertex  4.883299e+01 -2.600083e+00  2.000000e+00
     vertex  5.065000e+01 -5.665000e+01  2.000000e+00
   endloop
 endfacet
 facet normal  0.000000e+00  0.000000e+00  1.000000e+00
   outer loop
     vertex  4.887412e+01 -2.498344e+00  2.000000e+00
     vertex  4.885425e+01 -2.549496e+00  2.000000e+00
     vertex  5.065000e+01 -5.665000e+01  2.000000e+00
   endloop
 endfacet
 facet normal  0.000000e+00  0.000000e+00  1.000000e+00
   outer loop
     vertex  4.889257e+01 -2.446667e+00  2.000000e+00
     vertex  4.887412e+01 -2.498344e+00  2.000000e+00
     vertex  5.065000e+01 -5.665000e+01  2.000000e+00
   endloop
 endfacet
 facet normal  0.000000e+00  0.000000e+00  1.000000e+00
   outer loop
     vertex  4.890960e+01 -2.394502e+00  2.000000e+00
     vertex  4.889257e+01 -2.446667e+00  2.000000e+00
     vertex  5.065000e+01 -5.665000e+01  2.000000e+00
   endloop
 endfacet
 facet normal  0.000000e+00  0.000000e+00  1.000000e+00
   outer loop
     vertex  4.892519e+01 -2.341891e+00  2.000000e+00
     vertex  4.890960e+01 -2.394502e+00  2.000000e+00
     vertex  5.065000e+01 -5.665000e+01  2.000000e+00
   endloop
 endfacet
 facet normal  0.000000e+00  0.000000e+00  1.000000e+00
   outer loop
     vertex  5.065000e+01  7.950000e+00  2.000000e+00
     vertex -6.500000e-01  7.950000e+00  2.000000e+00
     vertex  4.550578e+01 -4.705981e-01  2.000000e+00
   endloop
 endfacet
 facet normal  0.000000e+00  0.000000e+00  1.000000e+00
   outer loop
     vertex  5.065000e+01  7.950000e+00  2.000000e+00
     vertex  4.881035e+01 -9.499313e-01  2.000000e+00
     vertex  4.883299e+01 -9.999166e-01  2.000000e+00
   endloop
 endfacet
 facet normal  0.000000e+00  0.000000e+00  1.000000e+00
   outer loop
     vertex  5.065000e+01  7.950000e+00  2.000000e+00
     vertex  4.878635e+01 -9.005859e-01  2.000000e+00
     vertex  4.881035e+01 -9.499313e-01  2.000000e+00
   endloop
 endfacet
 facet normal  0.000000e+00  0.000000e+00  1.000000e+00
   outer loop
     vertex  5.065000e+01  7.950000e+00  2.000000e+00
     vertex  4.876101e+01 -8.519175e-01  2.000000e+00
     vertex  4.878635e+01 -9.005859e-01  2.000000e+00
   endloop
 endfacet
 facet normal  0.000000e+00  0.000000e+00  1.000000e+00
   outer loop
     vertex  5.065000e+01  7.950000e+00  2.000000e+00
     vertex  4.873433e+01 -8.039629e-01  2.000000e+00
     vertex  4.876101e+01 -8.519175e-01  2.000000e+00
   endloop
 endfacet
 facet normal  0.000000e+00  0.000000e+00  1.000000e+00
   outer loop
     vertex  5.065000e+01  7.950000e+00  2.000000e+00
     vertex  4.870635e+01 -7.567580e-01  2.000000e+00
     vertex  4.873433e+01 -8.039629e-01  2.000000e+00
   endloop
 endfacet
 facet normal  0.000000e+00  0.000000e+00  1.000000e+00
   outer loop
     vertex  5.065000e+01  7.950000e+00  2.000000e+00
     vertex  4.867709e+01 -7.103384e-01  2.000000e+00
     vertex  4.870635e+01 -7.567580e-01  2.000000e+00
   endloop
 endfacet
 facet normal  0.000000e+00  0.000000e+00  1.000000e+00
   outer loop
     vertex  5.065000e+01  7.950000e+00  2.000000e+00
     vertex  4.864657e+01 -6.647391e-01  2.000000e+00
     vertex  4.867709e+01 -7.103384e-01  2.000000e+00
   endloop
 endfacet
 facet normal  0.000000e+00  0.000000e+00  1.000000e+00
   outer loop
     vertex  5.065000e+01  7.950000e+00  2.000000e+00
     vertex  4.861480e+01 -6.199944e-01  2.000000e+00
     vertex  4.864657e+01 -6.647391e-01  2.000000e+00
   endloop
 endfacet
 facet normal  0.000000e+00  0.000000e+00  1.000000e+00
   outer loop
     vertex  5.065000e+01  7.950000e+00  2.000000e+00
     vertex  4.899323e+01 -1.964439e+00  2.000000e+00
     vertex  4.898797e+01 -2.019060e+00  2.000000e+00
   endloop
 endfacet
 facet normal  0.000000e+00  0.000000e+00  1.000000e+00
   outer loop
     vertex  5.065000e+01  7.950000e+00  2.000000e+00
     vertex  4.858182e+01 -5.761380e-01  2.000000e+00
     vertex  4.861480e+01 -6.199944e-01  2.000000e+00
   endloop
 endfacet
 facet normal  0.000000e+00  0.000000e+00  1.000000e+00
   outer loop
     vertex  5.065000e+01  7.950000e+00  2.000000e+00
     vertex  4.899699e+01 -1.909695e+00  2.000000e+00
     vertex  4.899323e+01 -1.964439e+00  2.000000e+00
   endloop
 endfacet
 facet normal  0.000000e+00  0.000000e+00  1.000000e+00
   outer loop
     vertex  5.065000e+01  7.950000e+00  2.000000e+00
     vertex  4.854765e+01 -5.332029e-01  2.000000e+00
     vertex  4.858182e+01 -5.761380e-01  2.000000e+00
   endloop
 endfacet
 facet normal  0.000000e+00  0.000000e+00  1.000000e+00
   outer loop
     vertex  5.065000e+01  7.950000e+00  2.000000e+00
     vertex  4.899925e+01 -1.854868e+00  2.000000e+00
     vertex  4.899699e+01 -1.909695e+00  2.000000e+00
   endloop
 endfacet
 facet normal  0.000000e+00  0.000000e+00  1.000000e+00
   outer loop
     vertex  5.065000e+01  7.950000e+00  2.000000e+00
     vertex  4.851232e+01 -4.912213e-01  2.000000e+00
     vertex  4.854765e+01 -5.332029e-01  2.000000e+00
   endloop
 endfacet
 facet normal  0.000000e+00  0.000000e+00  1.000000e+00
   outer loop
     vertex  5.065000e+01  7.950000e+00  2.000000e+00
     vertex  4.900000e+01 -1.800000e+00  2.000000e+00
     vertex  4.899925e+01 -1.854868e+00  2.000000e+00
   endloop
 endfacet
 facet normal  0.000000e+00  0.000000e+00  1.000000e+00
   outer loop
     vertex  5.065000e+01  7.950000e+00  2.000000e+00
     vertex  4.847584e+01 -4.502250e-01  2.000000e+00
     vertex  4.851232e+01 -4.912213e-01  2.000000e+00
   endloop
 endfacet
 facet normal  0.000000e+00  0.000000e+00  1.000000e+00
   outer loop
     vertex  5.065000e+01  7.950000e+00  2.000000e+00
     vertex  4.843826e+01 -4.102447e-01  2.000000e+00
     vertex  4.847584e+01 -4.502250e-01  2.000000e+00
   endloop
 endfacet
 facet normal  0.000000e+00  0.000000e+00  1.000000e+00
   outer loop
     vertex  5.065000e+01  7.950000e+00  2.000000e+00
     vertex  4.839959e+01 -3.713106e-01  2.000000e+00
     vertex  4.843826e+01 -4.102447e-01  2.000000e+00
   endloop
 endfacet
 facet normal  0.000000e+00  0.000000e+00  1.000000e+00
   outer loop
     vertex  5.065000e+01  7.950000e+00  2.000000e+00
     vertex  4.835987e+01 -3.334520e-01  2.000000e+00
     vertex  4.839959e+01 -3.713106e-01  2.000000e+00
   endloop
 endfacet
 facet normal  0.000000e+00  0.000000e+00  1.000000e+00
   outer loop
     vertex  5.065000e+01  7.950000e+00  2.000000e+00
     vertex  4.831912e+01 -2.966973e-01  2.000000e+00
     vertex  4.835987e+01 -3.334520e-01  2.000000e+00
   endloop
 endfacet
 facet normal  0.000000e+00  0.000000e+00  1.000000e+00
   outer loop
     vertex  5.065000e+01  7.950000e+00  2.000000e+00
     vertex  4.827738e+01 -2.610743e-01  2.000000e+00
     vertex  4.831912e+01 -2.966973e-01  2.000000e+00
   endloop
 endfacet
 facet normal  0.000000e+00  0.000000e+00  1.000000e+00
   outer loop
     vertex  5.065000e+01  7.950000e+00  2.000000e+00
     vertex  4.823468e+01 -2.266098e-01  2.000000e+00
     vertex  4.827738e+01 -2.610743e-01  2.000000e+00
   endloop
 endfacet
 facet normal  0.000000e+00  0.000000e+00  1.000000e+00
   outer loop
     vertex  5.065000e+01  7.950000e+00  2.000000e+00
     vertex  4.819105e+01 -1.933296e-01  2.000000e+00
     vertex  4.823468e+01 -2.266098e-01  2.000000e+00
   endloop
 endfacet
 facet normal  0.000000e+00  0.000000e+00  1.000000e+00
   outer loop
     vertex  5.065000e+01  7.950000e+00  2.000000e+00
     vertex  4.814653e+01 -1.612589e-01  2.000000e+00
     vertex  4.819105e+01 -1.933296e-01  2.000000e+00
   endloop
 endfacet
 facet normal  0.000000e+00  0.000000e+00  1.000000e+00
   outer loop
     vertex  5.065000e+01  7.950000e+00  2.000000e+00
     vertex  4.810114e+01 -1.304218e-01  2.000000e+00
     vertex  4.814653e+01 -1.612589e-01  2.000000e+00
   endloop
 endfacet
 facet normal  0.000000e+00  0.000000e+00  1.000000e+00
   outer loop
     vertex  5.065000e+01  7.950000e+00  2.000000e+00
     vertex  4.805492e+01 -1.008414e-01  2.000000e+00
     vertex  4.810114e+01 -1.304218e-01  2.000000e+00
   endloop
 endfacet
 facet normal  0.000000e+00  0.000000e+00  1.000000e+00
   outer loop
     vertex  5.065000e+01  7.950000e+00  2.000000e+00
     vertex  4.800791e+01 -7.254020e-02  2.000000e+00
     vertex  4.805492e+01 -1.008414e-01  2.000000e+00
   endloop
 endfacet
 facet normal  0.000000e+00  0.000000e+00  1.000000e+00
   outer loop
     vertex  5.065000e+01  7.950000e+00  2.000000e+00
     vertex  4.796014e+01 -4.553934e-02  2.000000e+00
     vertex  4.800791e+01 -7.254020e-02  2.000000e+00
   endloop
 endfacet
 facet normal  0.000000e+00  0.000000e+00  1.000000e+00
   outer loop
     vertex  5.065000e+01  7.950000e+00  2.000000e+00
     vertex  4.791165e+01 -1.985918e-02  2.000000e+00
     vertex  4.796014e+01 -4.553934e-02  2.000000e+00
   endloop
 endfacet
 facet normal  0.000000e+00  0.000000e+00  1.000000e+00
   outer loop
     vertex  5.065000e+01  7.950000e+00  2.000000e+00
     vertex  4.786247e+01  4.480949e-03  2.000000e+00
     vertex  4.791165e+01 -1.985918e-02  2.000000e+00
   endloop
 endfacet
 facet normal  0.000000e+00  0.000000e+00  1.000000e+00
   outer loop
     vertex  5.065000e+01  7.950000e+00  2.000000e+00
     vertex  4.781264e+01  2.746272e-02  2.000000e+00
     vertex  4.786247e+01  4.480949e-03  2.000000e+00
   endloop
 endfacet
 facet normal  0.000000e+00  0.000000e+00  1.000000e+00
   outer loop
     vertex  5.065000e+01  7.950000e+00  2.000000e+00
     vertex  4.776220e+01  4.906883e-02  2.000000e+00
     vertex  4.781264e+01  2.746272e-02  2.000000e+00
   endloop
 endfacet
 facet normal  0.000000e+00  0.000000e+00  1.000000e+00
   outer loop
     vertex  5.065000e+01  7.950000e+00  2.000000e+00
     vertex  4.771118e+01  6.928302e-02  2.000000e+00
     vertex  4.776220e+01  4.906883e-02  2.000000e+00
   endloop
 endfacet
 facet normal  0.000000e+00  0.000000e+00  1.000000e+00
   outer loop
     vertex  5.065000e+01  7.950000e+00  2.000000e+00
     vertex  4.765963e+01  8.809008e-02  2.000000e+00
     vertex  4.771118e+01  6.928302e-02  2.000000e+00
   endloop
 endfacet
 facet normal  0.000000e+00  0.000000e+00  1.000000e+00
   outer loop
     vertex  5.065000e+01  7.950000e+00  2.000000e+00
     vertex  4.760759e+01  1.054758e-01  2.000000e+00
     vertex  4.765963e+01  8.809008e-02  2.000000e+00
   endloop
 endfacet
 facet normal  0.000000e+00  0.000000e+00  1.000000e+00
   outer loop
     vertex  5.065000e+01  7.950000e+00  2.000000e+00
     vertex  4.755508e+01  1.214272e-01  2.000000e+00
     vertex  4.760759e+01  1.054758e-01  2.000000e+00
   endloop
 endfacet
 facet normal  0.000000e+00  0.000000e+00  1.000000e+00
   outer loop
     vertex  5.065000e+01  7.950000e+00  2.000000e+00
     vertex  4.750216e+01  1.359322e-01  2.000000e+00
     vertex  4.755508e+01  1.214272e-01  2.000000e+00
   endloop
 endfacet
 facet normal  0.000000e+00  0.000000e+00  1.000000e+00
   outer loop
     vertex  5.065000e+01  7.950000e+00  2.000000e+00
     vertex  4.744886e+01  1.489799e-01  2.000000e+00
     vertex  4.750216e+01  1.359322e-01  2.000000e+00
   endloop
 endfacet
 facet normal  0.000000e+00  0.000000e+00  1.000000e+00
   outer loop
     vertex  5.065000e+01  7.950000e+00  2.000000e+00
     vertex  4.739523e+01  1.605604e-01  2.000000e+00
     vertex  4.744886e+01  1.489799e-01  2.000000e+00
   endloop
 endfacet
 facet normal  0.000000e+00  0.000000e+00  1.000000e+00
   outer loop
     vertex  5.065000e+01  7.950000e+00  2.000000e+00
     vertex  4.734129e+01  1.706651e-01  2.000000e+00
     vertex  4.739523e+01  1.605604e-01  2.000000e+00
   endloop
 endfacet
 facet normal  0.000000e+00  0.000000e+00  1.000000e+00
   outer loop
     vertex  5.065000e+01  7.950000e+00  2.000000e+00
     vertex  4.728710e+01  1.792864e-01  2.000000e+00
     vertex  4.734129e+01  1.706651e-01  2.000000e+00
   endloop
 endfacet
 facet normal  0.000000e+00  0.000000e+00  1.000000e+00
   outer loop
     vertex  5.065000e+01  7.950000e+00  2.000000e+00
     vertex  4.723269e+01  1.864177e-01  2.000000e+00
     vertex  4.728710e+01  1.792864e-01  2.000000e+00
   endloop
 endfacet
 facet normal  0.000000e+00  0.000000e+00  1.000000e+00
   outer loop
     vertex  5.065000e+01  7.950000e+00  2.000000e+00
     vertex  4.717811e+01  1.920536e-01  2.000000e+00
     vertex  4.723269e+01  1.864177e-01  2.000000e+00
   endloop
 endfacet
 facet normal  0.000000e+00  0.000000e+00  1.000000e+00
   outer loop
     vertex  5.065000e+01  7.950000e+00  2.000000e+00
     vertex  4.712339e+01  1.961901e-01  2.000000e+00
     vertex  4.717811e+01  1.920536e-01  2.000000e+00
   endloop
 endfacet
 facet normal  0.000000e+00  0.000000e+00  1.000000e+00
   outer loop
     vertex  5.065000e+01  7.950000e+00  2.000000e+00
     vertex  4.706858e+01  1.988238e-01  2.000000e+00
     vertex  4.712339e+01  1.961901e-01  2.000000e+00
   endloop
 endfacet
 facet normal  0.000000e+00  0.000000e+00  1.000000e+00
   outer loop
     vertex  5.065000e+01  7.950000e+00  2.000000e+00
     vertex  4.701372e+01  1.999529e-01  2.000000e+00
     vertex  4.706858e+01  1.988238e-01  2.000000e+00
   endloop
 endfacet
 facet normal  0.000000e+00  0.000000e+00  1.000000e+00
   outer loop
     vertex  5.065000e+01  7.950000e+00  2.000000e+00
     vertex  4.695885e+01  1.995766e-01  2.000000e+00
     vertex  4.701372e+01  1.999529e-01  2.000000e+00
   endloop
 endfacet
 facet normal  0.000000e+00  0.000000e+00  1.000000e+00
   outer loop
     vertex  5.065000e+01  7.950000e+00  2.000000e+00
     vertex  4.690401e+01  1.976949e-01  2.000000e+00
     vertex  4.695885e+01  1.995766e-01  2.000000e+00
   endloop
 endfacet
 facet normal  0.000000e+00  0.000000e+00  1.000000e+00
   outer loop
     vertex  5.065000e+01  7.950000e+00  2.000000e+00
     vertex  4.684924e+01  1.943095e-01  2.000000e+00
     vertex  4.690401e+01  1.976949e-01  2.000000e+00
   endloop
 endfacet
 facet normal  0.000000e+00  0.000000e+00  1.000000e+00
   outer loop
     vertex  5.065000e+01  7.950000e+00  2.000000e+00
     vertex  4.679458e+01  1.894229e-01  2.000000e+00
     vertex  4.684924e+01  1.943095e-01  2.000000e+00
   endloop
 endfacet
 facet normal  0.000000e+00  0.000000e+00  1.000000e+00
   outer loop
     vertex  5.065000e+01  7.950000e+00  2.000000e+00
     vertex  4.674008e+01  1.830386e-01  2.000000e+00
     vertex  4.679458e+01  1.894229e-01  2.000000e+00
   endloop
 endfacet
 facet normal  0.000000e+00  0.000000e+00  1.000000e+00
   outer loop
     vertex  5.065000e+01  7.950000e+00  2.000000e+00
     vertex  4.668578e+01  1.751616e-01  2.000000e+00
     vertex  4.674008e+01  1.830386e-01  2.000000e+00
   endloop
 endfacet
 facet normal  0.000000e+00  0.000000e+00  1.000000e+00
   outer loop
     vertex  5.065000e+01  7.950000e+00  2.000000e+00
     vertex  4.663171e+01  1.657978e-01  2.000000e+00
     vertex  4.668578e+01  1.751616e-01  2.000000e+00
   endloop
 endfacet
 facet normal  0.000000e+00  0.000000e+00  1.000000e+00
   outer loop
     vertex  5.065000e+01  7.950000e+00  2.000000e+00
     vertex  4.657792e+01  1.549541e-01  2.000000e+00
     vertex  4.663171e+01  1.657978e-01  2.000000e+00
   endloop
 endfacet
 facet normal  0.000000e+00  0.000000e+00  1.000000e+00
   outer loop
     vertex  5.065000e+01  7.950000e+00  2.000000e+00
     vertex  4.652444e+01  1.426388e-01  2.000000e+00
     vertex  4.657792e+01  1.549541e-01  2.000000e+00
   endloop
 endfacet
 facet normal  0.000000e+00  0.000000e+00  1.000000e+00
   outer loop
     vertex  5.065000e+01  7.950000e+00  2.000000e+00
     vertex  4.647133e+01  1.288612e-01  2.000000e+00
     vertex  4.652444e+01  1.426388e-01  2.000000e+00
   endloop
 endfacet
 facet normal  0.000000e+00  0.000000e+00  1.000000e+00
   outer loop
     vertex  5.065000e+01  7.950000e+00  2.000000e+00
     vertex  4.641861e+01  1.136316e-01  2.000000e+00
     vertex  4.647133e+01  1.288612e-01  2.000000e+00
   endloop
 endfacet
 facet normal  0.000000e+00  0.000000e+00  1.000000e+00
   outer loop
     vertex  5.065000e+01  7.950000e+00  2.000000e+00
     vertex  4.636633e+01  9.696146e-02  2.000000e+00
     vertex  4.641861e+01  1.136316e-01  2.000000e+00
   endloop
 endfacet
 facet normal  0.000000e+00  0.000000e+00  1.000000e+00
   outer loop
     vertex  5.065000e+01  7.950000e+00  2.000000e+00
     vertex  4.631453e+01  7.886335e-02  2.000000e+00
     vertex  4.636633e+01  9.696146e-02  2.000000e+00
   endloop
 endfacet
 facet normal  0.000000e+00  0.000000e+00  1.000000e+00
   outer loop
     vertex  5.065000e+01  7.950000e+00  2.000000e+00
     vertex  4.626324e+01  5.935089e-02  2.000000e+00
     vertex  4.631453e+01  7.886335e-02  2.000000e+00
   endloop
 endfacet
 facet normal  0.000000e+00  0.000000e+00  1.000000e+00
   outer loop
     vertex  5.065000e+01  7.950000e+00  2.000000e+00
     vertex  4.621251e+01  3.843877e-02  2.000000e+00
     vertex  4.626324e+01  5.935089e-02  2.000000e+00
   endloop
 endfacet
 facet normal  0.000000e+00  0.000000e+00  1.000000e+00
   outer loop
     vertex  5.065000e+01  7.950000e+00  2.000000e+00
     vertex  4.616237e+01  1.614273e-02  2.000000e+00
     vertex  4.621251e+01  3.843877e-02  2.000000e+00
   endloop
 endfacet
 facet normal  0.000000e+00  0.000000e+00  1.000000e+00
   outer loop
     vertex  5.065000e+01  7.950000e+00  2.000000e+00
     vertex  4.611286e+01 -7.520441e-03  2.000000e+00
     vertex  4.616237e+01  1.614273e-02  2.000000e+00
   endloop
 endfacet
 facet normal  0.000000e+00  0.000000e+00  1.000000e+00
   outer loop
     vertex  5.065000e+01  7.950000e+00  2.000000e+00
     vertex  4.606402e+01 -3.253294e-02  2.000000e+00
     vertex  4.611286e+01 -7.520441e-03  2.000000e+00
   endloop
 endfacet
 facet normal  0.000000e+00  0.000000e+00  1.000000e+00
   outer loop
     vertex  5.065000e+01  7.950000e+00  2.000000e+00
     vertex  4.601588e+01 -5.887593e-02  2.000000e+00
     vertex  4.606402e+01 -3.253294e-02  2.000000e+00
   endloop
 endfacet
 facet normal  0.000000e+00  0.000000e+00  1.000000e+00
   outer loop
     vertex  5.065000e+01  7.950000e+00  2.000000e+00
     vertex  4.596849e+01 -8.652958e-02  2.000000e+00
     vertex  4.601588e+01 -5.887593e-02  2.000000e+00
   endloop
 endfacet
 facet normal  0.000000e+00  0.000000e+00  1.000000e+00
   outer loop
     vertex  5.065000e+01  7.950000e+00  2.000000e+00
     vertex  4.592187e+01 -1.154731e-01  2.000000e+00
     vertex  4.596849e+01 -8.652958e-02  2.000000e+00
   endloop
 endfacet
 facet normal  0.000000e+00  0.000000e+00  1.000000e+00
   outer loop
     vertex  5.065000e+01  7.950000e+00  2.000000e+00
     vertex  4.587606e+01 -1.456846e-01  2.000000e+00
     vertex  4.592187e+01 -1.154731e-01  2.000000e+00
   endloop
 endfacet
 facet normal  0.000000e+00  0.000000e+00  1.000000e+00
   outer loop
     vertex  5.065000e+01  7.950000e+00  2.000000e+00
     vertex  4.583110e+01 -1.771415e-01  2.000000e+00
     vertex  4.587606e+01 -1.456846e-01  2.000000e+00
   endloop
 endfacet
 facet normal  0.000000e+00  0.000000e+00  1.000000e+00
   outer loop
     vertex  5.065000e+01  7.950000e+00  2.000000e+00
     vertex  4.578702e+01 -2.098200e-01  2.000000e+00
     vertex  4.583110e+01 -1.771415e-01  2.000000e+00
   endloop
 endfacet
 facet normal  0.000000e+00  0.000000e+00  1.000000e+00
   outer loop
     vertex  5.065000e+01  7.950000e+00  2.000000e+00
     vertex  4.574385e+01 -2.436956e-01  2.000000e+00
     vertex  4.578702e+01 -2.098200e-01  2.000000e+00
   endloop
 endfacet
 facet normal  0.000000e+00  0.000000e+00  1.000000e+00
   outer loop
     vertex  5.065000e+01  7.950000e+00  2.000000e+00
     vertex  4.570163e+01 -2.787427e-01  2.000000e+00
     vertex  4.574385e+01 -2.436956e-01  2.000000e+00
   endloop
 endfacet
 facet normal  0.000000e+00  0.000000e+00  1.000000e+00
   outer loop
     vertex  5.065000e+01  7.950000e+00  2.000000e+00
     vertex  4.566038e+01 -3.149349e-01  2.000000e+00
     vertex  4.570163e+01 -2.787427e-01  2.000000e+00
   endloop
 endfacet
 facet normal  0.000000e+00  0.000000e+00  1.000000e+00
   outer loop
     vertex  5.065000e+01  7.950000e+00  2.000000e+00
     vertex  4.562014e+01 -3.522451e-01  2.000000e+00
     vertex  4.566038e+01 -3.149349e-01  2.000000e+00
   endloop
 endfacet
 facet normal  0.000000e+00  0.000000e+00  1.000000e+00
   outer loop
     vertex  5.065000e+01  7.950000e+00  2.000000e+00
     vertex  4.558094e+01 -3.906451e-01  2.000000e+00
     vertex  4.562014e+01 -3.522451e-01  2.000000e+00
   endloop
 endfacet
 facet normal  0.000000e+00  0.000000e+00  1.000000e+00
   outer loop
     vertex  5.065000e+01  7.950000e+00  2.000000e+00
     vertex  4.554281e+01 -4.301060e-01  2.000000e+00
     vertex  4.558094e+01 -3.906451e-01  2.000000e+00
   endloop
 endfacet
 facet normal  0.000000e+00  0.000000e+00  1.000000e+00
   outer loop
     vertex  5.065000e+01  7.950000e+00  2.000000e+00
     vertex  4.550578e+01 -4.705981e-01  2.000000e+00
     vertex  4.554281e+01 -4.301060e-01  2.000000e+00
   endloop
 endfacet
 facet normal  0.000000e+00  0.000000e+00  1.000000e+00
   outer loop
     vertex  5.065000e+01  7.950000e+00  2.000000e+00
     vertex  4.899925e+01 -1.745132e+00  2.000000e+00
     vertex  4.900000e+01 -1.800000e+00  2.000000e+00
   endloop
 endfacet
 facet normal  0.000000e+00  0.000000e+00  1.000000e+00
   outer loop
     vertex  5.065000e+01  7.950000e+00  2.000000e+00
     vertex  4.899699e+01 -1.690305e+00  2.000000e+00
     vertex  4.899925e+01 -1.745132e+00  2.000000e+00
   endloop
 endfacet
 facet normal  0.000000e+00  0.000000e+00  1.000000e+00
   outer loop
     vertex  5.065000e+01  7.950000e+00  2.000000e+00
     vertex  4.899323e+01 -1.635561e+00  2.000000e+00
     vertex  4.899699e+01 -1.690305e+00  2.000000e+00
   endloop
 endfacet
 facet normal  0.000000e+00  0.000000e+00  1.000000e+00
   outer loop
     vertex  5.065000e+01  7.950000e+00  2.000000e+00
     vertex  4.898797e+01 -1.580940e+00  2.000000e+00
     vertex  4.899323e+01 -1.635561e+00  2.000000e+00
   endloop
 endfacet
 facet normal  0.000000e+00  0.000000e+00  1.000000e+00
   outer loop
     vertex  5.065000e+01  7.950000e+00  2.000000e+00
     vertex  4.898121e+01 -1.526485e+00  2.000000e+00
     vertex  4.898797e+01 -1.580940e+00  2.000000e+00
   endloop
 endfacet
 facet normal  0.000000e+00  0.000000e+00  1.000000e+00
   outer loop
     vertex  5.065000e+01  7.950000e+00  2.000000e+00
     vertex  4.897296e+01 -1.472235e+00  2.000000e+00
     vertex  4.898121e+01 -1.526485e+00  2.000000e+00
   endloop
 endfacet
 facet normal  0.000000e+00  0.000000e+00  1.000000e+00
   outer loop
     vertex  5.065000e+01  7.950000e+00  2.000000e+00
     vertex  4.896323e+01 -1.418232e+00  2.000000e+00
     vertex  4.897296e+01 -1.472235e+00  2.000000e+00
   endloop
 endfacet
 facet normal  0.000000e+00  0.000000e+00  1.000000e+00
   outer loop
     vertex  5.065000e+01  7.950000e+00  2.000000e+00
     vertex  4.895201e+01 -1.364517e+00  2.000000e+00
     vertex  4.896323e+01 -1.418232e+00  2.000000e+00
   endloop
 endfacet
 facet normal  0.000000e+00  0.000000e+00  1.000000e+00
   outer loop
     vertex  5.065000e+01  7.950000e+00  2.000000e+00
     vertex  4.893933e+01 -1.311129e+00  2.000000e+00
     vertex  4.895201e+01 -1.364517e+00  2.000000e+00
   endloop
 endfacet
 facet normal  0.000000e+00  0.000000e+00  1.000000e+00
   outer loop
     vertex  5.065000e+01  7.950000e+00  2.000000e+00
     vertex  4.892519e+01 -1.258109e+00  2.000000e+00
     vertex  4.893933e+01 -1.311129e+00  2.000000e+00
   endloop
 endfacet
 facet normal  0.000000e+00  0.000000e+00  1.000000e+00
   outer loop
     vertex  5.065000e+01  7.950000e+00  2.000000e+00
     vertex  4.890960e+01 -1.205498e+00  2.000000e+00
     vertex  4.892519e+01 -1.258109e+00  2.000000e+00
   endloop
 endfacet
 facet normal  0.000000e+00  0.000000e+00  1.000000e+00
   outer loop
     vertex  5.065000e+01  7.950000e+00  2.000000e+00
     vertex  4.889257e+01 -1.153333e+00  2.000000e+00
     vertex  4.890960e+01 -1.205498e+00  2.000000e+00
   endloop
 endfacet
 facet normal  0.000000e+00  0.000000e+00  1.000000e+00
   outer loop
     vertex  5.065000e+01  7.950000e+00  2.000000e+00
     vertex  4.887412e+01 -1.101656e+00  2.000000e+00
     vertex  4.889257e+01 -1.153333e+00  2.000000e+00
   endloop
 endfacet
 facet normal  0.000000e+00  0.000000e+00  1.000000e+00
   outer loop
     vertex  5.065000e+01  7.950000e+00  2.000000e+00
     vertex  4.885425e+01 -1.050504e+00  2.000000e+00
     vertex  4.887412e+01 -1.101656e+00  2.000000e+00
   endloop
 endfacet
 facet normal  0.000000e+00  0.000000e+00  1.000000e+00
   outer loop
     vertex  5.065000e+01  7.950000e+00  2.000000e+00
     vertex  4.883299e+01 -9.999166e-01  2.000000e+00
     vertex  4.885425e+01 -1.050504e+00  2.000000e+00
   endloop
 endfacet
 facet normal  0.000000e+00  0.000000e+00  1.000000e+00
   outer loop
     vertex -6.500000e-01  7.950000e+00  2.000000e+00
     vertex -6.500000e-01 -5.665000e+01  2.000000e+00
     vertex  1.009215e+00 -2.191767e+00  2.000000e+00
   endloop
 endfacet
 facet normal  0.000000e+00  0.000000e+00  1.000000e+00
   outer loop
     vertex  1.009215e+00 -2.191767e+00  2.000000e+00
     vertex -6.500000e-01 -5.665000e+01  2.000000e+00
     vertex  1.015225e+00 -2.246310e+00  2.000000e+00
   endloop
 endfacet
 facet normal  0.000000e+00  0.000000e+00  1.000000e+00
   outer loop
     vertex  1.015225e+00 -2.246310e+00  2.000000e+00
     vertex -6.500000e-01 -5.665000e+01  2.000000e+00
     vertex  1.022729e+00 -2.300668e+00  2.000000e+00
   endloop
 endfacet
 facet normal  0.000000e+00  0.000000e+00  1.000000e+00
   outer loop
     vertex  1.022729e+00 -2.300668e+00  2.000000e+00
     vertex -6.500000e-01 -5.665000e+01  2.000000e+00
     vertex  1.031722e+00 -2.354800e+00  2.000000e+00
   endloop
 endfacet
 facet normal  0.000000e+00  0.000000e+00  1.000000e+00
   outer loop
     vertex  1.031722e+00 -2.354800e+00  2.000000e+00
     vertex -6.500000e-01 -5.665000e+01  2.000000e+00
     vertex  1.042197e+00 -2.408664e+00  2.000000e+00
   endloop
 endfacet
 facet normal  0.000000e+00  0.000000e+00  1.000000e+00
   outer loop
     vertex  1.042197e+00 -2.408664e+00  2.000000e+00
     vertex -6.500000e-01 -5.665000e+01  2.000000e+00
     vertex  1.054145e+00 -2.462220e+00  2.000000e+00
   endloop
 endfacet
 facet normal  0.000000e+00  0.000000e+00  1.000000e+00
   outer loop
     vertex  1.054145e+00 -2.462220e+00  2.000000e+00
     vertex -6.500000e-01 -5.665000e+01  2.000000e+00
     vertex  1.067558e+00 -2.515429e+00  2.000000e+00
   endloop
 endfacet
 facet normal  0.000000e+00  0.000000e+00  1.000000e+00
   outer loop
     vertex  1.067558e+00 -2.515429e+00  2.000000e+00
     vertex -6.500000e-01 -5.665000e+01  2.000000e+00
     vertex  1.082425e+00 -2.568250e+00  2.000000e+00
   endloop
 endfacet
 facet normal  0.000000e+00 -0.000000e+00  1.000000e+00
   outer loop
     vertex  5.065000e+01 -5.665000e+01  2.000000e+00
     vertex  5.065000e+01  7.950000e+00  2.000000e+00
     vertex  4.898797e+01 -2.019060e+00  2.000000e+00
   endloop
 endfacet
 facet normal  0.000000e+00  0.000000e+00  1.000000e+00
   outer loop
     vertex  5.065000e+01 -5.665000e+01  2.000000e+00
     vertex  4.898797e+01 -2.019060e+00  2.000000e+00
     vertex  4.898121e+01 -2.073515e+00  2.000000e+00
   endloop
 endfacet
 facet normal  0.000000e+00  0.000000e+00  1.000000e+00
   outer loop
     vertex  5.065000e+01 -5.665000e+01  2.000000e+00
     vertex  4.898121e+01 -2.073515e+00  2.000000e+00
     vertex  4.897296e+01 -2.127765e+00  2.000000e+00
   endloop
 endfacet
 facet normal  0.000000e+00  0.000000e+00  1.000000e+00
   outer loop
     vertex  5.065000e+01 -5.665000e+01  2.000000e+00
     vertex  4.897296e+01 -2.127765e+00  2.000000e+00
     vertex  4.896323e+01 -2.181768e+00  2.000000e+00
   endloop
 endfacet
 facet normal  0.000000e+00  0.000000e+00  1.000000e+00
   outer loop
     vertex  5.065000e+01 -5.665000e+01  2.000000e+00
     vertex  4.896323e+01 -2.181768e+00  2.000000e+00
     vertex  4.895201e+01 -2.235483e+00  2.000000e+00
   endloop
 endfacet
 facet normal  0.000000e+00  0.000000e+00  1.000000e+00
   outer loop
     vertex  5.065000e+01 -5.665000e+01  2.000000e+00
     vertex  4.895201e+01 -2.235483e+00  2.000000e+00
     vertex  4.893933e+01 -2.288871e+00  2.000000e+00
   endloop
 endfacet
 facet normal  0.000000e+00  0.000000e+00  1.000000e+00
   outer loop
     vertex  5.065000e+01 -5.665000e+01  2.000000e+00
     vertex  4.893933e+01 -2.288871e+00  2.000000e+00
     vertex  4.892519e+01 -2.341891e+00  2.000000e+00
   endloop
 endfacet
 facet normal  9.999059e-01  1.371831e-02  0.000000e+00
   outer loop
     vertex  4.999247e+00 -5.344513e+01  5.000000e+00
     vertex  5.000000e+00 -5.350000e+01  5.000000e+00
     vertex  5.000000e+00 -5.350000e+01  2.000000e+00
   endloop
 endfacet
 facet normal  9.999059e-01  1.371831e-02  0.000000e+00
   outer loop
     vertex  4.999247e+00 -5.344513e+01  5.000000e+00
     vertex  5.000000e+00 -5.350000e+01  2.000000e+00
     vertex  4.999247e+00 -5.344513e+01  2.000000e+00
   endloop
 endfacet
 facet normal  9.991532e-01  4.114462e-02  0.000000e+00
   outer loop
     vertex  4.996989e+00 -5.339031e+01  5.000000e+00
     vertex  4.999247e+00 -5.344513e+01  2.000000e+00
     vertex  4.996989e+00 -5.339031e+01  2.000000e+00
   endloop
 endfacet
 facet normal  9.991532e-01  4.114462e-02  0.000000e+00
   outer loop
     vertex  4.996989e+00 -5.339031e+01  5.000000e+00
     vertex  4.999247e+00 -5.344513e+01  5.000000e+00
     vertex  4.999247e+00 -5.344513e+01  2.000000e+00
   endloop
 endfacet
 facet normal  9.976484e-01  6.853995e-02  0.000000e+00
   outer loop
     vertex  4.993228e+00 -5.333556e+01  5.000000e+00
     vertex  4.996989e+00 -5.339031e+01  2.000000e+00
     vertex  4.993228e+00 -5.333556e+01  2.000000e+00
   endloop
 endfacet
 facet normal  9.976484e-01  6.853995e-02  0.000000e+00
   outer loop
     vertex  4.993228e+00 -5.333556e+01  5.000000e+00
     vertex  4.996989e+00 -5.339031e+01  5.000000e+00
     vertex  4.996989e+00 -5.339031e+01  2.000000e+00
   endloop
 endfacet
 facet normal  9.953925e-01  9.588368e-02  0.000000e+00
   outer loop
     vertex  4.987967e+00 -5.328094e+01  5.000000e+00
     vertex  4.993228e+00 -5.333556e+01  2.000000e+00
     vertex  4.987967e+00 -5.328094e+01  2.000000e+00
   endloop
 endfacet
 facet normal  9.953925e-01  9.588368e-02  0.000000e+00
   outer loop
     vertex  4.987967e+00 -5.328094e+01  5.000000e+00
     vertex  4.993228e+00 -5.333556e+01  5.000000e+00
     vertex  4.993228e+00 -5.333556e+01  2.000000e+00
   endloop
 endfacet
 facet normal  9.923874e-01  1.231552e-01  0.000000e+00
   outer loop
     vertex  4.981209e+00 -5.322648e+01  5.000000e+00
     vertex  4.987967e+00 -5.328094e+01  2.000000e+00
     vertex  4.981209e+00 -5.322648e+01  2.000000e+00
   endloop
 endfacet
 facet normal  9.923874e-01  1.231552e-01  0.000000e+00
   outer loop
     vertex  4.981209e+00 -5.322648e+01  5.000000e+00
     vertex  4.987967e+00 -5.328094e+01  5.000000e+00
     vertex  4.987967e+00 -5.328094e+01  2.000000e+00
   endloop
 endfacet
 facet normal  9.886353e-01  1.503341e-01  0.000000e+00
   outer loop
     vertex  4.972960e+00 -5.317224e+01  5.000000e+00
     vertex  4.981209e+00 -5.322648e+01  2.000000e+00
     vertex  4.972960e+00 -5.317224e+01  2.000000e+00
   endloop
 endfacet
 facet normal  9.841389e-01  1.773998e-01  0.000000e+00
   outer loop
     vertex  4.972960e+00 -5.317224e+01  5.000000e+00
     vertex  4.972960e+00 -5.317224e+01  2.000000e+00
     vertex  4.963225e+00 -5.311823e+01  2.000000e+00
   endloop
 endfacet
 facet normal  9.886353e-01  1.503341e-01  0.000000e+00
   outer loop
     vertex  4.972960e+00 -5.317224e+01  5.000000e+00
     vertex  4.981209e+00 -5.322648e+01  5.000000e+00
     vertex  4.981209e+00 -5.322648e+01  2.000000e+00
   endloop
 endfacet
 facet normal  9.841389e-01  1.773998e-01  0.000000e+00
   outer loop
     vertex  4.963225e+00 -5.311823e+01  5.000000e+00
     vertex  4.972960e+00 -5.317224e+01  5.000000e+00
     vertex  4.963225e+00 -5.311823e+01  2.000000e+00
   endloop
 endfacet
 facet normal  9.789017e-01  2.043319e-01  0.000000e+00
   outer loop
     vertex  4.952013e+00 -5.306452e+01  5.000000e+00
     vertex  4.963225e+00 -5.311823e+01  2.000000e+00
     vertex  4.952013e+00 -5.306452e+01  2.000000e+00
   endloop
 endfacet
 facet normal  9.789017e-01  2.043319e-01  0.000000e+00
   outer loop
     vertex  4.952013e+00 -5.306452e+01  5.000000e+00
     vertex  4.963225e+00 -5.311823e+01  5.000000e+00
     vertex  4.963225e+00 -5.311823e+01  2.000000e+00
   endloop
 endfacet
 facet normal  9.729276e-01  2.311102e-01  0.000000e+00
   outer loop
     vertex  4.939331e+00 -5.301113e+01  5.000000e+00
     vertex  4.952013e+00 -5.306452e+01  2.000000e+00
     vertex  4.939331e+00 -5.301113e+01  2.000000e+00
   endloop
 endfacet
 facet normal  9.729276e-01  2.311102e-01  0.000000e+00
   outer loop
     vertex  4.939331e+00 -5.301113e+01  5.000000e+00
     vertex  4.952013e+00 -5.306452e+01  5.000000e+00
     vertex  4.952013e+00 -5.306452e+01  2.000000e+00
   endloop
 endfacet
 facet normal  9.662211e-01  2.577146e-01  0.000000e+00
   outer loop
     vertex  4.925190e+00 -5.295811e+01  5.000000e+00
     vertex  4.939331e+00 -5.301113e+01  5.000000e+00
     vertex  4.939331e+00 -5.301113e+01  2.000000e+00
   endloop
 endfacet
 facet normal  9.662211e-01  2.577146e-01  0.000000e+00
   outer loop
     vertex  4.925190e+00 -5.295811e+01  5.000000e+00
     vertex  4.939331e+00 -5.301113e+01  2.000000e+00
     vertex  4.925190e+00 -5.295811e+01  2.000000e+00
   endloop
 endfacet
 facet normal  9.587873e-01  2.841250e-01  0.000000e+00
   outer loop
     vertex  4.925190e+00 -5.295811e+01  5.000000e+00
     vertex  4.925190e+00 -5.295811e+01  2.000000e+00
     vertex  4.909599e+00 -5.290550e+01  2.000000e+00
   endloop
 endfacet
 facet normal  9.587873e-01  2.841250e-01  0.000000e+00
   outer loop
     vertex  4.909599e+00 -5.290550e+01  5.000000e+00
     vertex  4.925190e+00 -5.295811e+01  5.000000e+00
     vertex  4.909599e+00 -5.290550e+01  2.000000e+00
   endloop
 endfacet
 facet normal  9.506317e-01  3.103214e-01  0.000000e+00
   outer loop
     vertex  4.909599e+00 -5.290550e+01  5.000000e+00
     vertex  4.909599e+00 -5.290550e+01  2.000000e+00
     vertex  4.892570e+00 -5.285333e+01  2.000000e+00
   endloop
 endfacet
 facet normal  9.506317e-01  3.103214e-01  0.000000e+00
   outer loop
     vertex  4.892570e+00 -5.285333e+01  5.000000e+00
     vertex  4.909599e+00 -5.290550e+01  5.000000e+00
     vertex  4.892570e+00 -5.285333e+01  2.000000e+00
   endloop
 endfacet
 facet normal  9.417605e-01  3.362843e-01  0.000000e+00
   outer loop
     vertex  4.892570e+00 -5.285333e+01  5.000000e+00
     vertex  4.892570e+00 -5.285333e+01  2.000000e+00
     vertex  4.874117e+00 -5.280166e+01  2.000000e+00
   endloop
 endfacet
 facet normal  9.417605e-01  3.362843e-01  0.000000e+00
   outer loop
     vertex  4.874117e+00 -5.280166e+01  5.000000e+00
     vertex  4.892570e+00 -5.285333e+01  5.000000e+00
     vertex  4.874117e+00 -5.280166e+01  2.000000e+00
   endloop
 endfacet
 facet normal  9.321804e-01  3.619940e-01  0.000000e+00
   outer loop
     vertex  4.854253e+00 -5.275050e+01  5.000000e+00
     vertex  4.874117e+00 -5.280166e+01  5.000000e+00
     vertex  4.874117e+00 -5.280166e+01  2.000000e+00
   endloop
 endfacet
 facet normal  9.321804e-01  3.619940e-01  0.000000e+00
   outer loop
     vertex  4.854253e+00 -5.275050e+01  5.000000e+00
     vertex  4.874117e+00 -5.280166e+01  2.000000e+00
     vertex  4.854253e+00 -5.275050e+01  2.000000e+00
   endloop
 endfacet
 facet normal  9.218986e-01  3.874313e-01  0.000000e+00
   outer loop
     vertex  4.832994e+00 -5.269992e+01  5.000000e+00
     vertex  4.854253e+00 -5.275050e+01  5.000000e+00
     vertex  4.854253e+00 -5.275050e+01  2.000000e+00
   endloop
 endfacet
 facet normal  9.218986e-01  3.874313e-01  0.000000e+00
   outer loop
     vertex  4.832994e+00 -5.269992e+01  5.000000e+00
     vertex  4.854253e+00 -5.275050e+01  2.000000e+00
     vertex  4.832994e+00 -5.269992e+01  2.000000e+00
   endloop
 endfacet
 facet normal  9.109228e-01  4.125769e-01  0.000000e+00
   outer loop
     vertex  4.810354e+00 -5.264993e+01  5.000000e+00
     vertex  4.832994e+00 -5.269992e+01  5.000000e+00
     vertex  4.832994e+00 -5.269992e+01  2.000000e+00
   endloop
 endfacet
 facet normal  9.109228e-01  4.125769e-01  0.000000e+00
   outer loop
     vertex  4.810354e+00 -5.264993e+01  5.000000e+00
     vertex  4.832994e+00 -5.269992e+01  2.000000e+00
     vertex  4.810354e+00 -5.264993e+01  2.000000e+00
   endloop
 endfacet
 facet normal  8.992613e-01  4.374119e-01  0.000000e+00
   outer loop
     vertex  4.786352e+00 -5.260059e+01  5.000000e+00
     vertex  4.810354e+00 -5.264993e+01  5.000000e+00
     vertex  4.810354e+00 -5.264993e+01  2.000000e+00
   endloop
 endfacet
 facet normal  8.992613e-01  4.374119e-01  0.000000e+00
   outer loop
     vertex  4.786352e+00 -5.260059e+01  5.000000e+00
     vertex  4.810354e+00 -5.264993e+01  2.000000e+00
     vertex  4.786352e+00 -5.260059e+01  2.000000e+00
   endloop
 endfacet
 facet normal  8.869228e-01  4.619176e-01  0.000000e+00
   outer loop
     vertex  4.761005e+00 -5.255192e+01  5.000000e+00
     vertex  4.786352e+00 -5.260059e+01  5.000000e+00
     vertex  4.786352e+00 -5.260059e+01  2.000000e+00
   endloop
 endfacet
 facet normal  8.869228e-01  4.619176e-01  0.000000e+00
   outer loop
     vertex  4.761005e+00 -5.255192e+01  5.000000e+00
     vertex  4.786352e+00 -5.260059e+01  2.000000e+00
     vertex  4.761005e+00 -5.255192e+01  2.000000e+00
   endloop
 endfacet
 facet normal  8.739167e-01  4.860756e-01  0.000000e+00
   outer loop
     vertex  4.734333e+00 -5.250396e+01  5.000000e+00
     vertex  4.761005e+00 -5.255192e+01  5.000000e+00
     vertex  4.761005e+00 -5.255192e+01  2.000000e+00
   endloop
 endfacet
 facet normal  8.739167e-01  4.860756e-01  0.000000e+00
   outer loop
     vertex  4.734333e+00 -5.250396e+01  5.000000e+00
     vertex  4.761005e+00 -5.255192e+01  2.000000e+00
     vertex  4.734333e+00 -5.250396e+01  2.000000e+00
   endloop
 endfacet
 facet normal  8.602528e-01  5.098678e-01  0.000000e+00
   outer loop
     vertex  4.706355e+00 -5.245676e+01  5.000000e+00
     vertex  4.734333e+00 -5.250396e+01  5.000000e+00
     vertex  4.734333e+00 -5.250396e+01  2.000000e+00
   endloop
 endfacet
 facet normal  8.602528e-01  5.098678e-01  0.000000e+00
   outer loop
     vertex  4.706355e+00 -5.245676e+01  5.000000e+00
     vertex  4.734333e+00 -5.250396e+01  2.000000e+00
     vertex  4.706355e+00 -5.245676e+01  2.000000e+00
   endloop
 endfacet
 facet normal  8.459413e-01  5.332761e-01  0.000000e+00
   outer loop
     vertex  4.677092e+00 -5.241034e+01  5.000000e+00
     vertex  4.706355e+00 -5.245676e+01  5.000000e+00
     vertex  4.706355e+00 -5.245676e+01  2.000000e+00
   endloop
 endfacet
 facet normal  8.459413e-01  5.332761e-01  0.000000e+00
   outer loop
     vertex  4.677092e+00 -5.241034e+01  5.000000e+00
     vertex  4.706355e+00 -5.245676e+01  2.000000e+00
     vertex  4.677092e+00 -5.241034e+01  2.000000e+00
   endloop
 endfacet
 facet normal  8.309929e-01  5.562829e-01  0.000000e+00
   outer loop
     vertex  4.646567e+00 -5.236474e+01  5.000000e+00
     vertex  4.677092e+00 -5.241034e+01  2.000000e+00
     vertex  4.646567e+00 -5.236474e+01  2.000000e+00
   endloop
 endfacet
 facet normal  8.309929e-01  5.562829e-01  0.000000e+00
   outer loop
     vertex  4.646567e+00 -5.236474e+01  5.000000e+00
     vertex  4.677092e+00 -5.241034e+01  5.000000e+00
     vertex  4.677092e+00 -5.241034e+01  2.000000e+00
   endloop
 endfacet
 facet normal  8.154191e-01  5.788711e-01  0.000000e+00
   outer loop
     vertex  4.614802e+00 -5.231999e+01  5.000000e+00
     vertex  4.646567e+00 -5.236474e+01  2.000000e+00
     vertex  4.614802e+00 -5.231999e+01  2.000000e+00
   endloop
 endfacet
 facet normal  8.154191e-01  5.788711e-01  0.000000e+00
   outer loop
     vertex  4.614802e+00 -5.231999e+01  5.000000e+00
     vertex  4.646567e+00 -5.236474e+01  5.000000e+00
     vertex  4.646567e+00 -5.236474e+01  2.000000e+00
   endloop
 endfacet
 facet normal  7.992314e-01  6.010234e-01  0.000000e+00
   outer loop
     vertex  4.581822e+00 -5.227614e+01  5.000000e+00
     vertex  4.614802e+00 -5.231999e+01  2.000000e+00
     vertex  4.581822e+00 -5.227614e+01  2.000000e+00
   endloop
 endfacet
 facet normal  7.992314e-01  6.010234e-01  0.000000e+00
   outer loop
     vertex  4.581822e+00 -5.227614e+01  5.000000e+00
     vertex  4.614802e+00 -5.231999e+01  5.000000e+00
     vertex  4.614802e+00 -5.231999e+01  2.000000e+00
   endloop
 endfacet
 facet normal  7.824421e-01  6.227234e-01  0.000000e+00
   outer loop
     vertex  4.547651e+00 -5.223320e+01  5.000000e+00
     vertex  4.581822e+00 -5.227614e+01  2.000000e+00
     vertex  4.547651e+00 -5.223320e+01  2.000000e+00
   endloop
 endfacet
 facet normal  7.824421e-01  6.227234e-01  0.000000e+00
   outer loop
     vertex  4.547651e+00 -5.223320e+01  5.000000e+00
     vertex  4.581822e+00 -5.227614e+01  5.000000e+00
     vertex  4.581822e+00 -5.227614e+01  2.000000e+00
   endloop
 endfacet
 facet normal  7.650637e-01  6.439545e-01  0.000000e+00
   outer loop
     vertex  4.512316e+00 -5.219122e+01  5.000000e+00
     vertex  4.547651e+00 -5.223320e+01  2.000000e+00
     vertex  4.512316e+00 -5.219122e+01  2.000000e+00
   endloop
 endfacet
 facet normal  7.650637e-01  6.439545e-01  0.000000e+00
   outer loop
     vertex  4.512316e+00 -5.219122e+01  5.000000e+00
     vertex  4.547651e+00 -5.223320e+01  5.000000e+00
     vertex  4.547651e+00 -5.223320e+01  2.000000e+00
   endloop
 endfacet
 facet normal  7.471095e-01  6.647010e-01  0.000000e+00
   outer loop
     vertex  4.475841e+00 -5.215022e+01  5.000000e+00
     vertex  4.512316e+00 -5.219122e+01  2.000000e+00
     vertex  4.475841e+00 -5.215022e+01  2.000000e+00
   endloop
 endfacet
 facet normal  7.285929e-01  6.849470e-01  0.000000e+00
   outer loop
     vertex  4.475841e+00 -5.215022e+01  5.000000e+00
     vertex  4.475841e+00 -5.215022e+01  2.000000e+00
     vertex  4.438256e+00 -5.211024e+01  2.000000e+00
   endloop
 endfacet
 facet normal  7.471095e-01  6.647010e-01  0.000000e+00
   outer loop
     vertex  4.475841e+00 -5.215022e+01  5.000000e+00
     vertex  4.512316e+00 -5.219122e+01  5.000000e+00
     vertex  4.512316e+00 -5.219122e+01  2.000000e+00
   endloop
 endfacet
 facet normal  7.285929e-01  6.849470e-01  0.000000e+00
   outer loop
     vertex  4.438256e+00 -5.211024e+01  5.000000e+00
     vertex  4.475841e+00 -5.215022e+01  5.000000e+00
     vertex  4.438256e+00 -5.211024e+01  2.000000e+00
   endloop
 endfacet
 facet normal  7.095278e-01  7.046775e-01  0.000000e+00
   outer loop
     vertex  4.399588e+00 -5.207131e+01  5.000000e+00
     vertex  4.438256e+00 -5.211024e+01  2.000000e+00
     vertex  4.399588e+00 -5.207131e+01  2.000000e+00
   endloop
 endfacet
 facet normal  6.899286e-01  7.238775e-01  0.000000e+00
   outer loop
     vertex  4.399588e+00 -5.207131e+01  5.000000e+00
     vertex  4.399588e+00 -5.207131e+01  2.000000e+00
     vertex  4.359867e+00 -5.203345e+01  2.000000e+00
   endloop
 endfacet
 facet normal  7.095278e-01  7.046775e-01  0.000000e+00
   outer loop
     vertex  4.399588e+00 -5.207131e+01  5.000000e+00
     vertex  4.438256e+00 -5.211024e+01  5.000000e+00
     vertex  4.438256e+00 -5.211024e+01  2.000000e+00
   endloop
 endfacet
 facet normal  6.899286e-01  7.238775e-01  0.000000e+00
   outer loop
     vertex  4.359867e+00 -5.203345e+01  5.000000e+00
     vertex  4.399588e+00 -5.207131e+01  5.000000e+00
     vertex  4.359867e+00 -5.203345e+01  2.000000e+00
   endloop
 endfacet
 facet normal  6.698100e-01  7.425325e-01  0.000000e+00
   outer loop
     vertex  4.319121e+00 -5.199670e+01  5.000000e+00
     vertex  4.359867e+00 -5.203345e+01  2.000000e+00
     vertex  4.319121e+00 -5.199670e+01  2.000000e+00
   endloop
 endfacet
 facet normal  6.698100e-01  7.425325e-01  0.000000e+00
   outer loop
     vertex  4.319121e+00 -5.199670e+01  5.000000e+00
     vertex  4.359867e+00 -5.203345e+01  5.000000e+00
     vertex  4.359867e+00 -5.203345e+01  2.000000e+00
   endloop
 endfacet
 facet normal  6.491872e-01  7.606287e-01  0.000000e+00
   outer loop
     vertex  4.277383e+00 -5.196107e+01  5.000000e+00
     vertex  4.319121e+00 -5.199670e+01  2.000000e+00
     vertex  4.277383e+00 -5.196107e+01  2.000000e+00
   endloop
 endfacet
 facet normal  6.280757e-01  7.781522e-01  0.000000e+00
   outer loop
     vertex  4.277383e+00 -5.196107e+01  5.000000e+00
     vertex  4.277383e+00 -5.196107e+01  2.000000e+00
     vertex  4.234683e+00 -5.192661e+01  2.000000e+00
   endloop
 endfacet
 facet normal  6.491872e-01  7.606287e-01  0.000000e+00
   outer loop
     vertex  4.277383e+00 -5.196107e+01  5.000000e+00
     vertex  4.319121e+00 -5.199670e+01  5.000000e+00
     vertex  4.319121e+00 -5.199670e+01  2.000000e+00
   endloop
 endfacet
 facet normal  6.064915e-01  7.950900e-01  0.000000e+00
   outer loop
     vertex  4.234683e+00 -5.192661e+01  5.000000e+00
     vertex  4.234683e+00 -5.192661e+01  2.000000e+00
     vertex  4.191054e+00 -5.189333e+01  2.000000e+00
   endloop
 endfacet
 facet normal  6.280757e-01  7.781522e-01  0.000000e+00
   outer loop
     vertex  4.234683e+00 -5.192661e+01  5.000000e+00
     vertex  4.277383e+00 -5.196107e+01  5.000000e+00
     vertex  4.234683e+00 -5.192661e+01  2.000000e+00
   endloop
 endfacet
 facet normal  6.064915e-01  7.950900e-01  0.000000e+00
   outer loop
     vertex  4.191054e+00 -5.189333e+01  5.000000e+00
     vertex  4.234683e+00 -5.192661e+01  5.000000e+00
     vertex  4.191054e+00 -5.189333e+01  2.000000e+00
   endloop
 endfacet
 facet normal  5.844507e-01  8.114292e-01  0.000000e+00
   outer loop
     vertex  4.146528e+00 -5.186126e+01  5.000000e+00
     vertex  4.191054e+00 -5.189333e+01  5.000000e+00
     vertex  4.191054e+00 -5.189333e+01  2.000000e+00
   endloop
 endfacet
 facet normal  5.844507e-01  8.114292e-01  0.000000e+00
   outer loop
     vertex  4.146528e+00 -5.186126e+01  5.000000e+00
     vertex  4.191054e+00 -5.189333e+01  2.000000e+00
     vertex  4.146528e+00 -5.186126e+01  2.000000e+00
   endloop
 endfacet
 facet normal  5.619699e-01  8.271577e-01  0.000000e+00
   outer loop
     vertex  4.101140e+00 -5.183042e+01  5.000000e+00
     vertex  4.146528e+00 -5.186126e+01  2.000000e+00
     vertex  4.101140e+00 -5.183042e+01  2.000000e+00
   endloop
 endfacet
 facet normal  5.619699e-01  8.271577e-01  0.000000e+00
   outer loop
     vertex  4.101140e+00 -5.183042e+01  5.000000e+00
     vertex  4.146528e+00 -5.186126e+01  5.000000e+00
     vertex  4.146528e+00 -5.186126e+01  2.000000e+00
   endloop
 endfacet
 facet normal  5.390661e-01  8.422635e-01  0.000000e+00
   outer loop
     vertex  4.054922e+00 -5.180084e+01  5.000000e+00
     vertex  4.101140e+00 -5.183042e+01  5.000000e+00
     vertex  4.101140e+00 -5.183042e+01  2.000000e+00
   endloop
 endfacet
 facet normal  5.390661e-01  8.422635e-01  0.000000e+00
   outer loop
     vertex  4.054922e+00 -5.180084e+01  5.000000e+00
     vertex  4.101140e+00 -5.183042e+01  2.000000e+00
     vertex  4.054922e+00 -5.180084e+01  2.000000e+00
   endloop
 endfacet
 facet normal  5.157565e-01  8.567352e-01  0.000000e+00
   outer loop
     vertex  4.007910e+00 -5.177254e+01  5.000000e+00
     vertex  4.054922e+00 -5.180084e+01  5.000000e+00
     vertex  4.054922e+00 -5.180084e+01  2.000000e+00
   endloop
 endfacet
 facet normal  5.157565e-01  8.567352e-01  0.000000e+00
   outer loop
     vertex  4.007910e+00 -5.177254e+01  5.000000e+00
     vertex  4.054922e+00 -5.180084e+01  2.000000e+00
     vertex  4.007910e+00 -5.177254e+01  2.000000e+00
   endloop
 endfacet
 facet normal  4.920587e-01  8.705620e-01  0.000000e+00
   outer loop
     vertex  3.960139e+00 -5.174554e+01  5.000000e+00
     vertex  4.007910e+00 -5.177254e+01  5.000000e+00
     vertex  4.007910e+00 -5.177254e+01  2.000000e+00
   endloop
 endfacet
 facet normal  4.920587e-01  8.705620e-01  0.000000e+00
   outer loop
     vertex  3.960139e+00 -5.174554e+01  5.000000e+00
     vertex  4.007910e+00 -5.177254e+01  2.000000e+00
     vertex  3.960139e+00 -5.174554e+01  2.000000e+00
   endloop
 endfacet
 facet normal  4.679904e-01  8.837335e-01  0.000000e+00
   outer loop
     vertex  3.911646e+00 -5.171986e+01  5.000000e+00
     vertex  3.960139e+00 -5.174554e+01  5.000000e+00
     vertex  3.960139e+00 -5.174554e+01  2.000000e+00
   endloop
 endfacet
 facet normal  4.679904e-01  8.837335e-01  0.000000e+00
   outer loop
     vertex  3.911646e+00 -5.171986e+01  5.000000e+00
     vertex  3.960139e+00 -5.174554e+01  2.000000e+00
     vertex  3.911646e+00 -5.171986e+01  2.000000e+00
   endloop
 endfacet
 facet normal  4.435699e-01  8.962398e-01  0.000000e+00
   outer loop
     vertex  3.862467e+00 -5.169552e+01  5.000000e+00
     vertex  3.911646e+00 -5.171986e+01  5.000000e+00
     vertex  3.911646e+00 -5.171986e+01  2.000000e+00
   endloop
 endfacet
 facet normal  4.435699e-01  8.962398e-01  0.000000e+00
   outer loop
     vertex  3.862467e+00 -5.169552e+01  5.000000e+00
     vertex  3.911646e+00 -5.171986e+01  2.000000e+00
     vertex  3.862467e+00 -5.169552e+01  2.000000e+00
   endloop
 endfacet
 facet normal  4.188155e-01  9.080714e-01  0.000000e+00
   outer loop
     vertex  3.812638e+00 -5.167254e+01  5.000000e+00
     vertex  3.862467e+00 -5.169552e+01  5.000000e+00
     vertex  3.862467e+00 -5.169552e+01  2.000000e+00
   endloop
 endfacet
 facet normal  4.188155e-01  9.080714e-01  0.000000e+00
   outer loop
     vertex  3.812638e+00 -5.167254e+01  5.000000e+00
     vertex  3.862467e+00 -5.169552e+01  2.000000e+00
     vertex  3.812638e+00 -5.167254e+01  2.000000e+00
   endloop
 endfacet
 facet normal  3.937458e-01  9.192194e-01  0.000000e+00
   outer loop
     vertex  3.762197e+00 -5.165093e+01  5.000000e+00
     vertex  3.812638e+00 -5.167254e+01  5.000000e+00
     vertex  3.812638e+00 -5.167254e+01  2.000000e+00
   endloop
 endfacet
 facet normal  3.937458e-01  9.192194e-01  0.000000e+00
   outer loop
     vertex  3.762197e+00 -5.165093e+01  5.000000e+00
     vertex  3.812638e+00 -5.167254e+01  2.000000e+00
     vertex  3.762197e+00 -5.165093e+01  2.000000e+00
   endloop
 endfacet
 facet normal  3.683796e-01  9.296754e-01  0.000000e+00
   outer loop
     vertex  3.711183e+00 -5.163072e+01  5.000000e+00
     vertex  3.762197e+00 -5.165093e+01  5.000000e+00
     vertex  3.762197e+00 -5.165093e+01  2.000000e+00
   endloop
 endfacet
 facet normal  3.683796e-01  9.296754e-01  0.000000e+00
   outer loop
     vertex  3.711183e+00 -5.163072e+01  5.000000e+00
     vertex  3.762197e+00 -5.165093e+01  2.000000e+00
     vertex  3.711183e+00 -5.163072e+01  2.000000e+00
   endloop
 endfacet
 facet normal  3.427362e-01  9.394317e-01  0.000000e+00
   outer loop
     vertex  3.711183e+00 -5.163072e+01  5.000000e+00
     vertex  3.711183e+00 -5.163072e+01  2.000000e+00
     vertex  3.659633e+00 -5.161191e+01  2.000000e+00
   endloop
 endfacet
 facet normal  3.427362e-01  9.394317e-01  0.000000e+00
   outer loop
     vertex  3.659633e+00 -5.161191e+01  5.000000e+00
     vertex  3.711183e+00 -5.163072e+01  5.000000e+00
     vertex  3.659633e+00 -5.161191e+01  2.000000e+00
   endloop
 endfacet
 facet normal  3.168348e-01  9.484807e-01  0.000000e+00
   outer loop
     vertex  3.607587e+00 -5.159452e+01  5.000000e+00
     vertex  3.659633e+00 -5.161191e+01  5.000000e+00
     vertex  3.659633e+00 -5.161191e+01  2.000000e+00
   endloop
 endfacet
 facet normal  3.168348e-01  9.484807e-01  0.000000e+00
   outer loop
     vertex  3.607587e+00 -5.159452e+01  5.000000e+00
     vertex  3.659633e+00 -5.161191e+01  2.000000e+00
     vertex  3.607587e+00 -5.159452e+01  2.000000e+00
   endloop
 endfacet
 facet normal  2.906949e-01  9.568158e-01  0.000000e+00
   outer loop
     vertex  3.555083e+00 -5.157857e+01  5.000000e+00
     vertex  3.607587e+00 -5.159452e+01  5.000000e+00
     vertex  3.607587e+00 -5.159452e+01  2.000000e+00
   endloop
 endfacet
 facet normal  2.906949e-01  9.568158e-01  0.000000e+00
   outer loop
     vertex  3.555083e+00 -5.157857e+01  5.000000e+00
     vertex  3.607587e+00 -5.159452e+01  2.000000e+00
     vertex  3.555083e+00 -5.157857e+01  2.000000e+00
   endloop
 endfacet
 facet normal  2.643362e-01  9.644306e-01  0.000000e+00
   outer loop
     vertex  3.502162e+00 -5.156407e+01  5.000000e+00
     vertex  3.555083e+00 -5.157857e+01  5.000000e+00
     vertex  3.555083e+00 -5.157857e+01  2.000000e+00
   endloop
 endfacet
 facet normal  2.643362e-01  9.644306e-01  0.000000e+00
   outer loop
     vertex  3.502162e+00 -5.156407e+01  5.000000e+00
     vertex  3.555083e+00 -5.157857e+01  2.000000e+00
     vertex  3.502162e+00 -5.156407e+01  2.000000e+00
   endloop
 endfacet
 facet normal  2.377784e-01  9.713194e-01  0.000000e+00
   outer loop
     vertex  3.448862e+00 -5.155102e+01  5.000000e+00
     vertex  3.502162e+00 -5.156407e+01  5.000000e+00
     vertex  3.502162e+00 -5.156407e+01  2.000000e+00
   endloop
 endfacet
 facet normal  2.377784e-01  9.713194e-01  0.000000e+00
   outer loop
     vertex  3.448862e+00 -5.155102e+01  5.000000e+00
     vertex  3.502162e+00 -5.156407e+01  2.000000e+00
     vertex  3.448862e+00 -5.155102e+01  2.000000e+00
   endloop
 endfacet
 facet normal  2.110417e-01  9.774771e-01  0.000000e+00
   outer loop
     vertex  3.395225e+00 -5.153944e+01  5.000000e+00
     vertex  3.448862e+00 -5.155102e+01  5.000000e+00
     vertex  3.448862e+00 -5.155102e+01  2.000000e+00
   endloop
 endfacet
 facet normal  2.110417e-01  9.774771e-01  0.000000e+00
   outer loop
     vertex  3.395225e+00 -5.153944e+01  5.000000e+00
     vertex  3.448862e+00 -5.155102e+01  2.000000e+00
     vertex  3.395225e+00 -5.153944e+01  2.000000e+00
   endloop
 endfacet
 facet normal  1.841461e-01  9.828989e-01  0.000000e+00
   outer loop
     vertex  3.341290e+00 -5.152933e+01  5.000000e+00
     vertex  3.395225e+00 -5.153944e+01  5.000000e+00
     vertex  3.395225e+00 -5.153944e+01  2.000000e+00
   endloop
 endfacet
 facet normal  1.841461e-01  9.828989e-01  0.000000e+00
   outer loop
     vertex  3.341290e+00 -5.152933e+01  5.000000e+00
     vertex  3.395225e+00 -5.153944e+01  2.000000e+00
     vertex  3.341290e+00 -5.152933e+01  2.000000e+00
   endloop
 endfacet
 facet normal  1.571119e-01  9.875808e-01  0.000000e+00
   outer loop
     vertex  3.341290e+00 -5.152933e+01  5.000000e+00
     vertex  3.341290e+00 -5.152933e+01  2.000000e+00
     vertex  3.287098e+00 -5.152071e+01  2.000000e+00
   endloop
 endfacet
 facet normal  1.571119e-01  9.875808e-01  0.000000e+00
   outer loop
     vertex  3.287098e+00 -5.152071e+01  5.000000e+00
     vertex  3.341290e+00 -5.152933e+01  5.000000e+00
     vertex  3.287098e+00 -5.152071e+01  2.000000e+00
   endloop
 endfacet
 facet normal  1.299594e-01  9.915193e-01  0.000000e+00
   outer loop
     vertex  3.287098e+00 -5.152071e+01  5.000000e+00
     vertex  3.287098e+00 -5.152071e+01  2.000000e+00
     vertex  3.232690e+00 -5.151358e+01  2.000000e+00
   endloop
 endfacet
 facet normal  1.299594e-01  9.915193e-01  0.000000e+00
   outer loop
     vertex  3.232690e+00 -5.151358e+01  5.000000e+00
     vertex  3.287098e+00 -5.152071e+01  5.000000e+00
     vertex  3.232690e+00 -5.151358e+01  2.000000e+00
   endloop
 endfacet
 facet normal  1.027091e-01  9.947114e-01  0.000000e+00
   outer loop
     vertex  3.178107e+00 -5.150795e+01  5.000000e+00
     vertex  3.232690e+00 -5.151358e+01  5.000000e+00
     vertex  3.232690e+00 -5.151358e+01  2.000000e+00
   endloop
 endfacet
 facet normal  1.027091e-01  9.947114e-01  0.000000e+00
   outer loop
     vertex  3.178107e+00 -5.150795e+01  5.000000e+00
     vertex  3.232690e+00 -5.151358e+01  2.000000e+00
     vertex  3.178107e+00 -5.150795e+01  2.000000e+00
   endloop
 endfacet
 facet normal  7.538152e-02  9.971548e-01  0.000000e+00
   outer loop
     vertex  3.123390e+00 -5.150381e+01  5.000000e+00
     vertex  3.178107e+00 -5.150795e+01  5.000000e+00
     vertex  3.178107e+00 -5.150795e+01  2.000000e+00
   endloop
 endfacet
 facet normal  7.538152e-02  9.971548e-01  0.000000e+00
   outer loop
     vertex  3.123390e+00 -5.150381e+01  5.000000e+00
     vertex  3.178107e+00 -5.150795e+01  2.000000e+00
     vertex  3.123390e+00 -5.150381e+01  2.000000e+00
   endloop
 endfacet
 facet normal  4.799716e-02  9.988475e-01  0.000000e+00
   outer loop
     vertex  3.068580e+00 -5.150118e+01  5.000000e+00
     vertex  3.123390e+00 -5.150381e+01  5.000000e+00
     vertex  3.123390e+00 -5.150381e+01  2.000000e+00
   endloop
 endfacet
 facet normal  4.799716e-02  9.988475e-01  0.000000e+00
   outer loop
     vertex  3.068580e+00 -5.150118e+01  5.000000e+00
     vertex  3.123390e+00 -5.150381e+01  2.000000e+00
     vertex  3.068580e+00 -5.150118e+01  2.000000e+00
   endloop
 endfacet
 facet normal  2.057667e-02  9.997883e-01  0.000000e+00
   outer loop
     vertex  3.013719e+00 -5.150005e+01  5.000000e+00
     vertex  3.068580e+00 -5.150118e+01  2.000000e+00
     vertex  3.013719e+00 -5.150005e+01  2.000000e+00
   endloop
 endfacet
 facet normal  2.057667e-02  9.997883e-01  0.000000e+00
   outer loop
     vertex  3.013719e+00 -5.150005e+01  5.000000e+00
     vertex  3.068580e+00 -5.150118e+01  5.000000e+00
     vertex  3.068580e+00 -5.150118e+01  2.000000e+00
   endloop
 endfacet
 facet normal -6.859319e-03  9.999765e-01  0.000000e+00
   outer loop
     vertex  3.013719e+00 -5.150005e+01  5.000000e+00
     vertex  3.013719e+00 -5.150005e+01  2.000000e+00
     vertex  2.958847e+00 -5.150042e+01  2.000000e+00
   endloop
 endfacet
 facet normal -6.859319e-03  9.999765e-01  0.000000e+00
   outer loop
     vertex  2.958847e+00 -5.150042e+01  5.000000e+00
     vertex  3.013719e+00 -5.150005e+01  5.000000e+00
     vertex  2.958847e+00 -5.150042e+01  2.000000e+00
   endloop
 endfacet
 facet normal -3.429014e-02  9.994119e-01  0.000000e+00
   outer loop
     vertex  2.904006e+00 -5.150231e+01  5.000000e+00
     vertex  2.958847e+00 -5.150042e+01  2.000000e+00
     vertex  2.904006e+00 -5.150231e+01  2.000000e+00
   endloop
 endfacet
 facet normal -3.429014e-02  9.994119e-01  0.000000e+00
   outer loop
     vertex  2.904006e+00 -5.150231e+01  5.000000e+00
     vertex  2.958847e+00 -5.150042e+01  5.000000e+00
     vertex  2.958847e+00 -5.150042e+01  2.000000e+00
   endloop
 endfacet
 facet normal -6.169515e-02  9.980950e-01  0.000000e+00
   outer loop
     vertex  2.849237e+00 -5.150569e+01  5.000000e+00
     vertex  2.904006e+00 -5.150231e+01  2.000000e+00
     vertex  2.849237e+00 -5.150569e+01  2.000000e+00
   endloop
 endfacet
 facet normal -8.905371e-02  9.960268e-01  0.000000e+00
   outer loop
     vertex  2.849237e+00 -5.150569e+01  5.000000e+00
     vertex  2.849237e+00 -5.150569e+01  2.000000e+00
     vertex  2.794582e+00 -5.151058e+01  2.000000e+00
   endloop
 endfacet
 facet normal -6.169515e-02  9.980950e-01  0.000000e+00
   outer loop
     vertex  2.849237e+00 -5.150569e+01  5.000000e+00
     vertex  2.904006e+00 -5.150231e+01  5.000000e+00
     vertex  2.904006e+00 -5.150231e+01  2.000000e+00
   endloop
 endfacet
 facet normal -8.905371e-02  9.960268e-01  0.000000e+00
   outer loop
     vertex  2.794582e+00 -5.151058e+01  5.000000e+00
     vertex  2.849237e+00 -5.150569e+01  5.000000e+00
     vertex  2.794582e+00 -5.151058e+01  2.000000e+00
   endloop
 endfacet
 facet normal -1.163452e-01  9.932088e-01  0.000000e+00
   outer loop
     vertex  2.740081e+00 -5.151696e+01  5.000000e+00
     vertex  2.794582e+00 -5.151058e+01  5.000000e+00
     vertex  2.794582e+00 -5.151058e+01  2.000000e+00
   endloop
 endfacet
 facet normal -1.163452e-01  9.932088e-01  0.000000e+00
   outer loop
     vertex  2.740081e+00 -5.151696e+01  5.000000e+00
     vertex  2.794582e+00 -5.151058e+01  2.000000e+00
     vertex  2.740081e+00 -5.151696e+01  2.000000e+00
   endloop
 endfacet
 facet normal -1.435492e-01  9.896432e-01  0.000000e+00
   outer loop
     vertex  2.685776e+00 -5.152484e+01  5.000000e+00
     vertex  2.740081e+00 -5.151696e+01  5.000000e+00
     vertex  2.740081e+00 -5.151696e+01  2.000000e+00
   endloop
 endfacet
 facet normal -1.435492e-01  9.896432e-01  0.000000e+00
   outer loop
     vertex  2.685776e+00 -5.152484e+01  5.000000e+00
     vertex  2.740081e+00 -5.151696e+01  2.000000e+00
     vertex  2.685776e+00 -5.152484e+01  2.000000e+00
   endloop
 endfacet
 facet normal -1.706451e-01  9.853326e-01  0.000000e+00
   outer loop
     vertex  2.685776e+00 -5.152484e+01  5.000000e+00
     vertex  2.685776e+00 -5.152484e+01  2.000000e+00
     vertex  2.631708e+00 -5.153420e+01  2.000000e+00
   endloop
 endfacet
 facet normal -1.706451e-01  9.853326e-01  0.000000e+00
   outer loop
     vertex  2.631708e+00 -5.153420e+01  5.000000e+00
     vertex  2.685776e+00 -5.152484e+01  5.000000e+00
     vertex  2.631708e+00 -5.153420e+01  2.000000e+00
   endloop
 endfacet
 facet normal -1.976125e-01  9.802802e-01  0.000000e+00
   outer loop
     vertex  2.577917e+00 -5.154505e+01  5.000000e+00
     vertex  2.631708e+00 -5.153420e+01  5.000000e+00
     vertex  2.631708e+00 -5.153420e+01  2.000000e+00
   endloop
 endfacet
 facet normal -1.976125e-01  9.802802e-01  0.000000e+00
   outer loop
     vertex  2.577917e+00 -5.154505e+01  5.000000e+00
     vertex  2.631708e+00 -5.153420e+01  2.000000e+00
     vertex  2.577917e+00 -5.154505e+01  2.000000e+00
   endloop
 endfacet
 facet normal -2.244312e-01  9.744899e-01  0.000000e+00
   outer loop
     vertex  2.524443e+00 -5.155736e+01  5.000000e+00
     vertex  2.577917e+00 -5.154505e+01  5.000000e+00
     vertex  2.577917e+00 -5.154505e+01  2.000000e+00
   endloop
 endfacet
 facet normal -2.244312e-01  9.744899e-01  0.000000e+00
   outer loop
     vertex  2.524443e+00 -5.155736e+01  5.000000e+00
     vertex  2.577917e+00 -5.154505e+01  2.000000e+00
     vertex  2.524443e+00 -5.155736e+01  2.000000e+00
   endloop
 endfacet
 facet normal -2.510809e-01  9.679661e-01  0.000000e+00
   outer loop
     vertex  2.524443e+00 -5.155736e+01  5.000000e+00
     vertex  2.524443e+00 -5.155736e+01  2.000000e+00
     vertex  2.471328e+00 -5.157114e+01  2.000000e+00
   endloop
 endfacet
 facet normal -2.510809e-01  9.679661e-01  0.000000e+00
   outer loop
     vertex  2.471328e+00 -5.157114e+01  5.000000e+00
     vertex  2.524443e+00 -5.155736e+01  5.000000e+00
     vertex  2.471328e+00 -5.157114e+01  2.000000e+00
   endloop
 endfacet
 facet normal -2.775416e-01  9.607136e-01  0.000000e+00
   outer loop
     vertex  2.418610e+00 -5.158637e+01  5.000000e+00
     vertex  2.471328e+00 -5.157114e+01  5.000000e+00
     vertex  2.471328e+00 -5.157114e+01  2.000000e+00
   endloop
 endfacet
 facet normal -2.775416e-01  9.607136e-01  0.000000e+00
   outer loop
     vertex  2.418610e+00 -5.158637e+01  5.000000e+00
     vertex  2.471328e+00 -5.157114e+01  2.000000e+00
     vertex  2.418610e+00 -5.158637e+01  2.000000e+00
   endloop
 endfacet
 facet normal -3.037934e-01  9.527379e-01  0.000000e+00
   outer loop
     vertex  2.366330e+00 -5.160304e+01  5.000000e+00
     vertex  2.418610e+00 -5.158637e+01  5.000000e+00
     vertex  2.418610e+00 -5.158637e+01  2.000000e+00
   endloop
 endfacet
 facet normal -3.037934e-01  9.527379e-01  0.000000e+00
   outer loop
     vertex  2.366330e+00 -5.160304e+01  5.000000e+00
     vertex  2.418610e+00 -5.158637e+01  2.000000e+00
     vertex  2.366330e+00 -5.160304e+01  2.000000e+00
   endloop
 endfacet
 facet normal -3.298166e-01  9.440450e-01  0.000000e+00
   outer loop
     vertex  2.314528e+00 -5.162114e+01  5.000000e+00
     vertex  2.366330e+00 -5.160304e+01  5.000000e+00
     vertex  2.366330e+00 -5.160304e+01  2.000000e+00
   endloop
 endfacet
 facet normal -3.298166e-01  9.440450e-01  0.000000e+00
   outer loop
     vertex  2.314528e+00 -5.162114e+01  5.000000e+00
     vertex  2.366330e+00 -5.160304e+01  2.000000e+00
     vertex  2.314528e+00 -5.162114e+01  2.000000e+00
   endloop
 endfacet
 facet normal -3.555914e-01  9.346415e-01  0.000000e+00
   outer loop
     vertex  2.314528e+00 -5.162114e+01  5.000000e+00
     vertex  2.314528e+00 -5.162114e+01  2.000000e+00
     vertex  2.263241e+00 -5.164065e+01  2.000000e+00
   endloop
 endfacet
 facet normal -3.555914e-01  9.346415e-01  0.000000e+00
   outer loop
     vertex  2.263241e+00 -5.164065e+01  5.000000e+00
     vertex  2.314528e+00 -5.162114e+01  5.000000e+00
     vertex  2.263241e+00 -5.164065e+01  2.000000e+00
   endloop
 endfacet
 facet normal -4.063188e-01  9.137314e-01  0.000000e+00
   outer loop
     vertex  2.212508e+00 -5.166156e+01  5.000000e+00
     vertex  2.212508e+00 -5.166156e+01  2.000000e+00
     vertex  2.162369e+00 -5.168386e+01  2.000000e+00
   endloop
 endfacet
 facet normal -3.810986e-01  9.245344e-01  0.000000e+00
   outer loop
     vertex  2.212508e+00 -5.166156e+01  5.000000e+00
     vertex  2.263241e+00 -5.164065e+01  5.000000e+00
     vertex  2.263241e+00 -5.164065e+01  2.000000e+00
   endloop
 endfacet
 facet normal -3.810986e-01  9.245344e-01  0.000000e+00
   outer loop
     vertex  2.212508e+00 -5.166156e+01  5.000000e+00
     vertex  2.263241e+00 -5.164065e+01  2.000000e+00
     vertex  2.212508e+00 -5.166156e+01  2.000000e+00
   endloop
 endfacet
 facet normal -4.063188e-01  9.137314e-01  0.000000e+00
   outer loop
     vertex  2.162369e+00 -5.168386e+01  5.000000e+00
     vertex  2.212508e+00 -5.166156e+01  5.000000e+00
     vertex  2.162369e+00 -5.168386e+01  2.000000e+00
   endloop
 endfacet
 facet normal -4.312333e-01  9.022405e-01  0.000000e+00
   outer loop
     vertex  2.112860e+00 -5.170752e+01  5.000000e+00
     vertex  2.162369e+00 -5.168386e+01  2.000000e+00
     vertex  2.112860e+00 -5.170752e+01  2.000000e+00
   endloop
 endfacet
 facet normal -4.312333e-01  9.022405e-01  0.000000e+00
   outer loop
     vertex  2.112860e+00 -5.170752e+01  5.000000e+00
     vertex  2.162369e+00 -5.168386e+01  5.000000e+00
     vertex  2.162369e+00 -5.168386e+01  2.000000e+00
   endloop
 endfacet
 facet normal -4.558231e-01  8.900704e-01  0.000000e+00
   outer loop
     vertex  2.064019e+00 -5.173253e+01  5.000000e+00
     vertex  2.112860e+00 -5.170752e+01  2.000000e+00
     vertex  2.064019e+00 -5.173253e+01  2.000000e+00
   endloop
 endfacet
 facet normal -4.800697e-01  8.772303e-01  0.000000e+00
   outer loop
     vertex  2.064019e+00 -5.173253e+01  5.000000e+00
     vertex  2.064019e+00 -5.173253e+01  2.000000e+00
     vertex  2.015883e+00 -5.175888e+01  2.000000e+00
   endloop
 endfacet
 facet normal -4.558231e-01  8.900704e-01  0.000000e+00
   outer loop
     vertex  2.064019e+00 -5.173253e+01  5.000000e+00
     vertex  2.112860e+00 -5.170752e+01  5.000000e+00
     vertex  2.112860e+00 -5.170752e+01  2.000000e+00
   endloop
 endfacet
 facet normal -4.800697e-01  8.772303e-01  0.000000e+00
   outer loop
     vertex  2.015883e+00 -5.175888e+01  5.000000e+00
     vertex  2.064019e+00 -5.173253e+01  5.000000e+00
     vertex  2.015883e+00 -5.175888e+01  2.000000e+00
   endloop
 endfacet
 facet normal -5.039550e-01  8.637299e-01  0.000000e+00
   outer loop
     vertex  1.968487e+00 -5.178653e+01  5.000000e+00
     vertex  2.015883e+00 -5.175888e+01  2.000000e+00
     vertex  1.968487e+00 -5.178653e+01  2.000000e+00
   endloop
 endfacet
 facet normal -5.039550e-01  8.637299e-01  0.000000e+00
   outer loop
     vertex  1.968487e+00 -5.178653e+01  5.000000e+00
     vertex  2.015883e+00 -5.175888e+01  5.000000e+00
     vertex  2.015883e+00 -5.175888e+01  2.000000e+00
   endloop
 endfacet
 facet normal -5.274609e-01  8.495793e-01  0.000000e+00
   outer loop
     vertex  1.921868e+00 -5.181547e+01  5.000000e+00
     vertex  1.968487e+00 -5.178653e+01  2.000000e+00
     vertex  1.921868e+00 -5.181547e+01  2.000000e+00
   endloop
 endfacet
 facet normal -5.505698e-01  8.347891e-01  0.000000e+00
   outer loop
     vertex  1.921868e+00 -5.181547e+01  5.000000e+00
     vertex  1.921868e+00 -5.181547e+01  2.000000e+00
     vertex  1.876060e+00 -5.184568e+01  2.000000e+00
   endloop
 endfacet
 facet normal -5.274609e-01  8.495793e-01  0.000000e+00
   outer loop
     vertex  1.921868e+00 -5.181547e+01  5.000000e+00
     vertex  1.968487e+00 -5.178653e+01  5.000000e+00
     vertex  1.968487e+00 -5.178653e+01  2.000000e+00
   endloop
 endfacet
 facet normal -5.505698e-01  8.347891e-01  0.000000e+00
   outer loop
     vertex  1.876060e+00 -5.184568e+01  5.000000e+00
     vertex  1.921868e+00 -5.181547e+01  5.000000e+00
     vertex  1.876060e+00 -5.184568e+01  2.000000e+00
   endloop
 endfacet
 facet normal -5.732642e-01  8.193706e-01  0.000000e+00
   outer loop
     vertex  1.831099e+00 -5.187714e+01  5.000000e+00
     vertex  1.876060e+00 -5.184568e+01  2.000000e+00
     vertex  1.831099e+00 -5.187714e+01  2.000000e+00
   endloop
 endfacet
 facet normal -5.732642e-01  8.193706e-01  0.000000e+00
   outer loop
     vertex  1.831099e+00 -5.187714e+01  5.000000e+00
     vertex  1.876060e+00 -5.184568e+01  5.000000e+00
     vertex  1.876060e+00 -5.184568e+01  2.000000e+00
   endloop
 endfacet
 facet normal -5.955271e-01  8.033352e-01  0.000000e+00
   outer loop
     vertex  1.787017e+00 -5.190982e+01  5.000000e+00
     vertex  1.831099e+00 -5.187714e+01  2.000000e+00
     vertex  1.787017e+00 -5.190982e+01  2.000000e+00
   endloop
 endfacet
 facet normal -6.173417e-01  7.866951e-01  0.000000e+00
   outer loop
     vertex  1.787017e+00 -5.190982e+01  5.000000e+00
     vertex  1.787017e+00 -5.190982e+01  2.000000e+00
     vertex  1.743849e+00 -5.194370e+01  2.000000e+00
   endloop
 endfacet
 facet normal -5.955271e-01  8.033352e-01  0.000000e+00
   outer loop
     vertex  1.787017e+00 -5.190982e+01  5.000000e+00
     vertex  1.831099e+00 -5.187714e+01  5.000000e+00
     vertex  1.831099e+00 -5.187714e+01  2.000000e+00
   endloop
 endfacet
 facet normal -6.173417e-01  7.866951e-01  0.000000e+00
   outer loop
     vertex  1.743849e+00 -5.194370e+01  5.000000e+00
     vertex  1.787017e+00 -5.190982e+01  5.000000e+00
     vertex  1.743849e+00 -5.194370e+01  2.000000e+00
   endloop
 endfacet
 facet normal -6.386916e-01  7.694628e-01  0.000000e+00
   outer loop
     vertex  1.701626e+00 -5.197874e+01  5.000000e+00
     vertex  1.743849e+00 -5.194370e+01  2.000000e+00
     vertex  1.701626e+00 -5.197874e+01  2.000000e+00
   endloop
 endfacet
 facet normal -6.386916e-01  7.694628e-01  0.000000e+00
   outer loop
     vertex  1.701626e+00 -5.197874e+01  5.000000e+00
     vertex  1.743849e+00 -5.194370e+01  5.000000e+00
     vertex  1.743849e+00 -5.194370e+01  2.000000e+00
   endloop
 endfacet
 facet normal -6.595607e-01  7.516513e-01  0.000000e+00
   outer loop
     vertex  1.660380e+00 -5.201493e+01  5.000000e+00
     vertex  1.701626e+00 -5.197874e+01  2.000000e+00
     vertex  1.660380e+00 -5.201493e+01  2.000000e+00
   endloop
 endfacet
 facet normal -6.595607e-01  7.516513e-01  0.000000e+00
   outer loop
     vertex  1.660380e+00 -5.201493e+01  5.000000e+00
     vertex  1.701626e+00 -5.197874e+01  5.000000e+00
     vertex  1.701626e+00 -5.197874e+01  2.000000e+00
   endloop
 endfacet
 facet normal -6.799333e-01  7.332740e-01  0.000000e+00
   outer loop
     vertex  1.620143e+00 -5.205225e+01  5.000000e+00
     vertex  1.660380e+00 -5.201493e+01  2.000000e+00
     vertex  1.620143e+00 -5.205225e+01  2.000000e+00
   endloop
 endfacet
 facet normal -6.997940e-01  7.143447e-01  0.000000e+00
   outer loop
     vertex  1.620143e+00 -5.205225e+01  5.000000e+00
     vertex  1.620143e+00 -5.205225e+01  2.000000e+00
     vertex  1.580944e+00 -5.209065e+01  2.000000e+00
   endloop
 endfacet
 facet normal -6.799333e-01  7.332740e-01  0.000000e+00
   outer loop
     vertex  1.620143e+00 -5.205225e+01  5.000000e+00
     vertex  1.660380e+00 -5.201493e+01  5.000000e+00
     vertex  1.660380e+00 -5.201493e+01  2.000000e+00
   endloop
 endfacet
 facet normal -6.997940e-01  7.143447e-01  0.000000e+00
   outer loop
     vertex  1.580944e+00 -5.209065e+01  5.000000e+00
     vertex  1.620143e+00 -5.205225e+01  5.000000e+00
     vertex  1.580944e+00 -5.209065e+01  2.000000e+00
   endloop
 endfacet
 facet normal -7.191280e-01  6.948776e-01  0.000000e+00
   outer loop
     vertex  1.580944e+00 -5.209065e+01  5.000000e+00
     vertex  1.580944e+00 -5.209065e+01  2.000000e+00
     vertex  1.542814e+00 -5.213011e+01  2.000000e+00
   endloop
 endfacet
 facet normal -7.191280e-01  6.948776e-01  0.000000e+00
   outer loop
     vertex  1.542814e+00 -5.213011e+01  5.000000e+00
     vertex  1.580944e+00 -5.209065e+01  5.000000e+00
     vertex  1.542814e+00 -5.213011e+01  2.000000e+00
   endloop
 endfacet
 facet normal -7.379206e-01  6.748875e-01  0.000000e+00
   outer loop
     vertex  1.542814e+00 -5.213011e+01  5.000000e+00
     vertex  1.542814e+00 -5.213011e+01  2.000000e+00
     vertex  1.505781e+00 -5.217060e+01  2.000000e+00
   endloop
 endfacet
 facet normal -7.379206e-01  6.748875e-01  0.000000e+00
   outer loop
     vertex  1.505781e+00 -5.217060e+01  5.000000e+00
     vertex  1.542814e+00 -5.213011e+01  5.000000e+00
     vertex  1.505781e+00 -5.217060e+01  2.000000e+00
   endloop
 endfacet
 facet normal -7.561578e-01  6.543893e-01  0.000000e+00
   outer loop
     vertex  1.469873e+00 -5.221209e+01  5.000000e+00
     vertex  1.505781e+00 -5.217060e+01  5.000000e+00
     vertex  1.505781e+00 -5.217060e+01  2.000000e+00
   endloop
 endfacet
 facet normal -7.561578e-01  6.543893e-01  0.000000e+00
   outer loop
     vertex  1.469873e+00 -5.221209e+01  5.000000e+00
     vertex  1.505781e+00 -5.217060e+01  2.000000e+00
     vertex  1.469873e+00 -5.221209e+01  2.000000e+00
   endloop
 endfacet
 facet normal -7.738257e-01  6.333986e-01  0.000000e+00
   outer loop
     vertex  1.469873e+00 -5.221209e+01  5.000000e+00
     vertex  1.469873e+00 -5.221209e+01  2.000000e+00
     vertex  1.435116e+00 -5.225455e+01  2.000000e+00
   endloop
 endfacet
 facet normal -7.738257e-01  6.333986e-01  0.000000e+00
   outer loop
     vertex  1.435116e+00 -5.225455e+01  5.000000e+00
     vertex  1.469873e+00 -5.221209e+01  5.000000e+00
     vertex  1.435116e+00 -5.225455e+01  2.000000e+00
   endloop
 endfacet
 facet normal -7.909112e-01  6.119310e-01  0.000000e+00
   outer loop
     vertex  1.401537e+00 -5.229795e+01  5.000000e+00
     vertex  1.435116e+00 -5.225455e+01  2.000000e+00
     vertex  1.401537e+00 -5.229795e+01  2.000000e+00
   endloop
 endfacet
 facet normal -7.909112e-01  6.119310e-01  0.000000e+00
   outer loop
     vertex  1.401537e+00 -5.229795e+01  5.000000e+00
     vertex  1.435116e+00 -5.225455e+01  5.000000e+00
     vertex  1.435116e+00 -5.225455e+01  2.000000e+00
   endloop
 endfacet
 facet normal -8.074012e-01  5.900028e-01  0.000000e+00
   outer loop
     vertex  1.369162e+00 -5.234226e+01  5.000000e+00
     vertex  1.401537e+00 -5.229795e+01  5.000000e+00
     vertex  1.401537e+00 -5.229795e+01  2.000000e+00
   endloop
 endfacet
 facet normal -8.074012e-01  5.900028e-01  0.000000e+00
   outer loop
     vertex  1.369162e+00 -5.234226e+01  5.000000e+00
     vertex  1.401537e+00 -5.229795e+01  2.000000e+00
     vertex  1.369162e+00 -5.234226e+01  2.000000e+00
   endloop
 endfacet
 facet normal -8.232835e-01  5.676304e-01  0.000000e+00
   outer loop
     vertex  1.369162e+00 -5.234226e+01  5.000000e+00
     vertex  1.369162e+00 -5.234226e+01  2.000000e+00
     vertex  1.338014e+00 -5.238743e+01  2.000000e+00
   endloop
 endfacet
 facet normal -8.385460e-01  5.448308e-01  0.000000e+00
   outer loop
     vertex  1.338014e+00 -5.238743e+01  5.000000e+00
     vertex  1.338014e+00 -5.238743e+01  2.000000e+00
     vertex  1.308117e+00 -5.243345e+01  2.000000e+00
   endloop
 endfacet
 facet normal -8.232835e-01  5.676304e-01  0.000000e+00
   outer loop
     vertex  1.338014e+00 -5.238743e+01  5.000000e+00
     vertex  1.369162e+00 -5.234226e+01  5.000000e+00
     vertex  1.338014e+00 -5.238743e+01  2.000000e+00
   endloop
 endfacet
 facet normal -8.385460e-01  5.448308e-01  0.000000e+00
   outer loop
     vertex  1.308117e+00 -5.243345e+01  5.000000e+00
     vertex  1.338014e+00 -5.238743e+01  5.000000e+00
     vertex  1.308117e+00 -5.243345e+01  2.000000e+00
   endloop
 endfacet
 facet normal -8.531773e-01  5.216210e-01  0.000000e+00
   outer loop
     vertex  1.279494e+00 -5.248026e+01  5.000000e+00
     vertex  1.308117e+00 -5.243345e+01  2.000000e+00
     vertex  1.279494e+00 -5.248026e+01  2.000000e+00
   endloop
 endfacet
 facet normal -8.671664e-01  4.980186e-01  0.000000e+00
   outer loop
     vertex  1.279494e+00 -5.248026e+01  5.000000e+00
     vertex  1.279494e+00 -5.248026e+01  2.000000e+00
     vertex  1.252167e+00 -5.252785e+01  2.000000e+00
   endloop
 endfacet
 facet normal -8.531773e-01  5.216210e-01  0.000000e+00
   outer loop
     vertex  1.279494e+00 -5.248026e+01  5.000000e+00
     vertex  1.308117e+00 -5.243345e+01  5.000000e+00
     vertex  1.308117e+00 -5.243345e+01  2.000000e+00
   endloop
 endfacet
 facet normal -8.671664e-01  4.980186e-01  0.000000e+00
   outer loop
     vertex  1.252167e+00 -5.252785e+01  5.000000e+00
     vertex  1.279494e+00 -5.248026e+01  5.000000e+00
     vertex  1.252167e+00 -5.252785e+01  2.000000e+00
   endloop
 endfacet
 facet normal -8.805026e-01  4.740412e-01  0.000000e+00
   outer loop
     vertex  1.226154e+00 -5.257616e+01  5.000000e+00
     vertex  1.252167e+00 -5.252785e+01  2.000000e+00
     vertex  1.226154e+00 -5.257616e+01  2.000000e+00
   endloop
 endfacet
 facet normal -8.805026e-01  4.740412e-01  0.000000e+00
   outer loop
     vertex  1.226154e+00 -5.257616e+01  5.000000e+00
     vertex  1.252167e+00 -5.252785e+01  5.000000e+00
     vertex  1.252167e+00 -5.252785e+01  2.000000e+00
   endloop
 endfacet
 facet normal -8.931761e-01  4.497071e-01  0.000000e+00
   outer loop
     vertex  1.201477e+00 -5.262518e+01  5.000000e+00
     vertex  1.226154e+00 -5.257616e+01  2.000000e+00
     vertex  1.201477e+00 -5.262518e+01  2.000000e+00
   endloop
 endfacet
 facet normal -9.051772e-01  4.250344e-01  0.000000e+00
   outer loop
     vertex  1.201477e+00 -5.262518e+01  5.000000e+00
     vertex  1.201477e+00 -5.262518e+01  2.000000e+00
     vertex  1.178154e+00 -5.267485e+01  2.000000e+00
   endloop
 endfacet
 facet normal -8.931761e-01  4.497071e-01  0.000000e+00
   outer loop
     vertex  1.201477e+00 -5.262518e+01  5.000000e+00
     vertex  1.226154e+00 -5.257616e+01  5.000000e+00
     vertex  1.226154e+00 -5.257616e+01  2.000000e+00
   endloop
 endfacet
 facet normal -9.051772e-01  4.250344e-01  0.000000e+00
   outer loop
     vertex  1.178154e+00 -5.267485e+01  5.000000e+00
     vertex  1.201477e+00 -5.262518e+01  5.000000e+00
     vertex  1.178154e+00 -5.267485e+01  2.000000e+00
   endloop
 endfacet
 facet normal -9.164969e-01  4.000417e-01  0.000000e+00
   outer loop
     vertex  1.156203e+00 -5.272514e+01  5.000000e+00
     vertex  1.178154e+00 -5.267485e+01  2.000000e+00
     vertex  1.156203e+00 -5.272514e+01  2.000000e+00
   endloop
 endfacet
 facet normal -9.164969e-01  4.000417e-01  0.000000e+00
   outer loop
     vertex  1.156203e+00 -5.272514e+01  5.000000e+00
     vertex  1.178154e+00 -5.267485e+01  5.000000e+00
     vertex  1.178154e+00 -5.267485e+01  2.000000e+00
   endloop
 endfacet
 facet normal -9.271267e-01  3.747479e-01  0.000000e+00
   outer loop
     vertex  1.135639e+00 -5.277601e+01  5.000000e+00
     vertex  1.156203e+00 -5.272514e+01  2.000000e+00
     vertex  1.135639e+00 -5.277601e+01  2.000000e+00
   endloop
 endfacet
 facet normal -9.370586e-01  3.491720e-01  0.000000e+00
   outer loop
     vertex  1.135639e+00 -5.277601e+01  5.000000e+00
     vertex  1.135639e+00 -5.277601e+01  2.000000e+00
     vertex  1.116479e+00 -5.282743e+01  2.000000e+00
   endloop
 endfacet
 facet normal -9.271267e-01  3.747479e-01  0.000000e+00
   outer loop
     vertex  1.135639e+00 -5.277601e+01  5.000000e+00
     vertex  1.156203e+00 -5.272514e+01  5.000000e+00
     vertex  1.156203e+00 -5.272514e+01  2.000000e+00
   endloop
 endfacet
 facet normal -9.370586e-01  3.491720e-01  0.000000e+00
   outer loop
     vertex  1.116479e+00 -5.282743e+01  5.000000e+00
     vertex  1.135639e+00 -5.277601e+01  5.000000e+00
     vertex  1.116479e+00 -5.282743e+01  2.000000e+00
   endloop
 endfacet
 facet normal -9.462851e-01  3.233333e-01  0.000000e+00
   outer loop
     vertex  1.098737e+00 -5.287936e+01  5.000000e+00
     vertex  1.116479e+00 -5.282743e+01  2.000000e+00
     vertex  1.098737e+00 -5.287936e+01  2.000000e+00
   endloop
 endfacet
 facet normal -9.462851e-01  3.233333e-01  0.000000e+00
   outer loop
     vertex  1.098737e+00 -5.287936e+01  5.000000e+00
     vertex  1.116479e+00 -5.282743e+01  5.000000e+00
     vertex  1.116479e+00 -5.282743e+01  2.000000e+00
   endloop
 endfacet
 facet normal -9.547993e-01  2.972512e-01  0.000000e+00
   outer loop
     vertex  1.082425e+00 -5.293175e+01  5.000000e+00
     vertex  1.098737e+00 -5.287936e+01  2.000000e+00
     vertex  1.082425e+00 -5.293175e+01  2.000000e+00
   endloop
 endfacet
 facet normal -9.625948e-01  2.709453e-01  0.000000e+00
   outer loop
     vertex  1.082425e+00 -5.293175e+01  5.000000e+00
     vertex  1.082425e+00 -5.293175e+01  2.000000e+00
     vertex  1.067558e+00 -5.298457e+01  2.000000e+00
   endloop
 endfacet
 facet normal -9.547993e-01  2.972512e-01  0.000000e+00
   outer loop
     vertex  1.082425e+00 -5.293175e+01  5.000000e+00
     vertex  1.098737e+00 -5.287936e+01  5.000000e+00
     vertex  1.098737e+00 -5.287936e+01  2.000000e+00
   endloop
 endfacet
 facet normal -9.625948e-01  2.709453e-01  0.000000e+00
   outer loop
     vertex  1.067558e+00 -5.298457e+01  5.000000e+00
     vertex  1.082425e+00 -5.293175e+01  5.000000e+00
     vertex  1.067558e+00 -5.298457e+01  2.000000e+00
   endloop
 endfacet
 facet normal -9.696656e-01  2.444354e-01  0.000000e+00
   outer loop
     vertex  1.054145e+00 -5.303778e+01  5.000000e+00
     vertex  1.067558e+00 -5.298457e+01  2.000000e+00
     vertex  1.054145e+00 -5.303778e+01  2.000000e+00
   endloop
 endfacet
 facet normal -9.696656e-01  2.444354e-01  0.000000e+00
   outer loop
     vertex  1.054145e+00 -5.303778e+01  5.000000e+00
     vertex  1.067558e+00 -5.298457e+01  5.000000e+00
     vertex  1.067558e+00 -5.298457e+01  2.000000e+00
   endloop
 endfacet
 facet normal -9.760065e-01  2.177416e-01  0.000000e+00
   outer loop
     vertex  1.042197e+00 -5.309134e+01  5.000000e+00
     vertex  1.054145e+00 -5.303778e+01  2.000000e+00
     vertex  1.042197e+00 -5.309134e+01  2.000000e+00
   endloop
 endfacet
 facet normal -9.816126e-01  1.908838e-01  0.000000e+00
   outer loop
     vertex  1.042197e+00 -5.309134e+01  5.000000e+00
     vertex  1.042197e+00 -5.309134e+01  2.000000e+00
     vertex  1.031722e+00 -5.314520e+01  2.000000e+00
   endloop
 endfacet
 facet normal -9.760065e-01  2.177416e-01  0.000000e+00
   outer loop
     vertex  1.042197e+00 -5.309134e+01  5.000000e+00
     vertex  1.054145e+00 -5.303778e+01  5.000000e+00
     vertex  1.054145e+00 -5.303778e+01  2.000000e+00
   endloop
 endfacet
 facet normal -9.816126e-01  1.908838e-01  0.000000e+00
   outer loop
     vertex  1.031722e+00 -5.314520e+01  5.000000e+00
     vertex  1.042197e+00 -5.309134e+01  5.000000e+00
     vertex  1.031722e+00 -5.314520e+01  2.000000e+00
   endloop
 endfacet
 facet normal -9.864799e-01  1.638824e-01  0.000000e+00
   outer loop
     vertex  1.022729e+00 -5.319933e+01  5.000000e+00
     vertex  1.031722e+00 -5.314520e+01  2.000000e+00
     vertex  1.022729e+00 -5.319933e+01  2.000000e+00
   endloop
 endfacet
 facet normal -9.864799e-01  1.638824e-01  0.000000e+00
   outer loop
     vertex  1.022729e+00 -5.319933e+01  5.000000e+00
     vertex  1.031722e+00 -5.314520e+01  5.000000e+00
     vertex  1.031722e+00 -5.314520e+01  2.000000e+00
   endloop
 endfacet
 facet normal -9.906046e-01  1.367575e-01  0.000000e+00
   outer loop
     vertex  1.015225e+00 -5.325369e+01  5.000000e+00
     vertex  1.022729e+00 -5.319933e+01  2.000000e+00
     vertex  1.015225e+00 -5.325369e+01  2.000000e+00
   endloop
 endfacet
 facet normal -9.939835e-01  1.095298e-01  0.000000e+00
   outer loop
     vertex  1.015225e+00 -5.325369e+01  5.000000e+00
     vertex  1.015225e+00 -5.325369e+01  2.000000e+00
     vertex  1.009215e+00 -5.330823e+01  2.000000e+00
   endloop
 endfacet
 facet normal -9.906046e-01  1.367575e-01  0.000000e+00
   outer loop
     vertex  1.015225e+00 -5.325369e+01  5.000000e+00
     vertex  1.022729e+00 -5.319933e+01  5.000000e+00
     vertex  1.022729e+00 -5.319933e+01  2.000000e+00
   endloop
 endfacet
 facet normal -9.939835e-01  1.095298e-01  0.000000e+00
   outer loop
     vertex  1.009215e+00 -5.330823e+01  5.000000e+00
     vertex  1.015225e+00 -5.325369e+01  5.000000e+00
     vertex  1.009215e+00 -5.330823e+01  2.000000e+00
   endloop
 endfacet
 facet normal -9.966142e-01  8.221955e-02  0.000000e+00
   outer loop
     vertex  1.004703e+00 -5.336292e+01  5.000000e+00
     vertex  1.009215e+00 -5.330823e+01  5.000000e+00
     vertex  1.009215e+00 -5.330823e+01  2.000000e+00
   endloop
 endfacet
 facet normal -9.966142e-01  8.221955e-02  0.000000e+00
   outer loop
     vertex  1.004703e+00 -5.336292e+01  5.000000e+00
     vertex  1.009215e+00 -5.330823e+01  2.000000e+00
     vertex  1.004703e+00 -5.336292e+01  2.000000e+00
   endloop
 endfacet
 facet normal -9.984947e-01  5.484744e-02  0.000000e+00
   outer loop
     vertex  1.004703e+00 -5.336292e+01  5.000000e+00
     vertex  1.004703e+00 -5.336292e+01  2.000000e+00
     vertex  1.001694e+00 -5.341771e+01  2.000000e+00
   endloop
 endfacet
 facet normal -9.984947e-01  5.484744e-02  0.000000e+00
   outer loop
     vertex  1.001694e+00 -5.341771e+01  5.000000e+00
     vertex  1.004703e+00 -5.336292e+01  5.000000e+00
     vertex  1.001694e+00 -5.341771e+01  2.000000e+00
   endloop
 endfacet
 facet normal -9.996236e-01  2.743405e-02  0.000000e+00
   outer loop
     vertex  1.001694e+00 -5.341771e+01  5.000000e+00
     vertex  1.001694e+00 -5.341771e+01  2.000000e+00
     vertex  1.000188e+00 -5.347256e+01  2.000000e+00
   endloop
 endfacet
 facet normal -9.996236e-01  2.743405e-02  0.000000e+00
   outer loop
     vertex  1.000188e+00 -5.347256e+01  5.000000e+00
     vertex  1.001694e+00 -5.341771e+01  5.000000e+00
     vertex  1.000188e+00 -5.347256e+01  2.000000e+00
   endloop
 endfacet
 facet normal -1.000000e+00 -4.046499e-15 -0.000000e+00
   outer loop
     vertex  1.000188e+00 -5.347256e+01  5.000000e+00
     vertex  1.000188e+00 -5.347256e+01  2.000000e+00
     vertex  1.000188e+00 -5.352744e+01  2.000000e+00
   endloop
 endfacet
 facet normal -1.000000e+00 -4.046499e-15 -0.000000e+00
   outer loop
     vertex  1.000188e+00 -5.352744e+01  5.000000e+00
     vertex  1.000188e+00 -5.347256e+01  5.000000e+00
     vertex  1.000188e+00 -5.352744e+01  2.000000e+00
   endloop
 endfacet
 facet normal -9.996236e-01 -2.743405e-02  0.000000e+00
   outer loop
     vertex  1.001694e+00 -5.358229e+01  5.000000e+00
     vertex  1.000188e+00 -5.352744e+01  5.000000e+00
     vertex  1.000188e+00 -5.352744e+01  2.000000e+00
   endloop
 endfacet
 facet normal -9.996236e-01 -2.743405e-02 -0.000000e+00
   outer loop
     vertex  1.001694e+00 -5.358229e+01  5.000000e+00
     vertex  1.000188e+00 -5.352744e+01  2.000000e+00
     vertex  1.001694e+00 -5.358229e+01  2.000000e+00
   endloop
 endfacet
 facet normal -9.984947e-01 -5.484744e-02  0.000000e+00
   outer loop
     vertex  1.004703e+00 -5.363708e+01  5.000000e+00
     vertex  1.001694e+00 -5.358229e+01  5.000000e+00
     vertex  1.001694e+00 -5.358229e+01  2.000000e+00
   endloop
 endfacet
 facet normal -9.984947e-01 -5.484744e-02 -0.000000e+00
   outer loop
     vertex  1.004703e+00 -5.363708e+01  5.000000e+00
     vertex  1.001694e+00 -5.358229e+01  2.000000e+00
     vertex  1.004703e+00 -5.363708e+01  2.000000e+00
   endloop
 endfacet
 facet normal -9.966142e-01 -8.221955e-02  0.000000e+00
   outer loop
     vertex  1.009215e+00 -5.369177e+01  5.000000e+00
     vertex  1.004703e+00 -5.363708e+01  5.000000e+00
     vertex  1.004703e+00 -5.363708e+01  2.000000e+00
   endloop
 endfacet
 facet normal -9.966142e-01 -8.221955e-02 -0.000000e+00
   outer loop
     vertex  1.009215e+00 -5.369177e+01  5.000000e+00
     vertex  1.004703e+00 -5.363708e+01  2.000000e+00
     vertex  1.009215e+00 -5.369177e+01  2.000000e+00
   endloop
 endfacet
 facet normal -9.939835e-01 -1.095298e-01 -0.000000e+00
   outer loop
     vertex  1.009215e+00 -5.369177e+01  5.000000e+00
     vertex  1.009215e+00 -5.369177e+01  2.000000e+00
     vertex  1.015225e+00 -5.374631e+01  2.000000e+00
   endloop
 endfacet
 facet normal -9.939835e-01 -1.095298e-01 -0.000000e+00
   outer loop
     vertex  1.015225e+00 -5.374631e+01  5.000000e+00
     vertex  1.009215e+00 -5.369177e+01  5.000000e+00
     vertex  1.015225e+00 -5.374631e+01  2.000000e+00
   endloop
 endfacet
 facet normal -9.906046e-01 -1.367575e-01 -0.000000e+00
   outer loop
     vertex  1.015225e+00 -5.374631e+01  5.000000e+00
     vertex  1.015225e+00 -5.374631e+01  2.000000e+00
     vertex  1.022729e+00 -5.380067e+01  2.000000e+00
   endloop
 endfacet
 facet normal -9.906046e-01 -1.367575e-01 -0.000000e+00
   outer loop
     vertex  1.022729e+00 -5.380067e+01  5.000000e+00
     vertex  1.015225e+00 -5.374631e+01  5.000000e+00
     vertex  1.022729e+00 -5.380067e+01  2.000000e+00
   endloop
 endfacet
 facet normal -9.864799e-01 -1.638824e-01 -0.000000e+00
   outer loop
     vertex  1.022729e+00 -5.380067e+01  5.000000e+00
     vertex  1.022729e+00 -5.380067e+01  2.000000e+00
     vertex  1.031722e+00 -5.385480e+01  2.000000e+00
   endloop
 endfacet
 facet normal -9.864799e-01 -1.638824e-01 -0.000000e+00
   outer loop
     vertex  1.031722e+00 -5.385480e+01  5.000000e+00
     vertex  1.022729e+00 -5.380067e+01  5.000000e+00
     vertex  1.031722e+00 -5.385480e+01  2.000000e+00
   endloop
 endfacet
 facet normal -9.816126e-01 -1.908838e-01  0.000000e+00
   outer loop
     vertex  1.042197e+00 -5.390866e+01  5.000000e+00
     vertex  1.031722e+00 -5.385480e+01  5.000000e+00
     vertex  1.031722e+00 -5.385480e+01  2.000000e+00
   endloop
 endfacet
 facet normal -9.816126e-01 -1.908838e-01 -0.000000e+00
   outer loop
     vertex  1.042197e+00 -5.390866e+01  5.000000e+00
     vertex  1.031722e+00 -5.385480e+01  2.000000e+00
     vertex  1.042197e+00 -5.390866e+01  2.000000e+00
   endloop
 endfacet
 facet normal -9.760065e-01 -2.177416e-01 -0.000000e+00
   outer loop
     vertex  1.042197e+00 -5.390866e+01  5.000000e+00
     vertex  1.042197e+00 -5.390866e+01  2.000000e+00
     vertex  1.054145e+00 -5.396222e+01  2.000000e+00
   endloop
 endfacet
 facet normal -9.760065e-01 -2.177416e-01 -0.000000e+00
   outer loop
     vertex  1.054145e+00 -5.396222e+01  5.000000e+00
     vertex  1.042197e+00 -5.390866e+01  5.000000e+00
     vertex  1.054145e+00 -5.396222e+01  2.000000e+00
   endloop
 endfacet
 facet normal -9.696656e-01 -2.444354e-01 -0.000000e+00
   outer loop
     vertex  1.067558e+00 -5.401543e+01  5.000000e+00
     vertex  1.054145e+00 -5.396222e+01  2.000000e+00
     vertex  1.067558e+00 -5.401543e+01  2.000000e+00
   endloop
 endfacet
 facet normal -9.625948e-01 -2.709453e-01 -0.000000e+00
   outer loop
     vertex  1.067558e+00 -5.401543e+01  5.000000e+00
     vertex  1.067558e+00 -5.401543e+01  2.000000e+00
     vertex  1.082425e+00 -5.406825e+01  2.000000e+00
   endloop
 endfacet
 facet normal -9.696656e-01 -2.444354e-01  0.000000e+00
   outer loop
     vertex  1.067558e+00 -5.401543e+01  5.000000e+00
     vertex  1.054145e+00 -5.396222e+01  5.000000e+00
     vertex  1.054145e+00 -5.396222e+01  2.000000e+00
   endloop
 endfacet
 facet normal -9.625948e-01 -2.709453e-01 -0.000000e+00
   outer loop
     vertex  1.082425e+00 -5.406825e+01  5.000000e+00
     vertex  1.067558e+00 -5.401543e+01  5.000000e+00
     vertex  1.082425e+00 -5.406825e+01  2.000000e+00
   endloop
 endfacet
 facet normal -9.547993e-01 -2.972512e-01 -0.000000e+00
   outer loop
     vertex  1.098737e+00 -5.412064e+01  5.000000e+00
     vertex  1.082425e+00 -5.406825e+01  2.000000e+00
     vertex  1.098737e+00 -5.412064e+01  2.000000e+00
   endloop
 endfacet
 facet normal -9.547993e-01 -2.972512e-01  0.000000e+00
   outer loop
     vertex  1.098737e+00 -5.412064e+01  5.000000e+00
     vertex  1.082425e+00 -5.406825e+01  5.000000e+00
     vertex  1.082425e+00 -5.406825e+01  2.000000e+00
   endloop
 endfacet
 facet normal -9.462851e-01 -3.233333e-01 -0.000000e+00
   outer loop
     vertex  1.116479e+00 -5.417257e+01  5.000000e+00
     vertex  1.098737e+00 -5.412064e+01  2.000000e+00
     vertex  1.116479e+00 -5.417257e+01  2.000000e+00
   endloop
 endfacet
 facet normal -9.370586e-01 -3.491720e-01 -0.000000e+00
   outer loop
     vertex  1.116479e+00 -5.417257e+01  5.000000e+00
     vertex  1.116479e+00 -5.417257e+01  2.000000e+00
     vertex  1.135639e+00 -5.422399e+01  2.000000e+00
   endloop
 endfacet
 facet normal -9.462851e-01 -3.233333e-01  0.000000e+00
   outer loop
     vertex  1.116479e+00 -5.417257e+01  5.000000e+00
     vertex  1.098737e+00 -5.412064e+01  5.000000e+00
     vertex  1.098737e+00 -5.412064e+01  2.000000e+00
   endloop
 endfacet
 facet normal -9.370586e-01 -3.491720e-01 -0.000000e+00
   outer loop
     vertex  1.135639e+00 -5.422399e+01  5.000000e+00
     vertex  1.116479e+00 -5.417257e+01  5.000000e+00
     vertex  1.135639e+00 -5.422399e+01  2.000000e+00
   endloop
 endfacet
 facet normal -9.271267e-01 -3.747479e-01 -0.000000e+00
   outer loop
     vertex  1.156203e+00 -5.427486e+01  5.000000e+00
     vertex  1.135639e+00 -5.422399e+01  2.000000e+00
     vertex  1.156203e+00 -5.427486e+01  2.000000e+00
   endloop
 endfacet
 facet normal -9.271267e-01 -3.747479e-01  0.000000e+00
   outer loop
     vertex  1.156203e+00 -5.427486e+01  5.000000e+00
     vertex  1.135639e+00 -5.422399e+01  5.000000e+00
     vertex  1.135639e+00 -5.422399e+01  2.000000e+00
   endloop
 endfacet
 facet normal -9.164969e-01 -4.000417e-01 -0.000000e+00
   outer loop
     vertex  1.178154e+00 -5.432515e+01  5.000000e+00
     vertex  1.156203e+00 -5.427486e+01  2.000000e+00
     vertex  1.178154e+00 -5.432515e+01  2.000000e+00
   endloop
 endfacet
 facet normal -9.051772e-01 -4.250344e-01 -0.000000e+00
   outer loop
     vertex  1.178154e+00 -5.432515e+01  5.000000e+00
     vertex  1.178154e+00 -5.432515e+01  2.000000e+00
     vertex  1.201477e+00 -5.437482e+01  2.000000e+00
   endloop
 endfacet
 facet normal -9.164969e-01 -4.000417e-01  0.000000e+00
   outer loop
     vertex  1.178154e+00 -5.432515e+01  5.000000e+00
     vertex  1.156203e+00 -5.427486e+01  5.000000e+00
     vertex  1.156203e+00 -5.427486e+01  2.000000e+00
   endloop
 endfacet
 facet normal -8.931761e-01 -4.497071e-01 -0.000000e+00
   outer loop
     vertex  1.201477e+00 -5.437482e+01  5.000000e+00
     vertex  1.201477e+00 -5.437482e+01  2.000000e+00
     vertex  1.226154e+00 -5.442384e+01  2.000000e+00
   endloop
 endfacet
 facet normal -9.051772e-01 -4.250344e-01 -0.000000e+00
   outer loop
     vertex  1.201477e+00 -5.437482e+01  5.000000e+00
     vertex  1.178154e+00 -5.432515e+01  5.000000e+00
     vertex  1.201477e+00 -5.437482e+01  2.000000e+00
   endloop
 endfacet
 facet normal -8.931761e-01 -4.497071e-01 -0.000000e+00
   outer loop
     vertex  1.226154e+00 -5.442384e+01  5.000000e+00
     vertex  1.201477e+00 -5.437482e+01  5.000000e+00
     vertex  1.226154e+00 -5.442384e+01  2.000000e+00
   endloop
 endfacet
 facet normal -8.805026e-01 -4.740412e-01 -0.000000e+00
   outer loop
     vertex  1.252167e+00 -5.447215e+01  5.000000e+00
     vertex  1.226154e+00 -5.442384e+01  2.000000e+00
     vertex  1.252167e+00 -5.447215e+01  2.000000e+00
   endloop
 endfacet
 facet normal -8.805026e-01 -4.740412e-01  0.000000e+00
   outer loop
     vertex  1.252167e+00 -5.447215e+01  5.000000e+00
     vertex  1.226154e+00 -5.442384e+01  5.000000e+00
     vertex  1.226154e+00 -5.442384e+01  2.000000e+00
   endloop
 endfacet
 facet normal -8.671664e-01 -4.980186e-01 -0.000000e+00
   outer loop
     vertex  1.279494e+00 -5.451974e+01  5.000000e+00
     vertex  1.252167e+00 -5.447215e+01  2.000000e+00
     vertex  1.279494e+00 -5.451974e+01  2.000000e+00
   endloop
 endfacet
 facet normal -8.531773e-01 -5.216210e-01 -0.000000e+00
   outer loop
     vertex  1.279494e+00 -5.451974e+01  5.000000e+00
     vertex  1.279494e+00 -5.451974e+01  2.000000e+00
     vertex  1.308117e+00 -5.456655e+01  2.000000e+00
   endloop
 endfacet
 facet normal -8.671664e-01 -4.980186e-01  0.000000e+00
   outer loop
     vertex  1.279494e+00 -5.451974e+01  5.000000e+00
     vertex  1.252167e+00 -5.447215e+01  5.000000e+00
     vertex  1.252167e+00 -5.447215e+01  2.000000e+00
   endloop
 endfacet
 facet normal -8.531773e-01 -5.216210e-01 -0.000000e+00
   outer loop
     vertex  1.308117e+00 -5.456655e+01  5.000000e+00
     vertex  1.279494e+00 -5.451974e+01  5.000000e+00
     vertex  1.308117e+00 -5.456655e+01  2.000000e+00
   endloop
 endfacet
 facet normal -8.385460e-01 -5.448308e-01  0.000000e+00
   outer loop
     vertex  1.338014e+00 -5.461257e+01  5.000000e+00
     vertex  1.308117e+00 -5.456655e+01  5.000000e+00
     vertex  1.308117e+00 -5.456655e+01  2.000000e+00
   endloop
 endfacet
 facet normal -8.385460e-01 -5.448308e-01 -0.000000e+00
   outer loop
     vertex  1.338014e+00 -5.461257e+01  5.000000e+00
     vertex  1.308117e+00 -5.456655e+01  2.000000e+00
     vertex  1.338014e+00 -5.461257e+01  2.000000e+00
   endloop
 endfacet
 facet normal -8.232835e-01 -5.676304e-01 -0.000000e+00
   outer loop
     vertex  1.338014e+00 -5.461257e+01  5.000000e+00
     vertex  1.338014e+00 -5.461257e+01  2.000000e+00
     vertex  1.369162e+00 -5.465774e+01  2.000000e+00
   endloop
 endfacet
 facet normal -8.232835e-01 -5.676304e-01 -0.000000e+00
   outer loop
     vertex  1.369162e+00 -5.465774e+01  5.000000e+00
     vertex  1.338014e+00 -5.461257e+01  5.000000e+00
     vertex  1.369162e+00 -5.465774e+01  2.000000e+00
   endloop
 endfacet
 facet normal -8.074012e-01 -5.900028e-01 -0.000000e+00
   outer loop
     vertex  1.369162e+00 -5.465774e+01  5.000000e+00
     vertex  1.369162e+00 -5.465774e+01  2.000000e+00
     vertex  1.401537e+00 -5.470205e+01  2.000000e+00
   endloop
 endfacet
 facet normal -8.074012e-01 -5.900028e-01 -0.000000e+00
   outer loop
     vertex  1.401537e+00 -5.470205e+01  5.000000e+00
     vertex  1.369162e+00 -5.465774e+01  5.000000e+00
     vertex  1.401537e+00 -5.470205e+01  2.000000e+00
   endloop
 endfacet
 facet normal -7.909112e-01 -6.119310e-01  0.000000e+00
   outer loop
     vertex  1.435116e+00 -5.474545e+01  5.000000e+00
     vertex  1.401537e+00 -5.470205e+01  5.000000e+00
     vertex  1.401537e+00 -5.470205e+01  2.000000e+00
   endloop
 endfacet
 facet normal -7.909112e-01 -6.119310e-01 -0.000000e+00
   outer loop
     vertex  1.435116e+00 -5.474545e+01  5.000000e+00
     vertex  1.401537e+00 -5.470205e+01  2.000000e+00
     vertex  1.435116e+00 -5.474545e+01  2.000000e+00
   endloop
 endfacet
 facet normal -7.738257e-01 -6.333986e-01 -0.000000e+00
   outer loop
     vertex  1.435116e+00 -5.474545e+01  5.000000e+00
     vertex  1.435116e+00 -5.474545e+01  2.000000e+00
     vertex  1.469873e+00 -5.478791e+01  2.000000e+00
   endloop
 endfacet
 facet normal -7.738257e-01 -6.333986e-01 -0.000000e+00
   outer loop
     vertex  1.469873e+00 -5.478791e+01  5.000000e+00
     vertex  1.435116e+00 -5.474545e+01  5.000000e+00
     vertex  1.469873e+00 -5.478791e+01  2.000000e+00
   endloop
 endfacet
 facet normal -7.561578e-01 -6.543893e-01  0.000000e+00
   outer loop
     vertex  1.505781e+00 -5.482940e+01  5.000000e+00
     vertex  1.469873e+00 -5.478791e+01  5.000000e+00
     vertex  1.469873e+00 -5.478791e+01  2.000000e+00
   endloop
 endfacet
 facet normal -7.561578e-01 -6.543893e-01 -0.000000e+00
   outer loop
     vertex  1.505781e+00 -5.482940e+01  5.000000e+00
     vertex  1.469873e+00 -5.478791e+01  2.000000e+00
     vertex  1.505781e+00 -5.482940e+01  2.000000e+00
   endloop
 endfacet
 facet normal -7.379206e-01 -6.748875e-01 -0.000000e+00
   outer loop
     vertex  1.505781e+00 -5.482940e+01  5.000000e+00
     vertex  1.505781e+00 -5.482940e+01  2.000000e+00
     vertex  1.542814e+00 -5.486989e+01  2.000000e+00
   endloop
 endfacet
 facet normal -7.379206e-01 -6.748875e-01 -0.000000e+00
   outer loop
     vertex  1.542814e+00 -5.486989e+01  5.000000e+00
     vertex  1.505781e+00 -5.482940e+01  5.000000e+00
     vertex  1.542814e+00 -5.486989e+01  2.000000e+00
   endloop
 endfacet
 facet normal -7.191280e-01 -6.948776e-01 -0.000000e+00
   outer loop
     vertex  1.542814e+00 -5.486989e+01  5.000000e+00
     vertex  1.542814e+00 -5.486989e+01  2.000000e+00
     vertex  1.580944e+00 -5.490935e+01  2.000000e+00
   endloop
 endfacet
 facet normal -7.191280e-01 -6.948776e-01 -0.000000e+00
   outer loop
     vertex  1.580944e+00 -5.490935e+01  5.000000e+00
     vertex  1.542814e+00 -5.486989e+01  5.000000e+00
     vertex  1.580944e+00 -5.490935e+01  2.000000e+00
   endloop
 endfacet
 facet normal -6.997940e-01 -7.143447e-01 -0.000000e+00
   outer loop
     vertex  1.580944e+00 -5.490935e+01  5.000000e+00
     vertex  1.580944e+00 -5.490935e+01  2.000000e+00
     vertex  1.620143e+00 -5.494775e+01  2.000000e+00
   endloop
 endfacet
 facet normal -6.997940e-01 -7.143447e-01 -0.000000e+00
   outer loop
     vertex  1.620143e+00 -5.494775e+01  5.000000e+00
     vertex  1.580944e+00 -5.490935e+01  5.000000e+00
     vertex  1.620143e+00 -5.494775e+01  2.000000e+00
   endloop
 endfacet
 facet normal -6.799333e-01 -7.332740e-01  0.000000e+00
   outer loop
     vertex  1.660380e+00 -5.498507e+01  5.000000e+00
     vertex  1.620143e+00 -5.494775e+01  5.000000e+00
     vertex  1.620143e+00 -5.494775e+01  2.000000e+00
   endloop
 endfacet
 facet normal -6.799333e-01 -7.332740e-01 -0.000000e+00
   outer loop
     vertex  1.660380e+00 -5.498507e+01  5.000000e+00
     vertex  1.620143e+00 -5.494775e+01  2.000000e+00
     vertex  1.660380e+00 -5.498507e+01  2.000000e+00
   endloop
 endfacet
 facet normal -6.595607e-01 -7.516513e-01  0.000000e+00
   outer loop
     vertex  1.701626e+00 -5.502126e+01  5.000000e+00
     vertex  1.660380e+00 -5.498507e+01  5.000000e+00
     vertex  1.660380e+00 -5.498507e+01  2.000000e+00
   endloop
 endfacet
 facet normal -6.595607e-01 -7.516513e-01 -0.000000e+00
   outer loop
     vertex  1.701626e+00 -5.502126e+01  5.000000e+00
     vertex  1.660380e+00 -5.498507e+01  2.000000e+00
     vertex  1.701626e+00 -5.502126e+01  2.000000e+00
   endloop
 endfacet
 facet normal -6.386916e-01 -7.694628e-01 -0.000000e+00
   outer loop
     vertex  1.701626e+00 -5.502126e+01  5.000000e+00
     vertex  1.701626e+00 -5.502126e+01  2.000000e+00
     vertex  1.743849e+00 -5.505630e+01  2.000000e+00
   endloop
 endfacet
 facet normal -6.386916e-01 -7.694628e-01 -0.000000e+00
   outer loop
     vertex  1.743849e+00 -5.505630e+01  5.000000e+00
     vertex  1.701626e+00 -5.502126e+01  5.000000e+00
     vertex  1.743849e+00 -5.505630e+01  2.000000e+00
   endloop
 endfacet
 facet normal -6.173417e-01 -7.866951e-01  0.000000e+00
   outer loop
     vertex  1.787017e+00 -5.509018e+01  5.000000e+00
     vertex  1.743849e+00 -5.505630e+01  5.000000e+00
     vertex  1.743849e+00 -5.505630e+01  2.000000e+00
   endloop
 endfacet
 facet normal -6.173417e-01 -7.866951e-01 -0.000000e+00
   outer loop
     vertex  1.787017e+00 -5.509018e+01  5.000000e+00
     vertex  1.743849e+00 -5.505630e+01  2.000000e+00
     vertex  1.787017e+00 -5.509018e+01  2.000000e+00
   endloop
 endfacet
 facet normal -5.955271e-01 -8.033352e-01 -0.000000e+00
   outer loop
     vertex  1.787017e+00 -5.509018e+01  5.000000e+00
     vertex  1.787017e+00 -5.509018e+01  2.000000e+00
     vertex  1.831099e+00 -5.512286e+01  2.000000e+00
   endloop
 endfacet
 facet normal -5.955271e-01 -8.033352e-01 -0.000000e+00
   outer loop
     vertex  1.831099e+00 -5.512286e+01  5.000000e+00
     vertex  1.787017e+00 -5.509018e+01  5.000000e+00
     vertex  1.831099e+00 -5.512286e+01  2.000000e+00
   endloop
 endfacet
 facet normal -5.732642e-01 -8.193706e-01 -0.000000e+00
   outer loop
     vertex  1.831099e+00 -5.512286e+01  5.000000e+00
     vertex  1.831099e+00 -5.512286e+01  2.000000e+00
     vertex  1.876060e+00 -5.515432e+01  2.000000e+00
   endloop
 endfacet
 facet normal -5.732642e-01 -8.193706e-01 -0.000000e+00
   outer loop
     vertex  1.876060e+00 -5.515432e+01  5.000000e+00
     vertex  1.831099e+00 -5.512286e+01  5.000000e+00
     vertex  1.876060e+00 -5.515432e+01  2.000000e+00
   endloop
 endfacet
 facet normal -5.505698e-01 -8.347891e-01 -0.000000e+00
   outer loop
     vertex  1.876060e+00 -5.515432e+01  5.000000e+00
     vertex  1.876060e+00 -5.515432e+01  2.000000e+00
     vertex  1.921868e+00 -5.518453e+01  2.000000e+00
   endloop
 endfacet
 facet normal -5.505698e-01 -8.347891e-01 -0.000000e+00
   outer loop
     vertex  1.921868e+00 -5.518453e+01  5.000000e+00
     vertex  1.876060e+00 -5.515432e+01  5.000000e+00
     vertex  1.921868e+00 -5.518453e+01  2.000000e+00
   endloop
 endfacet
 facet normal -5.274609e-01 -8.495793e-01  0.000000e+00
   outer loop
     vertex  1.968487e+00 -5.521347e+01  5.000000e+00
     vertex  1.921868e+00 -5.518453e+01  5.000000e+00
     vertex  1.921868e+00 -5.518453e+01  2.000000e+00
   endloop
 endfacet
 facet normal -5.274609e-01 -8.495793e-01 -0.000000e+00
   outer loop
     vertex  1.968487e+00 -5.521347e+01  5.000000e+00
     vertex  1.921868e+00 -5.518453e+01  2.000000e+00
     vertex  1.968487e+00 -5.521347e+01  2.000000e+00
   endloop
 endfacet
 facet normal -5.039550e-01 -8.637299e-01 -0.000000e+00
   outer loop
     vertex  1.968487e+00 -5.521347e+01  5.000000e+00
     vertex  1.968487e+00 -5.521347e+01  2.000000e+00
     vertex  2.015883e+00 -5.524112e+01  2.000000e+00
   endloop
 endfacet
 facet normal -5.039550e-01 -8.637299e-01 -0.000000e+00
   outer loop
     vertex  2.015883e+00 -5.524112e+01  5.000000e+00
     vertex  1.968487e+00 -5.521347e+01  5.000000e+00
     vertex  2.015883e+00 -5.524112e+01  2.000000e+00
   endloop
 endfacet
 facet normal -4.800697e-01 -8.772303e-01  0.000000e+00
   outer loop
     vertex  2.064019e+00 -5.526747e+01  5.000000e+00
     vertex  2.015883e+00 -5.524112e+01  5.000000e+00
     vertex  2.015883e+00 -5.524112e+01  2.000000e+00
   endloop
 endfacet
 facet normal -4.800697e-01 -8.772303e-01 -0.000000e+00
   outer loop
     vertex  2.064019e+00 -5.526747e+01  5.000000e+00
     vertex  2.015883e+00 -5.524112e+01  2.000000e+00
     vertex  2.064019e+00 -5.526747e+01  2.000000e+00
   endloop
 endfacet
 facet normal -4.558231e-01 -8.900704e-01 -0.000000e+00
   outer loop
     vertex  2.064019e+00 -5.526747e+01  5.000000e+00
     vertex  2.064019e+00 -5.526747e+01  2.000000e+00
     vertex  2.112860e+00 -5.529248e+01  2.000000e+00
   endloop
 endfacet
 facet normal -4.558231e-01 -8.900704e-01 -0.000000e+00
   outer loop
     vertex  2.112860e+00 -5.529248e+01  5.000000e+00
     vertex  2.064019e+00 -5.526747e+01  5.000000e+00
     vertex  2.112860e+00 -5.529248e+01  2.000000e+00
   endloop
 endfacet
 facet normal -4.312333e-01 -9.022405e-01  0.000000e+00
   outer loop
     vertex  2.162369e+00 -5.531614e+01  5.000000e+00
     vertex  2.112860e+00 -5.529248e+01  5.000000e+00
     vertex  2.112860e+00 -5.529248e+01  2.000000e+00
   endloop
 endfacet
 facet normal -4.312333e-01 -9.022405e-01 -0.000000e+00
   outer loop
     vertex  2.162369e+00 -5.531614e+01  5.000000e+00
     vertex  2.112860e+00 -5.529248e+01  2.000000e+00
     vertex  2.162369e+00 -5.531614e+01  2.000000e+00
   endloop
 endfacet
 facet normal -4.063188e-01 -9.137314e-01  0.000000e+00
   outer loop
     vertex  2.212508e+00 -5.533844e+01  5.000000e+00
     vertex  2.162369e+00 -5.531614e+01  5.000000e+00
     vertex  2.162369e+00 -5.531614e+01  2.000000e+00
   endloop
 endfacet
 facet normal -4.063188e-01 -9.137314e-01 -0.000000e+00
   outer loop
     vertex  2.212508e+00 -5.533844e+01  5.000000e+00
     vertex  2.162369e+00 -5.531614e+01  2.000000e+00
     vertex  2.212508e+00 -5.533844e+01  2.000000e+00
   endloop
 endfacet
 facet normal -3.810986e-01 -9.245344e-01 -0.000000e+00
   outer loop
     vertex  2.212508e+00 -5.533844e+01  5.000000e+00
     vertex  2.212508e+00 -5.533844e+01  2.000000e+00
     vertex  2.263241e+00 -5.535935e+01  2.000000e+00
   endloop
 endfacet
 facet normal -3.810986e-01 -9.245344e-01 -0.000000e+00
   outer loop
     vertex  2.263241e+00 -5.535935e+01  5.000000e+00
     vertex  2.212508e+00 -5.533844e+01  5.000000e+00
     vertex  2.263241e+00 -5.535935e+01  2.000000e+00
   endloop
 endfacet
 facet normal -3.555914e-01 -9.346415e-01 -0.000000e+00
   outer loop
     vertex  2.314528e+00 -5.537886e+01  5.000000e+00
     vertex  2.263241e+00 -5.535935e+01  2.000000e+00
     vertex  2.314528e+00 -5.537886e+01  2.000000e+00
   endloop
 endfacet
 facet normal -3.555914e-01 -9.346415e-01  0.000000e+00
   outer loop
     vertex  2.314528e+00 -5.537886e+01  5.000000e+00
     vertex  2.263241e+00 -5.535935e+01  5.000000e+00
     vertex  2.263241e+00 -5.535935e+01  2.000000e+00
   endloop
 endfacet
 facet normal -3.298166e-01 -9.440450e-01 -0.000000e+00
   outer loop
     vertex  2.366330e+00 -5.539696e+01  5.000000e+00
     vertex  2.314528e+00 -5.537886e+01  2.000000e+00
     vertex  2.366330e+00 -5.539696e+01  2.000000e+00
   endloop
 endfacet
 facet normal -3.037934e-01 -9.527379e-01 -0.000000e+00
   outer loop
     vertex  2.366330e+00 -5.539696e+01  5.000000e+00
     vertex  2.366330e+00 -5.539696e+01  2.000000e+00
     vertex  2.418610e+00 -5.541363e+01  2.000000e+00
   endloop
 endfacet
 facet normal -3.298166e-01 -9.440450e-01  0.000000e+00
   outer loop
     vertex  2.366330e+00 -5.539696e+01  5.000000e+00
     vertex  2.314528e+00 -5.537886e+01  5.000000e+00
     vertex  2.314528e+00 -5.537886e+01  2.000000e+00
   endloop
 endfacet
 facet normal -2.775416e-01 -9.607136e-01 -0.000000e+00
   outer loop
     vertex  2.418610e+00 -5.541363e+01  5.000000e+00
     vertex  2.418610e+00 -5.541363e+01  2.000000e+00
     vertex  2.471328e+00 -5.542886e+01  2.000000e+00
   endloop
 endfacet
 facet normal -3.037934e-01 -9.527379e-01 -0.000000e+00
   outer loop
     vertex  2.418610e+00 -5.541363e+01  5.000000e+00
     vertex  2.366330e+00 -5.539696e+01  5.000000e+00
     vertex  2.418610e+00 -5.541363e+01  2.000000e+00
   endloop
 endfacet
 facet normal -2.775416e-01 -9.607136e-01 -0.000000e+00
   outer loop
     vertex  2.471328e+00 -5.542886e+01  5.000000e+00
     vertex  2.418610e+00 -5.541363e+01  5.000000e+00
     vertex  2.471328e+00 -5.542886e+01  2.000000e+00
   endloop
 endfacet
 facet normal -2.510809e-01 -9.679661e-01  0.000000e+00
   outer loop
     vertex  2.524443e+00 -5.544264e+01  5.000000e+00
     vertex  2.471328e+00 -5.542886e+01  5.000000e+00
     vertex  2.471328e+00 -5.542886e+01  2.000000e+00
   endloop
 endfacet
 facet normal -2.510809e-01 -9.679661e-01 -0.000000e+00
   outer loop
     vertex  2.524443e+00 -5.544264e+01  5.000000e+00
     vertex  2.471328e+00 -5.542886e+01  2.000000e+00
     vertex  2.524443e+00 -5.544264e+01  2.000000e+00
   endloop
 endfacet
 facet normal -2.244312e-01 -9.744899e-01 -0.000000e+00
   outer loop
     vertex  2.524443e+00 -5.544264e+01  5.000000e+00
     vertex  2.524443e+00 -5.544264e+01  2.000000e+00
     vertex  2.577917e+00 -5.545495e+01  2.000000e+00
   endloop
 endfacet
 facet normal -2.244312e-01 -9.744899e-01 -0.000000e+00
   outer loop
     vertex  2.577917e+00 -5.545495e+01  5.000000e+00
     vertex  2.524443e+00 -5.544264e+01  5.000000e+00
     vertex  2.577917e+00 -5.545495e+01  2.000000e+00
   endloop
 endfacet
 facet normal -1.976125e-01 -9.802802e-01  0.000000e+00
   outer loop
     vertex  2.631708e+00 -5.546580e+01  5.000000e+00
     vertex  2.577917e+00 -5.545495e+01  5.000000e+00
     vertex  2.577917e+00 -5.545495e+01  2.000000e+00
   endloop
 endfacet
 facet normal -1.976125e-01 -9.802802e-01 -0.000000e+00
   outer loop
     vertex  2.631708e+00 -5.546580e+01  5.000000e+00
     vertex  2.577917e+00 -5.545495e+01  2.000000e+00
     vertex  2.631708e+00 -5.546580e+01  2.000000e+00
   endloop
 endfacet
 facet normal -1.706451e-01 -9.853326e-01 -0.000000e+00
   outer loop
     vertex  2.631708e+00 -5.546580e+01  5.000000e+00
     vertex  2.631708e+00 -5.546580e+01  2.000000e+00
     vertex  2.685776e+00 -5.547516e+01  2.000000e+00
   endloop
 endfacet
 facet normal -1.706451e-01 -9.853326e-01 -0.000000e+00
   outer loop
     vertex  2.685776e+00 -5.547516e+01  5.000000e+00
     vertex  2.631708e+00 -5.546580e+01  5.000000e+00
     vertex  2.685776e+00 -5.547516e+01  2.000000e+00
   endloop
 endfacet
 facet normal -1.435492e-01 -9.896432e-01 -0.000000e+00
   outer loop
     vertex  2.685776e+00 -5.547516e+01  5.000000e+00
     vertex  2.685776e+00 -5.547516e+01  2.000000e+00
     vertex  2.740081e+00 -5.548304e+01  2.000000e+00
   endloop
 endfacet
 facet normal -1.435492e-01 -9.896432e-01 -0.000000e+00
   outer loop
     vertex  2.740081e+00 -5.548304e+01  5.000000e+00
     vertex  2.685776e+00 -5.547516e+01  5.000000e+00
     vertex  2.740081e+00 -5.548304e+01  2.000000e+00
   endloop
 endfacet
 facet normal -1.163452e-01 -9.932088e-01 -0.000000e+00
   outer loop
     vertex  2.740081e+00 -5.548304e+01  5.000000e+00
     vertex  2.740081e+00 -5.548304e+01  2.000000e+00
     vertex  2.794582e+00 -5.548942e+01  2.000000e+00
   endloop
 endfacet
 facet normal -1.163452e-01 -9.932088e-01 -0.000000e+00
   outer loop
     vertex  2.794582e+00 -5.548942e+01  5.000000e+00
     vertex  2.740081e+00 -5.548304e+01  5.000000e+00
     vertex  2.794582e+00 -5.548942e+01  2.000000e+00
   endloop
 endfacet
 facet normal -8.905371e-02 -9.960268e-01  0.000000e+00
   outer loop
     vertex  2.849237e+00 -5.549431e+01  5.000000e+00
     vertex  2.794582e+00 -5.548942e+01  5.000000e+00
     vertex  2.794582e+00 -5.548942e+01  2.000000e+00
   endloop
 endfacet
 facet normal -8.905371e-02 -9.960268e-01 -0.000000e+00
   outer loop
     vertex  2.849237e+00 -5.549431e+01  5.000000e+00
     vertex  2.794582e+00 -5.548942e+01  2.000000e+00
     vertex  2.849237e+00 -5.549431e+01  2.000000e+00
   endloop
 endfacet
 facet normal -6.169515e-02 -9.980950e-01 -0.000000e+00
   outer loop
     vertex  2.849237e+00 -5.549431e+01  5.000000e+00
     vertex  2.849237e+00 -5.549431e+01  2.000000e+00
     vertex  2.904006e+00 -5.549769e+01  2.000000e+00
   endloop
 endfacet
 facet normal -6.169515e-02 -9.980950e-01 -0.000000e+00
   outer loop
     vertex  2.904006e+00 -5.549769e+01  5.000000e+00
     vertex  2.849237e+00 -5.549431e+01  5.000000e+00
     vertex  2.904006e+00 -5.549769e+01  2.000000e+00
   endloop
 endfacet
 facet normal -3.429014e-02 -9.994119e-01  0.000000e+00
   outer loop
     vertex  2.958847e+00 -5.549958e+01  5.000000e+00
     vertex  2.904006e+00 -5.549769e+01  5.000000e+00
     vertex  2.904006e+00 -5.549769e+01  2.000000e+00
   endloop
 endfacet
 facet normal -3.429014e-02 -9.994119e-01 -0.000000e+00
   outer loop
     vertex  2.958847e+00 -5.549958e+01  5.000000e+00
     vertex  2.904006e+00 -5.549769e+01  2.000000e+00
     vertex  2.958847e+00 -5.549958e+01  2.000000e+00
   endloop
 endfacet
 facet normal -6.859319e-03 -9.999765e-01 -0.000000e+00
   outer loop
     vertex  2.958847e+00 -5.549958e+01  5.000000e+00
     vertex  2.958847e+00 -5.549958e+01  2.000000e+00
     vertex  3.013719e+00 -5.549995e+01  2.000000e+00
   endloop
 endfacet
 facet normal -6.859319e-03 -9.999765e-01 -0.000000e+00
   outer loop
     vertex  3.013719e+00 -5.549995e+01  5.000000e+00
     vertex  2.958847e+00 -5.549958e+01  5.000000e+00
     vertex  3.013719e+00 -5.549995e+01  2.000000e+00
   endloop
 endfacet
 facet normal  4.799716e-02 -9.988475e-01  0.000000e+00
   outer loop
     vertex  3.068580e+00 -5.549882e+01  5.000000e+00
     vertex  3.068580e+00 -5.549882e+01  2.000000e+00
     vertex  3.123390e+00 -5.549619e+01  2.000000e+00
   endloop
 endfacet
 facet normal  2.057667e-02 -9.997883e-01  0.000000e+00
   outer loop
     vertex  3.068580e+00 -5.549882e+01  5.000000e+00
     vertex  3.013719e+00 -5.549995e+01  5.000000e+00
     vertex  3.013719e+00 -5.549995e+01  2.000000e+00
   endloop
 endfacet
 facet normal  2.057667e-02 -9.997883e-01  0.000000e+00
   outer loop
     vertex  3.068580e+00 -5.549882e+01  5.000000e+00
     vertex  3.013719e+00 -5.549995e+01  2.000000e+00
     vertex  3.068580e+00 -5.549882e+01  2.000000e+00
   endloop
 endfacet
 facet normal  4.799716e-02 -9.988475e-01  0.000000e+00
   outer loop
     vertex  3.123390e+00 -5.549619e+01  5.000000e+00
     vertex  3.068580e+00 -5.549882e+01  5.000000e+00
     vertex  3.123390e+00 -5.549619e+01  2.000000e+00
   endloop
 endfacet
 facet normal  7.538152e-02 -9.971548e-01  0.000000e+00
   outer loop
     vertex  3.178107e+00 -5.549205e+01  5.000000e+00
     vertex  3.123390e+00 -5.549619e+01  2.000000e+00
     vertex  3.178107e+00 -5.549205e+01  2.000000e+00
   endloop
 endfacet
 facet normal  7.538152e-02 -9.971548e-01  0.000000e+00
   outer loop
     vertex  3.178107e+00 -5.549205e+01  5.000000e+00
     vertex  3.123390e+00 -5.549619e+01  5.000000e+00
     vertex  3.123390e+00 -5.549619e+01  2.000000e+00
   endloop
 endfacet
 facet normal  1.027091e-01 -9.947114e-01  0.000000e+00
   outer loop
     vertex  3.232690e+00 -5.548642e+01  5.000000e+00
     vertex  3.178107e+00 -5.549205e+01  2.000000e+00
     vertex  3.232690e+00 -5.548642e+01  2.000000e+00
   endloop
 endfacet
 facet normal  1.027091e-01 -9.947114e-01  0.000000e+00
   outer loop
     vertex  3.232690e+00 -5.548642e+01  5.000000e+00
     vertex  3.178107e+00 -5.549205e+01  5.000000e+00
     vertex  3.178107e+00 -5.549205e+01  2.000000e+00
   endloop
 endfacet
 facet normal  1.299594e-01 -9.915193e-01  0.000000e+00
   outer loop
     vertex  3.287098e+00 -5.547929e+01  5.000000e+00
     vertex  3.232690e+00 -5.548642e+01  2.000000e+00
     vertex  3.287098e+00 -5.547929e+01  2.000000e+00
   endloop
 endfacet
 facet normal  1.299594e-01 -9.915193e-01  0.000000e+00
   outer loop
     vertex  3.287098e+00 -5.547929e+01  5.000000e+00
     vertex  3.232690e+00 -5.548642e+01  5.000000e+00
     vertex  3.232690e+00 -5.548642e+01  2.000000e+00
   endloop
 endfacet
 facet normal  1.571119e-01 -9.875808e-01  0.000000e+00
   outer loop
     vertex  3.341290e+00 -5.547067e+01  5.000000e+00
     vertex  3.287098e+00 -5.547929e+01  2.000000e+00
     vertex  3.341290e+00 -5.547067e+01  2.000000e+00
   endloop
 endfacet
 facet normal  1.841461e-01 -9.828989e-01  0.000000e+00
   outer loop
     vertex  3.341290e+00 -5.547067e+01  5.000000e+00
     vertex  3.341290e+00 -5.547067e+01  2.000000e+00
     vertex  3.395225e+00 -5.546056e+01  2.000000e+00
   endloop
 endfacet
 facet normal  1.571119e-01 -9.875808e-01  0.000000e+00
   outer loop
     vertex  3.341290e+00 -5.547067e+01  5.000000e+00
     vertex  3.287098e+00 -5.547929e+01  5.000000e+00
     vertex  3.287098e+00 -5.547929e+01  2.000000e+00
   endloop
 endfacet
 facet normal  2.110417e-01 -9.774771e-01  0.000000e+00
   outer loop
     vertex  3.395225e+00 -5.546056e+01  5.000000e+00
     vertex  3.395225e+00 -5.546056e+01  2.000000e+00
     vertex  3.448862e+00 -5.544898e+01  2.000000e+00
   endloop
 endfacet
 facet normal  1.841461e-01 -9.828989e-01  0.000000e+00
   outer loop
     vertex  3.395225e+00 -5.546056e+01  5.000000e+00
     vertex  3.341290e+00 -5.547067e+01  5.000000e+00
     vertex  3.395225e+00 -5.546056e+01  2.000000e+00
   endloop
 endfacet
 facet normal  2.377784e-01 -9.713194e-01  0.000000e+00
   outer loop
     vertex  3.448862e+00 -5.544898e+01  5.000000e+00
     vertex  3.448862e+00 -5.544898e+01  2.000000e+00
     vertex  3.502162e+00 -5.543593e+01  2.000000e+00
   endloop
 endfacet
 facet normal  2.110417e-01 -9.774771e-01  0.000000e+00
   outer loop
     vertex  3.448862e+00 -5.544898e+01  5.000000e+00
     vertex  3.395225e+00 -5.546056e+01  5.000000e+00
     vertex  3.448862e+00 -5.544898e+01  2.000000e+00
   endloop
 endfacet
 facet normal  2.643362e-01 -9.644306e-01  0.000000e+00
   outer loop
     vertex  3.502162e+00 -5.543593e+01  5.000000e+00
     vertex  3.502162e+00 -5.543593e+01  2.000000e+00
     vertex  3.555083e+00 -5.542143e+01  2.000000e+00
   endloop
 endfacet
 facet normal  2.377784e-01 -9.713194e-01  0.000000e+00
   outer loop
     vertex  3.502162e+00 -5.543593e+01  5.000000e+00
     vertex  3.448862e+00 -5.544898e+01  5.000000e+00
     vertex  3.502162e+00 -5.543593e+01  2.000000e+00
   endloop
 endfacet
 facet normal  2.643362e-01 -9.644306e-01  0.000000e+00
   outer loop
     vertex  3.555083e+00 -5.542143e+01  5.000000e+00
     vertex  3.502162e+00 -5.543593e+01  5.000000e+00
     vertex  3.555083e+00 -5.542143e+01  2.000000e+00
   endloop
 endfacet
 facet normal  2.906949e-01 -9.568158e-01  0.000000e+00
   outer loop
     vertex  3.607587e+00 -5.540548e+01  5.000000e+00
     vertex  3.555083e+00 -5.542143e+01  2.000000e+00
     vertex  3.607587e+00 -5.540548e+01  2.000000e+00
   endloop
 endfacet
 facet normal  2.906949e-01 -9.568158e-01  0.000000e+00
   outer loop
     vertex  3.607587e+00 -5.540548e+01  5.000000e+00
     vertex  3.555083e+00 -5.542143e+01  5.000000e+00
     vertex  3.555083e+00 -5.542143e+01  2.000000e+00
   endloop
 endfacet
 facet normal  3.168348e-01 -9.484807e-01  0.000000e+00
   outer loop
     vertex  3.659633e+00 -5.538809e+01  5.000000e+00
     vertex  3.607587e+00 -5.540548e+01  2.000000e+00
     vertex  3.659633e+00 -5.538809e+01  2.000000e+00
   endloop
 endfacet
 facet normal  3.427362e-01 -9.394317e-01  0.000000e+00
   outer loop
     vertex  3.659633e+00 -5.538809e+01  5.000000e+00
     vertex  3.659633e+00 -5.538809e+01  2.000000e+00
     vertex  3.711183e+00 -5.536928e+01  2.000000e+00
   endloop
 endfacet
 facet normal  3.168348e-01 -9.484807e-01  0.000000e+00
   outer loop
     vertex  3.659633e+00 -5.538809e+01  5.000000e+00
     vertex  3.607587e+00 -5.540548e+01  5.000000e+00
     vertex  3.607587e+00 -5.540548e+01  2.000000e+00
   endloop
 endfacet
 facet normal  3.427362e-01 -9.394317e-01  0.000000e+00
   outer loop
     vertex  3.711183e+00 -5.536928e+01  5.000000e+00
     vertex  3.659633e+00 -5.538809e+01  5.000000e+00
     vertex  3.711183e+00 -5.536928e+01  2.000000e+00
   endloop
 endfacet
 facet normal  3.683796e-01 -9.296754e-01  0.000000e+00
   outer loop
     vertex  3.762197e+00 -5.534907e+01  5.000000e+00
     vertex  3.711183e+00 -5.536928e+01  2.000000e+00
     vertex  3.762197e+00 -5.534907e+01  2.000000e+00
   endloop
 endfacet
 facet normal  3.683796e-01 -9.296754e-01  0.000000e+00
   outer loop
     vertex  3.762197e+00 -5.534907e+01  5.000000e+00
     vertex  3.711183e+00 -5.536928e+01  5.000000e+00
     vertex  3.711183e+00 -5.536928e+01  2.000000e+00
   endloop
 endfacet
 facet normal  3.937458e-01 -9.192194e-01  0.000000e+00
   outer loop
     vertex  3.812638e+00 -5.532746e+01  5.000000e+00
     vertex  3.762197e+00 -5.534907e+01  5.000000e+00
     vertex  3.762197e+00 -5.534907e+01  2.000000e+00
   endloop
 endfacet
 facet normal  3.937458e-01 -9.192194e-01  0.000000e+00
   outer loop
     vertex  3.812638e+00 -5.532746e+01  5.000000e+00
     vertex  3.762197e+00 -5.534907e+01  2.000000e+00
     vertex  3.812638e+00 -5.532746e+01  2.000000e+00
   endloop
 endfacet
 facet normal  4.188155e-01 -9.080714e-01  0.000000e+00
   outer loop
     vertex  3.812638e+00 -5.532746e+01  5.000000e+00
     vertex  3.812638e+00 -5.532746e+01  2.000000e+00
     vertex  3.862467e+00 -5.530448e+01  2.000000e+00
   endloop
 endfacet
 facet normal  4.188155e-01 -9.080714e-01  0.000000e+00
   outer loop
     vertex  3.862467e+00 -5.530448e+01  5.000000e+00
     vertex  3.812638e+00 -5.532746e+01  5.000000e+00
     vertex  3.862467e+00 -5.530448e+01  2.000000e+00
   endloop
 endfacet
 facet normal  4.435699e-01 -8.962398e-01  0.000000e+00
   outer loop
     vertex  3.911646e+00 -5.528014e+01  5.000000e+00
     vertex  3.862467e+00 -5.530448e+01  2.000000e+00
     vertex  3.911646e+00 -5.528014e+01  2.000000e+00
   endloop
 endfacet
 facet normal  4.679904e-01 -8.837335e-01  0.000000e+00
   outer loop
     vertex  3.911646e+00 -5.528014e+01  5.000000e+00
     vertex  3.911646e+00 -5.528014e+01  2.000000e+00
     vertex  3.960139e+00 -5.525446e+01  2.000000e+00
   endloop
 endfacet
 facet normal  4.435699e-01 -8.962398e-01  0.000000e+00
   outer loop
     vertex  3.911646e+00 -5.528014e+01  5.000000e+00
     vertex  3.862467e+00 -5.530448e+01  5.000000e+00
     vertex  3.862467e+00 -5.530448e+01  2.000000e+00
   endloop
 endfacet
 facet normal  4.679904e-01 -8.837335e-01  0.000000e+00
   outer loop
     vertex  3.960139e+00 -5.525446e+01  5.000000e+00
     vertex  3.911646e+00 -5.528014e+01  5.000000e+00
     vertex  3.960139e+00 -5.525446e+01  2.000000e+00
   endloop
 endfacet
 facet normal  4.920587e-01 -8.705620e-01  0.000000e+00
   outer loop
     vertex  3.960139e+00 -5.525446e+01  5.000000e+00
     vertex  3.960139e+00 -5.525446e+01  2.000000e+00
     vertex  4.007910e+00 -5.522746e+01  2.000000e+00
   endloop
 endfacet
 facet normal  4.920587e-01 -8.705620e-01  0.000000e+00
   outer loop
     vertex  4.007910e+00 -5.522746e+01  5.000000e+00
     vertex  3.960139e+00 -5.525446e+01  5.000000e+00
     vertex  4.007910e+00 -5.522746e+01  2.000000e+00
   endloop
 endfacet
 facet normal  5.157565e-01 -8.567352e-01  0.000000e+00
   outer loop
     vertex  4.007910e+00 -5.522746e+01  5.000000e+00
     vertex  4.007910e+00 -5.522746e+01  2.000000e+00
     vertex  4.054922e+00 -5.519916e+01  2.000000e+00
   endloop
 endfacet
 facet normal  5.157565e-01 -8.567352e-01  0.000000e+00
   outer loop
     vertex  4.054922e+00 -5.519916e+01  5.000000e+00
     vertex  4.007910e+00 -5.522746e+01  5.000000e+00
     vertex  4.054922e+00 -5.519916e+01  2.000000e+00
   endloop
 endfacet
 facet normal  5.390661e-01 -8.422635e-01  0.000000e+00
   outer loop
     vertex  4.101140e+00 -5.516958e+01  5.000000e+00
     vertex  4.054922e+00 -5.519916e+01  2.000000e+00
     vertex  4.101140e+00 -5.516958e+01  2.000000e+00
   endloop
 endfacet
 facet normal  5.390661e-01 -8.422635e-01  0.000000e+00
   outer loop
     vertex  4.101140e+00 -5.516958e+01  5.000000e+00
     vertex  4.054922e+00 -5.519916e+01  5.000000e+00
     vertex  4.054922e+00 -5.519916e+01  2.000000e+00
   endloop
 endfacet
 facet normal  5.619699e-01 -8.271577e-01  0.000000e+00
   outer loop
     vertex  4.146528e+00 -5.513874e+01  5.000000e+00
     vertex  4.101140e+00 -5.516958e+01  2.000000e+00
     vertex  4.146528e+00 -5.513874e+01  2.000000e+00
   endloop
 endfacet
 facet normal  5.844507e-01 -8.114292e-01  0.000000e+00
   outer loop
     vertex  4.146528e+00 -5.513874e+01  5.000000e+00
     vertex  4.146528e+00 -5.513874e+01  2.000000e+00
     vertex  4.191054e+00 -5.510667e+01  2.000000e+00
   endloop
 endfacet
 facet normal  5.619699e-01 -8.271577e-01  0.000000e+00
   outer loop
     vertex  4.146528e+00 -5.513874e+01  5.000000e+00
     vertex  4.101140e+00 -5.516958e+01  5.000000e+00
     vertex  4.101140e+00 -5.516958e+01  2.000000e+00
   endloop
 endfacet
 facet normal  5.844507e-01 -8.114292e-01  0.000000e+00
   outer loop
     vertex  4.191054e+00 -5.510667e+01  5.000000e+00
     vertex  4.146528e+00 -5.513874e+01  5.000000e+00
     vertex  4.191054e+00 -5.510667e+01  2.000000e+00
   endloop
 endfacet
 facet normal  6.064915e-01 -7.950900e-01  0.000000e+00
   outer loop
     vertex  4.234683e+00 -5.507339e+01  5.000000e+00
     vertex  4.191054e+00 -5.510667e+01  2.000000e+00
     vertex  4.234683e+00 -5.507339e+01  2.000000e+00
   endloop
 endfacet
 facet normal  6.280757e-01 -7.781522e-01  0.000000e+00
   outer loop
     vertex  4.234683e+00 -5.507339e+01  5.000000e+00
     vertex  4.234683e+00 -5.507339e+01  2.000000e+00
     vertex  4.277383e+00 -5.503893e+01  2.000000e+00
   endloop
 endfacet
 facet normal  6.064915e-01 -7.950900e-01  0.000000e+00
   outer loop
     vertex  4.234683e+00 -5.507339e+01  5.000000e+00
     vertex  4.191054e+00 -5.510667e+01  5.000000e+00
     vertex  4.191054e+00 -5.510667e+01  2.000000e+00
   endloop
 endfacet
 facet normal  6.280757e-01 -7.781522e-01  0.000000e+00
   outer loop
     vertex  4.277383e+00 -5.503893e+01  5.000000e+00
     vertex  4.234683e+00 -5.507339e+01  5.000000e+00
     vertex  4.277383e+00 -5.503893e+01  2.000000e+00
   endloop
 endfacet
 facet normal  6.491872e-01 -7.606287e-01  0.000000e+00
   outer loop
     vertex  4.277383e+00 -5.503893e+01  5.000000e+00
     vertex  4.277383e+00 -5.503893e+01  2.000000e+00
     vertex  4.319121e+00 -5.500330e+01  2.000000e+00
   endloop
 endfacet
 facet normal  6.491872e-01 -7.606287e-01  0.000000e+00
   outer loop
     vertex  4.319121e+00 -5.500330e+01  5.000000e+00
     vertex  4.277383e+00 -5.503893e+01  5.000000e+00
     vertex  4.319121e+00 -5.500330e+01  2.000000e+00
   endloop
 endfacet
 facet normal  6.698100e-01 -7.425325e-01  0.000000e+00
   outer loop
     vertex  4.359867e+00 -5.496655e+01  5.000000e+00
     vertex  4.319121e+00 -5.500330e+01  2.000000e+00
     vertex  4.359867e+00 -5.496655e+01  2.000000e+00
   endloop
 endfacet
 facet normal  6.698100e-01 -7.425325e-01  0.000000e+00
   outer loop
     vertex  4.359867e+00 -5.496655e+01  5.000000e+00
     vertex  4.319121e+00 -5.500330e+01  5.000000e+00
     vertex  4.319121e+00 -5.500330e+01  2.000000e+00
   endloop
 endfacet
 facet normal  6.899286e-01 -7.238775e-01  0.000000e+00
   outer loop
     vertex  4.399588e+00 -5.492869e+01  5.000000e+00
     vertex  4.359867e+00 -5.496655e+01  2.000000e+00
     vertex  4.399588e+00 -5.492869e+01  2.000000e+00
   endloop
 endfacet
 facet normal  6.899286e-01 -7.238775e-01  0.000000e+00
   outer loop
     vertex  4.399588e+00 -5.492869e+01  5.000000e+00
     vertex  4.359867e+00 -5.496655e+01  5.000000e+00
     vertex  4.359867e+00 -5.496655e+01  2.000000e+00
   endloop
 endfacet
 facet normal  7.095278e-01 -7.046775e-01  0.000000e+00
   outer loop
     vertex  4.438256e+00 -5.488976e+01  5.000000e+00
     vertex  4.399588e+00 -5.492869e+01  2.000000e+00
     vertex  4.438256e+00 -5.488976e+01  2.000000e+00
   endloop
 endfacet
 facet normal  7.095278e-01 -7.046775e-01  0.000000e+00
   outer loop
     vertex  4.438256e+00 -5.488976e+01  5.000000e+00
     vertex  4.399588e+00 -5.492869e+01  5.000000e+00
     vertex  4.399588e+00 -5.492869e+01  2.000000e+00
   endloop
 endfacet
 facet normal  7.285929e-01 -6.849470e-01  0.000000e+00
   outer loop
     vertex  4.475841e+00 -5.484978e+01  5.000000e+00
     vertex  4.438256e+00 -5.488976e+01  2.000000e+00
     vertex  4.475841e+00 -5.484978e+01  2.000000e+00
   endloop
 endfacet
 facet normal  7.285929e-01 -6.849470e-01  0.000000e+00
   outer loop
     vertex  4.475841e+00 -5.484978e+01  5.000000e+00
     vertex  4.438256e+00 -5.488976e+01  5.000000e+00
     vertex  4.438256e+00 -5.488976e+01  2.000000e+00
   endloop
 endfacet
 facet normal  7.471095e-01 -6.647010e-01  0.000000e+00
   outer loop
     vertex  4.512316e+00 -5.480878e+01  5.000000e+00
     vertex  4.475841e+00 -5.484978e+01  2.000000e+00
     vertex  4.512316e+00 -5.480878e+01  2.000000e+00
   endloop
 endfacet
 facet normal  7.471095e-01 -6.647010e-01  0.000000e+00
   outer loop
     vertex  4.512316e+00 -5.480878e+01  5.000000e+00
     vertex  4.475841e+00 -5.484978e+01  5.000000e+00
     vertex  4.475841e+00 -5.484978e+01  2.000000e+00
   endloop
 endfacet
 facet normal  7.650637e-01 -6.439545e-01  0.000000e+00
   outer loop
     vertex  4.547651e+00 -5.476680e+01  5.000000e+00
     vertex  4.512316e+00 -5.480878e+01  2.000000e+00
     vertex  4.547651e+00 -5.476680e+01  2.000000e+00
   endloop
 endfacet
 facet normal  7.650637e-01 -6.439545e-01  0.000000e+00
   outer loop
     vertex  4.547651e+00 -5.476680e+01  5.000000e+00
     vertex  4.512316e+00 -5.480878e+01  5.000000e+00
     vertex  4.512316e+00 -5.480878e+01  2.000000e+00
   endloop
 endfacet
 facet normal  7.824421e-01 -6.227234e-01  0.000000e+00
   outer loop
     vertex  4.581822e+00 -5.472386e+01  5.000000e+00
     vertex  4.547651e+00 -5.476680e+01  2.000000e+00
     vertex  4.581822e+00 -5.472386e+01  2.000000e+00
   endloop
 endfacet
 facet normal  7.824421e-01 -6.227234e-01  0.000000e+00
   outer loop
     vertex  4.581822e+00 -5.472386e+01  5.000000e+00
     vertex  4.547651e+00 -5.476680e+01  5.000000e+00
     vertex  4.547651e+00 -5.476680e+01  2.000000e+00
   endloop
 endfacet
 facet normal  7.992314e-01 -6.010234e-01  0.000000e+00
   outer loop
     vertex  4.614802e+00 -5.468001e+01  5.000000e+00
     vertex  4.581822e+00 -5.472386e+01  2.000000e+00
     vertex  4.614802e+00 -5.468001e+01  2.000000e+00
   endloop
 endfacet
 facet normal  7.992314e-01 -6.010234e-01  0.000000e+00
   outer loop
     vertex  4.614802e+00 -5.468001e+01  5.000000e+00
     vertex  4.581822e+00 -5.472386e+01  5.000000e+00
     vertex  4.581822e+00 -5.472386e+01  2.000000e+00
   endloop
 endfacet
 facet normal  8.154191e-01 -5.788711e-01  0.000000e+00
   outer loop
     vertex  4.646567e+00 -5.463526e+01  5.000000e+00
     vertex  4.614802e+00 -5.468001e+01  2.000000e+00
     vertex  4.646567e+00 -5.463526e+01  2.000000e+00
   endloop
 endfacet
 facet normal  8.309929e-01 -5.562829e-01  0.000000e+00
   outer loop
     vertex  4.646567e+00 -5.463526e+01  5.000000e+00
     vertex  4.646567e+00 -5.463526e+01  2.000000e+00
     vertex  4.677092e+00 -5.458966e+01  2.000000e+00
   endloop
 endfacet
 facet normal  8.154191e-01 -5.788711e-01  0.000000e+00
   outer loop
     vertex  4.646567e+00 -5.463526e+01  5.000000e+00
     vertex  4.614802e+00 -5.468001e+01  5.000000e+00
     vertex  4.614802e+00 -5.468001e+01  2.000000e+00
   endloop
 endfacet
 facet normal  8.309929e-01 -5.562829e-01  0.000000e+00
   outer loop
     vertex  4.677092e+00 -5.458966e+01  5.000000e+00
     vertex  4.646567e+00 -5.463526e+01  5.000000e+00
     vertex  4.677092e+00 -5.458966e+01  2.000000e+00
   endloop
 endfacet
 facet normal  8.459413e-01 -5.332761e-01  0.000000e+00
   outer loop
     vertex  4.706355e+00 -5.454324e+01  5.000000e+00
     vertex  4.677092e+00 -5.458966e+01  2.000000e+00
     vertex  4.706355e+00 -5.454324e+01  2.000000e+00
   endloop
 endfacet
 facet normal  8.602528e-01 -5.098678e-01  0.000000e+00
   outer loop
     vertex  4.706355e+00 -5.454324e+01  5.000000e+00
     vertex  4.706355e+00 -5.454324e+01  2.000000e+00
     vertex  4.734333e+00 -5.449604e+01  2.000000e+00
   endloop
 endfacet
 facet normal  8.459413e-01 -5.332761e-01  0.000000e+00
   outer loop
     vertex  4.706355e+00 -5.454324e+01  5.000000e+00
     vertex  4.677092e+00 -5.458966e+01  5.000000e+00
     vertex  4.677092e+00 -5.458966e+01  2.000000e+00
   endloop
 endfacet
 facet normal  8.602528e-01 -5.098678e-01  0.000000e+00
   outer loop
     vertex  4.734333e+00 -5.449604e+01  5.000000e+00
     vertex  4.706355e+00 -5.454324e+01  5.000000e+00
     vertex  4.734333e+00 -5.449604e+01  2.000000e+00
   endloop
 endfacet
 facet normal  8.739167e-01 -4.860756e-01  0.000000e+00
   outer loop
     vertex  4.761005e+00 -5.444808e+01  5.000000e+00
     vertex  4.734333e+00 -5.449604e+01  2.000000e+00
     vertex  4.761005e+00 -5.444808e+01  2.000000e+00
   endloop
 endfacet
 facet normal  8.739167e-01 -4.860756e-01  0.000000e+00
   outer loop
     vertex  4.761005e+00 -5.444808e+01  5.000000e+00
     vertex  4.734333e+00 -5.449604e+01  5.000000e+00
     vertex  4.734333e+00 -5.449604e+01  2.000000e+00
   endloop
 endfacet
 facet normal  8.869228e-01 -4.619176e-01  0.000000e+00
   outer loop
     vertex  4.786352e+00 -5.439941e+01  5.000000e+00
     vertex  4.761005e+00 -5.444808e+01  5.000000e+00
     vertex  4.761005e+00 -5.444808e+01  2.000000e+00
   endloop
 endfacet
 facet normal  8.869228e-01 -4.619176e-01  0.000000e+00
   outer loop
     vertex  4.786352e+00 -5.439941e+01  5.000000e+00
     vertex  4.761005e+00 -5.444808e+01  2.000000e+00
     vertex  4.786352e+00 -5.439941e+01  2.000000e+00
   endloop
 endfacet
 facet normal  8.992613e-01 -4.374119e-01  0.000000e+00
   outer loop
     vertex  4.786352e+00 -5.439941e+01  5.000000e+00
     vertex  4.786352e+00 -5.439941e+01  2.000000e+00
     vertex  4.810354e+00 -5.435007e+01  2.000000e+00
   endloop
 endfacet
 facet normal  8.992613e-01 -4.374119e-01  0.000000e+00
   outer loop
     vertex  4.810354e+00 -5.435007e+01  5.000000e+00
     vertex  4.786352e+00 -5.439941e+01  5.000000e+00
     vertex  4.810354e+00 -5.435007e+01  2.000000e+00
   endloop
 endfacet
 facet normal  9.109228e-01 -4.125769e-01  0.000000e+00
   outer loop
     vertex  4.832994e+00 -5.430008e+01  5.000000e+00
     vertex  4.810354e+00 -5.435007e+01  5.000000e+00
     vertex  4.810354e+00 -5.435007e+01  2.000000e+00
   endloop
 endfacet
 facet normal  9.109228e-01 -4.125769e-01  0.000000e+00
   outer loop
     vertex  4.832994e+00 -5.430008e+01  5.000000e+00
     vertex  4.810354e+00 -5.435007e+01  2.000000e+00
     vertex  4.832994e+00 -5.430008e+01  2.000000e+00
   endloop
 endfacet
 facet normal  9.218986e-01 -3.874313e-01  0.000000e+00
   outer loop
     vertex  4.854253e+00 -5.424950e+01  5.000000e+00
     vertex  4.832994e+00 -5.430008e+01  5.000000e+00
     vertex  4.832994e+00 -5.430008e+01  2.000000e+00
   endloop
 endfacet
 facet normal  9.218986e-01 -3.874313e-01  0.000000e+00
   outer loop
     vertex  4.854253e+00 -5.424950e+01  5.000000e+00
     vertex  4.832994e+00 -5.430008e+01  2.000000e+00
     vertex  4.854253e+00 -5.424950e+01  2.000000e+00
   endloop
 endfacet
 facet normal  9.321804e-01 -3.619940e-01  0.000000e+00
   outer loop
     vertex  4.874117e+00 -5.419834e+01  5.000000e+00
     vertex  4.854253e+00 -5.424950e+01  5.000000e+00
     vertex  4.854253e+00 -5.424950e+01  2.000000e+00
   endloop
 endfacet
 facet normal  9.321804e-01 -3.619940e-01  0.000000e+00
   outer loop
     vertex  4.874117e+00 -5.419834e+01  5.000000e+00
     vertex  4.854253e+00 -5.424950e+01  2.000000e+00
     vertex  4.874117e+00 -5.419834e+01  2.000000e+00
   endloop
 endfacet
 facet normal  9.417605e-01 -3.362843e-01  0.000000e+00
   outer loop
     vertex  4.892570e+00 -5.414667e+01  5.000000e+00
     vertex  4.874117e+00 -5.419834e+01  5.000000e+00
     vertex  4.874117e+00 -5.419834e+01  2.000000e+00
   endloop
 endfacet
 facet normal  9.417605e-01 -3.362843e-01  0.000000e+00
   outer loop
     vertex  4.892570e+00 -5.414667e+01  5.000000e+00
     vertex  4.874117e+00 -5.419834e+01  2.000000e+00
     vertex  4.892570e+00 -5.414667e+01  2.000000e+00
   endloop
 endfacet
 facet normal  9.506317e-01 -3.103214e-01  0.000000e+00
   outer loop
     vertex  4.909599e+00 -5.409450e+01  5.000000e+00
     vertex  4.892570e+00 -5.414667e+01  5.000000e+00
     vertex  4.892570e+00 -5.414667e+01  2.000000e+00
   endloop
 endfacet
 facet normal  9.506317e-01 -3.103214e-01  0.000000e+00
   outer loop
     vertex  4.909599e+00 -5.409450e+01  5.000000e+00
     vertex  4.892570e+00 -5.414667e+01  2.000000e+00
     vertex  4.909599e+00 -5.409450e+01  2.000000e+00
   endloop
 endfacet
 facet normal  9.587873e-01 -2.841250e-01  0.000000e+00
   outer loop
     vertex  4.909599e+00 -5.409450e+01  5.000000e+00
     vertex  4.909599e+00 -5.409450e+01  2.000000e+00
     vertex  4.925190e+00 -5.404189e+01  2.000000e+00
   endloop
 endfacet
 facet normal  9.587873e-01 -2.841250e-01  0.000000e+00
   outer loop
     vertex  4.925190e+00 -5.404189e+01  5.000000e+00
     vertex  4.909599e+00 -5.409450e+01  5.000000e+00
     vertex  4.925190e+00 -5.404189e+01  2.000000e+00
   endloop
 endfacet
 facet normal  9.662211e-01 -2.577146e-01  0.000000e+00
   outer loop
     vertex  4.939331e+00 -5.398887e+01  5.000000e+00
     vertex  4.925190e+00 -5.404189e+01  5.000000e+00
     vertex  4.925190e+00 -5.404189e+01  2.000000e+00
   endloop
 endfacet
 facet normal  9.662211e-01 -2.577146e-01  0.000000e+00
   outer loop
     vertex  4.939331e+00 -5.398887e+01  5.000000e+00
     vertex  4.925190e+00 -5.404189e+01  2.000000e+00
     vertex  4.939331e+00 -5.398887e+01  2.000000e+00
   endloop
 endfacet
 facet normal  9.729276e-01 -2.311102e-01  0.000000e+00
   outer loop
     vertex  4.952013e+00 -5.393548e+01  5.000000e+00
     vertex  4.939331e+00 -5.398887e+01  5.000000e+00
     vertex  4.939331e+00 -5.398887e+01  2.000000e+00
   endloop
 endfacet
 facet normal  9.729276e-01 -2.311102e-01  0.000000e+00
   outer loop
     vertex  4.952013e+00 -5.393548e+01  5.000000e+00
     vertex  4.939331e+00 -5.398887e+01  2.000000e+00
     vertex  4.952013e+00 -5.393548e+01  2.000000e+00
   endloop
 endfacet
 facet normal  9.789017e-01 -2.043319e-01  0.000000e+00
   outer loop
     vertex  4.963225e+00 -5.388177e+01  5.000000e+00
     vertex  4.952013e+00 -5.393548e+01  5.000000e+00
     vertex  4.952013e+00 -5.393548e+01  2.000000e+00
   endloop
 endfacet
 facet normal  9.789017e-01 -2.043319e-01  0.000000e+00
   outer loop
     vertex  4.963225e+00 -5.388177e+01  5.000000e+00
     vertex  4.952013e+00 -5.393548e+01  2.000000e+00
     vertex  4.963225e+00 -5.388177e+01  2.000000e+00
   endloop
 endfacet
 facet normal  9.841389e-01 -1.773998e-01  0.000000e+00
   outer loop
     vertex  4.972960e+00 -5.382776e+01  5.000000e+00
     vertex  4.963225e+00 -5.388177e+01  5.000000e+00
     vertex  4.963225e+00 -5.388177e+01  2.000000e+00
   endloop
 endfacet
 facet normal  9.841389e-01 -1.773998e-01  0.000000e+00
   outer loop
     vertex  4.972960e+00 -5.382776e+01  5.000000e+00
     vertex  4.963225e+00 -5.388177e+01  2.000000e+00
     vertex  4.972960e+00 -5.382776e+01  2.000000e+00
   endloop
 endfacet
 facet normal  9.886353e-01 -1.503341e-01  0.000000e+00
   outer loop
     vertex  4.981209e+00 -5.377352e+01  5.000000e+00
     vertex  4.972960e+00 -5.382776e+01  5.000000e+00
     vertex  4.972960e+00 -5.382776e+01  2.000000e+00
   endloop
 endfacet
 facet normal  9.886353e-01 -1.503341e-01  0.000000e+00
   outer loop
     vertex  4.981209e+00 -5.377352e+01  5.000000e+00
     vertex  4.972960e+00 -5.382776e+01  2.000000e+00
     vertex  4.981209e+00 -5.377352e+01  2.000000e+00
   endloop
 endfacet
 facet normal  9.923874e-01 -1.231552e-01  0.000000e+00
   outer loop
     vertex  4.981209e+00 -5.377352e+01  5.000000e+00
     vertex  4.981209e+00 -5.377352e+01  2.000000e+00
     vertex  4.987967e+00 -5.371906e+01  2.000000e+00
   endloop
 endfacet
 facet normal  9.923874e-01 -1.231552e-01  0.000000e+00
   outer loop
     vertex  4.987967e+00 -5.371906e+01  5.000000e+00
     vertex  4.981209e+00 -5.377352e+01  5.000000e+00
     vertex  4.987967e+00 -5.371906e+01  2.000000e+00
   endloop
 endfacet
 facet normal  9.953925e-01 -9.588368e-02  0.000000e+00
   outer loop
     vertex  4.993228e+00 -5.366444e+01  5.000000e+00
     vertex  4.987967e+00 -5.371906e+01  2.000000e+00
     vertex  4.993228e+00 -5.366444e+01  2.000000e+00
   endloop
 endfacet
 facet normal  9.976484e-01 -6.853995e-02  0.000000e+00
   outer loop
     vertex  4.993228e+00 -5.366444e+01  5.000000e+00
     vertex  4.993228e+00 -5.366444e+01  2.000000e+00
     vertex  4.996989e+00 -5.360969e+01  2.000000e+00
   endloop
 endfacet
 facet normal  9.953925e-01 -9.588368e-02  0.000000e+00
   outer loop
     vertex  4.993228e+00 -5.366444e+01  5.000000e+00
     vertex  4.987967e+00 -5.371906e+01  5.000000e+00
     vertex  4.987967e+00 -5.371906e+01  2.000000e+00
   endloop
 endfacet
 facet normal  9.976484e-01 -6.853995e-02  0.000000e+00
   outer loop
     vertex  4.996989e+00 -5.360969e+01  5.000000e+00
     vertex  4.993228e+00 -5.366444e+01  5.000000e+00
     vertex  4.996989e+00 -5.360969e+01  2.000000e+00
   endloop
 endfacet
 facet normal  9.991532e-01 -4.114462e-02  0.000000e+00
   outer loop
     vertex  4.999247e+00 -5.355487e+01  5.000000e+00
     vertex  4.996989e+00 -5.360969e+01  2.000000e+00
     vertex  4.999247e+00 -5.355487e+01  2.000000e+00
   endloop
 endfacet
 facet normal  9.991532e-01 -4.114462e-02  0.000000e+00
   outer loop
     vertex  4.999247e+00 -5.355487e+01  5.000000e+00
     vertex  4.996989e+00 -5.360969e+01  5.000000e+00
     vertex  4.996989e+00 -5.360969e+01  2.000000e+00
   endloop
 endfacet
 facet normal  9.999059e-01 -1.371831e-02  0.000000e+00
   outer loop
     vertex  5.000000e+00 -5.350000e+01  5.000000e+00
     vertex  4.999247e+00 -5.355487e+01  2.000000e+00
     vertex  5.000000e+00 -5.350000e+01  2.000000e+00
   endloop
 endfacet
 facet normal  9.999059e-01 -1.371831e-02  0.000000e+00
   outer loop
     vertex  5.000000e+00 -5.350000e+01  5.000000e+00
     vertex  4.999247e+00 -5.355487e+01  5.000000e+00
     vertex  4.999247e+00 -5.355487e+01  2.000000e+00
   endloop
 endfacet
 facet normal  9.999059e-01  1.371831e-02  0.000000e+00
   outer loop
     vertex  4.899925e+01 -5.344513e+01  5.000000e+00
     vertex  4.900000e+01 -5.350000e+01  5.000000e+00
     vertex  4.900000e+01 -5.350000e+01  2.000000e+00
   endloop
 endfacet
 facet normal  9.999059e-01  1.371831e-02  0.000000e+00
   outer loop
     vertex  4.899925e+01 -5.344513e+01  5.000000e+00
     vertex  4.900000e+01 -5.350000e+01  2.000000e+00
     vertex  4.899925e+01 -5.344513e+01  2.000000e+00
   endloop
 endfacet
 facet normal  9.991532e-01  4.114462e-02  0.000000e+00
   outer loop
     vertex  4.899699e+01 -5.339031e+01  5.000000e+00
     vertex  4.899925e+01 -5.344513e+01  2.000000e+00
     vertex  4.899699e+01 -5.339031e+01  2.000000e+00
   endloop
 endfacet
 facet normal  9.991532e-01  4.114462e-02  0.000000e+00
   outer loop
     vertex  4.899699e+01 -5.339031e+01  5.000000e+00
     vertex  4.899925e+01 -5.344513e+01  5.000000e+00
     vertex  4.899925e+01 -5.344513e+01  2.000000e+00
   endloop
 endfacet
 facet normal  9.976484e-01  6.853995e-02  0.000000e+00
   outer loop
     vertex  4.899323e+01 -5.333556e+01  5.000000e+00
     vertex  4.899699e+01 -5.339031e+01  2.000000e+00
     vertex  4.899323e+01 -5.333556e+01  2.000000e+00
   endloop
 endfacet
 facet normal  9.976484e-01  6.853995e-02  0.000000e+00
   outer loop
     vertex  4.899323e+01 -5.333556e+01  5.000000e+00
     vertex  4.899699e+01 -5.339031e+01  5.000000e+00
     vertex  4.899699e+01 -5.339031e+01  2.000000e+00
   endloop
 endfacet
 facet normal  9.953925e-01  9.588368e-02  0.000000e+00
   outer loop
     vertex  4.898797e+01 -5.328094e+01  5.000000e+00
     vertex  4.899323e+01 -5.333556e+01  2.000000e+00
     vertex  4.898797e+01 -5.328094e+01  2.000000e+00
   endloop
 endfacet
 facet normal  9.953925e-01  9.588368e-02  0.000000e+00
   outer loop
     vertex  4.898797e+01 -5.328094e+01  5.000000e+00
     vertex  4.899323e+01 -5.333556e+01  5.000000e+00
     vertex  4.899323e+01 -5.333556e+01  2.000000e+00
   endloop
 endfacet
 facet normal  9.923874e-01  1.231552e-01  0.000000e+00
   outer loop
     vertex  4.898121e+01 -5.322648e+01  5.000000e+00
     vertex  4.898797e+01 -5.328094e+01  2.000000e+00
     vertex  4.898121e+01 -5.322648e+01  2.000000e+00
   endloop
 endfacet
 facet normal  9.923874e-01  1.231552e-01  0.000000e+00
   outer loop
     vertex  4.898121e+01 -5.322648e+01  5.000000e+00
     vertex  4.898797e+01 -5.328094e+01  5.000000e+00
     vertex  4.898797e+01 -5.328094e+01  2.000000e+00
   endloop
 endfacet
 facet normal  9.886353e-01  1.503341e-01  0.000000e+00
   outer loop
     vertex  4.897296e+01 -5.317224e+01  5.000000e+00
     vertex  4.898121e+01 -5.322648e+01  2.000000e+00
     vertex  4.897296e+01 -5.317224e+01  2.000000e+00
   endloop
 endfacet
 facet normal  9.841389e-01  1.773998e-01  0.000000e+00
   outer loop
     vertex  4.897296e+01 -5.317224e+01  5.000000e+00
     vertex  4.897296e+01 -5.317224e+01  2.000000e+00
     vertex  4.896323e+01 -5.311823e+01  2.000000e+00
   endloop
 endfacet
 facet normal  9.886353e-01  1.503341e-01  0.000000e+00
   outer loop
     vertex  4.897296e+01 -5.317224e+01  5.000000e+00
     vertex  4.898121e+01 -5.322648e+01  5.000000e+00
     vertex  4.898121e+01 -5.322648e+01  2.000000e+00
   endloop
 endfacet
 facet normal  9.841389e-01  1.773998e-01  0.000000e+00
   outer loop
     vertex  4.896323e+01 -5.311823e+01  5.000000e+00
     vertex  4.897296e+01 -5.317224e+01  5.000000e+00
     vertex  4.896323e+01 -5.311823e+01  2.000000e+00
   endloop
 endfacet
 facet normal  9.789017e-01  2.043319e-01  0.000000e+00
   outer loop
     vertex  4.895201e+01 -5.306452e+01  5.000000e+00
     vertex  4.896323e+01 -5.311823e+01  2.000000e+00
     vertex  4.895201e+01 -5.306452e+01  2.000000e+00
   endloop
 endfacet
 facet normal  9.789017e-01  2.043319e-01  0.000000e+00
   outer loop
     vertex  4.895201e+01 -5.306452e+01  5.000000e+00
     vertex  4.896323e+01 -5.311823e+01  5.000000e+00
     vertex  4.896323e+01 -5.311823e+01  2.000000e+00
   endloop
 endfacet
 facet normal  9.729276e-01  2.311102e-01  0.000000e+00
   outer loop
     vertex  4.893933e+01 -5.301113e+01  5.000000e+00
     vertex  4.895201e+01 -5.306452e+01  2.000000e+00
     vertex  4.893933e+01 -5.301113e+01  2.000000e+00
   endloop
 endfacet
 facet normal  9.729276e-01  2.311102e-01  0.000000e+00
   outer loop
     vertex  4.893933e+01 -5.301113e+01  5.000000e+00
     vertex  4.895201e+01 -5.306452e+01  5.000000e+00
     vertex  4.895201e+01 -5.306452e+01  2.000000e+00
   endloop
 endfacet
 facet normal  9.662211e-01  2.577146e-01  0.000000e+00
   outer loop
     vertex  4.892519e+01 -5.295811e+01  5.000000e+00
     vertex  4.893933e+01 -5.301113e+01  5.000000e+00
     vertex  4.893933e+01 -5.301113e+01  2.000000e+00
   endloop
 endfacet
 facet normal  9.662211e-01  2.577146e-01  0.000000e+00
   outer loop
     vertex  4.892519e+01 -5.295811e+01  5.000000e+00
     vertex  4.893933e+01 -5.301113e+01  2.000000e+00
     vertex  4.892519e+01 -5.295811e+01  2.000000e+00
   endloop
 endfacet
 facet normal  9.587873e-01  2.841250e-01  0.000000e+00
   outer loop
     vertex  4.892519e+01 -5.295811e+01  5.000000e+00
     vertex  4.892519e+01 -5.295811e+01  2.000000e+00
     vertex  4.890960e+01 -5.290550e+01  2.000000e+00
   endloop
 endfacet
 facet normal  9.587873e-01  2.841250e-01  0.000000e+00
   outer loop
     vertex  4.890960e+01 -5.290550e+01  5.000000e+00
     vertex  4.892519e+01 -5.295811e+01  5.000000e+00
     vertex  4.890960e+01 -5.290550e+01  2.000000e+00
   endloop
 endfacet
 facet normal  9.506317e-01  3.103214e-01  0.000000e+00
   outer loop
     vertex  4.890960e+01 -5.290550e+01  5.000000e+00
     vertex  4.890960e+01 -5.290550e+01  2.000000e+00
     vertex  4.889257e+01 -5.285333e+01  2.000000e+00
   endloop
 endfacet
 facet normal  9.506317e-01  3.103214e-01  0.000000e+00
   outer loop
     vertex  4.889257e+01 -5.285333e+01  5.000000e+00
     vertex  4.890960e+01 -5.290550e+01  5.000000e+00
     vertex  4.889257e+01 -5.285333e+01  2.000000e+00
   endloop
 endfacet
 facet normal  9.417605e-01  3.362843e-01  0.000000e+00
   outer loop
     vertex  4.889257e+01 -5.285333e+01  5.000000e+00
     vertex  4.889257e+01 -5.285333e+01  2.000000e+00
     vertex  4.887412e+01 -5.280166e+01  2.000000e+00
   endloop
 endfacet
 facet normal  9.417605e-01  3.362843e-01  0.000000e+00
   outer loop
     vertex  4.887412e+01 -5.280166e+01  5.000000e+00
     vertex  4.889257e+01 -5.285333e+01  5.000000e+00
     vertex  4.887412e+01 -5.280166e+01  2.000000e+00
   endloop
 endfacet
 facet normal  9.321804e-01  3.619940e-01  0.000000e+00
   outer loop
     vertex  4.885425e+01 -5.275050e+01  5.000000e+00
     vertex  4.887412e+01 -5.280166e+01  5.000000e+00
     vertex  4.887412e+01 -5.280166e+01  2.000000e+00
   endloop
 endfacet
 facet normal  9.321804e-01  3.619940e-01  0.000000e+00
   outer loop
     vertex  4.885425e+01 -5.275050e+01  5.000000e+00
     vertex  4.887412e+01 -5.280166e+01  2.000000e+00
     vertex  4.885425e+01 -5.275050e+01  2.000000e+00
   endloop
 endfacet
 facet normal  9.218986e-01  3.874313e-01  0.000000e+00
   outer loop
     vertex  4.883299e+01 -5.269992e+01  5.000000e+00
     vertex  4.885425e+01 -5.275050e+01  5.000000e+00
     vertex  4.885425e+01 -5.275050e+01  2.000000e+00
   endloop
 endfacet
 facet normal  9.218986e-01  3.874313e-01  0.000000e+00
   outer loop
     vertex  4.883299e+01 -5.269992e+01  5.000000e+00
     vertex  4.885425e+01 -5.275050e+01  2.000000e+00
     vertex  4.883299e+01 -5.269992e+01  2.000000e+00
   endloop
 endfacet
 facet normal  9.109228e-01  4.125769e-01  0.000000e+00
   outer loop
     vertex  4.881035e+01 -5.264993e+01  5.000000e+00
     vertex  4.883299e+01 -5.269992e+01  5.000000e+00
     vertex  4.883299e+01 -5.269992e+01  2.000000e+00
   endloop
 endfacet
 facet normal  9.109228e-01  4.125769e-01  0.000000e+00
   outer loop
     vertex  4.881035e+01 -5.264993e+01  5.000000e+00
     vertex  4.883299e+01 -5.269992e+01  2.000000e+00
     vertex  4.881035e+01 -5.264993e+01  2.000000e+00
   endloop
 endfacet
 facet normal  8.992613e-01  4.374119e-01  0.000000e+00
   outer loop
     vertex  4.878635e+01 -5.260059e+01  5.000000e+00
     vertex  4.881035e+01 -5.264993e+01  5.000000e+00
     vertex  4.881035e+01 -5.264993e+01  2.000000e+00
   endloop
 endfacet
 facet normal  8.992613e-01  4.374119e-01  0.000000e+00
   outer loop
     vertex  4.878635e+01 -5.260059e+01  5.000000e+00
     vertex  4.881035e+01 -5.264993e+01  2.000000e+00
     vertex  4.878635e+01 -5.260059e+01  2.000000e+00
   endloop
 endfacet
 facet normal  8.869228e-01  4.619176e-01  0.000000e+00
   outer loop
     vertex  4.876101e+01 -5.255192e+01  5.000000e+00
     vertex  4.878635e+01 -5.260059e+01  5.000000e+00
     vertex  4.878635e+01 -5.260059e+01  2.000000e+00
   endloop
 endfacet
 facet normal  8.869228e-01  4.619176e-01  0.000000e+00
   outer loop
     vertex  4.876101e+01 -5.255192e+01  5.000000e+00
     vertex  4.878635e+01 -5.260059e+01  2.000000e+00
     vertex  4.876101e+01 -5.255192e+01  2.000000e+00
   endloop
 endfacet
 facet normal  8.739167e-01  4.860756e-01  0.000000e+00
   outer loop
     vertex  4.873433e+01 -5.250396e+01  5.000000e+00
     vertex  4.876101e+01 -5.255192e+01  5.000000e+00
     vertex  4.876101e+01 -5.255192e+01  2.000000e+00
   endloop
 endfacet
 facet normal  8.739167e-01  4.860756e-01  0.000000e+00
   outer loop
     vertex  4.873433e+01 -5.250396e+01  5.000000e+00
     vertex  4.876101e+01 -5.255192e+01  2.000000e+00
     vertex  4.873433e+01 -5.250396e+01  2.000000e+00
   endloop
 endfacet
 facet normal  8.602528e-01  5.098678e-01  0.000000e+00
   outer loop
     vertex  4.870635e+01 -5.245676e+01  5.000000e+00
     vertex  4.873433e+01 -5.250396e+01  5.000000e+00
     vertex  4.873433e+01 -5.250396e+01  2.000000e+00
   endloop
 endfacet
 facet normal  8.602528e-01  5.098678e-01  0.000000e+00
   outer loop
     vertex  4.870635e+01 -5.245676e+01  5.000000e+00
     vertex  4.873433e+01 -5.250396e+01  2.000000e+00
     vertex  4.870635e+01 -5.245676e+01  2.000000e+00
   endloop
 endfacet
 facet normal  8.459413e-01  5.332761e-01  0.000000e+00
   outer loop
     vertex  4.867709e+01 -5.241034e+01  5.000000e+00
     vertex  4.870635e+01 -5.245676e+01  5.000000e+00
     vertex  4.870635e+01 -5.245676e+01  2.000000e+00
   endloop
 endfacet
 facet normal  8.459413e-01  5.332761e-01  0.000000e+00
   outer loop
     vertex  4.867709e+01 -5.241034e+01  5.000000e+00
     vertex  4.870635e+01 -5.245676e+01  2.000000e+00
     vertex  4.867709e+01 -5.241034e+01  2.000000e+00
   endloop
 endfacet
 facet normal  8.309929e-01  5.562829e-01  0.000000e+00
   outer loop
     vertex  4.864657e+01 -5.236474e+01  5.000000e+00
     vertex  4.867709e+01 -5.241034e+01  2.000000e+00
     vertex  4.864657e+01 -5.236474e+01  2.000000e+00
   endloop
 endfacet
 facet normal  8.309929e-01  5.562829e-01  0.000000e+00
   outer loop
     vertex  4.864657e+01 -5.236474e+01  5.000000e+00
     vertex  4.867709e+01 -5.241034e+01  5.000000e+00
     vertex  4.867709e+01 -5.241034e+01  2.000000e+00
   endloop
 endfacet
 facet normal  8.154191e-01  5.788711e-01  0.000000e+00
   outer loop
     vertex  4.861480e+01 -5.231999e+01  5.000000e+00
     vertex  4.864657e+01 -5.236474e+01  2.000000e+00
     vertex  4.861480e+01 -5.231999e+01  2.000000e+00
   endloop
 endfacet
 facet normal  8.154191e-01  5.788711e-01  0.000000e+00
   outer loop
     vertex  4.861480e+01 -5.231999e+01  5.000000e+00
     vertex  4.864657e+01 -5.236474e+01  5.000000e+00
     vertex  4.864657e+01 -5.236474e+01  2.000000e+00
   endloop
 endfacet
 facet normal  7.992314e-01  6.010234e-01  0.000000e+00
   outer loop
     vertex  4.858182e+01 -5.227614e+01  5.000000e+00
     vertex  4.861480e+01 -5.231999e+01  2.000000e+00
     vertex  4.858182e+01 -5.227614e+01  2.000000e+00
   endloop
 endfacet
 facet normal  7.992314e-01  6.010234e-01  0.000000e+00
   outer loop
     vertex  4.858182e+01 -5.227614e+01  5.000000e+00
     vertex  4.861480e+01 -5.231999e+01  5.000000e+00
     vertex  4.861480e+01 -5.231999e+01  2.000000e+00
   endloop
 endfacet
 facet normal  7.824421e-01  6.227234e-01  0.000000e+00
   outer loop
     vertex  4.854765e+01 -5.223320e+01  5.000000e+00
     vertex  4.858182e+01 -5.227614e+01  2.000000e+00
     vertex  4.854765e+01 -5.223320e+01  2.000000e+00
   endloop
 endfacet
 facet normal  7.824421e-01  6.227234e-01  0.000000e+00
   outer loop
     vertex  4.854765e+01 -5.223320e+01  5.000000e+00
     vertex  4.858182e+01 -5.227614e+01  5.000000e+00
     vertex  4.858182e+01 -5.227614e+01  2.000000e+00
   endloop
 endfacet
 facet normal  7.650637e-01  6.439545e-01  0.000000e+00
   outer loop
     vertex  4.851232e+01 -5.219122e+01  5.000000e+00
     vertex  4.854765e+01 -5.223320e+01  2.000000e+00
     vertex  4.851232e+01 -5.219122e+01  2.000000e+00
   endloop
 endfacet
 facet normal  7.650637e-01  6.439545e-01  0.000000e+00
   outer loop
     vertex  4.851232e+01 -5.219122e+01  5.000000e+00
     vertex  4.854765e+01 -5.223320e+01  5.000000e+00
     vertex  4.854765e+01 -5.223320e+01  2.000000e+00
   endloop
 endfacet
 facet normal  7.471095e-01  6.647010e-01  0.000000e+00
   outer loop
     vertex  4.847584e+01 -5.215022e+01  5.000000e+00
     vertex  4.851232e+01 -5.219122e+01  2.000000e+00
     vertex  4.847584e+01 -5.215022e+01  2.000000e+00
   endloop
 endfacet
 facet normal  7.285929e-01  6.849470e-01  0.000000e+00
   outer loop
     vertex  4.847584e+01 -5.215022e+01  5.000000e+00
     vertex  4.847584e+01 -5.215022e+01  2.000000e+00
     vertex  4.843826e+01 -5.211024e+01  2.000000e+00
   endloop
 endfacet
 facet normal  7.471095e-01  6.647010e-01  0.000000e+00
   outer loop
     vertex  4.847584e+01 -5.215022e+01  5.000000e+00
     vertex  4.851232e+01 -5.219122e+01  5.000000e+00
     vertex  4.851232e+01 -5.219122e+01  2.000000e+00
   endloop
 endfacet
 facet normal  7.285929e-01  6.849470e-01  0.000000e+00
   outer loop
     vertex  4.843826e+01 -5.211024e+01  5.000000e+00
     vertex  4.847584e+01 -5.215022e+01  5.000000e+00
     vertex  4.843826e+01 -5.211024e+01  2.000000e+00
   endloop
 endfacet
 facet normal  7.095278e-01  7.046775e-01  0.000000e+00
   outer loop
     vertex  4.839959e+01 -5.207131e+01  5.000000e+00
     vertex  4.843826e+01 -5.211024e+01  2.000000e+00
     vertex  4.839959e+01 -5.207131e+01  2.000000e+00
   endloop
 endfacet
 facet normal  6.899286e-01  7.238775e-01  0.000000e+00
   outer loop
     vertex  4.839959e+01 -5.207131e+01  5.000000e+00
     vertex  4.839959e+01 -5.207131e+01  2.000000e+00
     vertex  4.835987e+01 -5.203345e+01  2.000000e+00
   endloop
 endfacet
 facet normal  7.095278e-01  7.046775e-01  0.000000e+00
   outer loop
     vertex  4.839959e+01 -5.207131e+01  5.000000e+00
     vertex  4.843826e+01 -5.211024e+01  5.000000e+00
     vertex  4.843826e+01 -5.211024e+01  2.000000e+00
   endloop
 endfacet
 facet normal  6.899286e-01  7.238775e-01  0.000000e+00
   outer loop
     vertex  4.835987e+01 -5.203345e+01  5.000000e+00
     vertex  4.839959e+01 -5.207131e+01  5.000000e+00
     vertex  4.835987e+01 -5.203345e+01  2.000000e+00
   endloop
 endfacet
 facet normal  6.698100e-01  7.425325e-01  0.000000e+00
   outer loop
     vertex  4.831912e+01 -5.199670e+01  5.000000e+00
     vertex  4.835987e+01 -5.203345e+01  2.000000e+00
     vertex  4.831912e+01 -5.199670e+01  2.000000e+00
   endloop
 endfacet
 facet normal  6.698100e-01  7.425325e-01  0.000000e+00
   outer loop
     vertex  4.831912e+01 -5.199670e+01  5.000000e+00
     vertex  4.835987e+01 -5.203345e+01  5.000000e+00
     vertex  4.835987e+01 -5.203345e+01  2.000000e+00
   endloop
 endfacet
 facet normal  6.491872e-01  7.606287e-01  0.000000e+00
   outer loop
     vertex  4.827738e+01 -5.196107e+01  5.000000e+00
     vertex  4.831912e+01 -5.199670e+01  2.000000e+00
     vertex  4.827738e+01 -5.196107e+01  2.000000e+00
   endloop
 endfacet
 facet normal  6.280757e-01  7.781522e-01  0.000000e+00
   outer loop
     vertex  4.827738e+01 -5.196107e+01  5.000000e+00
     vertex  4.827738e+01 -5.196107e+01  2.000000e+00
     vertex  4.823468e+01 -5.192661e+01  2.000000e+00
   endloop
 endfacet
 facet normal  6.491872e-01  7.606287e-01  0.000000e+00
   outer loop
     vertex  4.827738e+01 -5.196107e+01  5.000000e+00
     vertex  4.831912e+01 -5.199670e+01  5.000000e+00
     vertex  4.831912e+01 -5.199670e+01  2.000000e+00
   endloop
 endfacet
 facet normal  6.064915e-01  7.950900e-01  0.000000e+00
   outer loop
     vertex  4.823468e+01 -5.192661e+01  5.000000e+00
     vertex  4.823468e+01 -5.192661e+01  2.000000e+00
     vertex  4.819105e+01 -5.189333e+01  2.000000e+00
   endloop
 endfacet
 facet normal  6.280757e-01  7.781522e-01  0.000000e+00
   outer loop
     vertex  4.823468e+01 -5.192661e+01  5.000000e+00
     vertex  4.827738e+01 -5.196107e+01  5.000000e+00
     vertex  4.823468e+01 -5.192661e+01  2.000000e+00
   endloop
 endfacet
 facet normal  6.064915e-01  7.950900e-01  0.000000e+00
   outer loop
     vertex  4.819105e+01 -5.189333e+01  5.000000e+00
     vertex  4.823468e+01 -5.192661e+01  5.000000e+00
     vertex  4.819105e+01 -5.189333e+01  2.000000e+00
   endloop
 endfacet
 facet normal  5.844507e-01  8.114292e-01  0.000000e+00
   outer loop
     vertex  4.814653e+01 -5.186126e+01  5.000000e+00
     vertex  4.819105e+01 -5.189333e+01  5.000000e+00
     vertex  4.819105e+01 -5.189333e+01  2.000000e+00
   endloop
 endfacet
 facet normal  5.844507e-01  8.114292e-01  0.000000e+00
   outer loop
     vertex  4.814653e+01 -5.186126e+01  5.000000e+00
     vertex  4.819105e+01 -5.189333e+01  2.000000e+00
     vertex  4.814653e+01 -5.186126e+01  2.000000e+00
   endloop
 endfacet
 facet normal  5.619699e-01  8.271577e-01  0.000000e+00
   outer loop
     vertex  4.810114e+01 -5.183042e+01  5.000000e+00
     vertex  4.814653e+01 -5.186126e+01  2.000000e+00
     vertex  4.810114e+01 -5.183042e+01  2.000000e+00
   endloop
 endfacet
 facet normal  5.619699e-01  8.271577e-01  0.000000e+00
   outer loop
     vertex  4.810114e+01 -5.183042e+01  5.000000e+00
     vertex  4.814653e+01 -5.186126e+01  5.000000e+00
     vertex  4.814653e+01 -5.186126e+01  2.000000e+00
   endloop
 endfacet
 facet normal  5.390661e-01  8.422635e-01  0.000000e+00
   outer loop
     vertex  4.805492e+01 -5.180084e+01  5.000000e+00
     vertex  4.810114e+01 -5.183042e+01  5.000000e+00
     vertex  4.810114e+01 -5.183042e+01  2.000000e+00
   endloop
 endfacet
 facet normal  5.390661e-01  8.422635e-01  0.000000e+00
   outer loop
     vertex  4.805492e+01 -5.180084e+01  5.000000e+00
     vertex  4.810114e+01 -5.183042e+01  2.000000e+00
     vertex  4.805492e+01 -5.180084e+01  2.000000e+00
   endloop
 endfacet
 facet normal  5.157565e-01  8.567352e-01  0.000000e+00
   outer loop
     vertex  4.800791e+01 -5.177254e+01  5.000000e+00
     vertex  4.805492e+01 -5.180084e+01  5.000000e+00
     vertex  4.805492e+01 -5.180084e+01  2.000000e+00
   endloop
 endfacet
 facet normal  5.157565e-01  8.567352e-01  0.000000e+00
   outer loop
     vertex  4.800791e+01 -5.177254e+01  5.000000e+00
     vertex  4.805492e+01 -5.180084e+01  2.000000e+00
     vertex  4.800791e+01 -5.177254e+01  2.000000e+00
   endloop
 endfacet
 facet normal  4.920587e-01  8.705620e-01  0.000000e+00
   outer loop
     vertex  4.796014e+01 -5.174554e+01  5.000000e+00
     vertex  4.800791e+01 -5.177254e+01  5.000000e+00
     vertex  4.800791e+01 -5.177254e+01  2.000000e+00
   endloop
 endfacet
 facet normal  4.920587e-01  8.705620e-01  0.000000e+00
   outer loop
     vertex  4.796014e+01 -5.174554e+01  5.000000e+00
     vertex  4.800791e+01 -5.177254e+01  2.000000e+00
     vertex  4.796014e+01 -5.174554e+01  2.000000e+00
   endloop
 endfacet
 facet normal  4.679904e-01  8.837335e-01  0.000000e+00
   outer loop
     vertex  4.791165e+01 -5.171986e+01  5.000000e+00
     vertex  4.796014e+01 -5.174554e+01  5.000000e+00
     vertex  4.796014e+01 -5.174554e+01  2.000000e+00
   endloop
 endfacet
 facet normal  4.679904e-01  8.837335e-01  0.000000e+00
   outer loop
     vertex  4.791165e+01 -5.171986e+01  5.000000e+00
     vertex  4.796014e+01 -5.174554e+01  2.000000e+00
     vertex  4.791165e+01 -5.171986e+01  2.000000e+00
   endloop
 endfacet
 facet normal  4.435699e-01  8.962398e-01  0.000000e+00
   outer loop
     vertex  4.786247e+01 -5.169552e+01  5.000000e+00
     vertex  4.791165e+01 -5.171986e+01  5.000000e+00
     vertex  4.791165e+01 -5.171986e+01  2.000000e+00
   endloop
 endfacet
 facet normal  4.435699e-01  8.962398e-01  0.000000e+00
   outer loop
     vertex  4.786247e+01 -5.169552e+01  5.000000e+00
     vertex  4.791165e+01 -5.171986e+01  2.000000e+00
     vertex  4.786247e+01 -5.169552e+01  2.000000e+00
   endloop
 endfacet
 facet normal  4.188155e-01  9.080714e-01  0.000000e+00
   outer loop
     vertex  4.781264e+01 -5.167254e+01  5.000000e+00
     vertex  4.786247e+01 -5.169552e+01  5.000000e+00
     vertex  4.786247e+01 -5.169552e+01  2.000000e+00
   endloop
 endfacet
 facet normal  4.188155e-01  9.080714e-01  0.000000e+00
   outer loop
     vertex  4.781264e+01 -5.167254e+01  5.000000e+00
     vertex  4.786247e+01 -5.169552e+01  2.000000e+00
     vertex  4.781264e+01 -5.167254e+01  2.000000e+00
   endloop
 endfacet
 facet normal  3.937458e-01  9.192194e-01  0.000000e+00
   outer loop
     vertex  4.776220e+01 -5.165093e+01  5.000000e+00
     vertex  4.781264e+01 -5.167254e+01  5.000000e+00
     vertex  4.781264e+01 -5.167254e+01  2.000000e+00
   endloop
 endfacet
 facet normal  3.937458e-01  9.192194e-01  0.000000e+00
   outer loop
     vertex  4.776220e+01 -5.165093e+01  5.000000e+00
     vertex  4.781264e+01 -5.167254e+01  2.000000e+00
     vertex  4.776220e+01 -5.165093e+01  2.000000e+00
   endloop
 endfacet
 facet normal  3.683796e-01  9.296754e-01  0.000000e+00
   outer loop
     vertex  4.771118e+01 -5.163072e+01  5.000000e+00
     vertex  4.776220e+01 -5.165093e+01  5.000000e+00
     vertex  4.776220e+01 -5.165093e+01  2.000000e+00
   endloop
 endfacet
 facet normal  3.683796e-01  9.296754e-01  0.000000e+00
   outer loop
     vertex  4.771118e+01 -5.163072e+01  5.000000e+00
     vertex  4.776220e+01 -5.165093e+01  2.000000e+00
     vertex  4.771118e+01 -5.163072e+01  2.000000e+00
   endloop
 endfacet
 facet normal  3.427362e-01  9.394317e-01  0.000000e+00
   outer loop
     vertex  4.771118e+01 -5.163072e+01  5.000000e+00
     vertex  4.771118e+01 -5.163072e+01  2.000000e+00
     vertex  4.765963e+01 -5.161191e+01  2.000000e+00
   endloop
 endfacet
 facet normal  3.427362e-01  9.394317e-01  0.000000e+00
   outer loop
     vertex  4.765963e+01 -5.161191e+01  5.000000e+00
     vertex  4.771118e+01 -5.163072e+01  5.000000e+00
     vertex  4.765963e+01 -5.161191e+01  2.000000e+00
   endloop
 endfacet
 facet normal  3.168348e-01  9.484807e-01  0.000000e+00
   outer loop
     vertex  4.760759e+01 -5.159452e+01  5.000000e+00
     vertex  4.765963e+01 -5.161191e+01  5.000000e+00
     vertex  4.765963e+01 -5.161191e+01  2.000000e+00
   endloop
 endfacet
 facet normal  3.168348e-01  9.484807e-01  0.000000e+00
   outer loop
     vertex  4.760759e+01 -5.159452e+01  5.000000e+00
     vertex  4.765963e+01 -5.161191e+01  2.000000e+00
     vertex  4.760759e+01 -5.159452e+01  2.000000e+00
   endloop
 endfacet
 facet normal  2.906949e-01  9.568158e-01  0.000000e+00
   outer loop
     vertex  4.755508e+01 -5.157857e+01  5.000000e+00
     vertex  4.760759e+01 -5.159452e+01  5.000000e+00
     vertex  4.760759e+01 -5.159452e+01  2.000000e+00
   endloop
 endfacet
 facet normal  2.906949e-01  9.568158e-01  0.000000e+00
   outer loop
     vertex  4.755508e+01 -5.157857e+01  5.000000e+00
     vertex  4.760759e+01 -5.159452e+01  2.000000e+00
     vertex  4.755508e+01 -5.157857e+01  2.000000e+00
   endloop
 endfacet
 facet normal  2.643362e-01  9.644306e-01  0.000000e+00
   outer loop
     vertex  4.750216e+01 -5.156407e+01  5.000000e+00
     vertex  4.755508e+01 -5.157857e+01  5.000000e+00
     vertex  4.755508e+01 -5.157857e+01  2.000000e+00
   endloop
 endfacet
 facet normal  2.643362e-01  9.644306e-01  0.000000e+00
   outer loop
     vertex  4.750216e+01 -5.156407e+01  5.000000e+00
     vertex  4.755508e+01 -5.157857e+01  2.000000e+00
     vertex  4.750216e+01 -5.156407e+01  2.000000e+00
   endloop
 endfacet
 facet normal  2.377784e-01  9.713194e-01  0.000000e+00
   outer loop
     vertex  4.744886e+01 -5.155102e+01  5.000000e+00
     vertex  4.750216e+01 -5.156407e+01  5.000000e+00
     vertex  4.750216e+01 -5.156407e+01  2.000000e+00
   endloop
 endfacet
 facet normal  2.377784e-01  9.713194e-01  0.000000e+00
   outer loop
     vertex  4.744886e+01 -5.155102e+01  5.000000e+00
     vertex  4.750216e+01 -5.156407e+01  2.000000e+00
     vertex  4.744886e+01 -5.155102e+01  2.000000e+00
   endloop
 endfacet
 facet normal  2.110417e-01  9.774771e-01  0.000000e+00
   outer loop
     vertex  4.739523e+01 -5.153944e+01  5.000000e+00
     vertex  4.744886e+01 -5.155102e+01  5.000000e+00
     vertex  4.744886e+01 -5.155102e+01  2.000000e+00
   endloop
 endfacet
 facet normal  2.110417e-01  9.774771e-01  0.000000e+00
   outer loop
     vertex  4.739523e+01 -5.153944e+01  5.000000e+00
     vertex  4.744886e+01 -5.155102e+01  2.000000e+00
     vertex  4.739523e+01 -5.153944e+01  2.000000e+00
   endloop
 endfacet
 facet normal  1.841461e-01  9.828989e-01  0.000000e+00
   outer loop
     vertex  4.734129e+01 -5.152933e+01  5.000000e+00
     vertex  4.739523e+01 -5.153944e+01  5.000000e+00
     vertex  4.739523e+01 -5.153944e+01  2.000000e+00
   endloop
 endfacet
 facet normal  1.841461e-01  9.828989e-01  0.000000e+00
   outer loop
     vertex  4.734129e+01 -5.152933e+01  5.000000e+00
     vertex  4.739523e+01 -5.153944e+01  2.000000e+00
     vertex  4.734129e+01 -5.152933e+01  2.000000e+00
   endloop
 endfacet
 facet normal  1.571119e-01  9.875808e-01  0.000000e+00
   outer loop
     vertex  4.734129e+01 -5.152933e+01  5.000000e+00
     vertex  4.734129e+01 -5.152933e+01  2.000000e+00
     vertex  4.728710e+01 -5.152071e+01  2.000000e+00
   endloop
 endfacet
 facet normal  1.571119e-01  9.875808e-01  0.000000e+00
   outer loop
     vertex  4.728710e+01 -5.152071e+01  5.000000e+00
     vertex  4.734129e+01 -5.152933e+01  5.000000e+00
     vertex  4.728710e+01 -5.152071e+01  2.000000e+00
   endloop
 endfacet
 facet normal  1.299594e-01  9.915193e-01  0.000000e+00
   outer loop
     vertex  4.728710e+01 -5.152071e+01  5.000000e+00
     vertex  4.728710e+01 -5.152071e+01  2.000000e+00
     vertex  4.723269e+01 -5.151358e+01  2.000000e+00
   endloop
 endfacet
 facet normal  1.299594e-01  9.915193e-01  0.000000e+00
   outer loop
     vertex  4.723269e+01 -5.151358e+01  5.000000e+00
     vertex  4.728710e+01 -5.152071e+01  5.000000e+00
     vertex  4.723269e+01 -5.151358e+01  2.000000e+00
   endloop
 endfacet
 facet normal  1.027091e-01  9.947114e-01  0.000000e+00
   outer loop
     vertex  4.717811e+01 -5.150795e+01  5.000000e+00
     vertex  4.723269e+01 -5.151358e+01  5.000000e+00
     vertex  4.723269e+01 -5.151358e+01  2.000000e+00
   endloop
 endfacet
 facet normal  1.027091e-01  9.947114e-01  0.000000e+00
   outer loop
     vertex  4.717811e+01 -5.150795e+01  5.000000e+00
     vertex  4.723269e+01 -5.151358e+01  2.000000e+00
     vertex  4.717811e+01 -5.150795e+01  2.000000e+00
   endloop
 endfacet
 facet normal  7.538152e-02  9.971548e-01  0.000000e+00
   outer loop
     vertex  4.712339e+01 -5.150381e+01  5.000000e+00
     vertex  4.717811e+01 -5.150795e+01  5.000000e+00
     vertex  4.717811e+01 -5.150795e+01  2.000000e+00
   endloop
 endfacet
 facet normal  7.538152e-02  9.971548e-01  0.000000e+00
   outer loop
     vertex  4.712339e+01 -5.150381e+01  5.000000e+00
     vertex  4.717811e+01 -5.150795e+01  2.000000e+00
     vertex  4.712339e+01 -5.150381e+01  2.000000e+00
   endloop
 endfacet
 facet normal  4.799716e-02  9.988475e-01  0.000000e+00
   outer loop
     vertex  4.706858e+01 -5.150118e+01  5.000000e+00
     vertex  4.712339e+01 -5.150381e+01  5.000000e+00
     vertex  4.712339e+01 -5.150381e+01  2.000000e+00
   endloop
 endfacet
 facet normal  4.799716e-02  9.988475e-01  0.000000e+00
   outer loop
     vertex  4.706858e+01 -5.150118e+01  5.000000e+00
     vertex  4.712339e+01 -5.150381e+01  2.000000e+00
     vertex  4.706858e+01 -5.150118e+01  2.000000e+00
   endloop
 endfacet
 facet normal  2.057667e-02  9.997883e-01  0.000000e+00
   outer loop
     vertex  4.701372e+01 -5.150005e+01  5.000000e+00
     vertex  4.706858e+01 -5.150118e+01  2.000000e+00
     vertex  4.701372e+01 -5.150005e+01  2.000000e+00
   endloop
 endfacet
 facet normal  2.057667e-02  9.997883e-01  0.000000e+00
   outer loop
     vertex  4.701372e+01 -5.150005e+01  5.000000e+00
     vertex  4.706858e+01 -5.150118e+01  5.000000e+00
     vertex  4.706858e+01 -5.150118e+01  2.000000e+00
   endloop
 endfacet
 facet normal -6.859319e-03  9.999765e-01  0.000000e+00
   outer loop
     vertex  4.701372e+01 -5.150005e+01  5.000000e+00
     vertex  4.701372e+01 -5.150005e+01  2.000000e+00
     vertex  4.695885e+01 -5.150042e+01  2.000000e+00
   endloop
 endfacet
 facet normal -6.859319e-03  9.999765e-01  0.000000e+00
   outer loop
     vertex  4.695885e+01 -5.150042e+01  5.000000e+00
     vertex  4.701372e+01 -5.150005e+01  5.000000e+00
     vertex  4.695885e+01 -5.150042e+01  2.000000e+00
   endloop
 endfacet
 facet normal -3.429014e-02  9.994119e-01  0.000000e+00
   outer loop
     vertex  4.690401e+01 -5.150231e+01  5.000000e+00
     vertex  4.695885e+01 -5.150042e+01  2.000000e+00
     vertex  4.690401e+01 -5.150231e+01  2.000000e+00
   endloop
 endfacet
 facet normal -3.429014e-02  9.994119e-01  0.000000e+00
   outer loop
     vertex  4.690401e+01 -5.150231e+01  5.000000e+00
     vertex  4.695885e+01 -5.150042e+01  5.000000e+00
     vertex  4.695885e+01 -5.150042e+01  2.000000e+00
   endloop
 endfacet
 facet normal -6.169515e-02  9.980950e-01  0.000000e+00
   outer loop
     vertex  4.684924e+01 -5.150569e+01  5.000000e+00
     vertex  4.690401e+01 -5.150231e+01  2.000000e+00
     vertex  4.684924e+01 -5.150569e+01  2.000000e+00
   endloop
 endfacet
 facet normal -8.905371e-02  9.960268e-01  0.000000e+00
   outer loop
     vertex  4.684924e+01 -5.150569e+01  5.000000e+00
     vertex  4.684924e+01 -5.150569e+01  2.000000e+00
     vertex  4.679458e+01 -5.151058e+01  2.000000e+00
   endloop
 endfacet
 facet normal -6.169515e-02  9.980950e-01  0.000000e+00
   outer loop
     vertex  4.684924e+01 -5.150569e+01  5.000000e+00
     vertex  4.690401e+01 -5.150231e+01  5.000000e+00
     vertex  4.690401e+01 -5.150231e+01  2.000000e+00
   endloop
 endfacet
 facet normal -8.905371e-02  9.960268e-01  0.000000e+00
   outer loop
     vertex  4.679458e+01 -5.151058e+01  5.000000e+00
     vertex  4.684924e+01 -5.150569e+01  5.000000e+00
     vertex  4.679458e+01 -5.151058e+01  2.000000e+00
   endloop
 endfacet
 facet normal -1.163452e-01  9.932088e-01  0.000000e+00
   outer loop
     vertex  4.674008e+01 -5.151696e+01  5.000000e+00
     vertex  4.679458e+01 -5.151058e+01  5.000000e+00
     vertex  4.679458e+01 -5.151058e+01  2.000000e+00
   endloop
 endfacet
 facet normal -1.163452e-01  9.932088e-01  0.000000e+00
   outer loop
     vertex  4.674008e+01 -5.151696e+01  5.000000e+00
     vertex  4.679458e+01 -5.151058e+01  2.000000e+00
     vertex  4.674008e+01 -5.151696e+01  2.000000e+00
   endloop
 endfacet
 facet normal -1.435492e-01  9.896432e-01  0.000000e+00
   outer loop
     vertex  4.668578e+01 -5.152484e+01  5.000000e+00
     vertex  4.674008e+01 -5.151696e+01  5.000000e+00
     vertex  4.674008e+01 -5.151696e+01  2.000000e+00
   endloop
 endfacet
 facet normal -1.435492e-01  9.896432e-01  0.000000e+00
   outer loop
     vertex  4.668578e+01 -5.152484e+01  5.000000e+00
     vertex  4.674008e+01 -5.151696e+01  2.000000e+00
     vertex  4.668578e+01 -5.152484e+01  2.000000e+00
   endloop
 endfacet
 facet normal -1.706451e-01  9.853326e-01  0.000000e+00
   outer loop
     vertex  4.668578e+01 -5.152484e+01  5.000000e+00
     vertex  4.668578e+01 -5.152484e+01  2.000000e+00
     vertex  4.663171e+01 -5.153420e+01  2.000000e+00
   endloop
 endfacet
 facet normal -1.706451e-01  9.853326e-01  0.000000e+00
   outer loop
     vertex  4.663171e+01 -5.153420e+01  5.000000e+00
     vertex  4.668578e+01 -5.152484e+01  5.000000e+00
     vertex  4.663171e+01 -5.153420e+01  2.000000e+00
   endloop
 endfacet
 facet normal -1.976125e-01  9.802802e-01  0.000000e+00
   outer loop
     vertex  4.657792e+01 -5.154505e+01  5.000000e+00
     vertex  4.663171e+01 -5.153420e+01  5.000000e+00
     vertex  4.663171e+01 -5.153420e+01  2.000000e+00
   endloop
 endfacet
 facet normal -1.976125e-01  9.802802e-01  0.000000e+00
   outer loop
     vertex  4.657792e+01 -5.154505e+01  5.000000e+00
     vertex  4.663171e+01 -5.153420e+01  2.000000e+00
     vertex  4.657792e+01 -5.154505e+01  2.000000e+00
   endloop
 endfacet
 facet normal -2.244312e-01  9.744899e-01  0.000000e+00
   outer loop
     vertex  4.652444e+01 -5.155736e+01  5.000000e+00
     vertex  4.657792e+01 -5.154505e+01  5.000000e+00
     vertex  4.657792e+01 -5.154505e+01  2.000000e+00
   endloop
 endfacet
 facet normal -2.244312e-01  9.744899e-01  0.000000e+00
   outer loop
     vertex  4.652444e+01 -5.155736e+01  5.000000e+00
     vertex  4.657792e+01 -5.154505e+01  2.000000e+00
     vertex  4.652444e+01 -5.155736e+01  2.000000e+00
   endloop
 endfacet
 facet normal -2.510809e-01  9.679661e-01  0.000000e+00
   outer loop
     vertex  4.652444e+01 -5.155736e+01  5.000000e+00
     vertex  4.652444e+01 -5.155736e+01  2.000000e+00
     vertex  4.647133e+01 -5.157114e+01  2.000000e+00
   endloop
 endfacet
 facet normal -2.510809e-01  9.679661e-01  0.000000e+00
   outer loop
     vertex  4.647133e+01 -5.157114e+01  5.000000e+00
     vertex  4.652444e+01 -5.155736e+01  5.000000e+00
     vertex  4.647133e+01 -5.157114e+01  2.000000e+00
   endloop
 endfacet
 facet normal -2.775416e-01  9.607136e-01  0.000000e+00
   outer loop
     vertex  4.641861e+01 -5.158637e+01  5.000000e+00
     vertex  4.647133e+01 -5.157114e+01  5.000000e+00
     vertex  4.647133e+01 -5.157114e+01  2.000000e+00
   endloop
 endfacet
 facet normal -2.775416e-01  9.607136e-01  0.000000e+00
   outer loop
     vertex  4.641861e+01 -5.158637e+01  5.000000e+00
     vertex  4.647133e+01 -5.157114e+01  2.000000e+00
     vertex  4.641861e+01 -5.158637e+01  2.000000e+00
   endloop
 endfacet
 facet normal -3.037934e-01  9.527379e-01  0.000000e+00
   outer loop
     vertex  4.636633e+01 -5.160304e+01  5.000000e+00
     vertex  4.641861e+01 -5.158637e+01  5.000000e+00
     vertex  4.641861e+01 -5.158637e+01  2.000000e+00
   endloop
 endfacet
 facet normal -3.037934e-01  9.527379e-01  0.000000e+00
   outer loop
     vertex  4.636633e+01 -5.160304e+01  5.000000e+00
     vertex  4.641861e+01 -5.158637e+01  2.000000e+00
     vertex  4.636633e+01 -5.160304e+01  2.000000e+00
   endloop
 endfacet
 facet normal -3.298166e-01  9.440450e-01  0.000000e+00
   outer loop
     vertex  4.631453e+01 -5.162114e+01  5.000000e+00
     vertex  4.636633e+01 -5.160304e+01  5.000000e+00
     vertex  4.636633e+01 -5.160304e+01  2.000000e+00
   endloop
 endfacet
 facet normal -3.298166e-01  9.440450e-01  0.000000e+00
   outer loop
     vertex  4.631453e+01 -5.162114e+01  5.000000e+00
     vertex  4.636633e+01 -5.160304e+01  2.000000e+00
     vertex  4.631453e+01 -5.162114e+01  2.000000e+00
   endloop
 endfacet
 facet normal -3.555914e-01  9.346415e-01  0.000000e+00
   outer loop
     vertex  4.631453e+01 -5.162114e+01  5.000000e+00
     vertex  4.631453e+01 -5.162114e+01  2.000000e+00
     vertex  4.626324e+01 -5.164065e+01  2.000000e+00
   endloop
 endfacet
 facet normal -3.555914e-01  9.346415e-01  0.000000e+00
   outer loop
     vertex  4.626324e+01 -5.164065e+01  5.000000e+00
     vertex  4.631453e+01 -5.162114e+01  5.000000e+00
     vertex  4.626324e+01 -5.164065e+01  2.000000e+00
   endloop
 endfacet
 facet normal -4.063188e-01  9.137314e-01  0.000000e+00
   outer loop
     vertex  4.621251e+01 -5.166156e+01  5.000000e+00
     vertex  4.621251e+01 -5.166156e+01  2.000000e+00
     vertex  4.616237e+01 -5.168386e+01  2.000000e+00
   endloop
 endfacet
 facet normal -3.810986e-01  9.245344e-01  0.000000e+00
   outer loop
     vertex  4.621251e+01 -5.166156e+01  5.000000e+00
     vertex  4.626324e+01 -5.164065e+01  5.000000e+00
     vertex  4.626324e+01 -5.164065e+01  2.000000e+00
   endloop
 endfacet
 facet normal -3.810986e-01  9.245344e-01  0.000000e+00
   outer loop
     vertex  4.621251e+01 -5.166156e+01  5.000000e+00
     vertex  4.626324e+01 -5.164065e+01  2.000000e+00
     vertex  4.621251e+01 -5.166156e+01  2.000000e+00
   endloop
 endfacet
 facet normal -4.063188e-01  9.137314e-01  0.000000e+00
   outer loop
     vertex  4.616237e+01 -5.168386e+01  5.000000e+00
     vertex  4.621251e+01 -5.166156e+01  5.000000e+00
     vertex  4.616237e+01 -5.168386e+01  2.000000e+00
   endloop
 endfacet
 facet normal -4.312333e-01  9.022405e-01  0.000000e+00
   outer loop
     vertex  4.611286e+01 -5.170752e+01  5.000000e+00
     vertex  4.616237e+01 -5.168386e+01  2.000000e+00
     vertex  4.611286e+01 -5.170752e+01  2.000000e+00
   endloop
 endfacet
 facet normal -4.312333e-01  9.022405e-01  0.000000e+00
   outer loop
     vertex  4.611286e+01 -5.170752e+01  5.000000e+00
     vertex  4.616237e+01 -5.168386e+01  5.000000e+00
     vertex  4.616237e+01 -5.168386e+01  2.000000e+00
   endloop
 endfacet
 facet normal -4.558231e-01  8.900704e-01  0.000000e+00
   outer loop
     vertex  4.606402e+01 -5.173253e+01  5.000000e+00
     vertex  4.611286e+01 -5.170752e+01  2.000000e+00
     vertex  4.606402e+01 -5.173253e+01  2.000000e+00
   endloop
 endfacet
 facet normal -4.800697e-01  8.772303e-01  0.000000e+00
   outer loop
     vertex  4.606402e+01 -5.173253e+01  5.000000e+00
     vertex  4.606402e+01 -5.173253e+01  2.000000e+00
     vertex  4.601588e+01 -5.175888e+01  2.000000e+00
   endloop
 endfacet
 facet normal -4.558231e-01  8.900704e-01  0.000000e+00
   outer loop
     vertex  4.606402e+01 -5.173253e+01  5.000000e+00
     vertex  4.611286e+01 -5.170752e+01  5.000000e+00
     vertex  4.611286e+01 -5.170752e+01  2.000000e+00
   endloop
 endfacet
 facet normal -4.800697e-01  8.772303e-01  0.000000e+00
   outer loop
     vertex  4.601588e+01 -5.175888e+01  5.000000e+00
     vertex  4.606402e+01 -5.173253e+01  5.000000e+00
     vertex  4.601588e+01 -5.175888e+01  2.000000e+00
   endloop
 endfacet
 facet normal -5.039550e-01  8.637299e-01  0.000000e+00
   outer loop
     vertex  4.596849e+01 -5.178653e+01  5.000000e+00
     vertex  4.601588e+01 -5.175888e+01  2.000000e+00
     vertex  4.596849e+01 -5.178653e+01  2.000000e+00
   endloop
 endfacet
 facet normal -5.039550e-01  8.637299e-01  0.000000e+00
   outer loop
     vertex  4.596849e+01 -5.178653e+01  5.000000e+00
     vertex  4.601588e+01 -5.175888e+01  5.000000e+00
     vertex  4.601588e+01 -5.175888e+01  2.000000e+00
   endloop
 endfacet
 facet normal -5.274609e-01  8.495793e-01  0.000000e+00
   outer loop
     vertex  4.592187e+01 -5.181547e+01  5.000000e+00
     vertex  4.596849e+01 -5.178653e+01  2.000000e+00
     vertex  4.592187e+01 -5.181547e+01  2.000000e+00
   endloop
 endfacet
 facet normal -5.505698e-01  8.347891e-01  0.000000e+00
   outer loop
     vertex  4.592187e+01 -5.181547e+01  5.000000e+00
     vertex  4.592187e+01 -5.181547e+01  2.000000e+00
     vertex  4.587606e+01 -5.184568e+01  2.000000e+00
   endloop
 endfacet
 facet normal -5.274609e-01  8.495793e-01  0.000000e+00
   outer loop
     vertex  4.592187e+01 -5.181547e+01  5.000000e+00
     vertex  4.596849e+01 -5.178653e+01  5.000000e+00
     vertex  4.596849e+01 -5.178653e+01  2.000000e+00
   endloop
 endfacet
 facet normal -5.505698e-01  8.347891e-01  0.000000e+00
   outer loop
     vertex  4.587606e+01 -5.184568e+01  5.000000e+00
     vertex  4.592187e+01 -5.181547e+01  5.000000e+00
     vertex  4.587606e+01 -5.184568e+01  2.000000e+00
   endloop
 endfacet
 facet normal -5.732642e-01  8.193706e-01  0.000000e+00
   outer loop
     vertex  4.583110e+01 -5.187714e+01  5.000000e+00
     vertex  4.587606e+01 -5.184568e+01  2.000000e+00
     vertex  4.583110e+01 -5.187714e+01  2.000000e+00
   endloop
 endfacet
 facet normal -5.732642e-01  8.193706e-01  0.000000e+00
   outer loop
     vertex  4.583110e+01 -5.187714e+01  5.000000e+00
     vertex  4.587606e+01 -5.184568e+01  5.000000e+00
     vertex  4.587606e+01 -5.184568e+01  2.000000e+00
   endloop
 endfacet
 facet normal -5.955271e-01  8.033352e-01  0.000000e+00
   outer loop
     vertex  4.578702e+01 -5.190982e+01  5.000000e+00
     vertex  4.583110e+01 -5.187714e+01  2.000000e+00
     vertex  4.578702e+01 -5.190982e+01  2.000000e+00
   endloop
 endfacet
 facet normal -6.173417e-01  7.866951e-01  0.000000e+00
   outer loop
     vertex  4.578702e+01 -5.190982e+01  5.000000e+00
     vertex  4.578702e+01 -5.190982e+01  2.000000e+00
     vertex  4.574385e+01 -5.194370e+01  2.000000e+00
   endloop
 endfacet
 facet normal -5.955271e-01  8.033352e-01  0.000000e+00
   outer loop
     vertex  4.578702e+01 -5.190982e+01  5.000000e+00
     vertex  4.583110e+01 -5.187714e+01  5.000000e+00
     vertex  4.583110e+01 -5.187714e+01  2.000000e+00
   endloop
 endfacet
 facet normal -6.173417e-01  7.866951e-01  0.000000e+00
   outer loop
     vertex  4.574385e+01 -5.194370e+01  5.000000e+00
     vertex  4.578702e+01 -5.190982e+01  5.000000e+00
     vertex  4.574385e+01 -5.194370e+01  2.000000e+00
   endloop
 endfacet
 facet normal -6.386916e-01  7.694628e-01  0.000000e+00
   outer loop
     vertex  4.570163e+01 -5.197874e+01  5.000000e+00
     vertex  4.574385e+01 -5.194370e+01  2.000000e+00
     vertex  4.570163e+01 -5.197874e+01  2.000000e+00
   endloop
 endfacet
 facet normal -6.386916e-01  7.694628e-01  0.000000e+00
   outer loop
     vertex  4.570163e+01 -5.197874e+01  5.000000e+00
     vertex  4.574385e+01 -5.194370e+01  5.000000e+00
     vertex  4.574385e+01 -5.194370e+01  2.000000e+00
   endloop
 endfacet
 facet normal -6.595607e-01  7.516513e-01  0.000000e+00
   outer loop
     vertex  4.566038e+01 -5.201493e+01  5.000000e+00
     vertex  4.570163e+01 -5.197874e+01  2.000000e+00
     vertex  4.566038e+01 -5.201493e+01  2.000000e+00
   endloop
 endfacet
 facet normal -6.595607e-01  7.516513e-01  0.000000e+00
   outer loop
     vertex  4.566038e+01 -5.201493e+01  5.000000e+00
     vertex  4.570163e+01 -5.197874e+01  5.000000e+00
     vertex  4.570163e+01 -5.197874e+01  2.000000e+00
   endloop
 endfacet
 facet normal -6.799333e-01  7.332740e-01  0.000000e+00
   outer loop
     vertex  4.562014e+01 -5.205225e+01  5.000000e+00
     vertex  4.566038e+01 -5.201493e+01  2.000000e+00
     vertex  4.562014e+01 -5.205225e+01  2.000000e+00
   endloop
 endfacet
 facet normal -6.997940e-01  7.143447e-01  0.000000e+00
   outer loop
     vertex  4.562014e+01 -5.205225e+01  5.000000e+00
     vertex  4.562014e+01 -5.205225e+01  2.000000e+00
     vertex  4.558094e+01 -5.209065e+01  2.000000e+00
   endloop
 endfacet
 facet normal -6.799333e-01  7.332740e-01  0.000000e+00
   outer loop
     vertex  4.562014e+01 -5.205225e+01  5.000000e+00
     vertex  4.566038e+01 -5.201493e+01  5.000000e+00
     vertex  4.566038e+01 -5.201493e+01  2.000000e+00
   endloop
 endfacet
 facet normal -6.997940e-01  7.143447e-01  0.000000e+00
   outer loop
     vertex  4.558094e+01 -5.209065e+01  5.000000e+00
     vertex  4.562014e+01 -5.205225e+01  5.000000e+00
     vertex  4.558094e+01 -5.209065e+01  2.000000e+00
   endloop
 endfacet
 facet normal -7.191280e-01  6.948776e-01  0.000000e+00
   outer loop
     vertex  4.558094e+01 -5.209065e+01  5.000000e+00
     vertex  4.558094e+01 -5.209065e+01  2.000000e+00
     vertex  4.554281e+01 -5.213011e+01  2.000000e+00
   endloop
 endfacet
 facet normal -7.191280e-01  6.948776e-01  0.000000e+00
   outer loop
     vertex  4.554281e+01 -5.213011e+01  5.000000e+00
     vertex  4.558094e+01 -5.209065e+01  5.000000e+00
     vertex  4.554281e+01 -5.213011e+01  2.000000e+00
   endloop
 endfacet
 facet normal -7.379206e-01  6.748875e-01  0.000000e+00
   outer loop
     vertex  4.554281e+01 -5.213011e+01  5.000000e+00
     vertex  4.554281e+01 -5.213011e+01  2.000000e+00
     vertex  4.550578e+01 -5.217060e+01  2.000000e+00
   endloop
 endfacet
 facet normal -7.379206e-01  6.748875e-01  0.000000e+00
   outer loop
     vertex  4.550578e+01 -5.217060e+01  5.000000e+00
     vertex  4.554281e+01 -5.213011e+01  5.000000e+00
     vertex  4.550578e+01 -5.217060e+01  2.000000e+00
   endloop
 endfacet
 facet normal -7.561578e-01  6.543893e-01  0.000000e+00
   outer loop
     vertex  4.546987e+01 -5.221209e+01  5.000000e+00
     vertex  4.550578e+01 -5.217060e+01  5.000000e+00
     vertex  4.550578e+01 -5.217060e+01  2.000000e+00
   endloop
 endfacet
 facet normal -7.561578e-01  6.543893e-01  0.000000e+00
   outer loop
     vertex  4.546987e+01 -5.221209e+01  5.000000e+00
     vertex  4.550578e+01 -5.217060e+01  2.000000e+00
     vertex  4.546987e+01 -5.221209e+01  2.000000e+00
   endloop
 endfacet
 facet normal -7.738257e-01  6.333986e-01  0.000000e+00
   outer loop
     vertex  4.546987e+01 -5.221209e+01  5.000000e+00
     vertex  4.546987e+01 -5.221209e+01  2.000000e+00
     vertex  4.543512e+01 -5.225455e+01  2.000000e+00
   endloop
 endfacet
 facet normal -7.738257e-01  6.333986e-01  0.000000e+00
   outer loop
     vertex  4.543512e+01 -5.225455e+01  5.000000e+00
     vertex  4.546987e+01 -5.221209e+01  5.000000e+00
     vertex  4.543512e+01 -5.225455e+01  2.000000e+00
   endloop
 endfacet
 facet normal -7.909112e-01  6.119310e-01  0.000000e+00
   outer loop
     vertex  4.540154e+01 -5.229795e+01  5.000000e+00
     vertex  4.543512e+01 -5.225455e+01  2.000000e+00
     vertex  4.540154e+01 -5.229795e+01  2.000000e+00
   endloop
 endfacet
 facet normal -7.909112e-01  6.119310e-01  0.000000e+00
   outer loop
     vertex  4.540154e+01 -5.229795e+01  5.000000e+00
     vertex  4.543512e+01 -5.225455e+01  5.000000e+00
     vertex  4.543512e+01 -5.225455e+01  2.000000e+00
   endloop
 endfacet
 facet normal -8.074012e-01  5.900028e-01  0.000000e+00
   outer loop
     vertex  4.536916e+01 -5.234226e+01  5.000000e+00
     vertex  4.540154e+01 -5.229795e+01  5.000000e+00
     vertex  4.540154e+01 -5.229795e+01  2.000000e+00
   endloop
 endfacet
 facet normal -8.074012e-01  5.900028e-01  0.000000e+00
   outer loop
     vertex  4.536916e+01 -5.234226e+01  5.000000e+00
     vertex  4.540154e+01 -5.229795e+01  2.000000e+00
     vertex  4.536916e+01 -5.234226e+01  2.000000e+00
   endloop
 endfacet
 facet normal -8.232835e-01  5.676304e-01  0.000000e+00
   outer loop
     vertex  4.536916e+01 -5.234226e+01  5.000000e+00
     vertex  4.536916e+01 -5.234226e+01  2.000000e+00
     vertex  4.533801e+01 -5.238743e+01  2.000000e+00
   endloop
 endfacet
 facet normal -8.385460e-01  5.448308e-01  0.000000e+00
   outer loop
     vertex  4.533801e+01 -5.238743e+01  5.000000e+00
     vertex  4.533801e+01 -5.238743e+01  2.000000e+00
     vertex  4.530812e+01 -5.243345e+01  2.000000e+00
   endloop
 endfacet
 facet normal -8.232835e-01  5.676304e-01  0.000000e+00
   outer loop
     vertex  4.533801e+01 -5.238743e+01  5.000000e+00
     vertex  4.536916e+01 -5.234226e+01  5.000000e+00
     vertex  4.533801e+01 -5.238743e+01  2.000000e+00
   endloop
 endfacet
 facet normal -8.385460e-01  5.448308e-01  0.000000e+00
   outer loop
     vertex  4.530812e+01 -5.243345e+01  5.000000e+00
     vertex  4.533801e+01 -5.238743e+01  5.000000e+00
     vertex  4.530812e+01 -5.243345e+01  2.000000e+00
   endloop
 endfacet
 facet normal -8.531773e-01  5.216210e-01  0.000000e+00
   outer loop
     vertex  4.527949e+01 -5.248026e+01  5.000000e+00
     vertex  4.530812e+01 -5.243345e+01  2.000000e+00
     vertex  4.527949e+01 -5.248026e+01  2.000000e+00
   endloop
 endfacet
 facet normal -8.671664e-01  4.980186e-01  0.000000e+00
   outer loop
     vertex  4.527949e+01 -5.248026e+01  5.000000e+00
     vertex  4.527949e+01 -5.248026e+01  2.000000e+00
     vertex  4.525217e+01 -5.252785e+01  2.000000e+00
   endloop
 endfacet
 facet normal -8.531773e-01  5.216210e-01  0.000000e+00
   outer loop
     vertex  4.527949e+01 -5.248026e+01  5.000000e+00
     vertex  4.530812e+01 -5.243345e+01  5.000000e+00
     vertex  4.530812e+01 -5.243345e+01  2.000000e+00
   endloop
 endfacet
 facet normal -8.671664e-01  4.980186e-01  0.000000e+00
   outer loop
     vertex  4.525217e+01 -5.252785e+01  5.000000e+00
     vertex  4.527949e+01 -5.248026e+01  5.000000e+00
     vertex  4.525217e+01 -5.252785e+01  2.000000e+00
   endloop
 endfacet
 facet normal -8.805026e-01  4.740412e-01  0.000000e+00
   outer loop
     vertex  4.522615e+01 -5.257616e+01  5.000000e+00
     vertex  4.525217e+01 -5.252785e+01  2.000000e+00
     vertex  4.522615e+01 -5.257616e+01  2.000000e+00
   endloop
 endfacet
 facet normal -8.805026e-01  4.740412e-01  0.000000e+00
   outer loop
     vertex  4.522615e+01 -5.257616e+01  5.000000e+00
     vertex  4.525217e+01 -5.252785e+01  5.000000e+00
     vertex  4.525217e+01 -5.252785e+01  2.000000e+00
   endloop
 endfacet
 facet normal -8.931761e-01  4.497071e-01  0.000000e+00
   outer loop
     vertex  4.520148e+01 -5.262518e+01  5.000000e+00
     vertex  4.522615e+01 -5.257616e+01  2.000000e+00
     vertex  4.520148e+01 -5.262518e+01  2.000000e+00
   endloop
 endfacet
 facet normal -9.051772e-01  4.250344e-01  0.000000e+00
   outer loop
     vertex  4.520148e+01 -5.262518e+01  5.000000e+00
     vertex  4.520148e+01 -5.262518e+01  2.000000e+00
     vertex  4.517815e+01 -5.267485e+01  2.000000e+00
   endloop
 endfacet
 facet normal -8.931761e-01  4.497071e-01  0.000000e+00
   outer loop
     vertex  4.520148e+01 -5.262518e+01  5.000000e+00
     vertex  4.522615e+01 -5.257616e+01  5.000000e+00
     vertex  4.522615e+01 -5.257616e+01  2.000000e+00
   endloop
 endfacet
 facet normal -9.051772e-01  4.250344e-01  0.000000e+00
   outer loop
     vertex  4.517815e+01 -5.267485e+01  5.000000e+00
     vertex  4.520148e+01 -5.262518e+01  5.000000e+00
     vertex  4.517815e+01 -5.267485e+01  2.000000e+00
   endloop
 endfacet
 facet normal -9.164969e-01  4.000417e-01  0.000000e+00
   outer loop
     vertex  4.515620e+01 -5.272514e+01  5.000000e+00
     vertex  4.517815e+01 -5.267485e+01  2.000000e+00
     vertex  4.515620e+01 -5.272514e+01  2.000000e+00
   endloop
 endfacet
 facet normal -9.164969e-01  4.000417e-01  0.000000e+00
   outer loop
     vertex  4.515620e+01 -5.272514e+01  5.000000e+00
     vertex  4.517815e+01 -5.267485e+01  5.000000e+00
     vertex  4.517815e+01 -5.267485e+01  2.000000e+00
   endloop
 endfacet
 facet normal -9.271267e-01  3.747479e-01  0.000000e+00
   outer loop
     vertex  4.513564e+01 -5.277601e+01  5.000000e+00
     vertex  4.515620e+01 -5.272514e+01  2.000000e+00
     vertex  4.513564e+01 -5.277601e+01  2.000000e+00
   endloop
 endfacet
 facet normal -9.370586e-01  3.491720e-01  0.000000e+00
   outer loop
     vertex  4.513564e+01 -5.277601e+01  5.000000e+00
     vertex  4.513564e+01 -5.277601e+01  2.000000e+00
     vertex  4.511648e+01 -5.282743e+01  2.000000e+00
   endloop
 endfacet
 facet normal -9.271267e-01  3.747479e-01  0.000000e+00
   outer loop
     vertex  4.513564e+01 -5.277601e+01  5.000000e+00
     vertex  4.515620e+01 -5.272514e+01  5.000000e+00
     vertex  4.515620e+01 -5.272514e+01  2.000000e+00
   endloop
 endfacet
 facet normal -9.370586e-01  3.491720e-01  0.000000e+00
   outer loop
     vertex  4.511648e+01 -5.282743e+01  5.000000e+00
     vertex  4.513564e+01 -5.277601e+01  5.000000e+00
     vertex  4.511648e+01 -5.282743e+01  2.000000e+00
   endloop
 endfacet
 facet normal -9.462851e-01  3.233333e-01  0.000000e+00
   outer loop
     vertex  4.509874e+01 -5.287936e+01  5.000000e+00
     vertex  4.511648e+01 -5.282743e+01  2.000000e+00
     vertex  4.509874e+01 -5.287936e+01  2.000000e+00
   endloop
 endfacet
 facet normal -9.462851e-01  3.233333e-01  0.000000e+00
   outer loop
     vertex  4.509874e+01 -5.287936e+01  5.000000e+00
     vertex  4.511648e+01 -5.282743e+01  5.000000e+00
     vertex  4.511648e+01 -5.282743e+01  2.000000e+00
   endloop
 endfacet
 facet normal -9.547993e-01  2.972512e-01  0.000000e+00
   outer loop
     vertex  4.508243e+01 -5.293175e+01  5.000000e+00
     vertex  4.509874e+01 -5.287936e+01  2.000000e+00
     vertex  4.508243e+01 -5.293175e+01  2.000000e+00
   endloop
 endfacet
 facet normal -9.625948e-01  2.709453e-01  0.000000e+00
   outer loop
     vertex  4.508243e+01 -5.293175e+01  5.000000e+00
     vertex  4.508243e+01 -5.293175e+01  2.000000e+00
     vertex  4.506756e+01 -5.298457e+01  2.000000e+00
   endloop
 endfacet
 facet normal -9.547993e-01  2.972512e-01  0.000000e+00
   outer loop
     vertex  4.508243e+01 -5.293175e+01  5.000000e+00
     vertex  4.509874e+01 -5.287936e+01  5.000000e+00
     vertex  4.509874e+01 -5.287936e+01  2.000000e+00
   endloop
 endfacet
 facet normal -9.625948e-01  2.709453e-01  0.000000e+00
   outer loop
     vertex  4.506756e+01 -5.298457e+01  5.000000e+00
     vertex  4.508243e+01 -5.293175e+01  5.000000e+00
     vertex  4.506756e+01 -5.298457e+01  2.000000e+00
   endloop
 endfacet
 facet normal -9.696656e-01  2.444354e-01  0.000000e+00
   outer loop
     vertex  4.505414e+01 -5.303778e+01  5.000000e+00
     vertex  4.506756e+01 -5.298457e+01  2.000000e+00
     vertex  4.505414e+01 -5.303778e+01  2.000000e+00
   endloop
 endfacet
 facet normal -9.696656e-01  2.444354e-01  0.000000e+00
   outer loop
     vertex  4.505414e+01 -5.303778e+01  5.000000e+00
     vertex  4.506756e+01 -5.298457e+01  5.000000e+00
     vertex  4.506756e+01 -5.298457e+01  2.000000e+00
   endloop
 endfacet
 facet normal -9.760065e-01  2.177416e-01  0.000000e+00
   outer loop
     vertex  4.504220e+01 -5.309134e+01  5.000000e+00
     vertex  4.505414e+01 -5.303778e+01  2.000000e+00
     vertex  4.504220e+01 -5.309134e+01  2.000000e+00
   endloop
 endfacet
 facet normal -9.816126e-01  1.908838e-01  0.000000e+00
   outer loop
     vertex  4.504220e+01 -5.309134e+01  5.000000e+00
     vertex  4.504220e+01 -5.309134e+01  2.000000e+00
     vertex  4.503172e+01 -5.314520e+01  2.000000e+00
   endloop
 endfacet
 facet normal -9.760065e-01  2.177416e-01  0.000000e+00
   outer loop
     vertex  4.504220e+01 -5.309134e+01  5.000000e+00
     vertex  4.505414e+01 -5.303778e+01  5.000000e+00
     vertex  4.505414e+01 -5.303778e+01  2.000000e+00
   endloop
 endfacet
 facet normal -9.816126e-01  1.908838e-01  0.000000e+00
   outer loop
     vertex  4.503172e+01 -5.314520e+01  5.000000e+00
     vertex  4.504220e+01 -5.309134e+01  5.000000e+00
     vertex  4.503172e+01 -5.314520e+01  2.000000e+00
   endloop
 endfacet
 facet normal -9.864799e-01  1.638824e-01  0.000000e+00
   outer loop
     vertex  4.502273e+01 -5.319933e+01  5.000000e+00
     vertex  4.503172e+01 -5.314520e+01  2.000000e+00
     vertex  4.502273e+01 -5.319933e+01  2.000000e+00
   endloop
 endfacet
 facet normal -9.864799e-01  1.638824e-01  0.000000e+00
   outer loop
     vertex  4.502273e+01 -5.319933e+01  5.000000e+00
     vertex  4.503172e+01 -5.314520e+01  5.000000e+00
     vertex  4.503172e+01 -5.314520e+01  2.000000e+00
   endloop
 endfacet
 facet normal -9.906046e-01  1.367575e-01  0.000000e+00
   outer loop
     vertex  4.501523e+01 -5.325369e+01  5.000000e+00
     vertex  4.502273e+01 -5.319933e+01  2.000000e+00
     vertex  4.501523e+01 -5.325369e+01  2.000000e+00
   endloop
 endfacet
 facet normal -9.939835e-01  1.095298e-01  0.000000e+00
   outer loop
     vertex  4.501523e+01 -5.325369e+01  5.000000e+00
     vertex  4.501523e+01 -5.325369e+01  2.000000e+00
     vertex  4.500921e+01 -5.330823e+01  2.000000e+00
   endloop
 endfacet
 facet normal -9.906046e-01  1.367575e-01  0.000000e+00
   outer loop
     vertex  4.501523e+01 -5.325369e+01  5.000000e+00
     vertex  4.502273e+01 -5.319933e+01  5.000000e+00
     vertex  4.502273e+01 -5.319933e+01  2.000000e+00
   endloop
 endfacet
 facet normal -9.939835e-01  1.095298e-01  0.000000e+00
   outer loop
     vertex  4.500921e+01 -5.330823e+01  5.000000e+00
     vertex  4.501523e+01 -5.325369e+01  5.000000e+00
     vertex  4.500921e+01 -5.330823e+01  2.000000e+00
   endloop
 endfacet
 facet normal -9.966142e-01  8.221955e-02  0.000000e+00
   outer loop
     vertex  4.500470e+01 -5.336292e+01  5.000000e+00
     vertex  4.500921e+01 -5.330823e+01  5.000000e+00
     vertex  4.500921e+01 -5.330823e+01  2.000000e+00
   endloop
 endfacet
 facet normal -9.966142e-01  8.221955e-02  0.000000e+00
   outer loop
     vertex  4.500470e+01 -5.336292e+01  5.000000e+00
     vertex  4.500921e+01 -5.330823e+01  2.000000e+00
     vertex  4.500470e+01 -5.336292e+01  2.000000e+00
   endloop
 endfacet
 facet normal -9.984947e-01  5.484744e-02  0.000000e+00
   outer loop
     vertex  4.500470e+01 -5.336292e+01  5.000000e+00
     vertex  4.500470e+01 -5.336292e+01  2.000000e+00
     vertex  4.500169e+01 -5.341771e+01  2.000000e+00
   endloop
 endfacet
 facet normal -9.984947e-01  5.484744e-02  0.000000e+00
   outer loop
     vertex  4.500169e+01 -5.341771e+01  5.000000e+00
     vertex  4.500470e+01 -5.336292e+01  5.000000e+00
     vertex  4.500169e+01 -5.341771e+01  2.000000e+00
   endloop
 endfacet
 facet normal -9.996236e-01  2.743405e-02  0.000000e+00
   outer loop
     vertex  4.500169e+01 -5.341771e+01  5.000000e+00
     vertex  4.500169e+01 -5.341771e+01  2.000000e+00
     vertex  4.500019e+01 -5.347256e+01  2.000000e+00
   endloop
 endfacet
 facet normal -9.996236e-01  2.743405e-02  0.000000e+00
   outer loop
     vertex  4.500019e+01 -5.347256e+01  5.000000e+00
     vertex  4.500169e+01 -5.341771e+01  5.000000e+00
     vertex  4.500019e+01 -5.347256e+01  2.000000e+00
   endloop
 endfacet
 facet normal -1.000000e+00  0.000000e+00 -0.000000e+00
   outer loop
     vertex  4.500019e+01 -5.347256e+01  5.000000e+00
     vertex  4.500019e+01 -5.347256e+01  2.000000e+00
     vertex  4.500019e+01 -5.352744e+01  2.000000e+00
   endloop
 endfacet
 facet normal -1.000000e+00  0.000000e+00  0.000000e+00
   outer loop
     vertex  4.500019e+01 -5.352744e+01  5.000000e+00
     vertex  4.500019e+01 -5.347256e+01  5.000000e+00
     vertex  4.500019e+01 -5.352744e+01  2.000000e+00
   endloop
 endfacet
 facet normal -9.996236e-01 -2.743405e-02  0.000000e+00
   outer loop
     vertex  4.500169e+01 -5.358229e+01  5.000000e+00
     vertex  4.500019e+01 -5.352744e+01  5.000000e+00
     vertex  4.500019e+01 -5.352744e+01  2.000000e+00
   endloop
 endfacet
 facet normal -9.996236e-01 -2.743405e-02 -0.000000e+00
   outer loop
     vertex  4.500169e+01 -5.358229e+01  5.000000e+00
     vertex  4.500019e+01 -5.352744e+01  2.000000e+00
     vertex  4.500169e+01 -5.358229e+01  2.000000e+00
   endloop
 endfacet
 facet normal -9.984947e-01 -5.484744e-02  0.000000e+00
   outer loop
     vertex  4.500470e+01 -5.363708e+01  5.000000e+00
     vertex  4.500169e+01 -5.358229e+01  5.000000e+00
     vertex  4.500169e+01 -5.358229e+01  2.000000e+00
   endloop
 endfacet
 facet normal -9.984947e-01 -5.484744e-02 -0.000000e+00
   outer loop
     vertex  4.500470e+01 -5.363708e+01  5.000000e+00
     vertex  4.500169e+01 -5.358229e+01  2.000000e+00
     vertex  4.500470e+01 -5.363708e+01  2.000000e+00
   endloop
 endfacet
 facet normal -9.966142e-01 -8.221955e-02  0.000000e+00
   outer loop
     vertex  4.500921e+01 -5.369177e+01  5.000000e+00
     vertex  4.500470e+01 -5.363708e+01  5.000000e+00
     vertex  4.500470e+01 -5.363708e+01  2.000000e+00
   endloop
 endfacet
 facet normal -9.966142e-01 -8.221955e-02 -0.000000e+00
   outer loop
     vertex  4.500921e+01 -5.369177e+01  5.000000e+00
     vertex  4.500470e+01 -5.363708e+01  2.000000e+00
     vertex  4.500921e+01 -5.369177e+01  2.000000e+00
   endloop
 endfacet
 facet normal -9.939835e-01 -1.095298e-01 -0.000000e+00
   outer loop
     vertex  4.500921e+01 -5.369177e+01  5.000000e+00
     vertex  4.500921e+01 -5.369177e+01  2.000000e+00
     vertex  4.501523e+01 -5.374631e+01  2.000000e+00
   endloop
 endfacet
 facet normal -9.939835e-01 -1.095298e-01 -0.000000e+00
   outer loop
     vertex  4.501523e+01 -5.374631e+01  5.000000e+00
     vertex  4.500921e+01 -5.369177e+01  5.000000e+00
     vertex  4.501523e+01 -5.374631e+01  2.000000e+00
   endloop
 endfacet
 facet normal -9.906046e-01 -1.367575e-01 -0.000000e+00
   outer loop
     vertex  4.501523e+01 -5.374631e+01  5.000000e+00
     vertex  4.501523e+01 -5.374631e+01  2.000000e+00
     vertex  4.502273e+01 -5.380067e+01  2.000000e+00
   endloop
 endfacet
 facet normal -9.906046e-01 -1.367575e-01 -0.000000e+00
   outer loop
     vertex  4.502273e+01 -5.380067e+01  5.000000e+00
     vertex  4.501523e+01 -5.374631e+01  5.000000e+00
     vertex  4.502273e+01 -5.380067e+01  2.000000e+00
   endloop
 endfacet
 facet normal -9.864799e-01 -1.638824e-01 -0.000000e+00
   outer loop
     vertex  4.502273e+01 -5.380067e+01  5.000000e+00
     vertex  4.502273e+01 -5.380067e+01  2.000000e+00
     vertex  4.503172e+01 -5.385480e+01  2.000000e+00
   endloop
 endfacet
 facet normal -9.864799e-01 -1.638824e-01 -0.000000e+00
   outer loop
     vertex  4.503172e+01 -5.385480e+01  5.000000e+00
     vertex  4.502273e+01 -5.380067e+01  5.000000e+00
     vertex  4.503172e+01 -5.385480e+01  2.000000e+00
   endloop
 endfacet
 facet normal -9.816126e-01 -1.908838e-01  0.000000e+00
   outer loop
     vertex  4.504220e+01 -5.390866e+01  5.000000e+00
     vertex  4.503172e+01 -5.385480e+01  5.000000e+00
     vertex  4.503172e+01 -5.385480e+01  2.000000e+00
   endloop
 endfacet
 facet normal -9.816126e-01 -1.908838e-01 -0.000000e+00
   outer loop
     vertex  4.504220e+01 -5.390866e+01  5.000000e+00
     vertex  4.503172e+01 -5.385480e+01  2.000000e+00
     vertex  4.504220e+01 -5.390866e+01  2.000000e+00
   endloop
 endfacet
 facet normal -9.760065e-01 -2.177416e-01 -0.000000e+00
   outer loop
     vertex  4.504220e+01 -5.390866e+01  5.000000e+00
     vertex  4.504220e+01 -5.390866e+01  2.000000e+00
     vertex  4.505414e+01 -5.396222e+01  2.000000e+00
   endloop
 endfacet
 facet normal -9.760065e-01 -2.177416e-01 -0.000000e+00
   outer loop
     vertex  4.505414e+01 -5.396222e+01  5.000000e+00
     vertex  4.504220e+01 -5.390866e+01  5.000000e+00
     vertex  4.505414e+01 -5.396222e+01  2.000000e+00
   endloop
 endfacet
 facet normal -9.696656e-01 -2.444354e-01 -0.000000e+00
   outer loop
     vertex  4.506756e+01 -5.401543e+01  5.000000e+00
     vertex  4.505414e+01 -5.396222e+01  2.000000e+00
     vertex  4.506756e+01 -5.401543e+01  2.000000e+00
   endloop
 endfacet
 facet normal -9.625948e-01 -2.709453e-01 -0.000000e+00
   outer loop
     vertex  4.506756e+01 -5.401543e+01  5.000000e+00
     vertex  4.506756e+01 -5.401543e+01  2.000000e+00
     vertex  4.508243e+01 -5.406825e+01  2.000000e+00
   endloop
 endfacet
 facet normal -9.696656e-01 -2.444354e-01  0.000000e+00
   outer loop
     vertex  4.506756e+01 -5.401543e+01  5.000000e+00
     vertex  4.505414e+01 -5.396222e+01  5.000000e+00
     vertex  4.505414e+01 -5.396222e+01  2.000000e+00
   endloop
 endfacet
 facet normal -9.625948e-01 -2.709453e-01 -0.000000e+00
   outer loop
     vertex  4.508243e+01 -5.406825e+01  5.000000e+00
     vertex  4.506756e+01 -5.401543e+01  5.000000e+00
     vertex  4.508243e+01 -5.406825e+01  2.000000e+00
   endloop
 endfacet
 facet normal -9.547993e-01 -2.972512e-01 -0.000000e+00
   outer loop
     vertex  4.509874e+01 -5.412064e+01  5.000000e+00
     vertex  4.508243e+01 -5.406825e+01  2.000000e+00
     vertex  4.509874e+01 -5.412064e+01  2.000000e+00
   endloop
 endfacet
 facet normal -9.547993e-01 -2.972512e-01  0.000000e+00
   outer loop
     vertex  4.509874e+01 -5.412064e+01  5.000000e+00
     vertex  4.508243e+01 -5.406825e+01  5.000000e+00
     vertex  4.508243e+01 -5.406825e+01  2.000000e+00
   endloop
 endfacet
 facet normal -9.462851e-01 -3.233333e-01 -0.000000e+00
   outer loop
     vertex  4.511648e+01 -5.417257e+01  5.000000e+00
     vertex  4.509874e+01 -5.412064e+01  2.000000e+00
     vertex  4.511648e+01 -5.417257e+01  2.000000e+00
   endloop
 endfacet
 facet normal -9.370586e-01 -3.491720e-01 -0.000000e+00
   outer loop
     vertex  4.511648e+01 -5.417257e+01  5.000000e+00
     vertex  4.511648e+01 -5.417257e+01  2.000000e+00
     vertex  4.513564e+01 -5.422399e+01  2.000000e+00
   endloop
 endfacet
 facet normal -9.462851e-01 -3.233333e-01  0.000000e+00
   outer loop
     vertex  4.511648e+01 -5.417257e+01  5.000000e+00
     vertex  4.509874e+01 -5.412064e+01  5.000000e+00
     vertex  4.509874e+01 -5.412064e+01  2.000000e+00
   endloop
 endfacet
 facet normal -9.370586e-01 -3.491720e-01 -0.000000e+00
   outer loop
     vertex  4.513564e+01 -5.422399e+01  5.000000e+00
     vertex  4.511648e+01 -5.417257e+01  5.000000e+00
     vertex  4.513564e+01 -5.422399e+01  2.000000e+00
   endloop
 endfacet
 facet normal -9.271267e-01 -3.747479e-01 -0.000000e+00
   outer loop
     vertex  4.515620e+01 -5.427486e+01  5.000000e+00
     vertex  4.513564e+01 -5.422399e+01  2.000000e+00
     vertex  4.515620e+01 -5.427486e+01  2.000000e+00
   endloop
 endfacet
 facet normal -9.271267e-01 -3.747479e-01  0.000000e+00
   outer loop
     vertex  4.515620e+01 -5.427486e+01  5.000000e+00
     vertex  4.513564e+01 -5.422399e+01  5.000000e+00
     vertex  4.513564e+01 -5.422399e+01  2.000000e+00
   endloop
 endfacet
 facet normal -9.164969e-01 -4.000417e-01 -0.000000e+00
   outer loop
     vertex  4.517815e+01 -5.432515e+01  5.000000e+00
     vertex  4.515620e+01 -5.427486e+01  2.000000e+00
     vertex  4.517815e+01 -5.432515e+01  2.000000e+00
   endloop
 endfacet
 facet normal -9.051772e-01 -4.250344e-01 -0.000000e+00
   outer loop
     vertex  4.517815e+01 -5.432515e+01  5.000000e+00
     vertex  4.517815e+01 -5.432515e+01  2.000000e+00
     vertex  4.520148e+01 -5.437482e+01  2.000000e+00
   endloop
 endfacet
 facet normal -9.164969e-01 -4.000417e-01  0.000000e+00
   outer loop
     vertex  4.517815e+01 -5.432515e+01  5.000000e+00
     vertex  4.515620e+01 -5.427486e+01  5.000000e+00
     vertex  4.515620e+01 -5.427486e+01  2.000000e+00
   endloop
 endfacet
 facet normal -8.931761e-01 -4.497071e-01 -0.000000e+00
   outer loop
     vertex  4.520148e+01 -5.437482e+01  5.000000e+00
     vertex  4.520148e+01 -5.437482e+01  2.000000e+00
     vertex  4.522615e+01 -5.442384e+01  2.000000e+00
   endloop
 endfacet
 facet normal -9.051772e-01 -4.250344e-01 -0.000000e+00
   outer loop
     vertex  4.520148e+01 -5.437482e+01  5.000000e+00
     vertex  4.517815e+01 -5.432515e+01  5.000000e+00
     vertex  4.520148e+01 -5.437482e+01  2.000000e+00
   endloop
 endfacet
 facet normal -8.931761e-01 -4.497071e-01 -0.000000e+00
   outer loop
     vertex  4.522615e+01 -5.442384e+01  5.000000e+00
     vertex  4.520148e+01 -5.437482e+01  5.000000e+00
     vertex  4.522615e+01 -5.442384e+01  2.000000e+00
   endloop
 endfacet
 facet normal -8.805026e-01 -4.740412e-01 -0.000000e+00
   outer loop
     vertex  4.525217e+01 -5.447215e+01  5.000000e+00
     vertex  4.522615e+01 -5.442384e+01  2.000000e+00
     vertex  4.525217e+01 -5.447215e+01  2.000000e+00
   endloop
 endfacet
 facet normal -8.805026e-01 -4.740412e-01  0.000000e+00
   outer loop
     vertex  4.525217e+01 -5.447215e+01  5.000000e+00
     vertex  4.522615e+01 -5.442384e+01  5.000000e+00
     vertex  4.522615e+01 -5.442384e+01  2.000000e+00
   endloop
 endfacet
 facet normal -8.671664e-01 -4.980186e-01 -0.000000e+00
   outer loop
     vertex  4.527949e+01 -5.451974e+01  5.000000e+00
     vertex  4.525217e+01 -5.447215e+01  2.000000e+00
     vertex  4.527949e+01 -5.451974e+01  2.000000e+00
   endloop
 endfacet
 facet normal -8.531773e-01 -5.216210e-01 -0.000000e+00
   outer loop
     vertex  4.527949e+01 -5.451974e+01  5.000000e+00
     vertex  4.527949e+01 -5.451974e+01  2.000000e+00
     vertex  4.530812e+01 -5.456655e+01  2.000000e+00
   endloop
 endfacet
 facet normal -8.671664e-01 -4.980186e-01  0.000000e+00
   outer loop
     vertex  4.527949e+01 -5.451974e+01  5.000000e+00
     vertex  4.525217e+01 -5.447215e+01  5.000000e+00
     vertex  4.525217e+01 -5.447215e+01  2.000000e+00
   endloop
 endfacet
 facet normal -8.531773e-01 -5.216210e-01 -0.000000e+00
   outer loop
     vertex  4.530812e+01 -5.456655e+01  5.000000e+00
     vertex  4.527949e+01 -5.451974e+01  5.000000e+00
     vertex  4.530812e+01 -5.456655e+01  2.000000e+00
   endloop
 endfacet
 facet normal -8.385460e-01 -5.448308e-01  0.000000e+00
   outer loop
     vertex  4.533801e+01 -5.461257e+01  5.000000e+00
     vertex  4.530812e+01 -5.456655e+01  5.000000e+00
     vertex  4.530812e+01 -5.456655e+01  2.000000e+00
   endloop
 endfacet
 facet normal -8.385460e-01 -5.448308e-01 -0.000000e+00
   outer loop
     vertex  4.533801e+01 -5.461257e+01  5.000000e+00
     vertex  4.530812e+01 -5.456655e+01  2.000000e+00
     vertex  4.533801e+01 -5.461257e+01  2.000000e+00
   endloop
 endfacet
 facet normal -8.232835e-01 -5.676304e-01 -0.000000e+00
   outer loop
     vertex  4.533801e+01 -5.461257e+01  5.000000e+00
     vertex  4.533801e+01 -5.461257e+01  2.000000e+00
     vertex  4.536916e+01 -5.465774e+01  2.000000e+00
   endloop
 endfacet
 facet normal -8.232835e-01 -5.676304e-01 -0.000000e+00
   outer loop
     vertex  4.536916e+01 -5.465774e+01  5.000000e+00
     vertex  4.533801e+01 -5.461257e+01  5.000000e+00
     vertex  4.536916e+01 -5.465774e+01  2.000000e+00
   endloop
 endfacet
 facet normal -8.074012e-01 -5.900028e-01 -0.000000e+00
   outer loop
     vertex  4.536916e+01 -5.465774e+01  5.000000e+00
     vertex  4.536916e+01 -5.465774e+01  2.000000e+00
     vertex  4.540154e+01 -5.470205e+01  2.000000e+00
   endloop
 endfacet
 facet normal -8.074012e-01 -5.900028e-01 -0.000000e+00
   outer loop
     vertex  4.540154e+01 -5.470205e+01  5.000000e+00
     vertex  4.536916e+01 -5.465774e+01  5.000000e+00
     vertex  4.540154e+01 -5.470205e+01  2.000000e+00
   endloop
 endfacet
 facet normal -7.909112e-01 -6.119310e-01  0.000000e+00
   outer loop
     vertex  4.543512e+01 -5.474545e+01  5.000000e+00
     vertex  4.540154e+01 -5.470205e+01  5.000000e+00
     vertex  4.540154e+01 -5.470205e+01  2.000000e+00
   endloop
 endfacet
 facet normal -7.909112e-01 -6.119310e-01 -0.000000e+00
   outer loop
     vertex  4.543512e+01 -5.474545e+01  5.000000e+00
     vertex  4.540154e+01 -5.470205e+01  2.000000e+00
     vertex  4.543512e+01 -5.474545e+01  2.000000e+00
   endloop
 endfacet
 facet normal -7.738257e-01 -6.333986e-01 -0.000000e+00
   outer loop
     vertex  4.543512e+01 -5.474545e+01  5.000000e+00
     vertex  4.543512e+01 -5.474545e+01  2.000000e+00
     vertex  4.546987e+01 -5.478791e+01  2.000000e+00
   endloop
 endfacet
 facet normal -7.738257e-01 -6.333986e-01 -0.000000e+00
   outer loop
     vertex  4.546987e+01 -5.478791e+01  5.000000e+00
     vertex  4.543512e+01 -5.474545e+01  5.000000e+00
     vertex  4.546987e+01 -5.478791e+01  2.000000e+00
   endloop
 endfacet
 facet normal -7.561578e-01 -6.543893e-01  0.000000e+00
   outer loop
     vertex  4.550578e+01 -5.482940e+01  5.000000e+00
     vertex  4.546987e+01 -5.478791e+01  5.000000e+00
     vertex  4.546987e+01 -5.478791e+01  2.000000e+00
   endloop
 endfacet
 facet normal -7.561578e-01 -6.543893e-01 -0.000000e+00
   outer loop
     vertex  4.550578e+01 -5.482940e+01  5.000000e+00
     vertex  4.546987e+01 -5.478791e+01  2.000000e+00
     vertex  4.550578e+01 -5.482940e+01  2.000000e+00
   endloop
 endfacet
 facet normal -7.379206e-01 -6.748875e-01 -0.000000e+00
   outer loop
     vertex  4.550578e+01 -5.482940e+01  5.000000e+00
     vertex  4.550578e+01 -5.482940e+01  2.000000e+00
     vertex  4.554281e+01 -5.486989e+01  2.000000e+00
   endloop
 endfacet
 facet normal -7.379206e-01 -6.748875e-01 -0.000000e+00
   outer loop
     vertex  4.554281e+01 -5.486989e+01  5.000000e+00
     vertex  4.550578e+01 -5.482940e+01  5.000000e+00
     vertex  4.554281e+01 -5.486989e+01  2.000000e+00
   endloop
 endfacet
 facet normal -7.191280e-01 -6.948776e-01 -0.000000e+00
   outer loop
     vertex  4.554281e+01 -5.486989e+01  5.000000e+00
     vertex  4.554281e+01 -5.486989e+01  2.000000e+00
     vertex  4.558094e+01 -5.490935e+01  2.000000e+00
   endloop
 endfacet
 facet normal -7.191280e-01 -6.948776e-01 -0.000000e+00
   outer loop
     vertex  4.558094e+01 -5.490935e+01  5.000000e+00
     vertex  4.554281e+01 -5.486989e+01  5.000000e+00
     vertex  4.558094e+01 -5.490935e+01  2.000000e+00
   endloop
 endfacet
 facet normal -6.997940e-01 -7.143447e-01 -0.000000e+00
   outer loop
     vertex  4.558094e+01 -5.490935e+01  5.000000e+00
     vertex  4.558094e+01 -5.490935e+01  2.000000e+00
     vertex  4.562014e+01 -5.494775e+01  2.000000e+00
   endloop
 endfacet
 facet normal -6.997940e-01 -7.143447e-01 -0.000000e+00
   outer loop
     vertex  4.562014e+01 -5.494775e+01  5.000000e+00
     vertex  4.558094e+01 -5.490935e+01  5.000000e+00
     vertex  4.562014e+01 -5.494775e+01  2.000000e+00
   endloop
 endfacet
 facet normal -6.799333e-01 -7.332740e-01  0.000000e+00
   outer loop
     vertex  4.566038e+01 -5.498507e+01  5.000000e+00
     vertex  4.562014e+01 -5.494775e+01  5.000000e+00
     vertex  4.562014e+01 -5.494775e+01  2.000000e+00
   endloop
 endfacet
 facet normal -6.799333e-01 -7.332740e-01 -0.000000e+00
   outer loop
     vertex  4.566038e+01 -5.498507e+01  5.000000e+00
     vertex  4.562014e+01 -5.494775e+01  2.000000e+00
     vertex  4.566038e+01 -5.498507e+01  2.000000e+00
   endloop
 endfacet
 facet normal -6.595607e-01 -7.516513e-01  0.000000e+00
   outer loop
     vertex  4.570163e+01 -5.502126e+01  5.000000e+00
     vertex  4.566038e+01 -5.498507e+01  5.000000e+00
     vertex  4.566038e+01 -5.498507e+01  2.000000e+00
   endloop
 endfacet
 facet normal -6.595607e-01 -7.516513e-01 -0.000000e+00
   outer loop
     vertex  4.570163e+01 -5.502126e+01  5.000000e+00
     vertex  4.566038e+01 -5.498507e+01  2.000000e+00
     vertex  4.570163e+01 -5.502126e+01  2.000000e+00
   endloop
 endfacet
 facet normal -6.386916e-01 -7.694628e-01 -0.000000e+00
   outer loop
     vertex  4.570163e+01 -5.502126e+01  5.000000e+00
     vertex  4.570163e+01 -5.502126e+01  2.000000e+00
     vertex  4.574385e+01 -5.505630e+01  2.000000e+00
   endloop
 endfacet
 facet normal -6.386916e-01 -7.694628e-01 -0.000000e+00
   outer loop
     vertex  4.574385e+01 -5.505630e+01  5.000000e+00
     vertex  4.570163e+01 -5.502126e+01  5.000000e+00
     vertex  4.574385e+01 -5.505630e+01  2.000000e+00
   endloop
 endfacet
 facet normal -6.173417e-01 -7.866951e-01  0.000000e+00
   outer loop
     vertex  4.578702e+01 -5.509018e+01  5.000000e+00
     vertex  4.574385e+01 -5.505630e+01  5.000000e+00
     vertex  4.574385e+01 -5.505630e+01  2.000000e+00
   endloop
 endfacet
 facet normal -6.173417e-01 -7.866951e-01 -0.000000e+00
   outer loop
     vertex  4.578702e+01 -5.509018e+01  5.000000e+00
     vertex  4.574385e+01 -5.505630e+01  2.000000e+00
     vertex  4.578702e+01 -5.509018e+01  2.000000e+00
   endloop
 endfacet
 facet normal -5.955271e-01 -8.033352e-01 -0.000000e+00
   outer loop
     vertex  4.578702e+01 -5.509018e+01  5.000000e+00
     vertex  4.578702e+01 -5.509018e+01  2.000000e+00
     vertex  4.583110e+01 -5.512286e+01  2.000000e+00
   endloop
 endfacet
 facet normal -5.955271e-01 -8.033352e-01 -0.000000e+00
   outer loop
     vertex  4.583110e+01 -5.512286e+01  5.000000e+00
     vertex  4.578702e+01 -5.509018e+01  5.000000e+00
     vertex  4.583110e+01 -5.512286e+01  2.000000e+00
   endloop
 endfacet
 facet normal -5.732642e-01 -8.193706e-01 -0.000000e+00
   outer loop
     vertex  4.583110e+01 -5.512286e+01  5.000000e+00
     vertex  4.583110e+01 -5.512286e+01  2.000000e+00
     vertex  4.587606e+01 -5.515432e+01  2.000000e+00
   endloop
 endfacet
 facet normal -5.732642e-01 -8.193706e-01 -0.000000e+00
   outer loop
     vertex  4.587606e+01 -5.515432e+01  5.000000e+00
     vertex  4.583110e+01 -5.512286e+01  5.000000e+00
     vertex  4.587606e+01 -5.515432e+01  2.000000e+00
   endloop
 endfacet
 facet normal -5.505698e-01 -8.347891e-01 -0.000000e+00
   outer loop
     vertex  4.587606e+01 -5.515432e+01  5.000000e+00
     vertex  4.587606e+01 -5.515432e+01  2.000000e+00
     vertex  4.592187e+01 -5.518453e+01  2.000000e+00
   endloop
 endfacet
 facet normal -5.505698e-01 -8.347891e-01 -0.000000e+00
   outer loop
     vertex  4.592187e+01 -5.518453e+01  5.000000e+00
     vertex  4.587606e+01 -5.515432e+01  5.000000e+00
     vertex  4.592187e+01 -5.518453e+01  2.000000e+00
   endloop
 endfacet
 facet normal -5.274609e-01 -8.495793e-01  0.000000e+00
   outer loop
     vertex  4.596849e+01 -5.521347e+01  5.000000e+00
     vertex  4.592187e+01 -5.518453e+01  5.000000e+00
     vertex  4.592187e+01 -5.518453e+01  2.000000e+00
   endloop
 endfacet
 facet normal -5.274609e-01 -8.495793e-01 -0.000000e+00
   outer loop
     vertex  4.596849e+01 -5.521347e+01  5.000000e+00
     vertex  4.592187e+01 -5.518453e+01  2.000000e+00
     vertex  4.596849e+01 -5.521347e+01  2.000000e+00
   endloop
 endfacet
 facet normal -5.039550e-01 -8.637299e-01 -0.000000e+00
   outer loop
     vertex  4.596849e+01 -5.521347e+01  5.000000e+00
     vertex  4.596849e+01 -5.521347e+01  2.000000e+00
     vertex  4.601588e+01 -5.524112e+01  2.000000e+00
   endloop
 endfacet
 facet normal -5.039550e-01 -8.637299e-01 -0.000000e+00
   outer loop
     vertex  4.601588e+01 -5.524112e+01  5.000000e+00
     vertex  4.596849e+01 -5.521347e+01  5.000000e+00
     vertex  4.601588e+01 -5.524112e+01  2.000000e+00
   endloop
 endfacet
 facet normal -4.800697e-01 -8.772303e-01  0.000000e+00
   outer loop
     vertex  4.606402e+01 -5.526747e+01  5.000000e+00
     vertex  4.601588e+01 -5.524112e+01  5.000000e+00
     vertex  4.601588e+01 -5.524112e+01  2.000000e+00
   endloop
 endfacet
 facet normal -4.800697e-01 -8.772303e-01 -0.000000e+00
   outer loop
     vertex  4.606402e+01 -5.526747e+01  5.000000e+00
     vertex  4.601588e+01 -5.524112e+01  2.000000e+00
     vertex  4.606402e+01 -5.526747e+01  2.000000e+00
   endloop
 endfacet
 facet normal -4.558231e-01 -8.900704e-01 -0.000000e+00
   outer loop
     vertex  4.606402e+01 -5.526747e+01  5.000000e+00
     vertex  4.606402e+01 -5.526747e+01  2.000000e+00
     vertex  4.611286e+01 -5.529248e+01  2.000000e+00
   endloop
 endfacet
 facet normal -4.558231e-01 -8.900704e-01 -0.000000e+00
   outer loop
     vertex  4.611286e+01 -5.529248e+01  5.000000e+00
     vertex  4.606402e+01 -5.526747e+01  5.000000e+00
     vertex  4.611286e+01 -5.529248e+01  2.000000e+00
   endloop
 endfacet
 facet normal -4.312333e-01 -9.022405e-01  0.000000e+00
   outer loop
     vertex  4.616237e+01 -5.531614e+01  5.000000e+00
     vertex  4.611286e+01 -5.529248e+01  5.000000e+00
     vertex  4.611286e+01 -5.529248e+01  2.000000e+00
   endloop
 endfacet
 facet normal -4.312333e-01 -9.022405e-01 -0.000000e+00
   outer loop
     vertex  4.616237e+01 -5.531614e+01  5.000000e+00
     vertex  4.611286e+01 -5.529248e+01  2.000000e+00
     vertex  4.616237e+01 -5.531614e+01  2.000000e+00
   endloop
 endfacet
 facet normal -4.063188e-01 -9.137314e-01  0.000000e+00
   outer loop
     vertex  4.621251e+01 -5.533844e+01  5.000000e+00
     vertex  4.616237e+01 -5.531614e+01  5.000000e+00
     vertex  4.616237e+01 -5.531614e+01  2.000000e+00
   endloop
 endfacet
 facet normal -4.063188e-01 -9.137314e-01 -0.000000e+00
   outer loop
     vertex  4.621251e+01 -5.533844e+01  5.000000e+00
     vertex  4.616237e+01 -5.531614e+01  2.000000e+00
     vertex  4.621251e+01 -5.533844e+01  2.000000e+00
   endloop
 endfacet
 facet normal -3.810986e-01 -9.245344e-01 -0.000000e+00
   outer loop
     vertex  4.621251e+01 -5.533844e+01  5.000000e+00
     vertex  4.621251e+01 -5.533844e+01  2.000000e+00
     vertex  4.626324e+01 -5.535935e+01  2.000000e+00
   endloop
 endfacet
 facet normal -3.810986e-01 -9.245344e-01 -0.000000e+00
   outer loop
     vertex  4.626324e+01 -5.535935e+01  5.000000e+00
     vertex  4.621251e+01 -5.533844e+01  5.000000e+00
     vertex  4.626324e+01 -5.535935e+01  2.000000e+00
   endloop
 endfacet
 facet normal -3.555914e-01 -9.346415e-01 -0.000000e+00
   outer loop
     vertex  4.631453e+01 -5.537886e+01  5.000000e+00
     vertex  4.626324e+01 -5.535935e+01  2.000000e+00
     vertex  4.631453e+01 -5.537886e+01  2.000000e+00
   endloop
 endfacet
 facet normal -3.555914e-01 -9.346415e-01  0.000000e+00
   outer loop
     vertex  4.631453e+01 -5.537886e+01  5.000000e+00
     vertex  4.626324e+01 -5.535935e+01  5.000000e+00
     vertex  4.626324e+01 -5.535935e+01  2.000000e+00
   endloop
 endfacet
 facet normal -3.298166e-01 -9.440450e-01 -0.000000e+00
   outer loop
     vertex  4.636633e+01 -5.539696e+01  5.000000e+00
     vertex  4.631453e+01 -5.537886e+01  2.000000e+00
     vertex  4.636633e+01 -5.539696e+01  2.000000e+00
   endloop
 endfacet
 facet normal -3.037934e-01 -9.527379e-01 -0.000000e+00
   outer loop
     vertex  4.636633e+01 -5.539696e+01  5.000000e+00
     vertex  4.636633e+01 -5.539696e+01  2.000000e+00
     vertex  4.641861e+01 -5.541363e+01  2.000000e+00
   endloop
 endfacet
 facet normal -3.298166e-01 -9.440450e-01  0.000000e+00
   outer loop
     vertex  4.636633e+01 -5.539696e+01  5.000000e+00
     vertex  4.631453e+01 -5.537886e+01  5.000000e+00
     vertex  4.631453e+01 -5.537886e+01  2.000000e+00
   endloop
 endfacet
 facet normal -2.775416e-01 -9.607136e-01 -0.000000e+00
   outer loop
     vertex  4.641861e+01 -5.541363e+01  5.000000e+00
     vertex  4.641861e+01 -5.541363e+01  2.000000e+00
     vertex  4.647133e+01 -5.542886e+01  2.000000e+00
   endloop
 endfacet
 facet normal -3.037934e-01 -9.527379e-01 -0.000000e+00
   outer loop
     vertex  4.641861e+01 -5.541363e+01  5.000000e+00
     vertex  4.636633e+01 -5.539696e+01  5.000000e+00
     vertex  4.641861e+01 -5.541363e+01  2.000000e+00
   endloop
 endfacet
 facet normal -2.775416e-01 -9.607136e-01 -0.000000e+00
   outer loop
     vertex  4.647133e+01 -5.542886e+01  5.000000e+00
     vertex  4.641861e+01 -5.541363e+01  5.000000e+00
     vertex  4.647133e+01 -5.542886e+01  2.000000e+00
   endloop
 endfacet
 facet normal -2.510809e-01 -9.679661e-01  0.000000e+00
   outer loop
     vertex  4.652444e+01 -5.544264e+01  5.000000e+00
     vertex  4.647133e+01 -5.542886e+01  5.000000e+00
     vertex  4.647133e+01 -5.542886e+01  2.000000e+00
   endloop
 endfacet
 facet normal -2.510809e-01 -9.679661e-01 -0.000000e+00
   outer loop
     vertex  4.652444e+01 -5.544264e+01  5.000000e+00
     vertex  4.647133e+01 -5.542886e+01  2.000000e+00
     vertex  4.652444e+01 -5.544264e+01  2.000000e+00
   endloop
 endfacet
 facet normal -2.244312e-01 -9.744899e-01 -0.000000e+00
   outer loop
     vertex  4.652444e+01 -5.544264e+01  5.000000e+00
     vertex  4.652444e+01 -5.544264e+01  2.000000e+00
     vertex  4.657792e+01 -5.545495e+01  2.000000e+00
   endloop
 endfacet
 facet normal -2.244312e-01 -9.744899e-01 -0.000000e+00
   outer loop
     vertex  4.657792e+01 -5.545495e+01  5.000000e+00
     vertex  4.652444e+01 -5.544264e+01  5.000000e+00
     vertex  4.657792e+01 -5.545495e+01  2.000000e+00
   endloop
 endfacet
 facet normal -1.976125e-01 -9.802802e-01  0.000000e+00
   outer loop
     vertex  4.663171e+01 -5.546580e+01  5.000000e+00
     vertex  4.657792e+01 -5.545495e+01  5.000000e+00
     vertex  4.657792e+01 -5.545495e+01  2.000000e+00
   endloop
 endfacet
 facet normal -1.976125e-01 -9.802802e-01 -0.000000e+00
   outer loop
     vertex  4.663171e+01 -5.546580e+01  5.000000e+00
     vertex  4.657792e+01 -5.545495e+01  2.000000e+00
     vertex  4.663171e+01 -5.546580e+01  2.000000e+00
   endloop
 endfacet
 facet normal -1.706451e-01 -9.853326e-01 -0.000000e+00
   outer loop
     vertex  4.663171e+01 -5.546580e+01  5.000000e+00
     vertex  4.663171e+01 -5.546580e+01  2.000000e+00
     vertex  4.668578e+01 -5.547516e+01  2.000000e+00
   endloop
 endfacet
 facet normal -1.706451e-01 -9.853326e-01 -0.000000e+00
   outer loop
     vertex  4.668578e+01 -5.547516e+01  5.000000e+00
     vertex  4.663171e+01 -5.546580e+01  5.000000e+00
     vertex  4.668578e+01 -5.547516e+01  2.000000e+00
   endloop
 endfacet
 facet normal -1.435492e-01 -9.896432e-01 -0.000000e+00
   outer loop
     vertex  4.668578e+01 -5.547516e+01  5.000000e+00
     vertex  4.668578e+01 -5.547516e+01  2.000000e+00
     vertex  4.674008e+01 -5.548304e+01  2.000000e+00
   endloop
 endfacet
 facet normal -1.435492e-01 -9.896432e-01 -0.000000e+00
   outer loop
     vertex  4.674008e+01 -5.548304e+01  5.000000e+00
     vertex  4.668578e+01 -5.547516e+01  5.000000e+00
     vertex  4.674008e+01 -5.548304e+01  2.000000e+00
   endloop
 endfacet
 facet normal -1.163452e-01 -9.932088e-01 -0.000000e+00
   outer loop
     vertex  4.674008e+01 -5.548304e+01  5.000000e+00
     vertex  4.674008e+01 -5.548304e+01  2.000000e+00
     vertex  4.679458e+01 -5.548942e+01  2.000000e+00
   endloop
 endfacet
 facet normal -1.163452e-01 -9.932088e-01 -0.000000e+00
   outer loop
     vertex  4.679458e+01 -5.548942e+01  5.000000e+00
     vertex  4.674008e+01 -5.548304e+01  5.000000e+00
     vertex  4.679458e+01 -5.548942e+01  2.000000e+00
   endloop
 endfacet
 facet normal -8.905371e-02 -9.960268e-01  0.000000e+00
   outer loop
     vertex  4.684924e+01 -5.549431e+01  5.000000e+00
     vertex  4.679458e+01 -5.548942e+01  5.000000e+00
     vertex  4.679458e+01 -5.548942e+01  2.000000e+00
   endloop
 endfacet
 facet normal -8.905371e-02 -9.960268e-01 -0.000000e+00
   outer loop
     vertex  4.684924e+01 -5.549431e+01  5.000000e+00
     vertex  4.679458e+01 -5.548942e+01  2.000000e+00
     vertex  4.684924e+01 -5.549431e+01  2.000000e+00
   endloop
 endfacet
 facet normal -6.169515e-02 -9.980950e-01 -0.000000e+00
   outer loop
     vertex  4.684924e+01 -5.549431e+01  5.000000e+00
     vertex  4.684924e+01 -5.549431e+01  2.000000e+00
     vertex  4.690401e+01 -5.549769e+01  2.000000e+00
   endloop
 endfacet
 facet normal -6.169515e-02 -9.980950e-01 -0.000000e+00
   outer loop
     vertex  4.690401e+01 -5.549769e+01  5.000000e+00
     vertex  4.684924e+01 -5.549431e+01  5.000000e+00
     vertex  4.690401e+01 -5.549769e+01  2.000000e+00
   endloop
 endfacet
 facet normal -3.429014e-02 -9.994119e-01  0.000000e+00
   outer loop
     vertex  4.695885e+01 -5.549958e+01  5.000000e+00
     vertex  4.690401e+01 -5.549769e+01  5.000000e+00
     vertex  4.690401e+01 -5.549769e+01  2.000000e+00
   endloop
 endfacet
 facet normal -3.429014e-02 -9.994119e-01 -0.000000e+00
   outer loop
     vertex  4.695885e+01 -5.549958e+01  5.000000e+00
     vertex  4.690401e+01 -5.549769e+01  2.000000e+00
     vertex  4.695885e+01 -5.549958e+01  2.000000e+00
   endloop
 endfacet
 facet normal -6.859319e-03 -9.999765e-01 -0.000000e+00
   outer loop
     vertex  4.695885e+01 -5.549958e+01  5.000000e+00
     vertex  4.695885e+01 -5.549958e+01  2.000000e+00
     vertex  4.701372e+01 -5.549995e+01  2.000000e+00
   endloop
 endfacet
 facet normal -6.859319e-03 -9.999765e-01 -0.000000e+00
   outer loop
     vertex  4.701372e+01 -5.549995e+01  5.000000e+00
     vertex  4.695885e+01 -5.549958e+01  5.000000e+00
     vertex  4.701372e+01 -5.549995e+01  2.000000e+00
   endloop
 endfacet
 facet normal  4.799716e-02 -9.988475e-01  0.000000e+00
   outer loop
     vertex  4.706858e+01 -5.549882e+01  5.000000e+00
     vertex  4.706858e+01 -5.549882e+01  2.000000e+00
     vertex  4.712339e+01 -5.549619e+01  2.000000e+00
   endloop
 endfacet
 facet normal  2.057667e-02 -9.997883e-01  0.000000e+00
   outer loop
     vertex  4.706858e+01 -5.549882e+01  5.000000e+00
     vertex  4.701372e+01 -5.549995e+01  5.000000e+00
     vertex  4.701372e+01 -5.549995e+01  2.000000e+00
   endloop
 endfacet
 facet normal  2.057667e-02 -9.997883e-01  0.000000e+00
   outer loop
     vertex  4.706858e+01 -5.549882e+01  5.000000e+00
     vertex  4.701372e+01 -5.549995e+01  2.000000e+00
     vertex  4.706858e+01 -5.549882e+01  2.000000e+00
   endloop
 endfacet
 facet normal  4.799716e-02 -9.988475e-01  0.000000e+00
   outer loop
     vertex  4.712339e+01 -5.549619e+01  5.000000e+00
     vertex  4.706858e+01 -5.549882e+01  5.000000e+00
     vertex  4.712339e+01 -5.549619e+01  2.000000e+00
   endloop
 endfacet
 facet normal  7.538152e-02 -9.971548e-01  0.000000e+00
   outer loop
     vertex  4.717811e+01 -5.549205e+01  5.000000e+00
     vertex  4.712339e+01 -5.549619e+01  2.000000e+00
     vertex  4.717811e+01 -5.549205e+01  2.000000e+00
   endloop
 endfacet
 facet normal  7.538152e-02 -9.971548e-01  0.000000e+00
   outer loop
     vertex  4.717811e+01 -5.549205e+01  5.000000e+00
     vertex  4.712339e+01 -5.549619e+01  5.000000e+00
     vertex  4.712339e+01 -5.549619e+01  2.000000e+00
   endloop
 endfacet
 facet normal  1.027091e-01 -9.947114e-01  0.000000e+00
   outer loop
     vertex  4.723269e+01 -5.548642e+01  5.000000e+00
     vertex  4.717811e+01 -5.549205e+01  2.000000e+00
     vertex  4.723269e+01 -5.548642e+01  2.000000e+00
   endloop
 endfacet
 facet normal  1.027091e-01 -9.947114e-01  0.000000e+00
   outer loop
     vertex  4.723269e+01 -5.548642e+01  5.000000e+00
     vertex  4.717811e+01 -5.549205e+01  5.000000e+00
     vertex  4.717811e+01 -5.549205e+01  2.000000e+00
   endloop
 endfacet
 facet normal  1.299594e-01 -9.915193e-01  0.000000e+00
   outer loop
     vertex  4.728710e+01 -5.547929e+01  5.000000e+00
     vertex  4.723269e+01 -5.548642e+01  2.000000e+00
     vertex  4.728710e+01 -5.547929e+01  2.000000e+00
   endloop
 endfacet
 facet normal  1.299594e-01 -9.915193e-01  0.000000e+00
   outer loop
     vertex  4.728710e+01 -5.547929e+01  5.000000e+00
     vertex  4.723269e+01 -5.548642e+01  5.000000e+00
     vertex  4.723269e+01 -5.548642e+01  2.000000e+00
   endloop
 endfacet
 facet normal  1.571119e-01 -9.875808e-01  0.000000e+00
   outer loop
     vertex  4.734129e+01 -5.547067e+01  5.000000e+00
     vertex  4.728710e+01 -5.547929e+01  2.000000e+00
     vertex  4.734129e+01 -5.547067e+01  2.000000e+00
   endloop
 endfacet
 facet normal  1.841461e-01 -9.828989e-01  0.000000e+00
   outer loop
     vertex  4.734129e+01 -5.547067e+01  5.000000e+00
     vertex  4.734129e+01 -5.547067e+01  2.000000e+00
     vertex  4.739523e+01 -5.546056e+01  2.000000e+00
   endloop
 endfacet
 facet normal  1.571119e-01 -9.875808e-01  0.000000e+00
   outer loop
     vertex  4.734129e+01 -5.547067e+01  5.000000e+00
     vertex  4.728710e+01 -5.547929e+01  5.000000e+00
     vertex  4.728710e+01 -5.547929e+01  2.000000e+00
   endloop
 endfacet
 facet normal  2.110417e-01 -9.774771e-01  0.000000e+00
   outer loop
     vertex  4.739523e+01 -5.546056e+01  5.000000e+00
     vertex  4.739523e+01 -5.546056e+01  2.000000e+00
     vertex  4.744886e+01 -5.544898e+01  2.000000e+00
   endloop
 endfacet
 facet normal  1.841461e-01 -9.828989e-01  0.000000e+00
   outer loop
     vertex  4.739523e+01 -5.546056e+01  5.000000e+00
     vertex  4.734129e+01 -5.547067e+01  5.000000e+00
     vertex  4.739523e+01 -5.546056e+01  2.000000e+00
   endloop
 endfacet
 facet normal  2.377784e-01 -9.713194e-01  0.000000e+00
   outer loop
     vertex  4.744886e+01 -5.544898e+01  5.000000e+00
     vertex  4.744886e+01 -5.544898e+01  2.000000e+00
     vertex  4.750216e+01 -5.543593e+01  2.000000e+00
   endloop
 endfacet
 facet normal  2.110417e-01 -9.774771e-01  0.000000e+00
   outer loop
     vertex  4.744886e+01 -5.544898e+01  5.000000e+00
     vertex  4.739523e+01 -5.546056e+01  5.000000e+00
     vertex  4.744886e+01 -5.544898e+01  2.000000e+00
   endloop
 endfacet
 facet normal  2.643362e-01 -9.644306e-01  0.000000e+00
   outer loop
     vertex  4.750216e+01 -5.543593e+01  5.000000e+00
     vertex  4.750216e+01 -5.543593e+01  2.000000e+00
     vertex  4.755508e+01 -5.542143e+01  2.000000e+00
   endloop
 endfacet
 facet normal  2.377784e-01 -9.713194e-01  0.000000e+00
   outer loop
     vertex  4.750216e+01 -5.543593e+01  5.000000e+00
     vertex  4.744886e+01 -5.544898e+01  5.000000e+00
     vertex  4.750216e+01 -5.543593e+01  2.000000e+00
   endloop
 endfacet
 facet normal  2.643362e-01 -9.644306e-01  0.000000e+00
   outer loop
     vertex  4.755508e+01 -5.542143e+01  5.000000e+00
     vertex  4.750216e+01 -5.543593e+01  5.000000e+00
     vertex  4.755508e+01 -5.542143e+01  2.000000e+00
   endloop
 endfacet
 facet normal  2.906949e-01 -9.568158e-01  0.000000e+00
   outer loop
     vertex  4.760759e+01 -5.540548e+01  5.000000e+00
     vertex  4.755508e+01 -5.542143e+01  2.000000e+00
     vertex  4.760759e+01 -5.540548e+01  2.000000e+00
   endloop
 endfacet
 facet normal  2.906949e-01 -9.568158e-01  0.000000e+00
   outer loop
     vertex  4.760759e+01 -5.540548e+01  5.000000e+00
     vertex  4.755508e+01 -5.542143e+01  5.000000e+00
     vertex  4.755508e+01 -5.542143e+01  2.000000e+00
   endloop
 endfacet
 facet normal  3.168348e-01 -9.484807e-01  0.000000e+00
   outer loop
     vertex  4.765963e+01 -5.538809e+01  5.000000e+00
     vertex  4.760759e+01 -5.540548e+01  2.000000e+00
     vertex  4.765963e+01 -5.538809e+01  2.000000e+00
   endloop
 endfacet
 facet normal  3.427362e-01 -9.394317e-01  0.000000e+00
   outer loop
     vertex  4.765963e+01 -5.538809e+01  5.000000e+00
     vertex  4.765963e+01 -5.538809e+01  2.000000e+00
     vertex  4.771118e+01 -5.536928e+01  2.000000e+00
   endloop
 endfacet
 facet normal  3.168348e-01 -9.484807e-01  0.000000e+00
   outer loop
     vertex  4.765963e+01 -5.538809e+01  5.000000e+00
     vertex  4.760759e+01 -5.540548e+01  5.000000e+00
     vertex  4.760759e+01 -5.540548e+01  2.000000e+00
   endloop
 endfacet
 facet normal  3.427362e-01 -9.394317e-01  0.000000e+00
   outer loop
     vertex  4.771118e+01 -5.536928e+01  5.000000e+00
     vertex  4.765963e+01 -5.538809e+01  5.000000e+00
     vertex  4.771118e+01 -5.536928e+01  2.000000e+00
   endloop
 endfacet
 facet normal  3.683796e-01 -9.296754e-01  0.000000e+00
   outer loop
     vertex  4.776220e+01 -5.534907e+01  5.000000e+00
     vertex  4.771118e+01 -5.536928e+01  2.000000e+00
     vertex  4.776220e+01 -5.534907e+01  2.000000e+00
   endloop
 endfacet
 facet normal  3.683796e-01 -9.296754e-01  0.000000e+00
   outer loop
     vertex  4.776220e+01 -5.534907e+01  5.000000e+00
     vertex  4.771118e+01 -5.536928e+01  5.000000e+00
     vertex  4.771118e+01 -5.536928e+01  2.000000e+00
   endloop
 endfacet
 facet normal  3.937458e-01 -9.192194e-01  0.000000e+00
   outer loop
     vertex  4.781264e+01 -5.532746e+01  5.000000e+00
     vertex  4.776220e+01 -5.534907e+01  5.000000e+00
     vertex  4.776220e+01 -5.534907e+01  2.000000e+00
   endloop
 endfacet
 facet normal  3.937458e-01 -9.192194e-01  0.000000e+00
   outer loop
     vertex  4.781264e+01 -5.532746e+01  5.000000e+00
     vertex  4.776220e+01 -5.534907e+01  2.000000e+00
     vertex  4.781264e+01 -5.532746e+01  2.000000e+00
   endloop
 endfacet
 facet normal  4.188155e-01 -9.080714e-01  0.000000e+00
   outer loop
     vertex  4.781264e+01 -5.532746e+01  5.000000e+00
     vertex  4.781264e+01 -5.532746e+01  2.000000e+00
     vertex  4.786247e+01 -5.530448e+01  2.000000e+00
   endloop
 endfacet
 facet normal  4.188155e-01 -9.080714e-01  0.000000e+00
   outer loop
     vertex  4.786247e+01 -5.530448e+01  5.000000e+00
     vertex  4.781264e+01 -5.532746e+01  5.000000e+00
     vertex  4.786247e+01 -5.530448e+01  2.000000e+00
   endloop
 endfacet
 facet normal  4.435699e-01 -8.962398e-01  0.000000e+00
   outer loop
     vertex  4.791165e+01 -5.528014e+01  5.000000e+00
     vertex  4.786247e+01 -5.530448e+01  2.000000e+00
     vertex  4.791165e+01 -5.528014e+01  2.000000e+00
   endloop
 endfacet
 facet normal  4.679904e-01 -8.837335e-01  0.000000e+00
   outer loop
     vertex  4.791165e+01 -5.528014e+01  5.000000e+00
     vertex  4.791165e+01 -5.528014e+01  2.000000e+00
     vertex  4.796014e+01 -5.525446e+01  2.000000e+00
   endloop
 endfacet
 facet normal  4.435699e-01 -8.962398e-01  0.000000e+00
   outer loop
     vertex  4.791165e+01 -5.528014e+01  5.000000e+00
     vertex  4.786247e+01 -5.530448e+01  5.000000e+00
     vertex  4.786247e+01 -5.530448e+01  2.000000e+00
   endloop
 endfacet
 facet normal  4.679904e-01 -8.837335e-01  0.000000e+00
   outer loop
     vertex  4.796014e+01 -5.525446e+01  5.000000e+00
     vertex  4.791165e+01 -5.528014e+01  5.000000e+00
     vertex  4.796014e+01 -5.525446e+01  2.000000e+00
   endloop
 endfacet
 facet normal  4.920587e-01 -8.705620e-01  0.000000e+00
   outer loop
     vertex  4.796014e+01 -5.525446e+01  5.000000e+00
     vertex  4.796014e+01 -5.525446e+01  2.000000e+00
     vertex  4.800791e+01 -5.522746e+01  2.000000e+00
   endloop
 endfacet
 facet normal  4.920587e-01 -8.705620e-01  0.000000e+00
   outer loop
     vertex  4.800791e+01 -5.522746e+01  5.000000e+00
     vertex  4.796014e+01 -5.525446e+01  5.000000e+00
     vertex  4.800791e+01 -5.522746e+01  2.000000e+00
   endloop
 endfacet
 facet normal  5.157565e-01 -8.567352e-01  0.000000e+00
   outer loop
     vertex  4.800791e+01 -5.522746e+01  5.000000e+00
     vertex  4.800791e+01 -5.522746e+01  2.000000e+00
     vertex  4.805492e+01 -5.519916e+01  2.000000e+00
   endloop
 endfacet
 facet normal  5.157565e-01 -8.567352e-01  0.000000e+00
   outer loop
     vertex  4.805492e+01 -5.519916e+01  5.000000e+00
     vertex  4.800791e+01 -5.522746e+01  5.000000e+00
     vertex  4.805492e+01 -5.519916e+01  2.000000e+00
   endloop
 endfacet
 facet normal  5.390661e-01 -8.422635e-01  0.000000e+00
   outer loop
     vertex  4.810114e+01 -5.516958e+01  5.000000e+00
     vertex  4.805492e+01 -5.519916e+01  2.000000e+00
     vertex  4.810114e+01 -5.516958e+01  2.000000e+00
   endloop
 endfacet
 facet normal  5.390661e-01 -8.422635e-01  0.000000e+00
   outer loop
     vertex  4.810114e+01 -5.516958e+01  5.000000e+00
     vertex  4.805492e+01 -5.519916e+01  5.000000e+00
     vertex  4.805492e+01 -5.519916e+01  2.000000e+00
   endloop
 endfacet
 facet normal  5.619699e-01 -8.271577e-01  0.000000e+00
   outer loop
     vertex  4.814653e+01 -5.513874e+01  5.000000e+00
     vertex  4.810114e+01 -5.516958e+01  2.000000e+00
     vertex  4.814653e+01 -5.513874e+01  2.000000e+00
   endloop
 endfacet
 facet normal  5.844507e-01 -8.114292e-01  0.000000e+00
   outer loop
     vertex  4.814653e+01 -5.513874e+01  5.000000e+00
     vertex  4.814653e+01 -5.513874e+01  2.000000e+00
     vertex  4.819105e+01 -5.510667e+01  2.000000e+00
   endloop
 endfacet
 facet normal  5.619699e-01 -8.271577e-01  0.000000e+00
   outer loop
     vertex  4.814653e+01 -5.513874e+01  5.000000e+00
     vertex  4.810114e+01 -5.516958e+01  5.000000e+00
     vertex  4.810114e+01 -5.516958e+01  2.000000e+00
   endloop
 endfacet
 facet normal  5.844507e-01 -8.114292e-01  0.000000e+00
   outer loop
     vertex  4.819105e+01 -5.510667e+01  5.000000e+00
     vertex  4.814653e+01 -5.513874e+01  5.000000e+00
     vertex  4.819105e+01 -5.510667e+01  2.000000e+00
   endloop
 endfacet
 facet normal  6.064915e-01 -7.950900e-01  0.000000e+00
   outer loop
     vertex  4.823468e+01 -5.507339e+01  5.000000e+00
     vertex  4.819105e+01 -5.510667e+01  2.000000e+00
     vertex  4.823468e+01 -5.507339e+01  2.000000e+00
   endloop
 endfacet
 facet normal  6.280757e-01 -7.781522e-01  0.000000e+00
   outer loop
     vertex  4.823468e+01 -5.507339e+01  5.000000e+00
     vertex  4.823468e+01 -5.507339e+01  2.000000e+00
     vertex  4.827738e+01 -5.503893e+01  2.000000e+00
   endloop
 endfacet
 facet normal  6.064915e-01 -7.950900e-01  0.000000e+00
   outer loop
     vertex  4.823468e+01 -5.507339e+01  5.000000e+00
     vertex  4.819105e+01 -5.510667e+01  5.000000e+00
     vertex  4.819105e+01 -5.510667e+01  2.000000e+00
   endloop
 endfacet
 facet normal  6.280757e-01 -7.781522e-01  0.000000e+00
   outer loop
     vertex  4.827738e+01 -5.503893e+01  5.000000e+00
     vertex  4.823468e+01 -5.507339e+01  5.000000e+00
     vertex  4.827738e+01 -5.503893e+01  2.000000e+00
   endloop
 endfacet
 facet normal  6.491872e-01 -7.606287e-01  0.000000e+00
   outer loop
     vertex  4.827738e+01 -5.503893e+01  5.000000e+00
     vertex  4.827738e+01 -5.503893e+01  2.000000e+00
     vertex  4.831912e+01 -5.500330e+01  2.000000e+00
   endloop
 endfacet
 facet normal  6.491872e-01 -7.606287e-01  0.000000e+00
   outer loop
     vertex  4.831912e+01 -5.500330e+01  5.000000e+00
     vertex  4.827738e+01 -5.503893e+01  5.000000e+00
     vertex  4.831912e+01 -5.500330e+01  2.000000e+00
   endloop
 endfacet
 facet normal  6.698100e-01 -7.425325e-01  0.000000e+00
   outer loop
     vertex  4.835987e+01 -5.496655e+01  5.000000e+00
     vertex  4.831912e+01 -5.500330e+01  2.000000e+00
     vertex  4.835987e+01 -5.496655e+01  2.000000e+00
   endloop
 endfacet
 facet normal  6.698100e-01 -7.425325e-01  0.000000e+00
   outer loop
     vertex  4.835987e+01 -5.496655e+01  5.000000e+00
     vertex  4.831912e+01 -5.500330e+01  5.000000e+00
     vertex  4.831912e+01 -5.500330e+01  2.000000e+00
   endloop
 endfacet
 facet normal  6.899286e-01 -7.238775e-01  0.000000e+00
   outer loop
     vertex  4.839959e+01 -5.492869e+01  5.000000e+00
     vertex  4.835987e+01 -5.496655e+01  2.000000e+00
     vertex  4.839959e+01 -5.492869e+01  2.000000e+00
   endloop
 endfacet
 facet normal  6.899286e-01 -7.238775e-01  0.000000e+00
   outer loop
     vertex  4.839959e+01 -5.492869e+01  5.000000e+00
     vertex  4.835987e+01 -5.496655e+01  5.000000e+00
     vertex  4.835987e+01 -5.496655e+01  2.000000e+00
   endloop
 endfacet
 facet normal  7.095278e-01 -7.046775e-01  0.000000e+00
   outer loop
     vertex  4.843826e+01 -5.488976e+01  5.000000e+00
     vertex  4.839959e+01 -5.492869e+01  2.000000e+00
     vertex  4.843826e+01 -5.488976e+01  2.000000e+00
   endloop
 endfacet
 facet normal  7.095278e-01 -7.046775e-01  0.000000e+00
   outer loop
     vertex  4.843826e+01 -5.488976e+01  5.000000e+00
     vertex  4.839959e+01 -5.492869e+01  5.000000e+00
     vertex  4.839959e+01 -5.492869e+01  2.000000e+00
   endloop
 endfacet
 facet normal  7.285929e-01 -6.849470e-01  0.000000e+00
   outer loop
     vertex  4.847584e+01 -5.484978e+01  5.000000e+00
     vertex  4.843826e+01 -5.488976e+01  2.000000e+00
     vertex  4.847584e+01 -5.484978e+01  2.000000e+00
   endloop
 endfacet
 facet normal  7.285929e-01 -6.849470e-01  0.000000e+00
   outer loop
     vertex  4.847584e+01 -5.484978e+01  5.000000e+00
     vertex  4.843826e+01 -5.488976e+01  5.000000e+00
     vertex  4.843826e+01 -5.488976e+01  2.000000e+00
   endloop
 endfacet
 facet normal  7.471095e-01 -6.647010e-01  0.000000e+00
   outer loop
     vertex  4.851232e+01 -5.480878e+01  5.000000e+00
     vertex  4.847584e+01 -5.484978e+01  2.000000e+00
     vertex  4.851232e+01 -5.480878e+01  2.000000e+00
   endloop
 endfacet
 facet normal  7.471095e-01 -6.647010e-01  0.000000e+00
   outer loop
     vertex  4.851232e+01 -5.480878e+01  5.000000e+00
     vertex  4.847584e+01 -5.484978e+01  5.000000e+00
     vertex  4.847584e+01 -5.484978e+01  2.000000e+00
   endloop
 endfacet
 facet normal  7.650637e-01 -6.439545e-01  0.000000e+00
   outer loop
     vertex  4.854765e+01 -5.476680e+01  5.000000e+00
     vertex  4.851232e+01 -5.480878e+01  2.000000e+00
     vertex  4.854765e+01 -5.476680e+01  2.000000e+00
   endloop
 endfacet
 facet normal  7.650637e-01 -6.439545e-01  0.000000e+00
   outer loop
     vertex  4.854765e+01 -5.476680e+01  5.000000e+00
     vertex  4.851232e+01 -5.480878e+01  5.000000e+00
     vertex  4.851232e+01 -5.480878e+01  2.000000e+00
   endloop
 endfacet
 facet normal  7.824421e-01 -6.227234e-01  0.000000e+00
   outer loop
     vertex  4.858182e+01 -5.472386e+01  5.000000e+00
     vertex  4.854765e+01 -5.476680e+01  2.000000e+00
     vertex  4.858182e+01 -5.472386e+01  2.000000e+00
   endloop
 endfacet
 facet normal  7.824421e-01 -6.227234e-01  0.000000e+00
   outer loop
     vertex  4.858182e+01 -5.472386e+01  5.000000e+00
     vertex  4.854765e+01 -5.476680e+01  5.000000e+00
     vertex  4.854765e+01 -5.476680e+01  2.000000e+00
   endloop
 endfacet
 facet normal  7.992314e-01 -6.010234e-01  0.000000e+00
   outer loop
     vertex  4.861480e+01 -5.468001e+01  5.000000e+00
     vertex  4.858182e+01 -5.472386e+01  2.000000e+00
     vertex  4.861480e+01 -5.468001e+01  2.000000e+00
   endloop
 endfacet
 facet normal  7.992314e-01 -6.010234e-01  0.000000e+00
   outer loop
     vertex  4.861480e+01 -5.468001e+01  5.000000e+00
     vertex  4.858182e+01 -5.472386e+01  5.000000e+00
     vertex  4.858182e+01 -5.472386e+01  2.000000e+00
   endloop
 endfacet
 facet normal  8.154191e-01 -5.788711e-01  0.000000e+00
   outer loop
     vertex  4.864657e+01 -5.463526e+01  5.000000e+00
     vertex  4.861480e+01 -5.468001e+01  2.000000e+00
     vertex  4.864657e+01 -5.463526e+01  2.000000e+00
   endloop
 endfacet
 facet normal  8.309929e-01 -5.562829e-01  0.000000e+00
   outer loop
     vertex  4.864657e+01 -5.463526e+01  5.000000e+00
     vertex  4.864657e+01 -5.463526e+01  2.000000e+00
     vertex  4.867709e+01 -5.458966e+01  2.000000e+00
   endloop
 endfacet
 facet normal  8.154191e-01 -5.788711e-01  0.000000e+00
   outer loop
     vertex  4.864657e+01 -5.463526e+01  5.000000e+00
     vertex  4.861480e+01 -5.468001e+01  5.000000e+00
     vertex  4.861480e+01 -5.468001e+01  2.000000e+00
   endloop
 endfacet
 facet normal  8.309929e-01 -5.562829e-01  0.000000e+00
   outer loop
     vertex  4.867709e+01 -5.458966e+01  5.000000e+00
     vertex  4.864657e+01 -5.463526e+01  5.000000e+00
     vertex  4.867709e+01 -5.458966e+01  2.000000e+00
   endloop
 endfacet
 facet normal  8.459413e-01 -5.332761e-01  0.000000e+00
   outer loop
     vertex  4.870635e+01 -5.454324e+01  5.000000e+00
     vertex  4.867709e+01 -5.458966e+01  2.000000e+00
     vertex  4.870635e+01 -5.454324e+01  2.000000e+00
   endloop
 endfacet
 facet normal  8.602528e-01 -5.098678e-01  0.000000e+00
   outer loop
     vertex  4.870635e+01 -5.454324e+01  5.000000e+00
     vertex  4.870635e+01 -5.454324e+01  2.000000e+00
     vertex  4.873433e+01 -5.449604e+01  2.000000e+00
   endloop
 endfacet
 facet normal  8.459413e-01 -5.332761e-01  0.000000e+00
   outer loop
     vertex  4.870635e+01 -5.454324e+01  5.000000e+00
     vertex  4.867709e+01 -5.458966e+01  5.000000e+00
     vertex  4.867709e+01 -5.458966e+01  2.000000e+00
   endloop
 endfacet
 facet normal  8.602528e-01 -5.098678e-01  0.000000e+00
   outer loop
     vertex  4.873433e+01 -5.449604e+01  5.000000e+00
     vertex  4.870635e+01 -5.454324e+01  5.000000e+00
     vertex  4.873433e+01 -5.449604e+01  2.000000e+00
   endloop
 endfacet
 facet normal  8.739167e-01 -4.860756e-01  0.000000e+00
   outer loop
     vertex  4.876101e+01 -5.444808e+01  5.000000e+00
     vertex  4.873433e+01 -5.449604e+01  2.000000e+00
     vertex  4.876101e+01 -5.444808e+01  2.000000e+00
   endloop
 endfacet
 facet normal  8.739167e-01 -4.860756e-01  0.000000e+00
   outer loop
     vertex  4.876101e+01 -5.444808e+01  5.000000e+00
     vertex  4.873433e+01 -5.449604e+01  5.000000e+00
     vertex  4.873433e+01 -5.449604e+01  2.000000e+00
   endloop
 endfacet
 facet normal  8.869228e-01 -4.619176e-01  0.000000e+00
   outer loop
     vertex  4.878635e+01 -5.439941e+01  5.000000e+00
     vertex  4.876101e+01 -5.444808e+01  5.000000e+00
     vertex  4.876101e+01 -5.444808e+01  2.000000e+00
   endloop
 endfacet
 facet normal  8.869228e-01 -4.619176e-01  0.000000e+00
   outer loop
     vertex  4.878635e+01 -5.439941e+01  5.000000e+00
     vertex  4.876101e+01 -5.444808e+01  2.000000e+00
     vertex  4.878635e+01 -5.439941e+01  2.000000e+00
   endloop
 endfacet
 facet normal  8.992613e-01 -4.374119e-01  0.000000e+00
   outer loop
     vertex  4.878635e+01 -5.439941e+01  5.000000e+00
     vertex  4.878635e+01 -5.439941e+01  2.000000e+00
     vertex  4.881035e+01 -5.435007e+01  2.000000e+00
   endloop
 endfacet
 facet normal  8.992613e-01 -4.374119e-01  0.000000e+00
   outer loop
     vertex  4.881035e+01 -5.435007e+01  5.000000e+00
     vertex  4.878635e+01 -5.439941e+01  5.000000e+00
     vertex  4.881035e+01 -5.435007e+01  2.000000e+00
   endloop
 endfacet
 facet normal  9.109228e-01 -4.125769e-01  0.000000e+00
   outer loop
     vertex  4.883299e+01 -5.430008e+01  5.000000e+00
     vertex  4.881035e+01 -5.435007e+01  5.000000e+00
     vertex  4.881035e+01 -5.435007e+01  2.000000e+00
   endloop
 endfacet
 facet normal  9.109228e-01 -4.125769e-01  0.000000e+00
   outer loop
     vertex  4.883299e+01 -5.430008e+01  5.000000e+00
     vertex  4.881035e+01 -5.435007e+01  2.000000e+00
     vertex  4.883299e+01 -5.430008e+01  2.000000e+00
   endloop
 endfacet
 facet normal  9.218986e-01 -3.874313e-01  0.000000e+00
   outer loop
     vertex  4.885425e+01 -5.424950e+01  5.000000e+00
     vertex  4.883299e+01 -5.430008e+01  5.000000e+00
     vertex  4.883299e+01 -5.430008e+01  2.000000e+00
   endloop
 endfacet
 facet normal  9.218986e-01 -3.874313e-01  0.000000e+00
   outer loop
     vertex  4.885425e+01 -5.424950e+01  5.000000e+00
     vertex  4.883299e+01 -5.430008e+01  2.000000e+00
     vertex  4.885425e+01 -5.424950e+01  2.000000e+00
   endloop
 endfacet
 facet normal  9.321804e-01 -3.619940e-01  0.000000e+00
   outer loop
     vertex  4.887412e+01 -5.419834e+01  5.000000e+00
     vertex  4.885425e+01 -5.424950e+01  5.000000e+00
     vertex  4.885425e+01 -5.424950e+01  2.000000e+00
   endloop
 endfacet
 facet normal  9.321804e-01 -3.619940e-01  0.000000e+00
   outer loop
     vertex  4.887412e+01 -5.419834e+01  5.000000e+00
     vertex  4.885425e+01 -5.424950e+01  2.000000e+00
     vertex  4.887412e+01 -5.419834e+01  2.000000e+00
   endloop
 endfacet
 facet normal  9.417605e-01 -3.362843e-01  0.000000e+00
   outer loop
     vertex  4.889257e+01 -5.414667e+01  5.000000e+00
     vertex  4.887412e+01 -5.419834e+01  5.000000e+00
     vertex  4.887412e+01 -5.419834e+01  2.000000e+00
   endloop
 endfacet
 facet normal  9.417605e-01 -3.362843e-01  0.000000e+00
   outer loop
     vertex  4.889257e+01 -5.414667e+01  5.000000e+00
     vertex  4.887412e+01 -5.419834e+01  2.000000e+00
     vertex  4.889257e+01 -5.414667e+01  2.000000e+00
   endloop
 endfacet
 facet normal  9.506317e-01 -3.103214e-01  0.000000e+00
   outer loop
     vertex  4.890960e+01 -5.409450e+01  5.000000e+00
     vertex  4.889257e+01 -5.414667e+01  5.000000e+00
     vertex  4.889257e+01 -5.414667e+01  2.000000e+00
   endloop
 endfacet
 facet normal  9.506317e-01 -3.103214e-01  0.000000e+00
   outer loop
     vertex  4.890960e+01 -5.409450e+01  5.000000e+00
     vertex  4.889257e+01 -5.414667e+01  2.000000e+00
     vertex  4.890960e+01 -5.409450e+01  2.000000e+00
   endloop
 endfacet
 facet normal  9.587873e-01 -2.841250e-01  0.000000e+00
   outer loop
     vertex  4.890960e+01 -5.409450e+01  5.000000e+00
     vertex  4.890960e+01 -5.409450e+01  2.000000e+00
     vertex  4.892519e+01 -5.404189e+01  2.000000e+00
   endloop
 endfacet
 facet normal  9.587873e-01 -2.841250e-01  0.000000e+00
   outer loop
     vertex  4.892519e+01 -5.404189e+01  5.000000e+00
     vertex  4.890960e+01 -5.409450e+01  5.000000e+00
     vertex  4.892519e+01 -5.404189e+01  2.000000e+00
   endloop
 endfacet
 facet normal  9.662211e-01 -2.577146e-01  0.000000e+00
   outer loop
     vertex  4.893933e+01 -5.398887e+01  5.000000e+00
     vertex  4.892519e+01 -5.404189e+01  5.000000e+00
     vertex  4.892519e+01 -5.404189e+01  2.000000e+00
   endloop
 endfacet
 facet normal  9.662211e-01 -2.577146e-01  0.000000e+00
   outer loop
     vertex  4.893933e+01 -5.398887e+01  5.000000e+00
     vertex  4.892519e+01 -5.404189e+01  2.000000e+00
     vertex  4.893933e+01 -5.398887e+01  2.000000e+00
   endloop
 endfacet
 facet normal  9.729276e-01 -2.311102e-01  0.000000e+00
   outer loop
     vertex  4.895201e+01 -5.393548e+01  5.000000e+00
     vertex  4.893933e+01 -5.398887e+01  5.000000e+00
     vertex  4.893933e+01 -5.398887e+01  2.000000e+00
   endloop
 endfacet
 facet normal  9.729276e-01 -2.311102e-01  0.000000e+00
   outer loop
     vertex  4.895201e+01 -5.393548e+01  5.000000e+00
     vertex  4.893933e+01 -5.398887e+01  2.000000e+00
     vertex  4.895201e+01 -5.393548e+01  2.000000e+00
   endloop
 endfacet
 facet normal  9.789017e-01 -2.043319e-01  0.000000e+00
   outer loop
     vertex  4.896323e+01 -5.388177e+01  5.000000e+00
     vertex  4.895201e+01 -5.393548e+01  5.000000e+00
     vertex  4.895201e+01 -5.393548e+01  2.000000e+00
   endloop
 endfacet
 facet normal  9.789017e-01 -2.043319e-01  0.000000e+00
   outer loop
     vertex  4.896323e+01 -5.388177e+01  5.000000e+00
     vertex  4.895201e+01 -5.393548e+01  2.000000e+00
     vertex  4.896323e+01 -5.388177e+01  2.000000e+00
   endloop
 endfacet
 facet normal  9.841389e-01 -1.773998e-01  0.000000e+00
   outer loop
     vertex  4.897296e+01 -5.382776e+01  5.000000e+00
     vertex  4.896323e+01 -5.388177e+01  5.000000e+00
     vertex  4.896323e+01 -5.388177e+01  2.000000e+00
   endloop
 endfacet
 facet normal  9.841389e-01 -1.773998e-01  0.000000e+00
   outer loop
     vertex  4.897296e+01 -5.382776e+01  5.000000e+00
     vertex  4.896323e+01 -5.388177e+01  2.000000e+00
     vertex  4.897296e+01 -5.382776e+01  2.000000e+00
   endloop
 endfacet
 facet normal  9.886353e-01 -1.503341e-01  0.000000e+00
   outer loop
     vertex  4.898121e+01 -5.377352e+01  5.000000e+00
     vertex  4.897296e+01 -5.382776e+01  5.000000e+00
     vertex  4.897296e+01 -5.382776e+01  2.000000e+00
   endloop
 endfacet
 facet normal  9.886353e-01 -1.503341e-01  0.000000e+00
   outer loop
     vertex  4.898121e+01 -5.377352e+01  5.000000e+00
     vertex  4.897296e+01 -5.382776e+01  2.000000e+00
     vertex  4.898121e+01 -5.377352e+01  2.000000e+00
   endloop
 endfacet
 facet normal  9.923874e-01 -1.231552e-01  0.000000e+00
   outer loop
     vertex  4.898121e+01 -5.377352e+01  5.000000e+00
     vertex  4.898121e+01 -5.377352e+01  2.000000e+00
     vertex  4.898797e+01 -5.371906e+01  2.000000e+00
   endloop
 endfacet
 facet normal  9.923874e-01 -1.231552e-01  0.000000e+00
   outer loop
     vertex  4.898797e+01 -5.371906e+01  5.000000e+00
     vertex  4.898121e+01 -5.377352e+01  5.000000e+00
     vertex  4.898797e+01 -5.371906e+01  2.000000e+00
   endloop
 endfacet
 facet normal  9.953925e-01 -9.588368e-02  0.000000e+00
   outer loop
     vertex  4.899323e+01 -5.366444e+01  5.000000e+00
     vertex  4.898797e+01 -5.371906e+01  2.000000e+00
     vertex  4.899323e+01 -5.366444e+01  2.000000e+00
   endloop
 endfacet
 facet normal  9.976484e-01 -6.853995e-02  0.000000e+00
   outer loop
     vertex  4.899323e+01 -5.366444e+01  5.000000e+00
     vertex  4.899323e+01 -5.366444e+01  2.000000e+00
     vertex  4.899699e+01 -5.360969e+01  2.000000e+00
   endloop
 endfacet
 facet normal  9.953925e-01 -9.588368e-02  0.000000e+00
   outer loop
     vertex  4.899323e+01 -5.366444e+01  5.000000e+00
     vertex  4.898797e+01 -5.371906e+01  5.000000e+00
     vertex  4.898797e+01 -5.371906e+01  2.000000e+00
   endloop
 endfacet
 facet normal  9.976484e-01 -6.853995e-02  0.000000e+00
   outer loop
     vertex  4.899699e+01 -5.360969e+01  5.000000e+00
     vertex  4.899323e+01 -5.366444e+01  5.000000e+00
     vertex  4.899699e+01 -5.360969e+01  2.000000e+00
   endloop
 endfacet
 facet normal  9.991532e-01 -4.114462e-02  0.000000e+00
   outer loop
     vertex  4.899925e+01 -5.355487e+01  5.000000e+00
     vertex  4.899699e+01 -5.360969e+01  2.000000e+00
     vertex  4.899925e+01 -5.355487e+01  2.000000e+00
   endloop
 endfacet
 facet normal  9.991532e-01 -4.114462e-02  0.000000e+00
   outer loop
     vertex  4.899925e+01 -5.355487e+01  5.000000e+00
     vertex  4.899699e+01 -5.360969e+01  5.000000e+00
     vertex  4.899699e+01 -5.360969e+01  2.000000e+00
   endloop
 endfacet
 facet normal  9.999059e-01 -1.371831e-02  0.000000e+00
   outer loop
     vertex  4.900000e+01 -5.350000e+01  5.000000e+00
     vertex  4.899925e+01 -5.355487e+01  2.000000e+00
     vertex  4.900000e+01 -5.350000e+01  2.000000e+00
   endloop
 endfacet
 facet normal  9.999059e-01 -1.371831e-02  0.000000e+00
   outer loop
     vertex  4.900000e+01 -5.350000e+01  5.000000e+00
     vertex  4.899925e+01 -5.355487e+01  5.000000e+00
     vertex  4.899925e+01 -5.355487e+01  2.000000e+00
   endloop
 endfacet
 facet normal  9.999059e-01  1.371831e-02  0.000000e+00
   outer loop
     vertex  4.999247e+00 -1.945132e+00  5.000000e+00
     vertex  5.000000e+00 -2.000000e+00  5.000000e+00
     vertex  5.000000e+00 -2.000000e+00  2.000000e+00
   endloop
 endfacet
 facet normal  9.999059e-01  1.371831e-02  0.000000e+00
   outer loop
     vertex  4.999247e+00 -1.945132e+00  5.000000e+00
     vertex  5.000000e+00 -2.000000e+00  2.000000e+00
     vertex  4.999247e+00 -1.945132e+00  2.000000e+00
   endloop
 endfacet
 facet normal  9.991532e-01  4.114462e-02  0.000000e+00
   outer loop
     vertex  4.996989e+00 -1.890305e+00  5.000000e+00
     vertex  4.999247e+00 -1.945132e+00  2.000000e+00
     vertex  4.996989e+00 -1.890305e+00  2.000000e+00
   endloop
 endfacet
 facet normal  9.991532e-01  4.114462e-02  0.000000e+00
   outer loop
     vertex  4.996989e+00 -1.890305e+00  5.000000e+00
     vertex  4.999247e+00 -1.945132e+00  5.000000e+00
     vertex  4.999247e+00 -1.945132e+00  2.000000e+00
   endloop
 endfacet
 facet normal  9.976484e-01  6.853995e-02  0.000000e+00
   outer loop
     vertex  4.993228e+00 -1.835561e+00  5.000000e+00
     vertex  4.996989e+00 -1.890305e+00  2.000000e+00
     vertex  4.993228e+00 -1.835561e+00  2.000000e+00
   endloop
 endfacet
 facet normal  9.976484e-01  6.853995e-02  0.000000e+00
   outer loop
     vertex  4.993228e+00 -1.835561e+00  5.000000e+00
     vertex  4.996989e+00 -1.890305e+00  5.000000e+00
     vertex  4.996989e+00 -1.890305e+00  2.000000e+00
   endloop
 endfacet
 facet normal  9.953925e-01  9.588368e-02  0.000000e+00
   outer loop
     vertex  4.987967e+00 -1.780940e+00  5.000000e+00
     vertex  4.993228e+00 -1.835561e+00  2.000000e+00
     vertex  4.987967e+00 -1.780940e+00  2.000000e+00
   endloop
 endfacet
 facet normal  9.953925e-01  9.588368e-02  0.000000e+00
   outer loop
     vertex  4.987967e+00 -1.780940e+00  5.000000e+00
     vertex  4.993228e+00 -1.835561e+00  5.000000e+00
     vertex  4.993228e+00 -1.835561e+00  2.000000e+00
   endloop
 endfacet
 facet normal  9.923874e-01  1.231552e-01  0.000000e+00
   outer loop
     vertex  4.981209e+00 -1.726485e+00  5.000000e+00
     vertex  4.987967e+00 -1.780940e+00  2.000000e+00
     vertex  4.981209e+00 -1.726485e+00  2.000000e+00
   endloop
 endfacet
 facet normal  9.923874e-01  1.231552e-01  0.000000e+00
   outer loop
     vertex  4.981209e+00 -1.726485e+00  5.000000e+00
     vertex  4.987967e+00 -1.780940e+00  5.000000e+00
     vertex  4.987967e+00 -1.780940e+00  2.000000e+00
   endloop
 endfacet
 facet normal  9.886353e-01  1.503341e-01  0.000000e+00
   outer loop
     vertex  4.972960e+00 -1.672235e+00  5.000000e+00
     vertex  4.981209e+00 -1.726485e+00  2.000000e+00
     vertex  4.972960e+00 -1.672235e+00  2.000000e+00
   endloop
 endfacet
 facet normal  9.841389e-01  1.773998e-01  0.000000e+00
   outer loop
     vertex  4.972960e+00 -1.672235e+00  5.000000e+00
     vertex  4.972960e+00 -1.672235e+00  2.000000e+00
     vertex  4.963225e+00 -1.618232e+00  2.000000e+00
   endloop
 endfacet
 facet normal  9.886353e-01  1.503341e-01  0.000000e+00
   outer loop
     vertex  4.972960e+00 -1.672235e+00  5.000000e+00
     vertex  4.981209e+00 -1.726485e+00  5.000000e+00
     vertex  4.981209e+00 -1.726485e+00  2.000000e+00
   endloop
 endfacet
 facet normal  9.841389e-01  1.773998e-01  0.000000e+00
   outer loop
     vertex  4.963225e+00 -1.618232e+00  5.000000e+00
     vertex  4.972960e+00 -1.672235e+00  5.000000e+00
     vertex  4.963225e+00 -1.618232e+00  2.000000e+00
   endloop
 endfacet
 facet normal  9.789017e-01  2.043319e-01  0.000000e+00
   outer loop
     vertex  4.952013e+00 -1.564517e+00  5.000000e+00
     vertex  4.963225e+00 -1.618232e+00  2.000000e+00
     vertex  4.952013e+00 -1.564517e+00  2.000000e+00
   endloop
 endfacet
 facet normal  9.789017e-01  2.043319e-01  0.000000e+00
   outer loop
     vertex  4.952013e+00 -1.564517e+00  5.000000e+00
     vertex  4.963225e+00 -1.618232e+00  5.000000e+00
     vertex  4.963225e+00 -1.618232e+00  2.000000e+00
   endloop
 endfacet
 facet normal  9.729276e-01  2.311102e-01  0.000000e+00
   outer loop
     vertex  4.939331e+00 -1.511129e+00  5.000000e+00
     vertex  4.952013e+00 -1.564517e+00  2.000000e+00
     vertex  4.939331e+00 -1.511129e+00  2.000000e+00
   endloop
 endfacet
 facet normal  9.729276e-01  2.311102e-01  0.000000e+00
   outer loop
     vertex  4.939331e+00 -1.511129e+00  5.000000e+00
     vertex  4.952013e+00 -1.564517e+00  5.000000e+00
     vertex  4.952013e+00 -1.564517e+00  2.000000e+00
   endloop
 endfacet
 facet normal  9.662211e-01  2.577146e-01  0.000000e+00
   outer loop
     vertex  4.925190e+00 -1.458109e+00  5.000000e+00
     vertex  4.939331e+00 -1.511129e+00  5.000000e+00
     vertex  4.939331e+00 -1.511129e+00  2.000000e+00
   endloop
 endfacet
 facet normal  9.662211e-01  2.577146e-01  0.000000e+00
   outer loop
     vertex  4.925190e+00 -1.458109e+00  5.000000e+00
     vertex  4.939331e+00 -1.511129e+00  2.000000e+00
     vertex  4.925190e+00 -1.458109e+00  2.000000e+00
   endloop
 endfacet
 facet normal  9.587873e-01  2.841250e-01  0.000000e+00
   outer loop
     vertex  4.925190e+00 -1.458109e+00  5.000000e+00
     vertex  4.925190e+00 -1.458109e+00  2.000000e+00
     vertex  4.909599e+00 -1.405498e+00  2.000000e+00
   endloop
 endfacet
 facet normal  9.587873e-01  2.841250e-01  0.000000e+00
   outer loop
     vertex  4.909599e+00 -1.405498e+00  5.000000e+00
     vertex  4.925190e+00 -1.458109e+00  5.000000e+00
     vertex  4.909599e+00 -1.405498e+00  2.000000e+00
   endloop
 endfacet
 facet normal  9.506317e-01  3.103214e-01  0.000000e+00
   outer loop
     vertex  4.909599e+00 -1.405498e+00  5.000000e+00
     vertex  4.909599e+00 -1.405498e+00  2.000000e+00
     vertex  4.892570e+00 -1.353333e+00  2.000000e+00
   endloop
 endfacet
 facet normal  9.506317e-01  3.103214e-01  0.000000e+00
   outer loop
     vertex  4.892570e+00 -1.353333e+00  5.000000e+00
     vertex  4.909599e+00 -1.405498e+00  5.000000e+00
     vertex  4.892570e+00 -1.353333e+00  2.000000e+00
   endloop
 endfacet
 facet normal  9.417605e-01  3.362843e-01  0.000000e+00
   outer loop
     vertex  4.892570e+00 -1.353333e+00  5.000000e+00
     vertex  4.892570e+00 -1.353333e+00  2.000000e+00
     vertex  4.874117e+00 -1.301656e+00  2.000000e+00
   endloop
 endfacet
 facet normal  9.417605e-01  3.362843e-01  0.000000e+00
   outer loop
     vertex  4.874117e+00 -1.301656e+00  5.000000e+00
     vertex  4.892570e+00 -1.353333e+00  5.000000e+00
     vertex  4.874117e+00 -1.301656e+00  2.000000e+00
   endloop
 endfacet
 facet normal  9.321804e-01  3.619940e-01  0.000000e+00
   outer loop
     vertex  4.854253e+00 -1.250504e+00  5.000000e+00
     vertex  4.874117e+00 -1.301656e+00  5.000000e+00
     vertex  4.874117e+00 -1.301656e+00  2.000000e+00
   endloop
 endfacet
 facet normal  9.321804e-01  3.619940e-01  0.000000e+00
   outer loop
     vertex  4.854253e+00 -1.250504e+00  5.000000e+00
     vertex  4.874117e+00 -1.301656e+00  2.000000e+00
     vertex  4.854253e+00 -1.250504e+00  2.000000e+00
   endloop
 endfacet
 facet normal  9.218986e-01  3.874313e-01  0.000000e+00
   outer loop
     vertex  4.832994e+00 -1.199917e+00  5.000000e+00
     vertex  4.854253e+00 -1.250504e+00  5.000000e+00
     vertex  4.854253e+00 -1.250504e+00  2.000000e+00
   endloop
 endfacet
 facet normal  9.218986e-01  3.874313e-01  0.000000e+00
   outer loop
     vertex  4.832994e+00 -1.199917e+00  5.000000e+00
     vertex  4.854253e+00 -1.250504e+00  2.000000e+00
     vertex  4.832994e+00 -1.199917e+00  2.000000e+00
   endloop
 endfacet
 facet normal  9.109228e-01  4.125769e-01  0.000000e+00
   outer loop
     vertex  4.810354e+00 -1.149931e+00  5.000000e+00
     vertex  4.832994e+00 -1.199917e+00  5.000000e+00
     vertex  4.832994e+00 -1.199917e+00  2.000000e+00
   endloop
 endfacet
 facet normal  9.109228e-01  4.125769e-01  0.000000e+00
   outer loop
     vertex  4.810354e+00 -1.149931e+00  5.000000e+00
     vertex  4.832994e+00 -1.199917e+00  2.000000e+00
     vertex  4.810354e+00 -1.149931e+00  2.000000e+00
   endloop
 endfacet
 facet normal  8.992613e-01  4.374119e-01  0.000000e+00
   outer loop
     vertex  4.786352e+00 -1.100586e+00  5.000000e+00
     vertex  4.810354e+00 -1.149931e+00  5.000000e+00
     vertex  4.810354e+00 -1.149931e+00  2.000000e+00
   endloop
 endfacet
 facet normal  8.992613e-01  4.374119e-01  0.000000e+00
   outer loop
     vertex  4.786352e+00 -1.100586e+00  5.000000e+00
     vertex  4.810354e+00 -1.149931e+00  2.000000e+00
     vertex  4.786352e+00 -1.100586e+00  2.000000e+00
   endloop
 endfacet
 facet normal  8.869228e-01  4.619176e-01  0.000000e+00
   outer loop
     vertex  4.761005e+00 -1.051918e+00  5.000000e+00
     vertex  4.786352e+00 -1.100586e+00  5.000000e+00
     vertex  4.786352e+00 -1.100586e+00  2.000000e+00
   endloop
 endfacet
 facet normal  8.869228e-01  4.619176e-01  0.000000e+00
   outer loop
     vertex  4.761005e+00 -1.051918e+00  5.000000e+00
     vertex  4.786352e+00 -1.100586e+00  2.000000e+00
     vertex  4.761005e+00 -1.051918e+00  2.000000e+00
   endloop
 endfacet
 facet normal  8.739167e-01  4.860756e-01  0.000000e+00
   outer loop
     vertex  4.734333e+00 -1.003963e+00  5.000000e+00
     vertex  4.761005e+00 -1.051918e+00  5.000000e+00
     vertex  4.761005e+00 -1.051918e+00  2.000000e+00
   endloop
 endfacet
 facet normal  8.739167e-01  4.860756e-01  0.000000e+00
   outer loop
     vertex  4.734333e+00 -1.003963e+00  5.000000e+00
     vertex  4.761005e+00 -1.051918e+00  2.000000e+00
     vertex  4.734333e+00 -1.003963e+00  2.000000e+00
   endloop
 endfacet
 facet normal  8.602528e-01  5.098678e-01  0.000000e+00
   outer loop
     vertex  4.706355e+00 -9.567580e-01  5.000000e+00
     vertex  4.734333e+00 -1.003963e+00  5.000000e+00
     vertex  4.734333e+00 -1.003963e+00  2.000000e+00
   endloop
 endfacet
 facet normal  8.602528e-01  5.098678e-01  0.000000e+00
   outer loop
     vertex  4.706355e+00 -9.567580e-01  5.000000e+00
     vertex  4.734333e+00 -1.003963e+00  2.000000e+00
     vertex  4.706355e+00 -9.567580e-01  2.000000e+00
   endloop
 endfacet
 facet normal  8.459413e-01  5.332761e-01  0.000000e+00
   outer loop
     vertex  4.677092e+00 -9.103384e-01  5.000000e+00
     vertex  4.706355e+00 -9.567580e-01  5.000000e+00
     vertex  4.706355e+00 -9.567580e-01  2.000000e+00
   endloop
 endfacet
 facet normal  8.459413e-01  5.332761e-01  0.000000e+00
   outer loop
     vertex  4.677092e+00 -9.103384e-01  5.000000e+00
     vertex  4.706355e+00 -9.567580e-01  2.000000e+00
     vertex  4.677092e+00 -9.103384e-01  2.000000e+00
   endloop
 endfacet
 facet normal  8.309929e-01  5.562829e-01  0.000000e+00
   outer loop
     vertex  4.646567e+00 -8.647391e-01  5.000000e+00
     vertex  4.677092e+00 -9.103384e-01  2.000000e+00
     vertex  4.646567e+00 -8.647391e-01  2.000000e+00
   endloop
 endfacet
 facet normal  8.309929e-01  5.562829e-01  0.000000e+00
   outer loop
     vertex  4.646567e+00 -8.647391e-01  5.000000e+00
     vertex  4.677092e+00 -9.103384e-01  5.000000e+00
     vertex  4.677092e+00 -9.103384e-01  2.000000e+00
   endloop
 endfacet
 facet normal  8.154191e-01  5.788711e-01  0.000000e+00
   outer loop
     vertex  4.614802e+00 -8.199944e-01  5.000000e+00
     vertex  4.646567e+00 -8.647391e-01  2.000000e+00
     vertex  4.614802e+00 -8.199944e-01  2.000000e+00
   endloop
 endfacet
 facet normal  8.154191e-01  5.788711e-01  0.000000e+00
   outer loop
     vertex  4.614802e+00 -8.199944e-01  5.000000e+00
     vertex  4.646567e+00 -8.647391e-01  5.000000e+00
     vertex  4.646567e+00 -8.647391e-01  2.000000e+00
   endloop
 endfacet
 facet normal  7.992314e-01  6.010234e-01  0.000000e+00
   outer loop
     vertex  4.581822e+00 -7.761380e-01  5.000000e+00
     vertex  4.614802e+00 -8.199944e-01  2.000000e+00
     vertex  4.581822e+00 -7.761380e-01  2.000000e+00
   endloop
 endfacet
 facet normal  7.992314e-01  6.010234e-01  0.000000e+00
   outer loop
     vertex  4.581822e+00 -7.761380e-01  5.000000e+00
     vertex  4.614802e+00 -8.199944e-01  5.000000e+00
     vertex  4.614802e+00 -8.199944e-01  2.000000e+00
   endloop
 endfacet
 facet normal  7.824421e-01  6.227234e-01  0.000000e+00
   outer loop
     vertex  4.547651e+00 -7.332029e-01  5.000000e+00
     vertex  4.581822e+00 -7.761380e-01  2.000000e+00
     vertex  4.547651e+00 -7.332029e-01  2.000000e+00
   endloop
 endfacet
 facet normal  7.824421e-01  6.227234e-01  0.000000e+00
   outer loop
     vertex  4.547651e+00 -7.332029e-01  5.000000e+00
     vertex  4.581822e+00 -7.761380e-01  5.000000e+00
     vertex  4.581822e+00 -7.761380e-01  2.000000e+00
   endloop
 endfacet
 facet normal  7.650637e-01  6.439545e-01  0.000000e+00
   outer loop
     vertex  4.512316e+00 -6.912213e-01  5.000000e+00
     vertex  4.547651e+00 -7.332029e-01  2.000000e+00
     vertex  4.512316e+00 -6.912213e-01  2.000000e+00
   endloop
 endfacet
 facet normal  7.650637e-01  6.439545e-01  0.000000e+00
   outer loop
     vertex  4.512316e+00 -6.912213e-01  5.000000e+00
     vertex  4.547651e+00 -7.332029e-01  5.000000e+00
     vertex  4.547651e+00 -7.332029e-01  2.000000e+00
   endloop
 endfacet
 facet normal  7.471095e-01  6.647010e-01  0.000000e+00
   outer loop
     vertex  4.475841e+00 -6.502250e-01  5.000000e+00
     vertex  4.512316e+00 -6.912213e-01  2.000000e+00
     vertex  4.475841e+00 -6.502250e-01  2.000000e+00
   endloop
 endfacet
 facet normal  7.285929e-01  6.849470e-01  0.000000e+00
   outer loop
     vertex  4.475841e+00 -6.502250e-01  5.000000e+00
     vertex  4.475841e+00 -6.502250e-01  2.000000e+00
     vertex  4.438256e+00 -6.102447e-01  2.000000e+00
   endloop
 endfacet
 facet normal  7.471095e-01  6.647010e-01  0.000000e+00
   outer loop
     vertex  4.475841e+00 -6.502250e-01  5.000000e+00
     vertex  4.512316e+00 -6.912213e-01  5.000000e+00
     vertex  4.512316e+00 -6.912213e-01  2.000000e+00
   endloop
 endfacet
 facet normal  7.285929e-01  6.849470e-01  0.000000e+00
   outer loop
     vertex  4.438256e+00 -6.102447e-01  5.000000e+00
     vertex  4.475841e+00 -6.502250e-01  5.000000e+00
     vertex  4.438256e+00 -6.102447e-01  2.000000e+00
   endloop
 endfacet
 facet normal  7.095278e-01  7.046775e-01  0.000000e+00
   outer loop
     vertex  4.399588e+00 -5.713106e-01  5.000000e+00
     vertex  4.438256e+00 -6.102447e-01  2.000000e+00
     vertex  4.399588e+00 -5.713106e-01  2.000000e+00
   endloop
 endfacet
 facet normal  6.899286e-01  7.238775e-01  0.000000e+00
   outer loop
     vertex  4.399588e+00 -5.713106e-01  5.000000e+00
     vertex  4.399588e+00 -5.713106e-01  2.000000e+00
     vertex  4.359867e+00 -5.334520e-01  2.000000e+00
   endloop
 endfacet
 facet normal  7.095278e-01  7.046775e-01  0.000000e+00
   outer loop
     vertex  4.399588e+00 -5.713106e-01  5.000000e+00
     vertex  4.438256e+00 -6.102447e-01  5.000000e+00
     vertex  4.438256e+00 -6.102447e-01  2.000000e+00
   endloop
 endfacet
 facet normal  6.899286e-01  7.238775e-01  0.000000e+00
   outer loop
     vertex  4.359867e+00 -5.334520e-01  5.000000e+00
     vertex  4.399588e+00 -5.713106e-01  5.000000e+00
     vertex  4.359867e+00 -5.334520e-01  2.000000e+00
   endloop
 endfacet
 facet normal  6.698100e-01  7.425325e-01  0.000000e+00
   outer loop
     vertex  4.319121e+00 -4.966973e-01  5.000000e+00
     vertex  4.359867e+00 -5.334520e-01  2.000000e+00
     vertex  4.319121e+00 -4.966973e-01  2.000000e+00
   endloop
 endfacet
 facet normal  6.698100e-01  7.425325e-01  0.000000e+00
   outer loop
     vertex  4.319121e+00 -4.966973e-01  5.000000e+00
     vertex  4.359867e+00 -5.334520e-01  5.000000e+00
     vertex  4.359867e+00 -5.334520e-01  2.000000e+00
   endloop
 endfacet
 facet normal  6.491872e-01  7.606287e-01  0.000000e+00
   outer loop
     vertex  4.277383e+00 -4.610743e-01  5.000000e+00
     vertex  4.319121e+00 -4.966973e-01  2.000000e+00
     vertex  4.277383e+00 -4.610743e-01  2.000000e+00
   endloop
 endfacet
 facet normal  6.280757e-01  7.781522e-01  0.000000e+00
   outer loop
     vertex  4.277383e+00 -4.610743e-01  5.000000e+00
     vertex  4.277383e+00 -4.610743e-01  2.000000e+00
     vertex  4.234683e+00 -4.266098e-01  2.000000e+00
   endloop
 endfacet
 facet normal  6.491872e-01  7.606287e-01  0.000000e+00
   outer loop
     vertex  4.277383e+00 -4.610743e-01  5.000000e+00
     vertex  4.319121e+00 -4.966973e-01  5.000000e+00
     vertex  4.319121e+00 -4.966973e-01  2.000000e+00
   endloop
 endfacet
 facet normal  6.064915e-01  7.950900e-01  0.000000e+00
   outer loop
     vertex  4.234683e+00 -4.266098e-01  5.000000e+00
     vertex  4.234683e+00 -4.266098e-01  2.000000e+00
     vertex  4.191054e+00 -3.933296e-01  2.000000e+00
   endloop
 endfacet
 facet normal  6.280757e-01  7.781522e-01  0.000000e+00
   outer loop
     vertex  4.234683e+00 -4.266098e-01  5.000000e+00
     vertex  4.277383e+00 -4.610743e-01  5.000000e+00
     vertex  4.234683e+00 -4.266098e-01  2.000000e+00
   endloop
 endfacet
 facet normal  6.064915e-01  7.950900e-01  0.000000e+00
   outer loop
     vertex  4.191054e+00 -3.933296e-01  5.000000e+00
     vertex  4.234683e+00 -4.266098e-01  5.000000e+00
     vertex  4.191054e+00 -3.933296e-01  2.000000e+00
   endloop
 endfacet
 facet normal  5.844507e-01  8.114292e-01  0.000000e+00
   outer loop
     vertex  4.146528e+00 -3.612589e-01  5.000000e+00
     vertex  4.191054e+00 -3.933296e-01  5.000000e+00
     vertex  4.191054e+00 -3.933296e-01  2.000000e+00
   endloop
 endfacet
 facet normal  5.844507e-01  8.114292e-01  0.000000e+00
   outer loop
     vertex  4.146528e+00 -3.612589e-01  5.000000e+00
     vertex  4.191054e+00 -3.933296e-01  2.000000e+00
     vertex  4.146528e+00 -3.612589e-01  2.000000e+00
   endloop
 endfacet
 facet normal  5.619699e-01  8.271577e-01  0.000000e+00
   outer loop
     vertex  4.101140e+00 -3.304218e-01  5.000000e+00
     vertex  4.146528e+00 -3.612589e-01  2.000000e+00
     vertex  4.101140e+00 -3.304218e-01  2.000000e+00
   endloop
 endfacet
 facet normal  5.619699e-01  8.271577e-01  0.000000e+00
   outer loop
     vertex  4.101140e+00 -3.304218e-01  5.000000e+00
     vertex  4.146528e+00 -3.612589e-01  5.000000e+00
     vertex  4.146528e+00 -3.612589e-01  2.000000e+00
   endloop
 endfacet
 facet normal  5.390661e-01  8.422635e-01  0.000000e+00
   outer loop
     vertex  4.054922e+00 -3.008414e-01  5.000000e+00
     vertex  4.101140e+00 -3.304218e-01  5.000000e+00
     vertex  4.101140e+00 -3.304218e-01  2.000000e+00
   endloop
 endfacet
 facet normal  5.390661e-01  8.422635e-01  0.000000e+00
   outer loop
     vertex  4.054922e+00 -3.008414e-01  5.000000e+00
     vertex  4.101140e+00 -3.304218e-01  2.000000e+00
     vertex  4.054922e+00 -3.008414e-01  2.000000e+00
   endloop
 endfacet
 facet normal  5.157565e-01  8.567352e-01  0.000000e+00
   outer loop
     vertex  4.007910e+00 -2.725402e-01  5.000000e+00
     vertex  4.054922e+00 -3.008414e-01  5.000000e+00
     vertex  4.054922e+00 -3.008414e-01  2.000000e+00
   endloop
 endfacet
 facet normal  5.157565e-01  8.567352e-01  0.000000e+00
   outer loop
     vertex  4.007910e+00 -2.725402e-01  5.000000e+00
     vertex  4.054922e+00 -3.008414e-01  2.000000e+00
     vertex  4.007910e+00 -2.725402e-01  2.000000e+00
   endloop
 endfacet
 facet normal  4.920587e-01  8.705620e-01  0.000000e+00
   outer loop
     vertex  3.960139e+00 -2.455393e-01  5.000000e+00
     vertex  4.007910e+00 -2.725402e-01  5.000000e+00
     vertex  4.007910e+00 -2.725402e-01  2.000000e+00
   endloop
 endfacet
 facet normal  4.920587e-01  8.705620e-01  0.000000e+00
   outer loop
     vertex  3.960139e+00 -2.455393e-01  5.000000e+00
     vertex  4.007910e+00 -2.725402e-01  2.000000e+00
     vertex  3.960139e+00 -2.455393e-01  2.000000e+00
   endloop
 endfacet
 facet normal  4.679904e-01  8.837335e-01  0.000000e+00
   outer loop
     vertex  3.911646e+00 -2.198592e-01  5.000000e+00
     vertex  3.960139e+00 -2.455393e-01  5.000000e+00
     vertex  3.960139e+00 -2.455393e-01  2.000000e+00
   endloop
 endfacet
 facet normal  4.679904e-01  8.837335e-01  0.000000e+00
   outer loop
     vertex  3.911646e+00 -2.198592e-01  5.000000e+00
     vertex  3.960139e+00 -2.455393e-01  2.000000e+00
     vertex  3.911646e+00 -2.198592e-01  2.000000e+00
   endloop
 endfacet
 facet normal  4.435699e-01  8.962398e-01  0.000000e+00
   outer loop
     vertex  3.862467e+00 -1.955191e-01  5.000000e+00
     vertex  3.911646e+00 -2.198592e-01  5.000000e+00
     vertex  3.911646e+00 -2.198592e-01  2.000000e+00
   endloop
 endfacet
 facet normal  4.435699e-01  8.962398e-01  0.000000e+00
   outer loop
     vertex  3.862467e+00 -1.955191e-01  5.000000e+00
     vertex  3.911646e+00 -2.198592e-01  2.000000e+00
     vertex  3.862467e+00 -1.955191e-01  2.000000e+00
   endloop
 endfacet
 facet normal  4.188155e-01  9.080714e-01  0.000000e+00
   outer loop
     vertex  3.812638e+00 -1.725373e-01  5.000000e+00
     vertex  3.862467e+00 -1.955191e-01  5.000000e+00
     vertex  3.862467e+00 -1.955191e-01  2.000000e+00
   endloop
 endfacet
 facet normal  4.188155e-01  9.080714e-01  0.000000e+00
   outer loop
     vertex  3.812638e+00 -1.725373e-01  5.000000e+00
     vertex  3.862467e+00 -1.955191e-01  2.000000e+00
     vertex  3.812638e+00 -1.725373e-01  2.000000e+00
   endloop
 endfacet
 facet normal  3.937458e-01  9.192194e-01  0.000000e+00
   outer loop
     vertex  3.762197e+00 -1.509312e-01  5.000000e+00
     vertex  3.812638e+00 -1.725373e-01  5.000000e+00
     vertex  3.812638e+00 -1.725373e-01  2.000000e+00
   endloop
 endfacet
 facet normal  3.937458e-01  9.192194e-01  0.000000e+00
   outer loop
     vertex  3.762197e+00 -1.509312e-01  5.000000e+00
     vertex  3.812638e+00 -1.725373e-01  2.000000e+00
     vertex  3.762197e+00 -1.509312e-01  2.000000e+00
   endloop
 endfacet
 facet normal  3.683796e-01  9.296754e-01  0.000000e+00
   outer loop
     vertex  3.711183e+00 -1.307170e-01  5.000000e+00
     vertex  3.762197e+00 -1.509312e-01  5.000000e+00
     vertex  3.762197e+00 -1.509312e-01  2.000000e+00
   endloop
 endfacet
 facet normal  3.683796e-01  9.296754e-01  0.000000e+00
   outer loop
     vertex  3.711183e+00 -1.307170e-01  5.000000e+00
     vertex  3.762197e+00 -1.509312e-01  2.000000e+00
     vertex  3.711183e+00 -1.307170e-01  2.000000e+00
   endloop
 endfacet
 facet normal  3.427362e-01  9.394317e-01  0.000000e+00
   outer loop
     vertex  3.711183e+00 -1.307170e-01  5.000000e+00
     vertex  3.711183e+00 -1.307170e-01  2.000000e+00
     vertex  3.659633e+00 -1.119099e-01  2.000000e+00
   endloop
 endfacet
 facet normal  3.427362e-01  9.394317e-01  0.000000e+00
   outer loop
     vertex  3.659633e+00 -1.119099e-01  5.000000e+00
     vertex  3.711183e+00 -1.307170e-01  5.000000e+00
     vertex  3.659633e+00 -1.119099e-01  2.000000e+00
   endloop
 endfacet
 facet normal  3.168348e-01  9.484807e-01  0.000000e+00
   outer loop
     vertex  3.607587e+00 -9.452416e-02  5.000000e+00
     vertex  3.659633e+00 -1.119099e-01  5.000000e+00
     vertex  3.659633e+00 -1.119099e-01  2.000000e+00
   endloop
 endfacet
 facet normal  3.168348e-01  9.484807e-01  0.000000e+00
   outer loop
     vertex  3.607587e+00 -9.452416e-02  5.000000e+00
     vertex  3.659633e+00 -1.119099e-01  2.000000e+00
     vertex  3.607587e+00 -9.452416e-02  2.000000e+00
   endloop
 endfacet
 facet normal  2.906949e-01  9.568158e-01  0.000000e+00
   outer loop
     vertex  3.555083e+00 -7.857279e-02  5.000000e+00
     vertex  3.607587e+00 -9.452416e-02  5.000000e+00
     vertex  3.607587e+00 -9.452416e-02  2.000000e+00
   endloop
 endfacet
 facet normal  2.906949e-01  9.568158e-01  0.000000e+00
   outer loop
     vertex  3.555083e+00 -7.857279e-02  5.000000e+00
     vertex  3.607587e+00 -9.452416e-02  2.000000e+00
     vertex  3.555083e+00 -7.857279e-02  2.000000e+00
   endloop
 endfacet
 facet normal  2.643362e-01  9.644306e-01  0.000000e+00
   outer loop
     vertex  3.502162e+00 -6.406780e-02  5.000000e+00
     vertex  3.555083e+00 -7.857279e-02  5.000000e+00
     vertex  3.555083e+00 -7.857279e-02  2.000000e+00
   endloop
 endfacet
 facet normal  2.643362e-01  9.644306e-01  0.000000e+00
   outer loop
     vertex  3.502162e+00 -6.406780e-02  5.000000e+00
     vertex  3.555083e+00 -7.857279e-02  2.000000e+00
     vertex  3.502162e+00 -6.406780e-02  2.000000e+00
   endloop
 endfacet
 facet normal  2.377784e-01  9.713194e-01  0.000000e+00
   outer loop
     vertex  3.448862e+00 -5.102012e-02  5.000000e+00
     vertex  3.502162e+00 -6.406780e-02  5.000000e+00
     vertex  3.502162e+00 -6.406780e-02  2.000000e+00
   endloop
 endfacet
 facet normal  2.377784e-01  9.713194e-01  0.000000e+00
   outer loop
     vertex  3.448862e+00 -5.102012e-02  5.000000e+00
     vertex  3.502162e+00 -6.406780e-02  2.000000e+00
     vertex  3.448862e+00 -5.102012e-02  2.000000e+00
   endloop
 endfacet
 facet normal  2.110417e-01  9.774771e-01  0.000000e+00
   outer loop
     vertex  3.395225e+00 -3.943958e-02  5.000000e+00
     vertex  3.448862e+00 -5.102012e-02  5.000000e+00
     vertex  3.448862e+00 -5.102012e-02  2.000000e+00
   endloop
 endfacet
 facet normal  2.110417e-01  9.774771e-01  0.000000e+00
   outer loop
     vertex  3.395225e+00 -3.943958e-02  5.000000e+00
     vertex  3.448862e+00 -5.102012e-02  2.000000e+00
     vertex  3.395225e+00 -3.943958e-02  2.000000e+00
   endloop
 endfacet
 facet normal  1.841461e-01  9.828989e-01  0.000000e+00
   outer loop
     vertex  3.341290e+00 -2.933488e-02  5.000000e+00
     vertex  3.395225e+00 -3.943958e-02  5.000000e+00
     vertex  3.395225e+00 -3.943958e-02  2.000000e+00
   endloop
 endfacet
 facet normal  1.841461e-01  9.828989e-01  0.000000e+00
   outer loop
     vertex  3.341290e+00 -2.933488e-02  5.000000e+00
     vertex  3.395225e+00 -3.943958e-02  2.000000e+00
     vertex  3.341290e+00 -2.933488e-02  2.000000e+00
   endloop
 endfacet
 facet normal  1.571119e-01  9.875808e-01  0.000000e+00
   outer loop
     vertex  3.341290e+00 -2.933488e-02  5.000000e+00
     vertex  3.341290e+00 -2.933488e-02  2.000000e+00
     vertex  3.287098e+00 -2.071363e-02  2.000000e+00
   endloop
 endfacet
 facet normal  1.571119e-01  9.875808e-01  0.000000e+00
   outer loop
     vertex  3.287098e+00 -2.071363e-02  5.000000e+00
     vertex  3.341290e+00 -2.933488e-02  5.000000e+00
     vertex  3.287098e+00 -2.071363e-02  2.000000e+00
   endloop
 endfacet
 facet normal  1.299594e-01  9.915193e-01  0.000000e+00
   outer loop
     vertex  3.287098e+00 -2.071363e-02  5.000000e+00
     vertex  3.287098e+00 -2.071363e-02  2.000000e+00
     vertex  3.232690e+00 -1.358234e-02  2.000000e+00
   endloop
 endfacet
 facet normal  1.299594e-01  9.915193e-01  0.000000e+00
   outer loop
     vertex  3.232690e+00 -1.358234e-02  5.000000e+00
     vertex  3.287098e+00 -2.071363e-02  5.000000e+00
     vertex  3.232690e+00 -1.358234e-02  2.000000e+00
   endloop
 endfacet
 facet normal  1.027091e-01  9.947114e-01  0.000000e+00
   outer loop
     vertex  3.178107e+00 -7.946350e-03  5.000000e+00
     vertex  3.232690e+00 -1.358234e-02  5.000000e+00
     vertex  3.232690e+00 -1.358234e-02  2.000000e+00
   endloop
 endfacet
 facet normal  1.027091e-01  9.947114e-01  0.000000e+00
   outer loop
     vertex  3.178107e+00 -7.946350e-03  5.000000e+00
     vertex  3.232690e+00 -1.358234e-02  2.000000e+00
     vertex  3.178107e+00 -7.946350e-03  2.000000e+00
   endloop
 endfacet
 facet normal  7.538152e-02  9.971548e-01  0.000000e+00
   outer loop
     vertex  3.123390e+00 -3.809920e-03  5.000000e+00
     vertex  3.178107e+00 -7.946350e-03  5.000000e+00
     vertex  3.178107e+00 -7.946350e-03  2.000000e+00
   endloop
 endfacet
 facet normal  7.538152e-02  9.971548e-01  0.000000e+00
   outer loop
     vertex  3.123390e+00 -3.809920e-03  5.000000e+00
     vertex  3.178107e+00 -7.946350e-03  2.000000e+00
     vertex  3.123390e+00 -3.809920e-03  2.000000e+00
   endloop
 endfacet
 facet normal  4.799716e-02  9.988475e-01  0.000000e+00
   outer loop
     vertex  3.068580e+00 -1.176160e-03  5.000000e+00
     vertex  3.123390e+00 -3.809920e-03  5.000000e+00
     vertex  3.123390e+00 -3.809920e-03  2.000000e+00
   endloop
 endfacet
 facet normal  4.799716e-02  9.988475e-01  0.000000e+00
   outer loop
     vertex  3.068580e+00 -1.176160e-03  5.000000e+00
     vertex  3.123390e+00 -3.809920e-03  2.000000e+00
     vertex  3.068580e+00 -1.176160e-03  2.000000e+00
   endloop
 endfacet
 facet normal  2.057667e-02  9.997883e-01  0.000000e+00
   outer loop
     vertex  3.013719e+00 -4.705081e-05  5.000000e+00
     vertex  3.068580e+00 -1.176160e-03  2.000000e+00
     vertex  3.013719e+00 -4.705081e-05  2.000000e+00
   endloop
 endfacet
 facet normal  2.057667e-02  9.997883e-01  0.000000e+00
   outer loop
     vertex  3.013719e+00 -4.705081e-05  5.000000e+00
     vertex  3.068580e+00 -1.176160e-03  5.000000e+00
     vertex  3.068580e+00 -1.176160e-03  2.000000e+00
   endloop
 endfacet
 facet normal -6.859319e-03  9.999765e-01  0.000000e+00
   outer loop
     vertex  3.013719e+00 -4.705081e-05  5.000000e+00
     vertex  3.013719e+00 -4.705081e-05  2.000000e+00
     vertex  2.958847e+00 -4.234440e-04  2.000000e+00
   endloop
 endfacet
 facet normal -6.859319e-03  9.999765e-01  0.000000e+00
   outer loop
     vertex  2.958847e+00 -4.234440e-04  5.000000e+00
     vertex  3.013719e+00 -4.705081e-05  5.000000e+00
     vertex  2.958847e+00 -4.234440e-04  2.000000e+00
   endloop
 endfacet
 facet normal -3.429014e-02  9.994119e-01  0.000000e+00
   outer loop
     vertex  2.904006e+00 -2.305056e-03  5.000000e+00
     vertex  2.958847e+00 -4.234440e-04  2.000000e+00
     vertex  2.904006e+00 -2.305056e-03  2.000000e+00
   endloop
 endfacet
 facet normal -3.429014e-02  9.994119e-01  0.000000e+00
   outer loop
     vertex  2.904006e+00 -2.305056e-03  5.000000e+00
     vertex  2.958847e+00 -4.234440e-04  5.000000e+00
     vertex  2.958847e+00 -4.234440e-04  2.000000e+00
   endloop
 endfacet
 facet normal -6.169515e-02  9.980950e-01  0.000000e+00
   outer loop
     vertex  2.849237e+00 -5.690470e-03  5.000000e+00
     vertex  2.904006e+00 -2.305056e-03  2.000000e+00
     vertex  2.849237e+00 -5.690470e-03  2.000000e+00
   endloop
 endfacet
 facet normal -8.905371e-02  9.960268e-01  0.000000e+00
   outer loop
     vertex  2.849237e+00 -5.690470e-03  5.000000e+00
     vertex  2.849237e+00 -5.690470e-03  2.000000e+00
     vertex  2.794582e+00 -1.057714e-02  2.000000e+00
   endloop
 endfacet
 facet normal -6.169515e-02  9.980950e-01  0.000000e+00
   outer loop
     vertex  2.849237e+00 -5.690470e-03  5.000000e+00
     vertex  2.904006e+00 -2.305056e-03  5.000000e+00
     vertex  2.904006e+00 -2.305056e-03  2.000000e+00
   endloop
 endfacet
 facet normal -8.905371e-02  9.960268e-01  0.000000e+00
   outer loop
     vertex  2.794582e+00 -1.057714e-02  5.000000e+00
     vertex  2.849237e+00 -5.690470e-03  5.000000e+00
     vertex  2.794582e+00 -1.057714e-02  2.000000e+00
   endloop
 endfacet
 facet normal -1.163452e-01  9.932088e-01  0.000000e+00
   outer loop
     vertex  2.740081e+00 -1.696138e-02  5.000000e+00
     vertex  2.794582e+00 -1.057714e-02  5.000000e+00
     vertex  2.794582e+00 -1.057714e-02  2.000000e+00
   endloop
 endfacet
 facet normal -1.163452e-01  9.932088e-01  0.000000e+00
   outer loop
     vertex  2.740081e+00 -1.696138e-02  5.000000e+00
     vertex  2.794582e+00 -1.057714e-02  2.000000e+00
     vertex  2.740081e+00 -1.696138e-02  2.000000e+00
   endloop
 endfacet
 facet normal -1.435492e-01  9.896432e-01  0.000000e+00
   outer loop
     vertex  2.685776e+00 -2.483839e-02  5.000000e+00
     vertex  2.740081e+00 -1.696138e-02  5.000000e+00
     vertex  2.740081e+00 -1.696138e-02  2.000000e+00
   endloop
 endfacet
 facet normal -1.435492e-01  9.896432e-01  0.000000e+00
   outer loop
     vertex  2.685776e+00 -2.483839e-02  5.000000e+00
     vertex  2.740081e+00 -1.696138e-02  2.000000e+00
     vertex  2.685776e+00 -2.483839e-02  2.000000e+00
   endloop
 endfacet
 facet normal -1.706451e-01  9.853326e-01  0.000000e+00
   outer loop
     vertex  2.685776e+00 -2.483839e-02  5.000000e+00
     vertex  2.685776e+00 -2.483839e-02  2.000000e+00
     vertex  2.631708e+00 -3.420224e-02  2.000000e+00
   endloop
 endfacet
 facet normal -1.706451e-01  9.853326e-01  0.000000e+00
   outer loop
     vertex  2.631708e+00 -3.420224e-02  5.000000e+00
     vertex  2.685776e+00 -2.483839e-02  5.000000e+00
     vertex  2.631708e+00 -3.420224e-02  2.000000e+00
   endloop
 endfacet
 facet normal -1.976125e-01  9.802802e-01  0.000000e+00
   outer loop
     vertex  2.577917e+00 -4.504589e-02  5.000000e+00
     vertex  2.631708e+00 -3.420224e-02  5.000000e+00
     vertex  2.631708e+00 -3.420224e-02  2.000000e+00
   endloop
 endfacet
 facet normal -1.976125e-01  9.802802e-01  0.000000e+00
   outer loop
     vertex  2.577917e+00 -4.504589e-02  5.000000e+00
     vertex  2.631708e+00 -3.420224e-02  2.000000e+00
     vertex  2.577917e+00 -4.504589e-02  2.000000e+00
   endloop
 endfacet
 facet normal -2.244312e-01  9.744899e-01  0.000000e+00
   outer loop
     vertex  2.524443e+00 -5.736116e-02  5.000000e+00
     vertex  2.577917e+00 -4.504589e-02  5.000000e+00
     vertex  2.577917e+00 -4.504589e-02  2.000000e+00
   endloop
 endfacet
 facet normal -2.244312e-01  9.744899e-01  0.000000e+00
   outer loop
     vertex  2.524443e+00 -5.736116e-02  5.000000e+00
     vertex  2.577917e+00 -4.504589e-02  2.000000e+00
     vertex  2.524443e+00 -5.736116e-02  2.000000e+00
   endloop
 endfacet
 facet normal -2.510809e-01  9.679661e-01  0.000000e+00
   outer loop
     vertex  2.524443e+00 -5.736116e-02  5.000000e+00
     vertex  2.524443e+00 -5.736116e-02  2.000000e+00
     vertex  2.471328e+00 -7.113879e-02  2.000000e+00
   endloop
 endfacet
 facet normal -2.510809e-01  9.679661e-01  0.000000e+00
   outer loop
     vertex  2.471328e+00 -7.113879e-02  5.000000e+00
     vertex  2.524443e+00 -5.736116e-02  5.000000e+00
     vertex  2.471328e+00 -7.113879e-02  2.000000e+00
   endloop
 endfacet
 facet normal -2.775416e-01  9.607136e-01  0.000000e+00
   outer loop
     vertex  2.418610e+00 -8.636840e-02  5.000000e+00
     vertex  2.471328e+00 -7.113879e-02  5.000000e+00
     vertex  2.471328e+00 -7.113879e-02  2.000000e+00
   endloop
 endfacet
 facet normal -2.775416e-01  9.607136e-01  0.000000e+00
   outer loop
     vertex  2.418610e+00 -8.636840e-02  5.000000e+00
     vertex  2.471328e+00 -7.113879e-02  2.000000e+00
     vertex  2.418610e+00 -8.636840e-02  2.000000e+00
   endloop
 endfacet
 facet normal -3.037934e-01  9.527379e-01  0.000000e+00
   outer loop
     vertex  2.366330e+00 -1.030385e-01  5.000000e+00
     vertex  2.418610e+00 -8.636840e-02  5.000000e+00
     vertex  2.418610e+00 -8.636840e-02  2.000000e+00
   endloop
 endfacet
 facet normal -3.037934e-01  9.527379e-01  0.000000e+00
   outer loop
     vertex  2.366330e+00 -1.030385e-01  5.000000e+00
     vertex  2.418610e+00 -8.636840e-02  2.000000e+00
     vertex  2.366330e+00 -1.030385e-01  2.000000e+00
   endloop
 endfacet
 facet normal -3.298166e-01  9.440450e-01  0.000000e+00
   outer loop
     vertex  2.314528e+00 -1.211366e-01  5.000000e+00
     vertex  2.366330e+00 -1.030385e-01  5.000000e+00
     vertex  2.366330e+00 -1.030385e-01  2.000000e+00
   endloop
 endfacet
 facet normal -3.298166e-01  9.440450e-01  0.000000e+00
   outer loop
     vertex  2.314528e+00 -1.211366e-01  5.000000e+00
     vertex  2.366330e+00 -1.030385e-01  2.000000e+00
     vertex  2.314528e+00 -1.211366e-01  2.000000e+00
   endloop
 endfacet
 facet normal -3.555914e-01  9.346415e-01  0.000000e+00
   outer loop
     vertex  2.314528e+00 -1.211366e-01  5.000000e+00
     vertex  2.314528e+00 -1.211366e-01  2.000000e+00
     vertex  2.263241e+00 -1.406491e-01  2.000000e+00
   endloop
 endfacet
 facet normal -3.555914e-01  9.346415e-01  0.000000e+00
   outer loop
     vertex  2.263241e+00 -1.406491e-01  5.000000e+00
     vertex  2.314528e+00 -1.211366e-01  5.000000e+00
     vertex  2.263241e+00 -1.406491e-01  2.000000e+00
   endloop
 endfacet
 facet normal -4.063188e-01  9.137314e-01  0.000000e+00
   outer loop
     vertex  2.212508e+00 -1.615612e-01  5.000000e+00
     vertex  2.212508e+00 -1.615612e-01  2.000000e+00
     vertex  2.162369e+00 -1.838573e-01  2.000000e+00
   endloop
 endfacet
 facet normal -3.810986e-01  9.245344e-01  0.000000e+00
   outer loop
     vertex  2.212508e+00 -1.615612e-01  5.000000e+00
     vertex  2.263241e+00 -1.406491e-01  5.000000e+00
     vertex  2.263241e+00 -1.406491e-01  2.000000e+00
   endloop
 endfacet
 facet normal -3.810986e-01  9.245344e-01  0.000000e+00
   outer loop
     vertex  2.212508e+00 -1.615612e-01  5.000000e+00
     vertex  2.263241e+00 -1.406491e-01  2.000000e+00
     vertex  2.212508e+00 -1.615612e-01  2.000000e+00
   endloop
 endfacet
 facet normal -4.063188e-01  9.137314e-01  0.000000e+00
   outer loop
     vertex  2.162369e+00 -1.838573e-01  5.000000e+00
     vertex  2.212508e+00 -1.615612e-01  5.000000e+00
     vertex  2.162369e+00 -1.838573e-01  2.000000e+00
   endloop
 endfacet
 facet normal -4.312333e-01  9.022405e-01  0.000000e+00
   outer loop
     vertex  2.112860e+00 -2.075204e-01  5.000000e+00
     vertex  2.162369e+00 -1.838573e-01  2.000000e+00
     vertex  2.112860e+00 -2.075204e-01  2.000000e+00
   endloop
 endfacet
 facet normal -4.312333e-01  9.022405e-01  0.000000e+00
   outer loop
     vertex  2.112860e+00 -2.075204e-01  5.000000e+00
     vertex  2.162369e+00 -1.838573e-01  5.000000e+00
     vertex  2.162369e+00 -1.838573e-01  2.000000e+00
   endloop
 endfacet
 facet normal -4.558231e-01  8.900704e-01  0.000000e+00
   outer loop
     vertex  2.064019e+00 -2.325329e-01  5.000000e+00
     vertex  2.112860e+00 -2.075204e-01  2.000000e+00
     vertex  2.064019e+00 -2.325329e-01  2.000000e+00
   endloop
 endfacet
 facet normal -4.800697e-01  8.772303e-01  0.000000e+00
   outer loop
     vertex  2.064019e+00 -2.325329e-01  5.000000e+00
     vertex  2.064019e+00 -2.325329e-01  2.000000e+00
     vertex  2.015883e+00 -2.588759e-01  2.000000e+00
   endloop
 endfacet
 facet normal -4.558231e-01  8.900704e-01  0.000000e+00
   outer loop
     vertex  2.064019e+00 -2.325329e-01  5.000000e+00
     vertex  2.112860e+00 -2.075204e-01  5.000000e+00
     vertex  2.112860e+00 -2.075204e-01  2.000000e+00
   endloop
 endfacet
 facet normal -4.800697e-01  8.772303e-01  0.000000e+00
   outer loop
     vertex  2.015883e+00 -2.588759e-01  5.000000e+00
     vertex  2.064019e+00 -2.325329e-01  5.000000e+00
     vertex  2.015883e+00 -2.588759e-01  2.000000e+00
   endloop
 endfacet
 facet normal -5.039550e-01  8.637299e-01  0.000000e+00
   outer loop
     vertex  1.968487e+00 -2.865296e-01  5.000000e+00
     vertex  2.015883e+00 -2.588759e-01  2.000000e+00
     vertex  1.968487e+00 -2.865296e-01  2.000000e+00
   endloop
 endfacet
 facet normal -5.039550e-01  8.637299e-01  0.000000e+00
   outer loop
     vertex  1.968487e+00 -2.865296e-01  5.000000e+00
     vertex  2.015883e+00 -2.588759e-01  5.000000e+00
     vertex  2.015883e+00 -2.588759e-01  2.000000e+00
   endloop
 endfacet
 facet normal -5.274609e-01  8.495793e-01  0.000000e+00
   outer loop
     vertex  1.921868e+00 -3.154731e-01  5.000000e+00
     vertex  1.968487e+00 -2.865296e-01  2.000000e+00
     vertex  1.921868e+00 -3.154731e-01  2.000000e+00
   endloop
 endfacet
 facet normal -5.505698e-01  8.347891e-01  0.000000e+00
   outer loop
     vertex  1.921868e+00 -3.154731e-01  5.000000e+00
     vertex  1.921868e+00 -3.154731e-01  2.000000e+00
     vertex  1.876060e+00 -3.456846e-01  2.000000e+00
   endloop
 endfacet
 facet normal -5.274609e-01  8.495793e-01  0.000000e+00
   outer loop
     vertex  1.921868e+00 -3.154731e-01  5.000000e+00
     vertex  1.968487e+00 -2.865296e-01  5.000000e+00
     vertex  1.968487e+00 -2.865296e-01  2.000000e+00
   endloop
 endfacet
 facet normal -5.505698e-01  8.347891e-01  0.000000e+00
   outer loop
     vertex  1.876060e+00 -3.456846e-01  5.000000e+00
     vertex  1.921868e+00 -3.154731e-01  5.000000e+00
     vertex  1.876060e+00 -3.456846e-01  2.000000e+00
   endloop
 endfacet
 facet normal -5.732642e-01  8.193706e-01  0.000000e+00
   outer loop
     vertex  1.831099e+00 -3.771415e-01  5.000000e+00
     vertex  1.876060e+00 -3.456846e-01  2.000000e+00
     vertex  1.831099e+00 -3.771415e-01  2.000000e+00
   endloop
 endfacet
 facet normal -5.732642e-01  8.193706e-01  0.000000e+00
   outer loop
     vertex  1.831099e+00 -3.771415e-01  5.000000e+00
     vertex  1.876060e+00 -3.456846e-01  5.000000e+00
     vertex  1.876060e+00 -3.456846e-01  2.000000e+00
   endloop
 endfacet
 facet normal -5.955271e-01  8.033352e-01  0.000000e+00
   outer loop
     vertex  1.787017e+00 -4.098200e-01  5.000000e+00
     vertex  1.831099e+00 -3.771415e-01  2.000000e+00
     vertex  1.787017e+00 -4.098200e-01  2.000000e+00
   endloop
 endfacet
 facet normal -6.173417e-01  7.866951e-01  0.000000e+00
   outer loop
     vertex  1.787017e+00 -4.098200e-01  5.000000e+00
     vertex  1.787017e+00 -4.098200e-01  2.000000e+00
     vertex  1.743849e+00 -4.436956e-01  2.000000e+00
   endloop
 endfacet
 facet normal -5.955271e-01  8.033352e-01  0.000000e+00
   outer loop
     vertex  1.787017e+00 -4.098200e-01  5.000000e+00
     vertex  1.831099e+00 -3.771415e-01  5.000000e+00
     vertex  1.831099e+00 -3.771415e-01  2.000000e+00
   endloop
 endfacet
 facet normal -6.173417e-01  7.866951e-01  0.000000e+00
   outer loop
     vertex  1.743849e+00 -4.436956e-01  5.000000e+00
     vertex  1.787017e+00 -4.098200e-01  5.000000e+00
     vertex  1.743849e+00 -4.436956e-01  2.000000e+00
   endloop
 endfacet
 facet normal -6.386916e-01  7.694628e-01  0.000000e+00
   outer loop
     vertex  1.701626e+00 -4.787427e-01  5.000000e+00
     vertex  1.743849e+00 -4.436956e-01  2.000000e+00
     vertex  1.701626e+00 -4.787427e-01  2.000000e+00
   endloop
 endfacet
 facet normal -6.386916e-01  7.694628e-01  0.000000e+00
   outer loop
     vertex  1.701626e+00 -4.787427e-01  5.000000e+00
     vertex  1.743849e+00 -4.436956e-01  5.000000e+00
     vertex  1.743849e+00 -4.436956e-01  2.000000e+00
   endloop
 endfacet
 facet normal -6.595607e-01  7.516513e-01  0.000000e+00
   outer loop
     vertex  1.660380e+00 -5.149349e-01  5.000000e+00
     vertex  1.701626e+00 -4.787427e-01  2.000000e+00
     vertex  1.660380e+00 -5.149349e-01  2.000000e+00
   endloop
 endfacet
 facet normal -6.595607e-01  7.516513e-01  0.000000e+00
   outer loop
     vertex  1.660380e+00 -5.149349e-01  5.000000e+00
     vertex  1.701626e+00 -4.787427e-01  5.000000e+00
     vertex  1.701626e+00 -4.787427e-01  2.000000e+00
   endloop
 endfacet
 facet normal -6.799333e-01  7.332740e-01  0.000000e+00
   outer loop
     vertex  1.620143e+00 -5.522451e-01  5.000000e+00
     vertex  1.660380e+00 -5.149349e-01  2.000000e+00
     vertex  1.620143e+00 -5.522451e-01  2.000000e+00
   endloop
 endfacet
 facet normal -6.997940e-01  7.143447e-01  0.000000e+00
   outer loop
     vertex  1.620143e+00 -5.522451e-01  5.000000e+00
     vertex  1.620143e+00 -5.522451e-01  2.000000e+00
     vertex  1.580944e+00 -5.906451e-01  2.000000e+00
   endloop
 endfacet
 facet normal -6.799333e-01  7.332740e-01  0.000000e+00
   outer loop
     vertex  1.620143e+00 -5.522451e-01  5.000000e+00
     vertex  1.660380e+00 -5.149349e-01  5.000000e+00
     vertex  1.660380e+00 -5.149349e-01  2.000000e+00
   endloop
 endfacet
 facet normal -6.997940e-01  7.143447e-01  0.000000e+00
   outer loop
     vertex  1.580944e+00 -5.906451e-01  5.000000e+00
     vertex  1.620143e+00 -5.522451e-01  5.000000e+00
     vertex  1.580944e+00 -5.906451e-01  2.000000e+00
   endloop
 endfacet
 facet normal -7.191280e-01  6.948776e-01  0.000000e+00
   outer loop
     vertex  1.580944e+00 -5.906451e-01  5.000000e+00
     vertex  1.580944e+00 -5.906451e-01  2.000000e+00
     vertex  1.542814e+00 -6.301060e-01  2.000000e+00
   endloop
 endfacet
 facet normal -7.191280e-01  6.948776e-01  0.000000e+00
   outer loop
     vertex  1.542814e+00 -6.301060e-01  5.000000e+00
     vertex  1.580944e+00 -5.906451e-01  5.000000e+00
     vertex  1.542814e+00 -6.301060e-01  2.000000e+00
   endloop
 endfacet
 facet normal -7.379206e-01  6.748875e-01  0.000000e+00
   outer loop
     vertex  1.542814e+00 -6.301060e-01  5.000000e+00
     vertex  1.542814e+00 -6.301060e-01  2.000000e+00
     vertex  1.505781e+00 -6.705981e-01  2.000000e+00
   endloop
 endfacet
 facet normal -7.379206e-01  6.748875e-01  0.000000e+00
   outer loop
     vertex  1.505781e+00 -6.705981e-01  5.000000e+00
     vertex  1.542814e+00 -6.301060e-01  5.000000e+00
     vertex  1.505781e+00 -6.705981e-01  2.000000e+00
   endloop
 endfacet
 facet normal -7.561578e-01  6.543893e-01  0.000000e+00
   outer loop
     vertex  1.469873e+00 -7.120909e-01  5.000000e+00
     vertex  1.505781e+00 -6.705981e-01  5.000000e+00
     vertex  1.505781e+00 -6.705981e-01  2.000000e+00
   endloop
 endfacet
 facet normal -7.561578e-01  6.543893e-01  0.000000e+00
   outer loop
     vertex  1.469873e+00 -7.120909e-01  5.000000e+00
     vertex  1.505781e+00 -6.705981e-01  2.000000e+00
     vertex  1.469873e+00 -7.120909e-01  2.000000e+00
   endloop
 endfacet
 facet normal -7.738257e-01  6.333986e-01  0.000000e+00
   outer loop
     vertex  1.469873e+00 -7.120909e-01  5.000000e+00
     vertex  1.469873e+00 -7.120909e-01  2.000000e+00
     vertex  1.435116e+00 -7.545532e-01  2.000000e+00
   endloop
 endfacet
 facet normal -7.738257e-01  6.333986e-01  0.000000e+00
   outer loop
     vertex  1.435116e+00 -7.545532e-01  5.000000e+00
     vertex  1.469873e+00 -7.120909e-01  5.000000e+00
     vertex  1.435116e+00 -7.545532e-01  2.000000e+00
   endloop
 endfacet
 facet normal -7.909112e-01  6.119310e-01  0.000000e+00
   outer loop
     vertex  1.401537e+00 -7.979531e-01  5.000000e+00
     vertex  1.435116e+00 -7.545532e-01  2.000000e+00
     vertex  1.401537e+00 -7.979531e-01  2.000000e+00
   endloop
 endfacet
 facet normal -7.909112e-01  6.119310e-01  0.000000e+00
   outer loop
     vertex  1.401537e+00 -7.979531e-01  5.000000e+00
     vertex  1.435116e+00 -7.545532e-01  5.000000e+00
     vertex  1.435116e+00 -7.545532e-01  2.000000e+00
   endloop
 endfacet
 facet normal -8.074012e-01  5.900028e-01  0.000000e+00
   outer loop
     vertex  1.369162e+00 -8.422579e-01  5.000000e+00
     vertex  1.401537e+00 -7.979531e-01  5.000000e+00
     vertex  1.401537e+00 -7.979531e-01  2.000000e+00
   endloop
 endfacet
 facet normal -8.074012e-01  5.900028e-01  0.000000e+00
   outer loop
     vertex  1.369162e+00 -8.422579e-01  5.000000e+00
     vertex  1.401537e+00 -7.979531e-01  2.000000e+00
     vertex  1.369162e+00 -8.422579e-01  2.000000e+00
   endloop
 endfacet
 facet normal -8.232835e-01  5.676304e-01  0.000000e+00
   outer loop
     vertex  1.369162e+00 -8.422579e-01  5.000000e+00
     vertex  1.369162e+00 -8.422579e-01  2.000000e+00
     vertex  1.338014e+00 -8.874341e-01  2.000000e+00
   endloop
 endfacet
 facet normal -8.385460e-01  5.448308e-01  0.000000e+00
   outer loop
     vertex  1.338014e+00 -8.874341e-01  5.000000e+00
     vertex  1.338014e+00 -8.874341e-01  2.000000e+00
     vertex  1.308117e+00 -9.334479e-01  2.000000e+00
   endloop
 endfacet
 facet normal -8.232835e-01  5.676304e-01  0.000000e+00
   outer loop
     vertex  1.338014e+00 -8.874341e-01  5.000000e+00
     vertex  1.369162e+00 -8.422579e-01  5.000000e+00
     vertex  1.338014e+00 -8.874341e-01  2.000000e+00
   endloop
 endfacet
 facet normal -8.385460e-01  5.448308e-01  0.000000e+00
   outer loop
     vertex  1.308117e+00 -9.334479e-01  5.000000e+00
     vertex  1.338014e+00 -8.874341e-01  5.000000e+00
     vertex  1.308117e+00 -9.334479e-01  2.000000e+00
   endloop
 endfacet
 facet normal -8.531773e-01  5.216210e-01  0.000000e+00
   outer loop
     vertex  1.279494e+00 -9.802645e-01  5.000000e+00
     vertex  1.308117e+00 -9.334479e-01  2.000000e+00
     vertex  1.279494e+00 -9.802645e-01  2.000000e+00
   endloop
 endfacet
 facet normal -8.671664e-01  4.980186e-01  0.000000e+00
   outer loop
     vertex  1.279494e+00 -9.802645e-01  5.000000e+00
     vertex  1.279494e+00 -9.802645e-01  2.000000e+00
     vertex  1.252167e+00 -1.027849e+00  2.000000e+00
   endloop
 endfacet
 facet normal -8.531773e-01  5.216210e-01  0.000000e+00
   outer loop
     vertex  1.279494e+00 -9.802645e-01  5.000000e+00
     vertex  1.308117e+00 -9.334479e-01  5.000000e+00
     vertex  1.308117e+00 -9.334479e-01  2.000000e+00
   endloop
 endfacet
 facet normal -8.671664e-01  4.980186e-01  0.000000e+00
   outer loop
     vertex  1.252167e+00 -1.027849e+00  5.000000e+00
     vertex  1.279494e+00 -9.802645e-01  5.000000e+00
     vertex  1.252167e+00 -1.027849e+00  2.000000e+00
   endloop
 endfacet
 facet normal -8.805026e-01  4.740412e-01  0.000000e+00
   outer loop
     vertex  1.226154e+00 -1.076165e+00  5.000000e+00
     vertex  1.252167e+00 -1.027849e+00  2.000000e+00
     vertex  1.226154e+00 -1.076165e+00  2.000000e+00
   endloop
 endfacet
 facet normal -8.805026e-01  4.740412e-01  0.000000e+00
   outer loop
     vertex  1.226154e+00 -1.076165e+00  5.000000e+00
     vertex  1.252167e+00 -1.027849e+00  5.000000e+00
     vertex  1.252167e+00 -1.027849e+00  2.000000e+00
   endloop
 endfacet
 facet normal -8.931761e-01  4.497071e-01  0.000000e+00
   outer loop
     vertex  1.201477e+00 -1.125176e+00  5.000000e+00
     vertex  1.226154e+00 -1.076165e+00  2.000000e+00
     vertex  1.201477e+00 -1.125176e+00  2.000000e+00
   endloop
 endfacet
 facet normal -9.051772e-01  4.250344e-01  0.000000e+00
   outer loop
     vertex  1.201477e+00 -1.125176e+00  5.000000e+00
     vertex  1.201477e+00 -1.125176e+00  2.000000e+00
     vertex  1.178154e+00 -1.174846e+00  2.000000e+00
   endloop
 endfacet
 facet normal -8.931761e-01  4.497071e-01  0.000000e+00
   outer loop
     vertex  1.201477e+00 -1.125176e+00  5.000000e+00
     vertex  1.226154e+00 -1.076165e+00  5.000000e+00
     vertex  1.226154e+00 -1.076165e+00  2.000000e+00
   endloop
 endfacet
 facet normal -9.051772e-01  4.250344e-01  0.000000e+00
   outer loop
     vertex  1.178154e+00 -1.174846e+00  5.000000e+00
     vertex  1.201477e+00 -1.125176e+00  5.000000e+00
     vertex  1.178154e+00 -1.174846e+00  2.000000e+00
   endloop
 endfacet
 facet normal -9.164969e-01  4.000417e-01  0.000000e+00
   outer loop
     vertex  1.156203e+00 -1.225137e+00  5.000000e+00
     vertex  1.178154e+00 -1.174846e+00  2.000000e+00
     vertex  1.156203e+00 -1.225137e+00  2.000000e+00
   endloop
 endfacet
 facet normal -9.164969e-01  4.000417e-01  0.000000e+00
   outer loop
     vertex  1.156203e+00 -1.225137e+00  5.000000e+00
     vertex  1.178154e+00 -1.174846e+00  5.000000e+00
     vertex  1.178154e+00 -1.174846e+00  2.000000e+00
   endloop
 endfacet
 facet normal -9.271267e-01  3.747479e-01  0.000000e+00
   outer loop
     vertex  1.135639e+00 -1.276012e+00  5.000000e+00
     vertex  1.156203e+00 -1.225137e+00  2.000000e+00
     vertex  1.135639e+00 -1.276012e+00  2.000000e+00
   endloop
 endfacet
 facet normal -9.370586e-01  3.491720e-01  0.000000e+00
   outer loop
     vertex  1.135639e+00 -1.276012e+00  5.000000e+00
     vertex  1.135639e+00 -1.276012e+00  2.000000e+00
     vertex  1.116479e+00 -1.327431e+00  2.000000e+00
   endloop
 endfacet
 facet normal -9.271267e-01  3.747479e-01  0.000000e+00
   outer loop
     vertex  1.135639e+00 -1.276012e+00  5.000000e+00
     vertex  1.156203e+00 -1.225137e+00  5.000000e+00
     vertex  1.156203e+00 -1.225137e+00  2.000000e+00
   endloop
 endfacet
 facet normal -9.370586e-01  3.491720e-01  0.000000e+00
   outer loop
     vertex  1.116479e+00 -1.327431e+00  5.000000e+00
     vertex  1.135639e+00 -1.276012e+00  5.000000e+00
     vertex  1.116479e+00 -1.327431e+00  2.000000e+00
   endloop
 endfacet
 facet normal -9.462851e-01  3.233333e-01  0.000000e+00
   outer loop
     vertex  1.098737e+00 -1.379357e+00  5.000000e+00
     vertex  1.116479e+00 -1.327431e+00  2.000000e+00
     vertex  1.098737e+00 -1.379357e+00  2.000000e+00
   endloop
 endfacet
 facet normal -9.462851e-01  3.233333e-01  0.000000e+00
   outer loop
     vertex  1.098737e+00 -1.379357e+00  5.000000e+00
     vertex  1.116479e+00 -1.327431e+00  5.000000e+00
     vertex  1.116479e+00 -1.327431e+00  2.000000e+00
   endloop
 endfacet
 facet normal -9.547993e-01  2.972512e-01  0.000000e+00
   outer loop
     vertex  1.082425e+00 -1.431750e+00  5.000000e+00
     vertex  1.098737e+00 -1.379357e+00  2.000000e+00
     vertex  1.082425e+00 -1.431750e+00  2.000000e+00
   endloop
 endfacet
 facet normal -9.625948e-01  2.709453e-01  0.000000e+00
   outer loop
     vertex  1.082425e+00 -1.431750e+00  5.000000e+00
     vertex  1.082425e+00 -1.431750e+00  2.000000e+00
     vertex  1.067558e+00 -1.484571e+00  2.000000e+00
   endloop
 endfacet
 facet normal -9.547993e-01  2.972512e-01  0.000000e+00
   outer loop
     vertex  1.082425e+00 -1.431750e+00  5.000000e+00
     vertex  1.098737e+00 -1.379357e+00  5.000000e+00
     vertex  1.098737e+00 -1.379357e+00  2.000000e+00
   endloop
 endfacet
 facet normal -9.625948e-01  2.709453e-01  0.000000e+00
   outer loop
     vertex  1.067558e+00 -1.484571e+00  5.000000e+00
     vertex  1.082425e+00 -1.431750e+00  5.000000e+00
     vertex  1.067558e+00 -1.484571e+00  2.000000e+00
   endloop
 endfacet
 facet normal -9.696656e-01  2.444354e-01  0.000000e+00
   outer loop
     vertex  1.054145e+00 -1.537780e+00  5.000000e+00
     vertex  1.067558e+00 -1.484571e+00  2.000000e+00
     vertex  1.054145e+00 -1.537780e+00  2.000000e+00
   endloop
 endfacet
 facet normal -9.696656e-01  2.444354e-01  0.000000e+00
   outer loop
     vertex  1.054145e+00 -1.537780e+00  5.000000e+00
     vertex  1.067558e+00 -1.484571e+00  5.000000e+00
     vertex  1.067558e+00 -1.484571e+00  2.000000e+00
   endloop
 endfacet
 facet normal -9.760065e-01  2.177416e-01  0.000000e+00
   outer loop
     vertex  1.042197e+00 -1.591336e+00  5.000000e+00
     vertex  1.054145e+00 -1.537780e+00  2.000000e+00
     vertex  1.042197e+00 -1.591336e+00  2.000000e+00
   endloop
 endfacet
 facet normal -9.816126e-01  1.908838e-01  0.000000e+00
   outer loop
     vertex  1.042197e+00 -1.591336e+00  5.000000e+00
     vertex  1.042197e+00 -1.591336e+00  2.000000e+00
     vertex  1.031722e+00 -1.645200e+00  2.000000e+00
   endloop
 endfacet
 facet normal -9.760065e-01  2.177416e-01  0.000000e+00
   outer loop
     vertex  1.042197e+00 -1.591336e+00  5.000000e+00
     vertex  1.054145e+00 -1.537780e+00  5.000000e+00
     vertex  1.054145e+00 -1.537780e+00  2.000000e+00
   endloop
 endfacet
 facet normal -9.816126e-01  1.908838e-01  0.000000e+00
   outer loop
     vertex  1.031722e+00 -1.645200e+00  5.000000e+00
     vertex  1.042197e+00 -1.591336e+00  5.000000e+00
     vertex  1.031722e+00 -1.645200e+00  2.000000e+00
   endloop
 endfacet
 facet normal -9.864799e-01  1.638824e-01  0.000000e+00
   outer loop
     vertex  1.022729e+00 -1.699332e+00  5.000000e+00
     vertex  1.031722e+00 -1.645200e+00  2.000000e+00
     vertex  1.022729e+00 -1.699332e+00  2.000000e+00
   endloop
 endfacet
 facet normal -9.864799e-01  1.638824e-01  0.000000e+00
   outer loop
     vertex  1.022729e+00 -1.699332e+00  5.000000e+00
     vertex  1.031722e+00 -1.645200e+00  5.000000e+00
     vertex  1.031722e+00 -1.645200e+00  2.000000e+00
   endloop
 endfacet
 facet normal -9.906046e-01  1.367575e-01  0.000000e+00
   outer loop
     vertex  1.015225e+00 -1.753690e+00  5.000000e+00
     vertex  1.022729e+00 -1.699332e+00  2.000000e+00
     vertex  1.015225e+00 -1.753690e+00  2.000000e+00
   endloop
 endfacet
 facet normal -9.939835e-01  1.095298e-01  0.000000e+00
   outer loop
     vertex  1.015225e+00 -1.753690e+00  5.000000e+00
     vertex  1.015225e+00 -1.753690e+00  2.000000e+00
     vertex  1.009215e+00 -1.808233e+00  2.000000e+00
   endloop
 endfacet
 facet normal -9.906046e-01  1.367575e-01  0.000000e+00
   outer loop
     vertex  1.015225e+00 -1.753690e+00  5.000000e+00
     vertex  1.022729e+00 -1.699332e+00  5.000000e+00
     vertex  1.022729e+00 -1.699332e+00  2.000000e+00
   endloop
 endfacet
 facet normal -9.939835e-01  1.095298e-01  0.000000e+00
   outer loop
     vertex  1.009215e+00 -1.808233e+00  5.000000e+00
     vertex  1.015225e+00 -1.753690e+00  5.000000e+00
     vertex  1.009215e+00 -1.808233e+00  2.000000e+00
   endloop
 endfacet
 facet normal -9.966142e-01  8.221955e-02  0.000000e+00
   outer loop
     vertex  1.004703e+00 -1.862920e+00  5.000000e+00
     vertex  1.009215e+00 -1.808233e+00  5.000000e+00
     vertex  1.009215e+00 -1.808233e+00  2.000000e+00
   endloop
 endfacet
 facet normal -9.966142e-01  8.221955e-02  0.000000e+00
   outer loop
     vertex  1.004703e+00 -1.862920e+00  5.000000e+00
     vertex  1.009215e+00 -1.808233e+00  2.000000e+00
     vertex  1.004703e+00 -1.862920e+00  2.000000e+00
   endloop
 endfacet
 facet normal -9.984947e-01  5.484744e-02  0.000000e+00
   outer loop
     vertex  1.004703e+00 -1.862920e+00  5.000000e+00
     vertex  1.004703e+00 -1.862920e+00  2.000000e+00
     vertex  1.001694e+00 -1.917711e+00  2.000000e+00
   endloop
 endfacet
 facet normal -9.984947e-01  5.484744e-02  0.000000e+00
   outer loop
     vertex  1.001694e+00 -1.917711e+00  5.000000e+00
     vertex  1.004703e+00 -1.862920e+00  5.000000e+00
     vertex  1.001694e+00 -1.917711e+00  2.000000e+00
   endloop
 endfacet
 facet normal -9.996236e-01  2.743405e-02  0.000000e+00
   outer loop
     vertex  1.001694e+00 -1.917711e+00  5.000000e+00
     vertex  1.001694e+00 -1.917711e+00  2.000000e+00
     vertex  1.000188e+00 -1.972563e+00  2.000000e+00
   endloop
 endfacet
 facet normal -9.996236e-01  2.743405e-02  0.000000e+00
   outer loop
     vertex  1.000188e+00 -1.972563e+00  5.000000e+00
     vertex  1.001694e+00 -1.917711e+00  5.000000e+00
     vertex  1.000188e+00 -1.972563e+00  2.000000e+00
   endloop
 endfacet
 facet normal -1.000000e+00 -4.046499e-15 -0.000000e+00
   outer loop
     vertex  1.000188e+00 -1.972563e+00  5.000000e+00
     vertex  1.000188e+00 -1.972563e+00  2.000000e+00
     vertex  1.000188e+00 -2.027437e+00  2.000000e+00
   endloop
 endfacet
 facet normal -1.000000e+00 -4.046499e-15 -0.000000e+00
   outer loop
     vertex  1.000188e+00 -2.027437e+00  5.000000e+00
     vertex  1.000188e+00 -1.972563e+00  5.000000e+00
     vertex  1.000188e+00 -2.027437e+00  2.000000e+00
   endloop
 endfacet
 facet normal -9.996236e-01 -2.743405e-02  0.000000e+00
   outer loop
     vertex  1.001694e+00 -2.082289e+00  5.000000e+00
     vertex  1.000188e+00 -2.027437e+00  5.000000e+00
     vertex  1.000188e+00 -2.027437e+00  2.000000e+00
   endloop
 endfacet
 facet normal -9.996236e-01 -2.743405e-02 -0.000000e+00
   outer loop
     vertex  1.001694e+00 -2.082289e+00  5.000000e+00
     vertex  1.000188e+00 -2.027437e+00  2.000000e+00
     vertex  1.001694e+00 -2.082289e+00  2.000000e+00
   endloop
 endfacet
 facet normal -9.984947e-01 -5.484744e-02  0.000000e+00
   outer loop
     vertex  1.004703e+00 -2.137080e+00  5.000000e+00
     vertex  1.001694e+00 -2.082289e+00  5.000000e+00
     vertex  1.001694e+00 -2.082289e+00  2.000000e+00
   endloop
 endfacet
 facet normal -9.984947e-01 -5.484744e-02 -0.000000e+00
   outer loop
     vertex  1.004703e+00 -2.137080e+00  5.000000e+00
     vertex  1.001694e+00 -2.082289e+00  2.000000e+00
     vertex  1.004703e+00 -2.137080e+00  2.000000e+00
   endloop
 endfacet
 facet normal -9.966142e-01 -8.221955e-02  0.000000e+00
   outer loop
     vertex  1.009215e+00 -2.191767e+00  5.000000e+00
     vertex  1.004703e+00 -2.137080e+00  5.000000e+00
     vertex  1.004703e+00 -2.137080e+00  2.000000e+00
   endloop
 endfacet
 facet normal -9.966142e-01 -8.221955e-02 -0.000000e+00
   outer loop
     vertex  1.009215e+00 -2.191767e+00  5.000000e+00
     vertex  1.004703e+00 -2.137080e+00  2.000000e+00
     vertex  1.009215e+00 -2.191767e+00  2.000000e+00
   endloop
 endfacet
 facet normal -9.939835e-01 -1.095298e-01 -0.000000e+00
   outer loop
     vertex  1.009215e+00 -2.191767e+00  5.000000e+00
     vertex  1.009215e+00 -2.191767e+00  2.000000e+00
     vertex  1.015225e+00 -2.246310e+00  2.000000e+00
   endloop
 endfacet
 facet normal -9.939835e-01 -1.095298e-01 -0.000000e+00
   outer loop
     vertex  1.015225e+00 -2.246310e+00  5.000000e+00
     vertex  1.009215e+00 -2.191767e+00  5.000000e+00
     vertex  1.015225e+00 -2.246310e+00  2.000000e+00
   endloop
 endfacet
 facet normal -9.906046e-01 -1.367575e-01 -0.000000e+00
   outer loop
     vertex  1.015225e+00 -2.246310e+00  5.000000e+00
     vertex  1.015225e+00 -2.246310e+00  2.000000e+00
     vertex  1.022729e+00 -2.300668e+00  2.000000e+00
   endloop
 endfacet
 facet normal -9.906046e-01 -1.367575e-01 -0.000000e+00
   outer loop
     vertex  1.022729e+00 -2.300668e+00  5.000000e+00
     vertex  1.015225e+00 -2.246310e+00  5.000000e+00
     vertex  1.022729e+00 -2.300668e+00  2.000000e+00
   endloop
 endfacet
 facet normal -9.864799e-01 -1.638824e-01 -0.000000e+00
   outer loop
     vertex  1.022729e+00 -2.300668e+00  5.000000e+00
     vertex  1.022729e+00 -2.300668e+00  2.000000e+00
     vertex  1.031722e+00 -2.354800e+00  2.000000e+00
   endloop
 endfacet
 facet normal -9.864799e-01 -1.638824e-01 -0.000000e+00
   outer loop
     vertex  1.031722e+00 -2.354800e+00  5.000000e+00
     vertex  1.022729e+00 -2.300668e+00  5.000000e+00
     vertex  1.031722e+00 -2.354800e+00  2.000000e+00
   endloop
 endfacet
 facet normal -9.816126e-01 -1.908838e-01  0.000000e+00
   outer loop
     vertex  1.042197e+00 -2.408664e+00  5.000000e+00
     vertex  1.031722e+00 -2.354800e+00  5.000000e+00
     vertex  1.031722e+00 -2.354800e+00  2.000000e+00
   endloop
 endfacet
 facet normal -9.816126e-01 -1.908838e-01 -0.000000e+00
   outer loop
     vertex  1.042197e+00 -2.408664e+00  5.000000e+00
     vertex  1.031722e+00 -2.354800e+00  2.000000e+00
     vertex  1.042197e+00 -2.408664e+00  2.000000e+00
   endloop
 endfacet
 facet normal -9.760065e-01 -2.177416e-01 -0.000000e+00
   outer loop
     vertex  1.042197e+00 -2.408664e+00  5.000000e+00
     vertex  1.042197e+00 -2.408664e+00  2.000000e+00
     vertex  1.054145e+00 -2.462220e+00  2.000000e+00
   endloop
 endfacet
 facet normal -9.760065e-01 -2.177416e-01 -0.000000e+00
   outer loop
     vertex  1.054145e+00 -2.462220e+00  5.000000e+00
     vertex  1.042197e+00 -2.408664e+00  5.000000e+00
     vertex  1.054145e+00 -2.462220e+00  2.000000e+00
   endloop
 endfacet
 facet normal -9.696656e-01 -2.444354e-01 -0.000000e+00
   outer loop
     vertex  1.067558e+00 -2.515429e+00  5.000000e+00
     vertex  1.054145e+00 -2.462220e+00  2.000000e+00
     vertex  1.067558e+00 -2.515429e+00  2.000000e+00
   endloop
 endfacet
 facet normal -9.625948e-01 -2.709453e-01 -0.000000e+00
   outer loop
     vertex  1.067558e+00 -2.515429e+00  5.000000e+00
     vertex  1.067558e+00 -2.515429e+00  2.000000e+00
     vertex  1.082425e+00 -2.568250e+00  2.000000e+00
   endloop
 endfacet
 facet normal -9.696656e-01 -2.444354e-01  0.000000e+00
   outer loop
     vertex  1.067558e+00 -2.515429e+00  5.000000e+00
     vertex  1.054145e+00 -2.462220e+00  5.000000e+00
     vertex  1.054145e+00 -2.462220e+00  2.000000e+00
   endloop
 endfacet
 facet normal -9.625948e-01 -2.709453e-01 -0.000000e+00
   outer loop
     vertex  1.082425e+00 -2.568250e+00  5.000000e+00
     vertex  1.067558e+00 -2.515429e+00  5.000000e+00
     vertex  1.082425e+00 -2.568250e+00  2.000000e+00
   endloop
 endfacet
 facet normal -9.547993e-01 -2.972512e-01 -0.000000e+00
   outer loop
     vertex  1.098737e+00 -2.620643e+00  5.000000e+00
     vertex  1.082425e+00 -2.568250e+00  2.000000e+00
     vertex  1.098737e+00 -2.620643e+00  2.000000e+00
   endloop
 endfacet
 facet normal -9.547993e-01 -2.972512e-01  0.000000e+00
   outer loop
     vertex  1.098737e+00 -2.620643e+00  5.000000e+00
     vertex  1.082425e+00 -2.568250e+00  5.000000e+00
     vertex  1.082425e+00 -2.568250e+00  2.000000e+00
   endloop
 endfacet
 facet normal -9.462851e-01 -3.233333e-01 -0.000000e+00
   outer loop
     vertex  1.116479e+00 -2.672569e+00  5.000000e+00
     vertex  1.098737e+00 -2.620643e+00  2.000000e+00
     vertex  1.116479e+00 -2.672569e+00  2.000000e+00
   endloop
 endfacet
 facet normal -9.370586e-01 -3.491720e-01 -0.000000e+00
   outer loop
     vertex  1.116479e+00 -2.672569e+00  5.000000e+00
     vertex  1.116479e+00 -2.672569e+00  2.000000e+00
     vertex  1.135639e+00 -2.723988e+00  2.000000e+00
   endloop
 endfacet
 facet normal -9.462851e-01 -3.233333e-01  0.000000e+00
   outer loop
     vertex  1.116479e+00 -2.672569e+00  5.000000e+00
     vertex  1.098737e+00 -2.620643e+00  5.000000e+00
     vertex  1.098737e+00 -2.620643e+00  2.000000e+00
   endloop
 endfacet
 facet normal -9.370586e-01 -3.491720e-01 -0.000000e+00
   outer loop
     vertex  1.135639e+00 -2.723988e+00  5.000000e+00
     vertex  1.116479e+00 -2.672569e+00  5.000000e+00
     vertex  1.135639e+00 -2.723988e+00  2.000000e+00
   endloop
 endfacet
 facet normal -9.271267e-01 -3.747479e-01 -0.000000e+00
   outer loop
     vertex  1.156203e+00 -2.774863e+00  5.000000e+00
     vertex  1.135639e+00 -2.723988e+00  2.000000e+00
     vertex  1.156203e+00 -2.774863e+00  2.000000e+00
   endloop
 endfacet
 facet normal -9.271267e-01 -3.747479e-01  0.000000e+00
   outer loop
     vertex  1.156203e+00 -2.774863e+00  5.000000e+00
     vertex  1.135639e+00 -2.723988e+00  5.000000e+00
     vertex  1.135639e+00 -2.723988e+00  2.000000e+00
   endloop
 endfacet
 facet normal -9.164969e-01 -4.000417e-01 -0.000000e+00
   outer loop
     vertex  1.178154e+00 -2.825154e+00  5.000000e+00
     vertex  1.156203e+00 -2.774863e+00  2.000000e+00
     vertex  1.178154e+00 -2.825154e+00  2.000000e+00
   endloop
 endfacet
 facet normal -9.051772e-01 -4.250344e-01 -0.000000e+00
   outer loop
     vertex  1.178154e+00 -2.825154e+00  5.000000e+00
     vertex  1.178154e+00 -2.825154e+00  2.000000e+00
     vertex  1.201477e+00 -2.874824e+00  2.000000e+00
   endloop
 endfacet
 facet normal -9.164969e-01 -4.000417e-01  0.000000e+00
   outer loop
     vertex  1.178154e+00 -2.825154e+00  5.000000e+00
     vertex  1.156203e+00 -2.774863e+00  5.000000e+00
     vertex  1.156203e+00 -2.774863e+00  2.000000e+00
   endloop
 endfacet
 facet normal -8.931761e-01 -4.497071e-01 -0.000000e+00
   outer loop
     vertex  1.201477e+00 -2.874824e+00  5.000000e+00
     vertex  1.201477e+00 -2.874824e+00  2.000000e+00
     vertex  1.226154e+00 -2.923835e+00  2.000000e+00
   endloop
 endfacet
 facet normal -9.051772e-01 -4.250344e-01 -0.000000e+00
   outer loop
     vertex  1.201477e+00 -2.874824e+00  5.000000e+00
     vertex  1.178154e+00 -2.825154e+00  5.000000e+00
     vertex  1.201477e+00 -2.874824e+00  2.000000e+00
   endloop
 endfacet
 facet normal -8.931761e-01 -4.497071e-01 -0.000000e+00
   outer loop
     vertex  1.226154e+00 -2.923835e+00  5.000000e+00
     vertex  1.201477e+00 -2.874824e+00  5.000000e+00
     vertex  1.226154e+00 -2.923835e+00  2.000000e+00
   endloop
 endfacet
 facet normal -8.805026e-01 -4.740412e-01 -0.000000e+00
   outer loop
     vertex  1.252167e+00 -2.972151e+00  5.000000e+00
     vertex  1.226154e+00 -2.923835e+00  2.000000e+00
     vertex  1.252167e+00 -2.972151e+00  2.000000e+00
   endloop
 endfacet
 facet normal -8.805026e-01 -4.740412e-01  0.000000e+00
   outer loop
     vertex  1.252167e+00 -2.972151e+00  5.000000e+00
     vertex  1.226154e+00 -2.923835e+00  5.000000e+00
     vertex  1.226154e+00 -2.923835e+00  2.000000e+00
   endloop
 endfacet
 facet normal -8.671664e-01 -4.980186e-01 -0.000000e+00
   outer loop
     vertex  1.279494e+00 -3.019736e+00  5.000000e+00
     vertex  1.252167e+00 -2.972151e+00  2.000000e+00
     vertex  1.279494e+00 -3.019736e+00  2.000000e+00
   endloop
 endfacet
 facet normal -8.531773e-01 -5.216210e-01 -0.000000e+00
   outer loop
     vertex  1.279494e+00 -3.019736e+00  5.000000e+00
     vertex  1.279494e+00 -3.019736e+00  2.000000e+00
     vertex  1.308117e+00 -3.066552e+00  2.000000e+00
   endloop
 endfacet
 facet normal -8.671664e-01 -4.980186e-01  0.000000e+00
   outer loop
     vertex  1.279494e+00 -3.019736e+00  5.000000e+00
     vertex  1.252167e+00 -2.972151e+00  5.000000e+00
     vertex  1.252167e+00 -2.972151e+00  2.000000e+00
   endloop
 endfacet
 facet normal -8.531773e-01 -5.216210e-01 -0.000000e+00
   outer loop
     vertex  1.308117e+00 -3.066552e+00  5.000000e+00
     vertex  1.279494e+00 -3.019736e+00  5.000000e+00
     vertex  1.308117e+00 -3.066552e+00  2.000000e+00
   endloop
 endfacet
 facet normal -8.385460e-01 -5.448308e-01  0.000000e+00
   outer loop
     vertex  1.338014e+00 -3.112566e+00  5.000000e+00
     vertex  1.308117e+00 -3.066552e+00  5.000000e+00
     vertex  1.308117e+00 -3.066552e+00  2.000000e+00
   endloop
 endfacet
 facet normal -8.385460e-01 -5.448308e-01 -0.000000e+00
   outer loop
     vertex  1.338014e+00 -3.112566e+00  5.000000e+00
     vertex  1.308117e+00 -3.066552e+00  2.000000e+00
     vertex  1.338014e+00 -3.112566e+00  2.000000e+00
   endloop
 endfacet
 facet normal -8.232835e-01 -5.676304e-01 -0.000000e+00
   outer loop
     vertex  1.338014e+00 -3.112566e+00  5.000000e+00
     vertex  1.338014e+00 -3.112566e+00  2.000000e+00
     vertex  1.369162e+00 -3.157742e+00  2.000000e+00
   endloop
 endfacet
 facet normal -8.232835e-01 -5.676304e-01 -0.000000e+00
   outer loop
     vertex  1.369162e+00 -3.157742e+00  5.000000e+00
     vertex  1.338014e+00 -3.112566e+00  5.000000e+00
     vertex  1.369162e+00 -3.157742e+00  2.000000e+00
   endloop
 endfacet
 facet normal -8.074012e-01 -5.900028e-01 -0.000000e+00
   outer loop
     vertex  1.369162e+00 -3.157742e+00  5.000000e+00
     vertex  1.369162e+00 -3.157742e+00  2.000000e+00
     vertex  1.401537e+00 -3.202047e+00  2.000000e+00
   endloop
 endfacet
 facet normal -8.074012e-01 -5.900028e-01 -0.000000e+00
   outer loop
     vertex  1.401537e+00 -3.202047e+00  5.000000e+00
     vertex  1.369162e+00 -3.157742e+00  5.000000e+00
     vertex  1.401537e+00 -3.202047e+00  2.000000e+00
   endloop
 endfacet
 facet normal -7.909112e-01 -6.119310e-01  0.000000e+00
   outer loop
     vertex  1.435116e+00 -3.245447e+00  5.000000e+00
     vertex  1.401537e+00 -3.202047e+00  5.000000e+00
     vertex  1.401537e+00 -3.202047e+00  2.000000e+00
   endloop
 endfacet
 facet normal -7.909112e-01 -6.119310e-01 -0.000000e+00
   outer loop
     vertex  1.435116e+00 -3.245447e+00  5.000000e+00
     vertex  1.401537e+00 -3.202047e+00  2.000000e+00
     vertex  1.435116e+00 -3.245447e+00  2.000000e+00
   endloop
 endfacet
 facet normal -7.738257e-01 -6.333986e-01 -0.000000e+00
   outer loop
     vertex  1.435116e+00 -3.245447e+00  5.000000e+00
     vertex  1.435116e+00 -3.245447e+00  2.000000e+00
     vertex  1.469873e+00 -3.287909e+00  2.000000e+00
   endloop
 endfacet
 facet normal -7.738257e-01 -6.333986e-01 -0.000000e+00
   outer loop
     vertex  1.469873e+00 -3.287909e+00  5.000000e+00
     vertex  1.435116e+00 -3.245447e+00  5.000000e+00
     vertex  1.469873e+00 -3.287909e+00  2.000000e+00
   endloop
 endfacet
 facet normal -7.561578e-01 -6.543893e-01  0.000000e+00
   outer loop
     vertex  1.505781e+00 -3.329402e+00  5.000000e+00
     vertex  1.469873e+00 -3.287909e+00  5.000000e+00
     vertex  1.469873e+00 -3.287909e+00  2.000000e+00
   endloop
 endfacet
 facet normal -7.561578e-01 -6.543893e-01 -0.000000e+00
   outer loop
     vertex  1.505781e+00 -3.329402e+00  5.000000e+00
     vertex  1.469873e+00 -3.287909e+00  2.000000e+00
     vertex  1.505781e+00 -3.329402e+00  2.000000e+00
   endloop
 endfacet
 facet normal -7.379206e-01 -6.748875e-01 -0.000000e+00
   outer loop
     vertex  1.505781e+00 -3.329402e+00  5.000000e+00
     vertex  1.505781e+00 -3.329402e+00  2.000000e+00
     vertex  1.542814e+00 -3.369894e+00  2.000000e+00
   endloop
 endfacet
 facet normal -7.379206e-01 -6.748875e-01 -0.000000e+00
   outer loop
     vertex  1.542814e+00 -3.369894e+00  5.000000e+00
     vertex  1.505781e+00 -3.329402e+00  5.000000e+00
     vertex  1.542814e+00 -3.369894e+00  2.000000e+00
   endloop
 endfacet
 facet normal -7.191280e-01 -6.948776e-01 -0.000000e+00
   outer loop
     vertex  1.542814e+00 -3.369894e+00  5.000000e+00
     vertex  1.542814e+00 -3.369894e+00  2.000000e+00
     vertex  1.580944e+00 -3.409355e+00  2.000000e+00
   endloop
 endfacet
 facet normal -7.191280e-01 -6.948776e-01 -0.000000e+00
   outer loop
     vertex  1.580944e+00 -3.409355e+00  5.000000e+00
     vertex  1.542814e+00 -3.369894e+00  5.000000e+00
     vertex  1.580944e+00 -3.409355e+00  2.000000e+00
   endloop
 endfacet
 facet normal -6.997940e-01 -7.143447e-01 -0.000000e+00
   outer loop
     vertex  1.580944e+00 -3.409355e+00  5.000000e+00
     vertex  1.580944e+00 -3.409355e+00  2.000000e+00
     vertex  1.620143e+00 -3.447755e+00  2.000000e+00
   endloop
 endfacet
 facet normal -6.997940e-01 -7.143447e-01 -0.000000e+00
   outer loop
     vertex  1.620143e+00 -3.447755e+00  5.000000e+00
     vertex  1.580944e+00 -3.409355e+00  5.000000e+00
     vertex  1.620143e+00 -3.447755e+00  2.000000e+00
   endloop
 endfacet
 facet normal -6.799333e-01 -7.332740e-01  0.000000e+00
   outer loop
     vertex  1.660380e+00 -3.485065e+00  5.000000e+00
     vertex  1.620143e+00 -3.447755e+00  5.000000e+00
     vertex  1.620143e+00 -3.447755e+00  2.000000e+00
   endloop
 endfacet
 facet normal -6.799333e-01 -7.332740e-01 -0.000000e+00
   outer loop
     vertex  1.660380e+00 -3.485065e+00  5.000000e+00
     vertex  1.620143e+00 -3.447755e+00  2.000000e+00
     vertex  1.660380e+00 -3.485065e+00  2.000000e+00
   endloop
 endfacet
 facet normal -6.595607e-01 -7.516513e-01  0.000000e+00
   outer loop
     vertex  1.701626e+00 -3.521257e+00  5.000000e+00
     vertex  1.660380e+00 -3.485065e+00  5.000000e+00
     vertex  1.660380e+00 -3.485065e+00  2.000000e+00
   endloop
 endfacet
 facet normal -6.595607e-01 -7.516513e-01 -0.000000e+00
   outer loop
     vertex  1.701626e+00 -3.521257e+00  5.000000e+00
     vertex  1.660380e+00 -3.485065e+00  2.000000e+00
     vertex  1.701626e+00 -3.521257e+00  2.000000e+00
   endloop
 endfacet
 facet normal -6.386916e-01 -7.694628e-01 -0.000000e+00
   outer loop
     vertex  1.701626e+00 -3.521257e+00  5.000000e+00
     vertex  1.701626e+00 -3.521257e+00  2.000000e+00
     vertex  1.743849e+00 -3.556304e+00  2.000000e+00
   endloop
 endfacet
 facet normal -6.386916e-01 -7.694628e-01 -0.000000e+00
   outer loop
     vertex  1.743849e+00 -3.556304e+00  5.000000e+00
     vertex  1.701626e+00 -3.521257e+00  5.000000e+00
     vertex  1.743849e+00 -3.556304e+00  2.000000e+00
   endloop
 endfacet
 facet normal -6.173417e-01 -7.866951e-01  0.000000e+00
   outer loop
     vertex  1.787017e+00 -3.590180e+00  5.000000e+00
     vertex  1.743849e+00 -3.556304e+00  5.000000e+00
     vertex  1.743849e+00 -3.556304e+00  2.000000e+00
   endloop
 endfacet
 facet normal -6.173417e-01 -7.866951e-01 -0.000000e+00
   outer loop
     vertex  1.787017e+00 -3.590180e+00  5.000000e+00
     vertex  1.743849e+00 -3.556304e+00  2.000000e+00
     vertex  1.787017e+00 -3.590180e+00  2.000000e+00
   endloop
 endfacet
 facet normal -5.955271e-01 -8.033352e-01 -0.000000e+00
   outer loop
     vertex  1.787017e+00 -3.590180e+00  5.000000e+00
     vertex  1.787017e+00 -3.590180e+00  2.000000e+00
     vertex  1.831099e+00 -3.622858e+00  2.000000e+00
   endloop
 endfacet
 facet normal -5.955271e-01 -8.033352e-01 -0.000000e+00
   outer loop
     vertex  1.831099e+00 -3.622858e+00  5.000000e+00
     vertex  1.787017e+00 -3.590180e+00  5.000000e+00
     vertex  1.831099e+00 -3.622858e+00  2.000000e+00
   endloop
 endfacet
 facet normal -5.732642e-01 -8.193706e-01 -0.000000e+00
   outer loop
     vertex  1.831099e+00 -3.622858e+00  5.000000e+00
     vertex  1.831099e+00 -3.622858e+00  2.000000e+00
     vertex  1.876060e+00 -3.654315e+00  2.000000e+00
   endloop
 endfacet
 facet normal -5.732642e-01 -8.193706e-01 -0.000000e+00
   outer loop
     vertex  1.876060e+00 -3.654315e+00  5.000000e+00
     vertex  1.831099e+00 -3.622858e+00  5.000000e+00
     vertex  1.876060e+00 -3.654315e+00  2.000000e+00
   endloop
 endfacet
 facet normal -5.505698e-01 -8.347891e-01 -0.000000e+00
   outer loop
     vertex  1.876060e+00 -3.654315e+00  5.000000e+00
     vertex  1.876060e+00 -3.654315e+00  2.000000e+00
     vertex  1.921868e+00 -3.684527e+00  2.000000e+00
   endloop
 endfacet
 facet normal -5.505698e-01 -8.347891e-01 -0.000000e+00
   outer loop
     vertex  1.921868e+00 -3.684527e+00  5.000000e+00
     vertex  1.876060e+00 -3.654315e+00  5.000000e+00
     vertex  1.921868e+00 -3.684527e+00  2.000000e+00
   endloop
 endfacet
 facet normal -5.274609e-01 -8.495793e-01  0.000000e+00
   outer loop
     vertex  1.968487e+00 -3.713470e+00  5.000000e+00
     vertex  1.921868e+00 -3.684527e+00  5.000000e+00
     vertex  1.921868e+00 -3.684527e+00  2.000000e+00
   endloop
 endfacet
 facet normal -5.274609e-01 -8.495793e-01 -0.000000e+00
   outer loop
     vertex  1.968487e+00 -3.713470e+00  5.000000e+00
     vertex  1.921868e+00 -3.684527e+00  2.000000e+00
     vertex  1.968487e+00 -3.713470e+00  2.000000e+00
   endloop
 endfacet
 facet normal -5.039550e-01 -8.637299e-01 -0.000000e+00
   outer loop
     vertex  1.968487e+00 -3.713470e+00  5.000000e+00
     vertex  1.968487e+00 -3.713470e+00  2.000000e+00
     vertex  2.015883e+00 -3.741124e+00  2.000000e+00
   endloop
 endfacet
 facet normal -5.039550e-01 -8.637299e-01 -0.000000e+00
   outer loop
     vertex  2.015883e+00 -3.741124e+00  5.000000e+00
     vertex  1.968487e+00 -3.713470e+00  5.000000e+00
     vertex  2.015883e+00 -3.741124e+00  2.000000e+00
   endloop
 endfacet
 facet normal -4.800697e-01 -8.772303e-01  0.000000e+00
   outer loop
     vertex  2.064019e+00 -3.767467e+00  5.000000e+00
     vertex  2.015883e+00 -3.741124e+00  5.000000e+00
     vertex  2.015883e+00 -3.741124e+00  2.000000e+00
   endloop
 endfacet
 facet normal -4.800697e-01 -8.772303e-01 -0.000000e+00
   outer loop
     vertex  2.064019e+00 -3.767467e+00  5.000000e+00
     vertex  2.015883e+00 -3.741124e+00  2.000000e+00
     vertex  2.064019e+00 -3.767467e+00  2.000000e+00
   endloop
 endfacet
 facet normal -4.558231e-01 -8.900704e-01 -0.000000e+00
   outer loop
     vertex  2.064019e+00 -3.767467e+00  5.000000e+00
     vertex  2.064019e+00 -3.767467e+00  2.000000e+00
     vertex  2.112860e+00 -3.792480e+00  2.000000e+00
   endloop
 endfacet
 facet normal -4.558231e-01 -8.900704e-01 -0.000000e+00
   outer loop
     vertex  2.112860e+00 -3.792480e+00  5.000000e+00
     vertex  2.064019e+00 -3.767467e+00  5.000000e+00
     vertex  2.112860e+00 -3.792480e+00  2.000000e+00
   endloop
 endfacet
 facet normal -4.312333e-01 -9.022405e-01  0.000000e+00
   outer loop
     vertex  2.162369e+00 -3.816143e+00  5.000000e+00
     vertex  2.112860e+00 -3.792480e+00  5.000000e+00
     vertex  2.112860e+00 -3.792480e+00  2.000000e+00
   endloop
 endfacet
 facet normal -4.312333e-01 -9.022405e-01 -0.000000e+00
   outer loop
     vertex  2.162369e+00 -3.816143e+00  5.000000e+00
     vertex  2.112860e+00 -3.792480e+00  2.000000e+00
     vertex  2.162369e+00 -3.816143e+00  2.000000e+00
   endloop
 endfacet
 facet normal -4.063188e-01 -9.137314e-01  0.000000e+00
   outer loop
     vertex  2.212508e+00 -3.838439e+00  5.000000e+00
     vertex  2.162369e+00 -3.816143e+00  5.000000e+00
     vertex  2.162369e+00 -3.816143e+00  2.000000e+00
   endloop
 endfacet
 facet normal -4.063188e-01 -9.137314e-01 -0.000000e+00
   outer loop
     vertex  2.212508e+00 -3.838439e+00  5.000000e+00
     vertex  2.162369e+00 -3.816143e+00  2.000000e+00
     vertex  2.212508e+00 -3.838439e+00  2.000000e+00
   endloop
 endfacet
 facet normal -3.810986e-01 -9.245344e-01 -0.000000e+00
   outer loop
     vertex  2.212508e+00 -3.838439e+00  5.000000e+00
     vertex  2.212508e+00 -3.838439e+00  2.000000e+00
     vertex  2.263241e+00 -3.859351e+00  2.000000e+00
   endloop
 endfacet
 facet normal -3.810986e-01 -9.245344e-01 -0.000000e+00
   outer loop
     vertex  2.263241e+00 -3.859351e+00  5.000000e+00
     vertex  2.212508e+00 -3.838439e+00  5.000000e+00
     vertex  2.263241e+00 -3.859351e+00  2.000000e+00
   endloop
 endfacet
 facet normal -3.555914e-01 -9.346415e-01 -0.000000e+00
   outer loop
     vertex  2.314528e+00 -3.878863e+00  5.000000e+00
     vertex  2.263241e+00 -3.859351e+00  2.000000e+00
     vertex  2.314528e+00 -3.878863e+00  2.000000e+00
   endloop
 endfacet
 facet normal -3.555914e-01 -9.346415e-01  0.000000e+00
   outer loop
     vertex  2.314528e+00 -3.878863e+00  5.000000e+00
     vertex  2.263241e+00 -3.859351e+00  5.000000e+00
     vertex  2.263241e+00 -3.859351e+00  2.000000e+00
   endloop
 endfacet
 facet normal -3.298166e-01 -9.440450e-01 -0.000000e+00
   outer loop
     vertex  2.366330e+00 -3.896961e+00  5.000000e+00
     vertex  2.314528e+00 -3.878863e+00  2.000000e+00
     vertex  2.366330e+00 -3.896961e+00  2.000000e+00
   endloop
 endfacet
 facet normal -3.037934e-01 -9.527379e-01 -0.000000e+00
   outer loop
     vertex  2.366330e+00 -3.896961e+00  5.000000e+00
     vertex  2.366330e+00 -3.896961e+00  2.000000e+00
     vertex  2.418610e+00 -3.913632e+00  2.000000e+00
   endloop
 endfacet
 facet normal -3.298166e-01 -9.440450e-01  0.000000e+00
   outer loop
     vertex  2.366330e+00 -3.896961e+00  5.000000e+00
     vertex  2.314528e+00 -3.878863e+00  5.000000e+00
     vertex  2.314528e+00 -3.878863e+00  2.000000e+00
   endloop
 endfacet
 facet normal -2.775416e-01 -9.607136e-01 -0.000000e+00
   outer loop
     vertex  2.418610e+00 -3.913632e+00  5.000000e+00
     vertex  2.418610e+00 -3.913632e+00  2.000000e+00
     vertex  2.471328e+00 -3.928861e+00  2.000000e+00
   endloop
 endfacet
 facet normal -3.037934e-01 -9.527379e-01 -0.000000e+00
   outer loop
     vertex  2.418610e+00 -3.913632e+00  5.000000e+00
     vertex  2.366330e+00 -3.896961e+00  5.000000e+00
     vertex  2.418610e+00 -3.913632e+00  2.000000e+00
   endloop
 endfacet
 facet normal -2.775416e-01 -9.607136e-01 -0.000000e+00
   outer loop
     vertex  2.471328e+00 -3.928861e+00  5.000000e+00
     vertex  2.418610e+00 -3.913632e+00  5.000000e+00
     vertex  2.471328e+00 -3.928861e+00  2.000000e+00
   endloop
 endfacet
 facet normal -2.510809e-01 -9.679661e-01  0.000000e+00
   outer loop
     vertex  2.524443e+00 -3.942639e+00  5.000000e+00
     vertex  2.471328e+00 -3.928861e+00  5.000000e+00
     vertex  2.471328e+00 -3.928861e+00  2.000000e+00
   endloop
 endfacet
 facet normal -2.510809e-01 -9.679661e-01 -0.000000e+00
   outer loop
     vertex  2.524443e+00 -3.942639e+00  5.000000e+00
     vertex  2.471328e+00 -3.928861e+00  2.000000e+00
     vertex  2.524443e+00 -3.942639e+00  2.000000e+00
   endloop
 endfacet
 facet normal -2.244312e-01 -9.744899e-01 -0.000000e+00
   outer loop
     vertex  2.524443e+00 -3.942639e+00  5.000000e+00
     vertex  2.524443e+00 -3.942639e+00  2.000000e+00
     vertex  2.577917e+00 -3.954954e+00  2.000000e+00
   endloop
 endfacet
 facet normal -2.244312e-01 -9.744899e-01 -0.000000e+00
   outer loop
     vertex  2.577917e+00 -3.954954e+00  5.000000e+00
     vertex  2.524443e+00 -3.942639e+00  5.000000e+00
     vertex  2.577917e+00 -3.954954e+00  2.000000e+00
   endloop
 endfacet
 facet normal -1.976125e-01 -9.802802e-01  0.000000e+00
   outer loop
     vertex  2.631708e+00 -3.965798e+00  5.000000e+00
     vertex  2.577917e+00 -3.954954e+00  5.000000e+00
     vertex  2.577917e+00 -3.954954e+00  2.000000e+00
   endloop
 endfacet
 facet normal -1.976125e-01 -9.802802e-01 -0.000000e+00
   outer loop
     vertex  2.631708e+00 -3.965798e+00  5.000000e+00
     vertex  2.577917e+00 -3.954954e+00  2.000000e+00
     vertex  2.631708e+00 -3.965798e+00  2.000000e+00
   endloop
 endfacet
 facet normal -1.706451e-01 -9.853326e-01 -0.000000e+00
   outer loop
     vertex  2.631708e+00 -3.965798e+00  5.000000e+00
     vertex  2.631708e+00 -3.965798e+00  2.000000e+00
     vertex  2.685776e+00 -3.975162e+00  2.000000e+00
   endloop
 endfacet
 facet normal -1.706451e-01 -9.853326e-01 -0.000000e+00
   outer loop
     vertex  2.685776e+00 -3.975162e+00  5.000000e+00
     vertex  2.631708e+00 -3.965798e+00  5.000000e+00
     vertex  2.685776e+00 -3.975162e+00  2.000000e+00
   endloop
 endfacet
 facet normal -1.435492e-01 -9.896432e-01 -0.000000e+00
   outer loop
     vertex  2.685776e+00 -3.975162e+00  5.000000e+00
     vertex  2.685776e+00 -3.975162e+00  2.000000e+00
     vertex  2.740081e+00 -3.983039e+00  2.000000e+00
   endloop
 endfacet
 facet normal -1.435492e-01 -9.896432e-01 -0.000000e+00
   outer loop
     vertex  2.740081e+00 -3.983039e+00  5.000000e+00
     vertex  2.685776e+00 -3.975162e+00  5.000000e+00
     vertex  2.740081e+00 -3.983039e+00  2.000000e+00
   endloop
 endfacet
 facet normal -1.163452e-01 -9.932088e-01 -0.000000e+00
   outer loop
     vertex  2.740081e+00 -3.983039e+00  5.000000e+00
     vertex  2.740081e+00 -3.983039e+00  2.000000e+00
     vertex  2.794582e+00 -3.989423e+00  2.000000e+00
   endloop
 endfacet
 facet normal -1.163452e-01 -9.932088e-01 -0.000000e+00
   outer loop
     vertex  2.794582e+00 -3.989423e+00  5.000000e+00
     vertex  2.740081e+00 -3.983039e+00  5.000000e+00
     vertex  2.794582e+00 -3.989423e+00  2.000000e+00
   endloop
 endfacet
 facet normal -8.905371e-02 -9.960268e-01  0.000000e+00
   outer loop
     vertex  2.849237e+00 -3.994310e+00  5.000000e+00
     vertex  2.794582e+00 -3.989423e+00  5.000000e+00
     vertex  2.794582e+00 -3.989423e+00  2.000000e+00
   endloop
 endfacet
 facet normal -8.905371e-02 -9.960268e-01 -0.000000e+00
   outer loop
     vertex  2.849237e+00 -3.994310e+00  5.000000e+00
     vertex  2.794582e+00 -3.989423e+00  2.000000e+00
     vertex  2.849237e+00 -3.994310e+00  2.000000e+00
   endloop
 endfacet
 facet normal -6.169515e-02 -9.980950e-01 -0.000000e+00
   outer loop
     vertex  2.849237e+00 -3.994310e+00  5.000000e+00
     vertex  2.849237e+00 -3.994310e+00  2.000000e+00
     vertex  2.904006e+00 -3.997695e+00  2.000000e+00
   endloop
 endfacet
 facet normal -6.169515e-02 -9.980950e-01 -0.000000e+00
   outer loop
     vertex  2.904006e+00 -3.997695e+00  5.000000e+00
     vertex  2.849237e+00 -3.994310e+00  5.000000e+00
     vertex  2.904006e+00 -3.997695e+00  2.000000e+00
   endloop
 endfacet
 facet normal -3.429014e-02 -9.994119e-01  0.000000e+00
   outer loop
     vertex  2.958847e+00 -3.999577e+00  5.000000e+00
     vertex  2.904006e+00 -3.997695e+00  5.000000e+00
     vertex  2.904006e+00 -3.997695e+00  2.000000e+00
   endloop
 endfacet
 facet normal -3.429014e-02 -9.994119e-01 -0.000000e+00
   outer loop
     vertex  2.958847e+00 -3.999577e+00  5.000000e+00
     vertex  2.904006e+00 -3.997695e+00  2.000000e+00
     vertex  2.958847e+00 -3.999577e+00  2.000000e+00
   endloop
 endfacet
 facet normal -6.859319e-03 -9.999765e-01 -0.000000e+00
   outer loop
     vertex  2.958847e+00 -3.999577e+00  5.000000e+00
     vertex  2.958847e+00 -3.999577e+00  2.000000e+00
     vertex  3.013719e+00 -3.999953e+00  2.000000e+00
   endloop
 endfacet
 facet normal -6.859319e-03 -9.999765e-01 -0.000000e+00
   outer loop
     vertex  3.013719e+00 -3.999953e+00  5.000000e+00
     vertex  2.958847e+00 -3.999577e+00  5.000000e+00
     vertex  3.013719e+00 -3.999953e+00  2.000000e+00
   endloop
 endfacet
 facet normal  4.799716e-02 -9.988475e-01  0.000000e+00
   outer loop
     vertex  3.068580e+00 -3.998824e+00  5.000000e+00
     vertex  3.068580e+00 -3.998824e+00  2.000000e+00
     vertex  3.123390e+00 -3.996190e+00  2.000000e+00
   endloop
 endfacet
 facet normal  2.057667e-02 -9.997883e-01  0.000000e+00
   outer loop
     vertex  3.068580e+00 -3.998824e+00  5.000000e+00
     vertex  3.013719e+00 -3.999953e+00  5.000000e+00
     vertex  3.013719e+00 -3.999953e+00  2.000000e+00
   endloop
 endfacet
 facet normal  2.057667e-02 -9.997883e-01  0.000000e+00
   outer loop
     vertex  3.068580e+00 -3.998824e+00  5.000000e+00
     vertex  3.013719e+00 -3.999953e+00  2.000000e+00
     vertex  3.068580e+00 -3.998824e+00  2.000000e+00
   endloop
 endfacet
 facet normal  4.799716e-02 -9.988475e-01  0.000000e+00
   outer loop
     vertex  3.123390e+00 -3.996190e+00  5.000000e+00
     vertex  3.068580e+00 -3.998824e+00  5.000000e+00
     vertex  3.123390e+00 -3.996190e+00  2.000000e+00
   endloop
 endfacet
 facet normal  7.538152e-02 -9.971548e-01  0.000000e+00
   outer loop
     vertex  3.178107e+00 -3.992054e+00  5.000000e+00
     vertex  3.123390e+00 -3.996190e+00  2.000000e+00
     vertex  3.178107e+00 -3.992054e+00  2.000000e+00
   endloop
 endfacet
 facet normal  7.538152e-02 -9.971548e-01  0.000000e+00
   outer loop
     vertex  3.178107e+00 -3.992054e+00  5.000000e+00
     vertex  3.123390e+00 -3.996190e+00  5.000000e+00
     vertex  3.123390e+00 -3.996190e+00  2.000000e+00
   endloop
 endfacet
 facet normal  1.027091e-01 -9.947114e-01  0.000000e+00
   outer loop
     vertex  3.232690e+00 -3.986418e+00  5.000000e+00
     vertex  3.178107e+00 -3.992054e+00  2.000000e+00
     vertex  3.232690e+00 -3.986418e+00  2.000000e+00
   endloop
 endfacet
 facet normal  1.027091e-01 -9.947114e-01  0.000000e+00
   outer loop
     vertex  3.232690e+00 -3.986418e+00  5.000000e+00
     vertex  3.178107e+00 -3.992054e+00  5.000000e+00
     vertex  3.178107e+00 -3.992054e+00  2.000000e+00
   endloop
 endfacet
 facet normal  1.299594e-01 -9.915193e-01  0.000000e+00
   outer loop
     vertex  3.287098e+00 -3.979286e+00  5.000000e+00
     vertex  3.232690e+00 -3.986418e+00  2.000000e+00
     vertex  3.287098e+00 -3.979286e+00  2.000000e+00
   endloop
 endfacet
 facet normal  1.299594e-01 -9.915193e-01  0.000000e+00
   outer loop
     vertex  3.287098e+00 -3.979286e+00  5.000000e+00
     vertex  3.232690e+00 -3.986418e+00  5.000000e+00
     vertex  3.232690e+00 -3.986418e+00  2.000000e+00
   endloop
 endfacet
 facet normal  1.571119e-01 -9.875808e-01  0.000000e+00
   outer loop
     vertex  3.341290e+00 -3.970665e+00  5.000000e+00
     vertex  3.287098e+00 -3.979286e+00  2.000000e+00
     vertex  3.341290e+00 -3.970665e+00  2.000000e+00
   endloop
 endfacet
 facet normal  1.841461e-01 -9.828989e-01  0.000000e+00
   outer loop
     vertex  3.341290e+00 -3.970665e+00  5.000000e+00
     vertex  3.341290e+00 -3.970665e+00  2.000000e+00
     vertex  3.395225e+00 -3.960560e+00  2.000000e+00
   endloop
 endfacet
 facet normal  1.571119e-01 -9.875808e-01  0.000000e+00
   outer loop
     vertex  3.341290e+00 -3.970665e+00  5.000000e+00
     vertex  3.287098e+00 -3.979286e+00  5.000000e+00
     vertex  3.287098e+00 -3.979286e+00  2.000000e+00
   endloop
 endfacet
 facet normal  2.110417e-01 -9.774771e-01  0.000000e+00
   outer loop
     vertex  3.395225e+00 -3.960560e+00  5.000000e+00
     vertex  3.395225e+00 -3.960560e+00  2.000000e+00
     vertex  3.448862e+00 -3.948980e+00  2.000000e+00
   endloop
 endfacet
 facet normal  1.841461e-01 -9.828989e-01  0.000000e+00
   outer loop
     vertex  3.395225e+00 -3.960560e+00  5.000000e+00
     vertex  3.341290e+00 -3.970665e+00  5.000000e+00
     vertex  3.395225e+00 -3.960560e+00  2.000000e+00
   endloop
 endfacet
 facet normal  2.377784e-01 -9.713194e-01  0.000000e+00
   outer loop
     vertex  3.448862e+00 -3.948980e+00  5.000000e+00
     vertex  3.448862e+00 -3.948980e+00  2.000000e+00
     vertex  3.502162e+00 -3.935932e+00  2.000000e+00
   endloop
 endfacet
 facet normal  2.110417e-01 -9.774771e-01  0.000000e+00
   outer loop
     vertex  3.448862e+00 -3.948980e+00  5.000000e+00
     vertex  3.395225e+00 -3.960560e+00  5.000000e+00
     vertex  3.448862e+00 -3.948980e+00  2.000000e+00
   endloop
 endfacet
 facet normal  2.643362e-01 -9.644306e-01  0.000000e+00
   outer loop
     vertex  3.502162e+00 -3.935932e+00  5.000000e+00
     vertex  3.502162e+00 -3.935932e+00  2.000000e+00
     vertex  3.555083e+00 -3.921427e+00  2.000000e+00
   endloop
 endfacet
 facet normal  2.377784e-01 -9.713194e-01  0.000000e+00
   outer loop
     vertex  3.502162e+00 -3.935932e+00  5.000000e+00
     vertex  3.448862e+00 -3.948980e+00  5.000000e+00
     vertex  3.502162e+00 -3.935932e+00  2.000000e+00
   endloop
 endfacet
 facet normal  2.643362e-01 -9.644306e-01  0.000000e+00
   outer loop
     vertex  3.555083e+00 -3.921427e+00  5.000000e+00
     vertex  3.502162e+00 -3.935932e+00  5.000000e+00
     vertex  3.555083e+00 -3.921427e+00  2.000000e+00
   endloop
 endfacet
 facet normal  2.906949e-01 -9.568158e-01  0.000000e+00
   outer loop
     vertex  3.607587e+00 -3.905476e+00  5.000000e+00
     vertex  3.555083e+00 -3.921427e+00  2.000000e+00
     vertex  3.607587e+00 -3.905476e+00  2.000000e+00
   endloop
 endfacet
 facet normal  2.906949e-01 -9.568158e-01  0.000000e+00
   outer loop
     vertex  3.607587e+00 -3.905476e+00  5.000000e+00
     vertex  3.555083e+00 -3.921427e+00  5.000000e+00
     vertex  3.555083e+00 -3.921427e+00  2.000000e+00
   endloop
 endfacet
 facet normal  3.168348e-01 -9.484807e-01  0.000000e+00
   outer loop
     vertex  3.659633e+00 -3.888090e+00  5.000000e+00
     vertex  3.607587e+00 -3.905476e+00  2.000000e+00
     vertex  3.659633e+00 -3.888090e+00  2.000000e+00
   endloop
 endfacet
 facet normal  3.427362e-01 -9.394317e-01  0.000000e+00
   outer loop
     vertex  3.659633e+00 -3.888090e+00  5.000000e+00
     vertex  3.659633e+00 -3.888090e+00  2.000000e+00
     vertex  3.711183e+00 -3.869283e+00  2.000000e+00
   endloop
 endfacet
 facet normal  3.168348e-01 -9.484807e-01  0.000000e+00
   outer loop
     vertex  3.659633e+00 -3.888090e+00  5.000000e+00
     vertex  3.607587e+00 -3.905476e+00  5.000000e+00
     vertex  3.607587e+00 -3.905476e+00  2.000000e+00
   endloop
 endfacet
 facet normal  3.427362e-01 -9.394317e-01  0.000000e+00
   outer loop
     vertex  3.711183e+00 -3.869283e+00  5.000000e+00
     vertex  3.659633e+00 -3.888090e+00  5.000000e+00
     vertex  3.711183e+00 -3.869283e+00  2.000000e+00
   endloop
 endfacet
 facet normal  3.683796e-01 -9.296754e-01  0.000000e+00
   outer loop
     vertex  3.762197e+00 -3.849069e+00  5.000000e+00
     vertex  3.711183e+00 -3.869283e+00  2.000000e+00
     vertex  3.762197e+00 -3.849069e+00  2.000000e+00
   endloop
 endfacet
 facet normal  3.683796e-01 -9.296754e-01  0.000000e+00
   outer loop
     vertex  3.762197e+00 -3.849069e+00  5.000000e+00
     vertex  3.711183e+00 -3.869283e+00  5.000000e+00
     vertex  3.711183e+00 -3.869283e+00  2.000000e+00
   endloop
 endfacet
 facet normal  3.937458e-01 -9.192194e-01  0.000000e+00
   outer loop
     vertex  3.812638e+00 -3.827463e+00  5.000000e+00
     vertex  3.762197e+00 -3.849069e+00  5.000000e+00
     vertex  3.762197e+00 -3.849069e+00  2.000000e+00
   endloop
 endfacet
 facet normal  3.937458e-01 -9.192194e-01  0.000000e+00
   outer loop
     vertex  3.812638e+00 -3.827463e+00  5.000000e+00
     vertex  3.762197e+00 -3.849069e+00  2.000000e+00
     vertex  3.812638e+00 -3.827463e+00  2.000000e+00
   endloop
 endfacet
 facet normal  4.188155e-01 -9.080714e-01  0.000000e+00
   outer loop
     vertex  3.812638e+00 -3.827463e+00  5.000000e+00
     vertex  3.812638e+00 -3.827463e+00  2.000000e+00
     vertex  3.862467e+00 -3.804481e+00  2.000000e+00
   endloop
 endfacet
 facet normal  4.188155e-01 -9.080714e-01  0.000000e+00
   outer loop
     vertex  3.862467e+00 -3.804481e+00  5.000000e+00
     vertex  3.812638e+00 -3.827463e+00  5.000000e+00
     vertex  3.862467e+00 -3.804481e+00  2.000000e+00
   endloop
 endfacet
 facet normal  4.435699e-01 -8.962398e-01  0.000000e+00
   outer loop
     vertex  3.911646e+00 -3.780141e+00  5.000000e+00
     vertex  3.862467e+00 -3.804481e+00  2.000000e+00
     vertex  3.911646e+00 -3.780141e+00  2.000000e+00
   endloop
 endfacet
 facet normal  4.679904e-01 -8.837335e-01  0.000000e+00
   outer loop
     vertex  3.911646e+00 -3.780141e+00  5.000000e+00
     vertex  3.911646e+00 -3.780141e+00  2.000000e+00
     vertex  3.960139e+00 -3.754461e+00  2.000000e+00
   endloop
 endfacet
 facet normal  4.435699e-01 -8.962398e-01  0.000000e+00
   outer loop
     vertex  3.911646e+00 -3.780141e+00  5.000000e+00
     vertex  3.862467e+00 -3.804481e+00  5.000000e+00
     vertex  3.862467e+00 -3.804481e+00  2.000000e+00
   endloop
 endfacet
 facet normal  4.679904e-01 -8.837335e-01  0.000000e+00
   outer loop
     vertex  3.960139e+00 -3.754461e+00  5.000000e+00
     vertex  3.911646e+00 -3.780141e+00  5.000000e+00
     vertex  3.960139e+00 -3.754461e+00  2.000000e+00
   endloop
 endfacet
 facet normal  4.920587e-01 -8.705620e-01  0.000000e+00
   outer loop
     vertex  3.960139e+00 -3.754461e+00  5.000000e+00
     vertex  3.960139e+00 -3.754461e+00  2.000000e+00
     vertex  4.007910e+00 -3.727460e+00  2.000000e+00
   endloop
 endfacet
 facet normal  4.920587e-01 -8.705620e-01  0.000000e+00
   outer loop
     vertex  4.007910e+00 -3.727460e+00  5.000000e+00
     vertex  3.960139e+00 -3.754461e+00  5.000000e+00
     vertex  4.007910e+00 -3.727460e+00  2.000000e+00
   endloop
 endfacet
 facet normal  5.157565e-01 -8.567352e-01  0.000000e+00
   outer loop
     vertex  4.007910e+00 -3.727460e+00  5.000000e+00
     vertex  4.007910e+00 -3.727460e+00  2.000000e+00
     vertex  4.054922e+00 -3.699159e+00  2.000000e+00
   endloop
 endfacet
 facet normal  5.157565e-01 -8.567352e-01  0.000000e+00
   outer loop
     vertex  4.054922e+00 -3.699159e+00  5.000000e+00
     vertex  4.007910e+00 -3.727460e+00  5.000000e+00
     vertex  4.054922e+00 -3.699159e+00  2.000000e+00
   endloop
 endfacet
 facet normal  5.390661e-01 -8.422635e-01  0.000000e+00
   outer loop
     vertex  4.101140e+00 -3.669578e+00  5.000000e+00
     vertex  4.054922e+00 -3.699159e+00  2.000000e+00
     vertex  4.101140e+00 -3.669578e+00  2.000000e+00
   endloop
 endfacet
 facet normal  5.390661e-01 -8.422635e-01  0.000000e+00
   outer loop
     vertex  4.101140e+00 -3.669578e+00  5.000000e+00
     vertex  4.054922e+00 -3.699159e+00  5.000000e+00
     vertex  4.054922e+00 -3.699159e+00  2.000000e+00
   endloop
 endfacet
 facet normal  5.619699e-01 -8.271577e-01  0.000000e+00
   outer loop
     vertex  4.146528e+00 -3.638741e+00  5.000000e+00
     vertex  4.101140e+00 -3.669578e+00  2.000000e+00
     vertex  4.146528e+00 -3.638741e+00  2.000000e+00
   endloop
 endfacet
 facet normal  5.844507e-01 -8.114292e-01  0.000000e+00
   outer loop
     vertex  4.146528e+00 -3.638741e+00  5.000000e+00
     vertex  4.146528e+00 -3.638741e+00  2.000000e+00
     vertex  4.191054e+00 -3.606670e+00  2.000000e+00
   endloop
 endfacet
 facet normal  5.619699e-01 -8.271577e-01  0.000000e+00
   outer loop
     vertex  4.146528e+00 -3.638741e+00  5.000000e+00
     vertex  4.101140e+00 -3.669578e+00  5.000000e+00
     vertex  4.101140e+00 -3.669578e+00  2.000000e+00
   endloop
 endfacet
 facet normal  5.844507e-01 -8.114292e-01  0.000000e+00
   outer loop
     vertex  4.191054e+00 -3.606670e+00  5.000000e+00
     vertex  4.146528e+00 -3.638741e+00  5.000000e+00
     vertex  4.191054e+00 -3.606670e+00  2.000000e+00
   endloop
 endfacet
 facet normal  6.064915e-01 -7.950900e-01  0.000000e+00
   outer loop
     vertex  4.234683e+00 -3.573390e+00  5.000000e+00
     vertex  4.191054e+00 -3.606670e+00  2.000000e+00
     vertex  4.234683e+00 -3.573390e+00  2.000000e+00
   endloop
 endfacet
 facet normal  6.280757e-01 -7.781522e-01  0.000000e+00
   outer loop
     vertex  4.234683e+00 -3.573390e+00  5.000000e+00
     vertex  4.234683e+00 -3.573390e+00  2.000000e+00
     vertex  4.277383e+00 -3.538926e+00  2.000000e+00
   endloop
 endfacet
 facet normal  6.064915e-01 -7.950900e-01  0.000000e+00
   outer loop
     vertex  4.234683e+00 -3.573390e+00  5.000000e+00
     vertex  4.191054e+00 -3.606670e+00  5.000000e+00
     vertex  4.191054e+00 -3.606670e+00  2.000000e+00
   endloop
 endfacet
 facet normal  6.280757e-01 -7.781522e-01  0.000000e+00
   outer loop
     vertex  4.277383e+00 -3.538926e+00  5.000000e+00
     vertex  4.234683e+00 -3.573390e+00  5.000000e+00
     vertex  4.277383e+00 -3.538926e+00  2.000000e+00
   endloop
 endfacet
 facet normal  6.491872e-01 -7.606287e-01  0.000000e+00
   outer loop
     vertex  4.277383e+00 -3.538926e+00  5.000000e+00
     vertex  4.277383e+00 -3.538926e+00  2.000000e+00
     vertex  4.319121e+00 -3.503303e+00  2.000000e+00
   endloop
 endfacet
 facet normal  6.491872e-01 -7.606287e-01  0.000000e+00
   outer loop
     vertex  4.319121e+00 -3.503303e+00  5.000000e+00
     vertex  4.277383e+00 -3.538926e+00  5.000000e+00
     vertex  4.319121e+00 -3.503303e+00  2.000000e+00
   endloop
 endfacet
 facet normal  6.698100e-01 -7.425325e-01  0.000000e+00
   outer loop
     vertex  4.359867e+00 -3.466548e+00  5.000000e+00
     vertex  4.319121e+00 -3.503303e+00  2.000000e+00
     vertex  4.359867e+00 -3.466548e+00  2.000000e+00
   endloop
 endfacet
 facet normal  6.698100e-01 -7.425325e-01  0.000000e+00
   outer loop
     vertex  4.359867e+00 -3.466548e+00  5.000000e+00
     vertex  4.319121e+00 -3.503303e+00  5.000000e+00
     vertex  4.319121e+00 -3.503303e+00  2.000000e+00
   endloop
 endfacet
 facet normal  6.899286e-01 -7.238775e-01  0.000000e+00
   outer loop
     vertex  4.399588e+00 -3.428689e+00  5.000000e+00
     vertex  4.359867e+00 -3.466548e+00  2.000000e+00
     vertex  4.399588e+00 -3.428689e+00  2.000000e+00
   endloop
 endfacet
 facet normal  6.899286e-01 -7.238775e-01  0.000000e+00
   outer loop
     vertex  4.399588e+00 -3.428689e+00  5.000000e+00
     vertex  4.359867e+00 -3.466548e+00  5.000000e+00
     vertex  4.359867e+00 -3.466548e+00  2.000000e+00
   endloop
 endfacet
 facet normal  7.095278e-01 -7.046775e-01  0.000000e+00
   outer loop
     vertex  4.438256e+00 -3.389755e+00  5.000000e+00
     vertex  4.399588e+00 -3.428689e+00  2.000000e+00
     vertex  4.438256e+00 -3.389755e+00  2.000000e+00
   endloop
 endfacet
 facet normal  7.095278e-01 -7.046775e-01  0.000000e+00
   outer loop
     vertex  4.438256e+00 -3.389755e+00  5.000000e+00
     vertex  4.399588e+00 -3.428689e+00  5.000000e+00
     vertex  4.399588e+00 -3.428689e+00  2.000000e+00
   endloop
 endfacet
 facet normal  7.285929e-01 -6.849470e-01  0.000000e+00
   outer loop
     vertex  4.475841e+00 -3.349775e+00  5.000000e+00
     vertex  4.438256e+00 -3.389755e+00  2.000000e+00
     vertex  4.475841e+00 -3.349775e+00  2.000000e+00
   endloop
 endfacet
 facet normal  7.285929e-01 -6.849470e-01  0.000000e+00
   outer loop
     vertex  4.475841e+00 -3.349775e+00  5.000000e+00
     vertex  4.438256e+00 -3.389755e+00  5.000000e+00
     vertex  4.438256e+00 -3.389755e+00  2.000000e+00
   endloop
 endfacet
 facet normal  7.471095e-01 -6.647010e-01  0.000000e+00
   outer loop
     vertex  4.512316e+00 -3.308779e+00  5.000000e+00
     vertex  4.475841e+00 -3.349775e+00  2.000000e+00
     vertex  4.512316e+00 -3.308779e+00  2.000000e+00
   endloop
 endfacet
 facet normal  7.471095e-01 -6.647010e-01  0.000000e+00
   outer loop
     vertex  4.512316e+00 -3.308779e+00  5.000000e+00
     vertex  4.475841e+00 -3.349775e+00  5.000000e+00
     vertex  4.475841e+00 -3.349775e+00  2.000000e+00
   endloop
 endfacet
 facet normal  7.650637e-01 -6.439545e-01  0.000000e+00
   outer loop
     vertex  4.547651e+00 -3.266797e+00  5.000000e+00
     vertex  4.512316e+00 -3.308779e+00  2.000000e+00
     vertex  4.547651e+00 -3.266797e+00  2.000000e+00
   endloop
 endfacet
 facet normal  7.650637e-01 -6.439545e-01  0.000000e+00
   outer loop
     vertex  4.547651e+00 -3.266797e+00  5.000000e+00
     vertex  4.512316e+00 -3.308779e+00  5.000000e+00
     vertex  4.512316e+00 -3.308779e+00  2.000000e+00
   endloop
 endfacet
 facet normal  7.824421e-01 -6.227234e-01  0.000000e+00
   outer loop
     vertex  4.581822e+00 -3.223862e+00  5.000000e+00
     vertex  4.547651e+00 -3.266797e+00  2.000000e+00
     vertex  4.581822e+00 -3.223862e+00  2.000000e+00
   endloop
 endfacet
 facet normal  7.824421e-01 -6.227234e-01  0.000000e+00
   outer loop
     vertex  4.581822e+00 -3.223862e+00  5.000000e+00
     vertex  4.547651e+00 -3.266797e+00  5.000000e+00
     vertex  4.547651e+00 -3.266797e+00  2.000000e+00
   endloop
 endfacet
 facet normal  7.992314e-01 -6.010234e-01  0.000000e+00
   outer loop
     vertex  4.614802e+00 -3.180006e+00  5.000000e+00
     vertex  4.581822e+00 -3.223862e+00  2.000000e+00
     vertex  4.614802e+00 -3.180006e+00  2.000000e+00
   endloop
 endfacet
 facet normal  7.992314e-01 -6.010234e-01  0.000000e+00
   outer loop
     vertex  4.614802e+00 -3.180006e+00  5.000000e+00
     vertex  4.581822e+00 -3.223862e+00  5.000000e+00
     vertex  4.581822e+00 -3.223862e+00  2.000000e+00
   endloop
 endfacet
 facet normal  8.154191e-01 -5.788711e-01  0.000000e+00
   outer loop
     vertex  4.646567e+00 -3.135261e+00  5.000000e+00
     vertex  4.614802e+00 -3.180006e+00  2.000000e+00
     vertex  4.646567e+00 -3.135261e+00  2.000000e+00
   endloop
 endfacet
 facet normal  8.309929e-01 -5.562829e-01  0.000000e+00
   outer loop
     vertex  4.646567e+00 -3.135261e+00  5.000000e+00
     vertex  4.646567e+00 -3.135261e+00  2.000000e+00
     vertex  4.677092e+00 -3.089662e+00  2.000000e+00
   endloop
 endfacet
 facet normal  8.154191e-01 -5.788711e-01  0.000000e+00
   outer loop
     vertex  4.646567e+00 -3.135261e+00  5.000000e+00
     vertex  4.614802e+00 -3.180006e+00  5.000000e+00
     vertex  4.614802e+00 -3.180006e+00  2.000000e+00
   endloop
 endfacet
 facet normal  8.309929e-01 -5.562829e-01  0.000000e+00
   outer loop
     vertex  4.677092e+00 -3.089662e+00  5.000000e+00
     vertex  4.646567e+00 -3.135261e+00  5.000000e+00
     vertex  4.677092e+00 -3.089662e+00  2.000000e+00
   endloop
 endfacet
 facet normal  8.459413e-01 -5.332761e-01  0.000000e+00
   outer loop
     vertex  4.706355e+00 -3.043242e+00  5.000000e+00
     vertex  4.677092e+00 -3.089662e+00  2.000000e+00
     vertex  4.706355e+00 -3.043242e+00  2.000000e+00
   endloop
 endfacet
 facet normal  8.602528e-01 -5.098678e-01  0.000000e+00
   outer loop
     vertex  4.706355e+00 -3.043242e+00  5.000000e+00
     vertex  4.706355e+00 -3.043242e+00  2.000000e+00
     vertex  4.734333e+00 -2.996037e+00  2.000000e+00
   endloop
 endfacet
 facet normal  8.459413e-01 -5.332761e-01  0.000000e+00
   outer loop
     vertex  4.706355e+00 -3.043242e+00  5.000000e+00
     vertex  4.677092e+00 -3.089662e+00  5.000000e+00
     vertex  4.677092e+00 -3.089662e+00  2.000000e+00
   endloop
 endfacet
 facet normal  8.602528e-01 -5.098678e-01  0.000000e+00
   outer loop
     vertex  4.734333e+00 -2.996037e+00  5.000000e+00
     vertex  4.706355e+00 -3.043242e+00  5.000000e+00
     vertex  4.734333e+00 -2.996037e+00  2.000000e+00
   endloop
 endfacet
 facet normal  8.739167e-01 -4.860756e-01  0.000000e+00
   outer loop
     vertex  4.761005e+00 -2.948082e+00  5.000000e+00
     vertex  4.734333e+00 -2.996037e+00  2.000000e+00
     vertex  4.761005e+00 -2.948082e+00  2.000000e+00
   endloop
 endfacet
 facet normal  8.739167e-01 -4.860756e-01  0.000000e+00
   outer loop
     vertex  4.761005e+00 -2.948082e+00  5.000000e+00
     vertex  4.734333e+00 -2.996037e+00  5.000000e+00
     vertex  4.734333e+00 -2.996037e+00  2.000000e+00
   endloop
 endfacet
 facet normal  8.869228e-01 -4.619176e-01  0.000000e+00
   outer loop
     vertex  4.786352e+00 -2.899414e+00  5.000000e+00
     vertex  4.761005e+00 -2.948082e+00  5.000000e+00
     vertex  4.761005e+00 -2.948082e+00  2.000000e+00
   endloop
 endfacet
 facet normal  8.869228e-01 -4.619176e-01  0.000000e+00
   outer loop
     vertex  4.786352e+00 -2.899414e+00  5.000000e+00
     vertex  4.761005e+00 -2.948082e+00  2.000000e+00
     vertex  4.786352e+00 -2.899414e+00  2.000000e+00
   endloop
 endfacet
 facet normal  8.992613e-01 -4.374119e-01  0.000000e+00
   outer loop
     vertex  4.786352e+00 -2.899414e+00  5.000000e+00
     vertex  4.786352e+00 -2.899414e+00  2.000000e+00
     vertex  4.810354e+00 -2.850069e+00  2.000000e+00
   endloop
 endfacet
 facet normal  8.992613e-01 -4.374119e-01  0.000000e+00
   outer loop
     vertex  4.810354e+00 -2.850069e+00  5.000000e+00
     vertex  4.786352e+00 -2.899414e+00  5.000000e+00
     vertex  4.810354e+00 -2.850069e+00  2.000000e+00
   endloop
 endfacet
 facet normal  9.109228e-01 -4.125769e-01  0.000000e+00
   outer loop
     vertex  4.832994e+00 -2.800083e+00  5.000000e+00
     vertex  4.810354e+00 -2.850069e+00  5.000000e+00
     vertex  4.810354e+00 -2.850069e+00  2.000000e+00
   endloop
 endfacet
 facet normal  9.109228e-01 -4.125769e-01  0.000000e+00
   outer loop
     vertex  4.832994e+00 -2.800083e+00  5.000000e+00
     vertex  4.810354e+00 -2.850069e+00  2.000000e+00
     vertex  4.832994e+00 -2.800083e+00  2.000000e+00
   endloop
 endfacet
 facet normal  9.218986e-01 -3.874313e-01  0.000000e+00
   outer loop
     vertex  4.854253e+00 -2.749496e+00  5.000000e+00
     vertex  4.832994e+00 -2.800083e+00  5.000000e+00
     vertex  4.832994e+00 -2.800083e+00  2.000000e+00
   endloop
 endfacet
 facet normal  9.218986e-01 -3.874313e-01  0.000000e+00
   outer loop
     vertex  4.854253e+00 -2.749496e+00  5.000000e+00
     vertex  4.832994e+00 -2.800083e+00  2.000000e+00
     vertex  4.854253e+00 -2.749496e+00  2.000000e+00
   endloop
 endfacet
 facet normal  9.321804e-01 -3.619940e-01  0.000000e+00
   outer loop
     vertex  4.874117e+00 -2.698344e+00  5.000000e+00
     vertex  4.854253e+00 -2.749496e+00  5.000000e+00
     vertex  4.854253e+00 -2.749496e+00  2.000000e+00
   endloop
 endfacet
 facet normal  9.321804e-01 -3.619940e-01  0.000000e+00
   outer loop
     vertex  4.874117e+00 -2.698344e+00  5.000000e+00
     vertex  4.854253e+00 -2.749496e+00  2.000000e+00
     vertex  4.874117e+00 -2.698344e+00  2.000000e+00
   endloop
 endfacet
 facet normal  9.417605e-01 -3.362843e-01  0.000000e+00
   outer loop
     vertex  4.892570e+00 -2.646667e+00  5.000000e+00
     vertex  4.874117e+00 -2.698344e+00  5.000000e+00
     vertex  4.874117e+00 -2.698344e+00  2.000000e+00
   endloop
 endfacet
 facet normal  9.417605e-01 -3.362843e-01  0.000000e+00
   outer loop
     vertex  4.892570e+00 -2.646667e+00  5.000000e+00
     vertex  4.874117e+00 -2.698344e+00  2.000000e+00
     vertex  4.892570e+00 -2.646667e+00  2.000000e+00
   endloop
 endfacet
 facet normal  9.506317e-01 -3.103214e-01  0.000000e+00
   outer loop
     vertex  4.909599e+00 -2.594502e+00  5.000000e+00
     vertex  4.892570e+00 -2.646667e+00  5.000000e+00
     vertex  4.892570e+00 -2.646667e+00  2.000000e+00
   endloop
 endfacet
 facet normal  9.506317e-01 -3.103214e-01  0.000000e+00
   outer loop
     vertex  4.909599e+00 -2.594502e+00  5.000000e+00
     vertex  4.892570e+00 -2.646667e+00  2.000000e+00
     vertex  4.909599e+00 -2.594502e+00  2.000000e+00
   endloop
 endfacet
 facet normal  9.587873e-01 -2.841250e-01  0.000000e+00
   outer loop
     vertex  4.909599e+00 -2.594502e+00  5.000000e+00
     vertex  4.909599e+00 -2.594502e+00  2.000000e+00
     vertex  4.925190e+00 -2.541891e+00  2.000000e+00
   endloop
 endfacet
 facet normal  9.587873e-01 -2.841250e-01  0.000000e+00
   outer loop
     vertex  4.925190e+00 -2.541891e+00  5.000000e+00
     vertex  4.909599e+00 -2.594502e+00  5.000000e+00
     vertex  4.925190e+00 -2.541891e+00  2.000000e+00
   endloop
 endfacet
 facet normal  9.662211e-01 -2.577146e-01  0.000000e+00
   outer loop
     vertex  4.939331e+00 -2.488871e+00  5.000000e+00
     vertex  4.925190e+00 -2.541891e+00  5.000000e+00
     vertex  4.925190e+00 -2.541891e+00  2.000000e+00
   endloop
 endfacet
 facet normal  9.662211e-01 -2.577146e-01  0.000000e+00
   outer loop
     vertex  4.939331e+00 -2.488871e+00  5.000000e+00
     vertex  4.925190e+00 -2.541891e+00  2.000000e+00
     vertex  4.939331e+00 -2.488871e+00  2.000000e+00
   endloop
 endfacet
 facet normal  9.729276e-01 -2.311102e-01  0.000000e+00
   outer loop
     vertex  4.952013e+00 -2.435483e+00  5.000000e+00
     vertex  4.939331e+00 -2.488871e+00  5.000000e+00
     vertex  4.939331e+00 -2.488871e+00  2.000000e+00
   endloop
 endfacet
 facet normal  9.729276e-01 -2.311102e-01  0.000000e+00
   outer loop
     vertex  4.952013e+00 -2.435483e+00  5.000000e+00
     vertex  4.939331e+00 -2.488871e+00  2.000000e+00
     vertex  4.952013e+00 -2.435483e+00  2.000000e+00
   endloop
 endfacet
 facet normal  9.789017e-01 -2.043319e-01  0.000000e+00
   outer loop
     vertex  4.963225e+00 -2.381768e+00  5.000000e+00
     vertex  4.952013e+00 -2.435483e+00  5.000000e+00
     vertex  4.952013e+00 -2.435483e+00  2.000000e+00
   endloop
 endfacet
 facet normal  9.789017e-01 -2.043319e-01  0.000000e+00
   outer loop
     vertex  4.963225e+00 -2.381768e+00  5.000000e+00
     vertex  4.952013e+00 -2.435483e+00  2.000000e+00
     vertex  4.963225e+00 -2.381768e+00  2.000000e+00
   endloop
 endfacet
 facet normal  9.841389e-01 -1.773998e-01  0.000000e+00
   outer loop
     vertex  4.972960e+00 -2.327765e+00  5.000000e+00
     vertex  4.963225e+00 -2.381768e+00  5.000000e+00
     vertex  4.963225e+00 -2.381768e+00  2.000000e+00
   endloop
 endfacet
 facet normal  9.841389e-01 -1.773998e-01  0.000000e+00
   outer loop
     vertex  4.972960e+00 -2.327765e+00  5.000000e+00
     vertex  4.963225e+00 -2.381768e+00  2.000000e+00
     vertex  4.972960e+00 -2.327765e+00  2.000000e+00
   endloop
 endfacet
 facet normal  9.886353e-01 -1.503341e-01  0.000000e+00
   outer loop
     vertex  4.981209e+00 -2.273515e+00  5.000000e+00
     vertex  4.972960e+00 -2.327765e+00  5.000000e+00
     vertex  4.972960e+00 -2.327765e+00  2.000000e+00
   endloop
 endfacet
 facet normal  9.886353e-01 -1.503341e-01  0.000000e+00
   outer loop
     vertex  4.981209e+00 -2.273515e+00  5.000000e+00
     vertex  4.972960e+00 -2.327765e+00  2.000000e+00
     vertex  4.981209e+00 -2.273515e+00  2.000000e+00
   endloop
 endfacet
 facet normal  9.923874e-01 -1.231552e-01  0.000000e+00
   outer loop
     vertex  4.981209e+00 -2.273515e+00  5.000000e+00
     vertex  4.981209e+00 -2.273515e+00  2.000000e+00
     vertex  4.987967e+00 -2.219060e+00  2.000000e+00
   endloop
 endfacet
 facet normal  9.923874e-01 -1.231552e-01  0.000000e+00
   outer loop
     vertex  4.987967e+00 -2.219060e+00  5.000000e+00
     vertex  4.981209e+00 -2.273515e+00  5.000000e+00
     vertex  4.987967e+00 -2.219060e+00  2.000000e+00
   endloop
 endfacet
 facet normal  9.953925e-01 -9.588368e-02  0.000000e+00
   outer loop
     vertex  4.993228e+00 -2.164439e+00  5.000000e+00
     vertex  4.987967e+00 -2.219060e+00  2.000000e+00
     vertex  4.993228e+00 -2.164439e+00  2.000000e+00
   endloop
 endfacet
 facet normal  9.976484e-01 -6.853995e-02  0.000000e+00
   outer loop
     vertex  4.993228e+00 -2.164439e+00  5.000000e+00
     vertex  4.993228e+00 -2.164439e+00  2.000000e+00
     vertex  4.996989e+00 -2.109695e+00  2.000000e+00
   endloop
 endfacet
 facet normal  9.953925e-01 -9.588368e-02  0.000000e+00
   outer loop
     vertex  4.993228e+00 -2.164439e+00  5.000000e+00
     vertex  4.987967e+00 -2.219060e+00  5.000000e+00
     vertex  4.987967e+00 -2.219060e+00  2.000000e+00
   endloop
 endfacet
 facet normal  9.976484e-01 -6.853995e-02  0.000000e+00
   outer loop
     vertex  4.996989e+00 -2.109695e+00  5.000000e+00
     vertex  4.993228e+00 -2.164439e+00  5.000000e+00
     vertex  4.996989e+00 -2.109695e+00  2.000000e+00
   endloop
 endfacet
 facet normal  9.991532e-01 -4.114462e-02  0.000000e+00
   outer loop
     vertex  4.999247e+00 -2.054868e+00  5.000000e+00
     vertex  4.996989e+00 -2.109695e+00  2.000000e+00
     vertex  4.999247e+00 -2.054868e+00  2.000000e+00
   endloop
 endfacet
 facet normal  9.991532e-01 -4.114462e-02  0.000000e+00
   outer loop
     vertex  4.999247e+00 -2.054868e+00  5.000000e+00
     vertex  4.996989e+00 -2.109695e+00  5.000000e+00
     vertex  4.996989e+00 -2.109695e+00  2.000000e+00
   endloop
 endfacet
 facet normal  9.999059e-01 -1.371831e-02  0.000000e+00
   outer loop
     vertex  5.000000e+00 -2.000000e+00  5.000000e+00
     vertex  4.999247e+00 -2.054868e+00  2.000000e+00
     vertex  5.000000e+00 -2.000000e+00  2.000000e+00
   endloop
 endfacet
 facet normal  9.999059e-01 -1.371831e-02  0.000000e+00
   outer loop
     vertex  5.000000e+00 -2.000000e+00  5.000000e+00
     vertex  4.999247e+00 -2.054868e+00  5.000000e+00
     vertex  4.999247e+00 -2.054868e+00  2.000000e+00
   endloop
 endfacet
 facet normal  9.999059e-01  1.371831e-02  0.000000e+00
   outer loop
     vertex  4.899925e+01 -1.745132e+00  5.000000e+00
     vertex  4.900000e+01 -1.800000e+00  5.000000e+00
     vertex  4.900000e+01 -1.800000e+00  2.000000e+00
   endloop
 endfacet
 facet normal  9.999059e-01  1.371831e-02  0.000000e+00
   outer loop
     vertex  4.899925e+01 -1.745132e+00  5.000000e+00
     vertex  4.900000e+01 -1.800000e+00  2.000000e+00
     vertex  4.899925e+01 -1.745132e+00  2.000000e+00
   endloop
 endfacet
 facet normal  9.991532e-01  4.114462e-02  0.000000e+00
   outer loop
     vertex  4.899699e+01 -1.690305e+00  5.000000e+00
     vertex  4.899925e+01 -1.745132e+00  2.000000e+00
     vertex  4.899699e+01 -1.690305e+00  2.000000e+00
   endloop
 endfacet
 facet normal  9.991532e-01  4.114462e-02  0.000000e+00
   outer loop
     vertex  4.899699e+01 -1.690305e+00  5.000000e+00
     vertex  4.899925e+01 -1.745132e+00  5.000000e+00
     vertex  4.899925e+01 -1.745132e+00  2.000000e+00
   endloop
 endfacet
 facet normal  9.976484e-01  6.853995e-02  0.000000e+00
   outer loop
     vertex  4.899323e+01 -1.635561e+00  5.000000e+00
     vertex  4.899699e+01 -1.690305e+00  2.000000e+00
     vertex  4.899323e+01 -1.635561e+00  2.000000e+00
   endloop
 endfacet
 facet normal  9.976484e-01  6.853995e-02  0.000000e+00
   outer loop
     vertex  4.899323e+01 -1.635561e+00  5.000000e+00
     vertex  4.899699e+01 -1.690305e+00  5.000000e+00
     vertex  4.899699e+01 -1.690305e+00  2.000000e+00
   endloop
 endfacet
 facet normal  9.953925e-01  9.588368e-02  0.000000e+00
   outer loop
     vertex  4.898797e+01 -1.580940e+00  5.000000e+00
     vertex  4.899323e+01 -1.635561e+00  2.000000e+00
     vertex  4.898797e+01 -1.580940e+00  2.000000e+00
   endloop
 endfacet
 facet normal  9.953925e-01  9.588368e-02  0.000000e+00
   outer loop
     vertex  4.898797e+01 -1.580940e+00  5.000000e+00
     vertex  4.899323e+01 -1.635561e+00  5.000000e+00
     vertex  4.899323e+01 -1.635561e+00  2.000000e+00
   endloop
 endfacet
 facet normal  9.923874e-01  1.231552e-01  0.000000e+00
   outer loop
     vertex  4.898121e+01 -1.526485e+00  5.000000e+00
     vertex  4.898797e+01 -1.580940e+00  2.000000e+00
     vertex  4.898121e+01 -1.526485e+00  2.000000e+00
   endloop
 endfacet
 facet normal  9.923874e-01  1.231552e-01  0.000000e+00
   outer loop
     vertex  4.898121e+01 -1.526485e+00  5.000000e+00
     vertex  4.898797e+01 -1.580940e+00  5.000000e+00
     vertex  4.898797e+01 -1.580940e+00  2.000000e+00
   endloop
 endfacet
 facet normal  9.886353e-01  1.503341e-01  0.000000e+00
   outer loop
     vertex  4.897296e+01 -1.472235e+00  5.000000e+00
     vertex  4.898121e+01 -1.526485e+00  2.000000e+00
     vertex  4.897296e+01 -1.472235e+00  2.000000e+00
   endloop
 endfacet
 facet normal  9.841389e-01  1.773998e-01  0.000000e+00
   outer loop
     vertex  4.897296e+01 -1.472235e+00  5.000000e+00
     vertex  4.897296e+01 -1.472235e+00  2.000000e+00
     vertex  4.896323e+01 -1.418232e+00  2.000000e+00
   endloop
 endfacet
 facet normal  9.886353e-01  1.503341e-01  0.000000e+00
   outer loop
     vertex  4.897296e+01 -1.472235e+00  5.000000e+00
     vertex  4.898121e+01 -1.526485e+00  5.000000e+00
     vertex  4.898121e+01 -1.526485e+00  2.000000e+00
   endloop
 endfacet
 facet normal  9.841389e-01  1.773998e-01  0.000000e+00
   outer loop
     vertex  4.896323e+01 -1.418232e+00  5.000000e+00
     vertex  4.897296e+01 -1.472235e+00  5.000000e+00
     vertex  4.896323e+01 -1.418232e+00  2.000000e+00
   endloop
 endfacet
 facet normal  9.789017e-01  2.043319e-01  0.000000e+00
   outer loop
     vertex  4.895201e+01 -1.364517e+00  5.000000e+00
     vertex  4.896323e+01 -1.418232e+00  2.000000e+00
     vertex  4.895201e+01 -1.364517e+00  2.000000e+00
   endloop
 endfacet
 facet normal  9.789017e-01  2.043319e-01  0.000000e+00
   outer loop
     vertex  4.895201e+01 -1.364517e+00  5.000000e+00
     vertex  4.896323e+01 -1.418232e+00  5.000000e+00
     vertex  4.896323e+01 -1.418232e+00  2.000000e+00
   endloop
 endfacet
 facet normal  9.729276e-01  2.311102e-01  0.000000e+00
   outer loop
     vertex  4.893933e+01 -1.311129e+00  5.000000e+00
     vertex  4.895201e+01 -1.364517e+00  2.000000e+00
     vertex  4.893933e+01 -1.311129e+00  2.000000e+00
   endloop
 endfacet
 facet normal  9.729276e-01  2.311102e-01  0.000000e+00
   outer loop
     vertex  4.893933e+01 -1.311129e+00  5.000000e+00
     vertex  4.895201e+01 -1.364517e+00  5.000000e+00
     vertex  4.895201e+01 -1.364517e+00  2.000000e+00
   endloop
 endfacet
 facet normal  9.662211e-01  2.577146e-01  0.000000e+00
   outer loop
     vertex  4.892519e+01 -1.258109e+00  5.000000e+00
     vertex  4.893933e+01 -1.311129e+00  5.000000e+00
     vertex  4.893933e+01 -1.311129e+00  2.000000e+00
   endloop
 endfacet
 facet normal  9.662211e-01  2.577146e-01  0.000000e+00
   outer loop
     vertex  4.892519e+01 -1.258109e+00  5.000000e+00
     vertex  4.893933e+01 -1.311129e+00  2.000000e+00
     vertex  4.892519e+01 -1.258109e+00  2.000000e+00
   endloop
 endfacet
 facet normal  9.587873e-01  2.841250e-01  0.000000e+00
   outer loop
     vertex  4.892519e+01 -1.258109e+00  5.000000e+00
     vertex  4.892519e+01 -1.258109e+00  2.000000e+00
     vertex  4.890960e+01 -1.205498e+00  2.000000e+00
   endloop
 endfacet
 facet normal  9.587873e-01  2.841250e-01  0.000000e+00
   outer loop
     vertex  4.890960e+01 -1.205498e+00  5.000000e+00
     vertex  4.892519e+01 -1.258109e+00  5.000000e+00
     vertex  4.890960e+01 -1.205498e+00  2.000000e+00
   endloop
 endfacet
 facet normal  9.506317e-01  3.103214e-01  0.000000e+00
   outer loop
     vertex  4.890960e+01 -1.205498e+00  5.000000e+00
     vertex  4.890960e+01 -1.205498e+00  2.000000e+00
     vertex  4.889257e+01 -1.153333e+00  2.000000e+00
   endloop
 endfacet
 facet normal  9.506317e-01  3.103214e-01  0.000000e+00
   outer loop
     vertex  4.889257e+01 -1.153333e+00  5.000000e+00
     vertex  4.890960e+01 -1.205498e+00  5.000000e+00
     vertex  4.889257e+01 -1.153333e+00  2.000000e+00
   endloop
 endfacet
 facet normal  9.417605e-01  3.362843e-01  0.000000e+00
   outer loop
     vertex  4.889257e+01 -1.153333e+00  5.000000e+00
     vertex  4.889257e+01 -1.153333e+00  2.000000e+00
     vertex  4.887412e+01 -1.101656e+00  2.000000e+00
   endloop
 endfacet
 facet normal  9.417605e-01  3.362843e-01  0.000000e+00
   outer loop
     vertex  4.887412e+01 -1.101656e+00  5.000000e+00
     vertex  4.889257e+01 -1.153333e+00  5.000000e+00
     vertex  4.887412e+01 -1.101656e+00  2.000000e+00
   endloop
 endfacet
 facet normal  9.321804e-01  3.619940e-01  0.000000e+00
   outer loop
     vertex  4.885425e+01 -1.050504e+00  5.000000e+00
     vertex  4.887412e+01 -1.101656e+00  5.000000e+00
     vertex  4.887412e+01 -1.101656e+00  2.000000e+00
   endloop
 endfacet
 facet normal  9.321804e-01  3.619940e-01  0.000000e+00
   outer loop
     vertex  4.885425e+01 -1.050504e+00  5.000000e+00
     vertex  4.887412e+01 -1.101656e+00  2.000000e+00
     vertex  4.885425e+01 -1.050504e+00  2.000000e+00
   endloop
 endfacet
 facet normal  9.218986e-01  3.874313e-01  0.000000e+00
   outer loop
     vertex  4.883299e+01 -9.999166e-01  5.000000e+00
     vertex  4.885425e+01 -1.050504e+00  5.000000e+00
     vertex  4.885425e+01 -1.050504e+00  2.000000e+00
   endloop
 endfacet
 facet normal  9.218986e-01  3.874313e-01  0.000000e+00
   outer loop
     vertex  4.883299e+01 -9.999166e-01  5.000000e+00
     vertex  4.885425e+01 -1.050504e+00  2.000000e+00
     vertex  4.883299e+01 -9.999166e-01  2.000000e+00
   endloop
 endfacet
 facet normal  9.109228e-01  4.125769e-01  0.000000e+00
   outer loop
     vertex  4.881035e+01 -9.499313e-01  5.000000e+00
     vertex  4.883299e+01 -9.999166e-01  5.000000e+00
     vertex  4.883299e+01 -9.999166e-01  2.000000e+00
   endloop
 endfacet
 facet normal  9.109228e-01  4.125769e-01  0.000000e+00
   outer loop
     vertex  4.881035e+01 -9.499313e-01  5.000000e+00
     vertex  4.883299e+01 -9.999166e-01  2.000000e+00
     vertex  4.881035e+01 -9.499313e-01  2.000000e+00
   endloop
 endfacet
 facet normal  8.992613e-01  4.374119e-01  0.000000e+00
   outer loop
     vertex  4.878635e+01 -9.005859e-01  5.000000e+00
     vertex  4.881035e+01 -9.499313e-01  5.000000e+00
     vertex  4.881035e+01 -9.499313e-01  2.000000e+00
   endloop
 endfacet
 facet normal  8.992613e-01  4.374119e-01  0.000000e+00
   outer loop
     vertex  4.878635e+01 -9.005859e-01  5.000000e+00
     vertex  4.881035e+01 -9.499313e-01  2.000000e+00
     vertex  4.878635e+01 -9.005859e-01  2.000000e+00
   endloop
 endfacet
 facet normal  8.869228e-01  4.619176e-01  0.000000e+00
   outer loop
     vertex  4.876101e+01 -8.519175e-01  5.000000e+00
     vertex  4.878635e+01 -9.005859e-01  5.000000e+00
     vertex  4.878635e+01 -9.005859e-01  2.000000e+00
   endloop
 endfacet
 facet normal  8.869228e-01  4.619176e-01  0.000000e+00
   outer loop
     vertex  4.876101e+01 -8.519175e-01  5.000000e+00
     vertex  4.878635e+01 -9.005859e-01  2.000000e+00
     vertex  4.876101e+01 -8.519175e-01  2.000000e+00
   endloop
 endfacet
 facet normal  8.739167e-01  4.860756e-01  0.000000e+00
   outer loop
     vertex  4.873433e+01 -8.039629e-01  5.000000e+00
     vertex  4.876101e+01 -8.519175e-01  5.000000e+00
     vertex  4.876101e+01 -8.519175e-01  2.000000e+00
   endloop
 endfacet
 facet normal  8.739167e-01  4.860756e-01  0.000000e+00
   outer loop
     vertex  4.873433e+01 -8.039629e-01  5.000000e+00
     vertex  4.876101e+01 -8.519175e-01  2.000000e+00
     vertex  4.873433e+01 -8.039629e-01  2.000000e+00
   endloop
 endfacet
 facet normal  8.602528e-01  5.098678e-01  0.000000e+00
   outer loop
     vertex  4.870635e+01 -7.567580e-01  5.000000e+00
     vertex  4.873433e+01 -8.039629e-01  5.000000e+00
     vertex  4.873433e+01 -8.039629e-01  2.000000e+00
   endloop
 endfacet
 facet normal  8.602528e-01  5.098678e-01  0.000000e+00
   outer loop
     vertex  4.870635e+01 -7.567580e-01  5.000000e+00
     vertex  4.873433e+01 -8.039629e-01  2.000000e+00
     vertex  4.870635e+01 -7.567580e-01  2.000000e+00
   endloop
 endfacet
 facet normal  8.459413e-01  5.332761e-01  0.000000e+00
   outer loop
     vertex  4.867709e+01 -7.103384e-01  5.000000e+00
     vertex  4.870635e+01 -7.567580e-01  5.000000e+00
     vertex  4.870635e+01 -7.567580e-01  2.000000e+00
   endloop
 endfacet
 facet normal  8.459413e-01  5.332761e-01  0.000000e+00
   outer loop
     vertex  4.867709e+01 -7.103384e-01  5.000000e+00
     vertex  4.870635e+01 -7.567580e-01  2.000000e+00
     vertex  4.867709e+01 -7.103384e-01  2.000000e+00
   endloop
 endfacet
 facet normal  8.309929e-01  5.562829e-01  0.000000e+00
   outer loop
     vertex  4.864657e+01 -6.647391e-01  5.000000e+00
     vertex  4.867709e+01 -7.103384e-01  2.000000e+00
     vertex  4.864657e+01 -6.647391e-01  2.000000e+00
   endloop
 endfacet
 facet normal  8.309929e-01  5.562829e-01  0.000000e+00
   outer loop
     vertex  4.864657e+01 -6.647391e-01  5.000000e+00
     vertex  4.867709e+01 -7.103384e-01  5.000000e+00
     vertex  4.867709e+01 -7.103384e-01  2.000000e+00
   endloop
 endfacet
 facet normal  8.154191e-01  5.788711e-01  0.000000e+00
   outer loop
     vertex  4.861480e+01 -6.199944e-01  5.000000e+00
     vertex  4.864657e+01 -6.647391e-01  2.000000e+00
     vertex  4.861480e+01 -6.199944e-01  2.000000e+00
   endloop
 endfacet
 facet normal  8.154191e-01  5.788711e-01  0.000000e+00
   outer loop
     vertex  4.861480e+01 -6.199944e-01  5.000000e+00
     vertex  4.864657e+01 -6.647391e-01  5.000000e+00
     vertex  4.864657e+01 -6.647391e-01  2.000000e+00
   endloop
 endfacet
 facet normal  7.992314e-01  6.010234e-01  0.000000e+00
   outer loop
     vertex  4.858182e+01 -5.761380e-01  5.000000e+00
     vertex  4.861480e+01 -6.199944e-01  2.000000e+00
     vertex  4.858182e+01 -5.761380e-01  2.000000e+00
   endloop
 endfacet
 facet normal  7.992314e-01  6.010234e-01  0.000000e+00
   outer loop
     vertex  4.858182e+01 -5.761380e-01  5.000000e+00
     vertex  4.861480e+01 -6.199944e-01  5.000000e+00
     vertex  4.861480e+01 -6.199944e-01  2.000000e+00
   endloop
 endfacet
 facet normal  7.824421e-01  6.227234e-01  0.000000e+00
   outer loop
     vertex  4.854765e+01 -5.332029e-01  5.000000e+00
     vertex  4.858182e+01 -5.761380e-01  2.000000e+00
     vertex  4.854765e+01 -5.332029e-01  2.000000e+00
   endloop
 endfacet
 facet normal  7.824421e-01  6.227234e-01  0.000000e+00
   outer loop
     vertex  4.854765e+01 -5.332029e-01  5.000000e+00
     vertex  4.858182e+01 -5.761380e-01  5.000000e+00
     vertex  4.858182e+01 -5.761380e-01  2.000000e+00
   endloop
 endfacet
 facet normal  7.650637e-01  6.439545e-01  0.000000e+00
   outer loop
     vertex  4.851232e+01 -4.912213e-01  5.000000e+00
     vertex  4.854765e+01 -5.332029e-01  2.000000e+00
     vertex  4.851232e+01 -4.912213e-01  2.000000e+00
   endloop
 endfacet
 facet normal  7.650637e-01  6.439545e-01  0.000000e+00
   outer loop
     vertex  4.851232e+01 -4.912213e-01  5.000000e+00
     vertex  4.854765e+01 -5.332029e-01  5.000000e+00
     vertex  4.854765e+01 -5.332029e-01  2.000000e+00
   endloop
 endfacet
 facet normal  7.471095e-01  6.647010e-01  0.000000e+00
   outer loop
     vertex  4.847584e+01 -4.502250e-01  5.000000e+00
     vertex  4.851232e+01 -4.912213e-01  2.000000e+00
     vertex  4.847584e+01 -4.502250e-01  2.000000e+00
   endloop
 endfacet
 facet normal  7.285929e-01  6.849470e-01  0.000000e+00
   outer loop
     vertex  4.847584e+01 -4.502250e-01  5.000000e+00
     vertex  4.847584e+01 -4.502250e-01  2.000000e+00
     vertex  4.843826e+01 -4.102447e-01  2.000000e+00
   endloop
 endfacet
 facet normal  7.471095e-01  6.647010e-01  0.000000e+00
   outer loop
     vertex  4.847584e+01 -4.502250e-01  5.000000e+00
     vertex  4.851232e+01 -4.912213e-01  5.000000e+00
     vertex  4.851232e+01 -4.912213e-01  2.000000e+00
   endloop
 endfacet
 facet normal  7.285929e-01  6.849470e-01  0.000000e+00
   outer loop
     vertex  4.843826e+01 -4.102447e-01  5.000000e+00
     vertex  4.847584e+01 -4.502250e-01  5.000000e+00
     vertex  4.843826e+01 -4.102447e-01  2.000000e+00
   endloop
 endfacet
 facet normal  7.095278e-01  7.046775e-01  0.000000e+00
   outer loop
     vertex  4.839959e+01 -3.713106e-01  5.000000e+00
     vertex  4.843826e+01 -4.102447e-01  2.000000e+00
     vertex  4.839959e+01 -3.713106e-01  2.000000e+00
   endloop
 endfacet
 facet normal  6.899286e-01  7.238775e-01  0.000000e+00
   outer loop
     vertex  4.839959e+01 -3.713106e-01  5.000000e+00
     vertex  4.839959e+01 -3.713106e-01  2.000000e+00
     vertex  4.835987e+01 -3.334520e-01  2.000000e+00
   endloop
 endfacet
 facet normal  7.095278e-01  7.046775e-01  0.000000e+00
   outer loop
     vertex  4.839959e+01 -3.713106e-01  5.000000e+00
     vertex  4.843826e+01 -4.102447e-01  5.000000e+00
     vertex  4.843826e+01 -4.102447e-01  2.000000e+00
   endloop
 endfacet
 facet normal  6.899286e-01  7.238775e-01  0.000000e+00
   outer loop
     vertex  4.835987e+01 -3.334520e-01  5.000000e+00
     vertex  4.839959e+01 -3.713106e-01  5.000000e+00
     vertex  4.835987e+01 -3.334520e-01  2.000000e+00
   endloop
 endfacet
 facet normal  6.698100e-01  7.425325e-01  0.000000e+00
   outer loop
     vertex  4.831912e+01 -2.966973e-01  5.000000e+00
     vertex  4.835987e+01 -3.334520e-01  2.000000e+00
     vertex  4.831912e+01 -2.966973e-01  2.000000e+00
   endloop
 endfacet
 facet normal  6.698100e-01  7.425325e-01  0.000000e+00
   outer loop
     vertex  4.831912e+01 -2.966973e-01  5.000000e+00
     vertex  4.835987e+01 -3.334520e-01  5.000000e+00
     vertex  4.835987e+01 -3.334520e-01  2.000000e+00
   endloop
 endfacet
 facet normal  6.491872e-01  7.606287e-01  0.000000e+00
   outer loop
     vertex  4.827738e+01 -2.610743e-01  5.000000e+00
     vertex  4.831912e+01 -2.966973e-01  2.000000e+00
     vertex  4.827738e+01 -2.610743e-01  2.000000e+00
   endloop
 endfacet
 facet normal  6.280757e-01  7.781522e-01  0.000000e+00
   outer loop
     vertex  4.827738e+01 -2.610743e-01  5.000000e+00
     vertex  4.827738e+01 -2.610743e-01  2.000000e+00
     vertex  4.823468e+01 -2.266098e-01  2.000000e+00
   endloop
 endfacet
 facet normal  6.491872e-01  7.606287e-01  0.000000e+00
   outer loop
     vertex  4.827738e+01 -2.610743e-01  5.000000e+00
     vertex  4.831912e+01 -2.966973e-01  5.000000e+00
     vertex  4.831912e+01 -2.966973e-01  2.000000e+00
   endloop
 endfacet
 facet normal  6.064915e-01  7.950900e-01  0.000000e+00
   outer loop
     vertex  4.823468e+01 -2.266098e-01  5.000000e+00
     vertex  4.823468e+01 -2.266098e-01  2.000000e+00
     vertex  4.819105e+01 -1.933296e-01  2.000000e+00
   endloop
 endfacet
 facet normal  6.280757e-01  7.781522e-01  0.000000e+00
   outer loop
     vertex  4.823468e+01 -2.266098e-01  5.000000e+00
     vertex  4.827738e+01 -2.610743e-01  5.000000e+00
     vertex  4.823468e+01 -2.266098e-01  2.000000e+00
   endloop
 endfacet
 facet normal  6.064915e-01  7.950900e-01  0.000000e+00
   outer loop
     vertex  4.819105e+01 -1.933296e-01  5.000000e+00
     vertex  4.823468e+01 -2.266098e-01  5.000000e+00
     vertex  4.819105e+01 -1.933296e-01  2.000000e+00
   endloop
 endfacet
 facet normal  5.844507e-01  8.114292e-01  0.000000e+00
   outer loop
     vertex  4.814653e+01 -1.612589e-01  5.000000e+00
     vertex  4.819105e+01 -1.933296e-01  5.000000e+00
     vertex  4.819105e+01 -1.933296e-01  2.000000e+00
   endloop
 endfacet
 facet normal  5.844507e-01  8.114292e-01  0.000000e+00
   outer loop
     vertex  4.814653e+01 -1.612589e-01  5.000000e+00
     vertex  4.819105e+01 -1.933296e-01  2.000000e+00
     vertex  4.814653e+01 -1.612589e-01  2.000000e+00
   endloop
 endfacet
 facet normal  5.619699e-01  8.271577e-01  0.000000e+00
   outer loop
     vertex  4.810114e+01 -1.304218e-01  5.000000e+00
     vertex  4.814653e+01 -1.612589e-01  2.000000e+00
     vertex  4.810114e+01 -1.304218e-01  2.000000e+00
   endloop
 endfacet
 facet normal  5.619699e-01  8.271577e-01  0.000000e+00
   outer loop
     vertex  4.810114e+01 -1.304218e-01  5.000000e+00
     vertex  4.814653e+01 -1.612589e-01  5.000000e+00
     vertex  4.814653e+01 -1.612589e-01  2.000000e+00
   endloop
 endfacet
 facet normal  5.390661e-01  8.422635e-01  0.000000e+00
   outer loop
     vertex  4.805492e+01 -1.008414e-01  5.000000e+00
     vertex  4.810114e+01 -1.304218e-01  5.000000e+00
     vertex  4.810114e+01 -1.304218e-01  2.000000e+00
   endloop
 endfacet
 facet normal  5.390661e-01  8.422635e-01  0.000000e+00
   outer loop
     vertex  4.805492e+01 -1.008414e-01  5.000000e+00
     vertex  4.810114e+01 -1.304218e-01  2.000000e+00
     vertex  4.805492e+01 -1.008414e-01  2.000000e+00
   endloop
 endfacet
 facet normal  5.157565e-01  8.567352e-01  0.000000e+00
   outer loop
     vertex  4.800791e+01 -7.254020e-02  5.000000e+00
     vertex  4.805492e+01 -1.008414e-01  5.000000e+00
     vertex  4.805492e+01 -1.008414e-01  2.000000e+00
   endloop
 endfacet
 facet normal  5.157565e-01  8.567352e-01  0.000000e+00
   outer loop
     vertex  4.800791e+01 -7.254020e-02  5.000000e+00
     vertex  4.805492e+01 -1.008414e-01  2.000000e+00
     vertex  4.800791e+01 -7.254020e-02  2.000000e+00
   endloop
 endfacet
 facet normal  4.920587e-01  8.705620e-01  0.000000e+00
   outer loop
     vertex  4.796014e+01 -4.553934e-02  5.000000e+00
     vertex  4.800791e+01 -7.254020e-02  5.000000e+00
     vertex  4.800791e+01 -7.254020e-02  2.000000e+00
   endloop
 endfacet
 facet normal  4.920587e-01  8.705620e-01  0.000000e+00
   outer loop
     vertex  4.796014e+01 -4.553934e-02  5.000000e+00
     vertex  4.800791e+01 -7.254020e-02  2.000000e+00
     vertex  4.796014e+01 -4.553934e-02  2.000000e+00
   endloop
 endfacet
 facet normal  4.679904e-01  8.837335e-01  0.000000e+00
   outer loop
     vertex  4.791165e+01 -1.985918e-02  5.000000e+00
     vertex  4.796014e+01 -4.553934e-02  5.000000e+00
     vertex  4.796014e+01 -4.553934e-02  2.000000e+00
   endloop
 endfacet
 facet normal  4.679904e-01  8.837335e-01  0.000000e+00
   outer loop
     vertex  4.791165e+01 -1.985918e-02  5.000000e+00
     vertex  4.796014e+01 -4.553934e-02  2.000000e+00
     vertex  4.791165e+01 -1.985918e-02  2.000000e+00
   endloop
 endfacet
 facet normal  4.435699e-01  8.962398e-01  0.000000e+00
   outer loop
     vertex  4.786247e+01  4.480949e-03  5.000000e+00
     vertex  4.791165e+01 -1.985918e-02  5.000000e+00
     vertex  4.791165e+01 -1.985918e-02  2.000000e+00
   endloop
 endfacet
 facet normal  4.435699e-01  8.962398e-01  0.000000e+00
   outer loop
     vertex  4.786247e+01  4.480949e-03  5.000000e+00
     vertex  4.791165e+01 -1.985918e-02  2.000000e+00
     vertex  4.786247e+01  4.480949e-03  2.000000e+00
   endloop
 endfacet
 facet normal  4.188155e-01  9.080714e-01  0.000000e+00
   outer loop
     vertex  4.781264e+01  2.746272e-02  5.000000e+00
     vertex  4.786247e+01  4.480949e-03  5.000000e+00
     vertex  4.786247e+01  4.480949e-03  2.000000e+00
   endloop
 endfacet
 facet normal  4.188155e-01  9.080714e-01  0.000000e+00
   outer loop
     vertex  4.781264e+01  2.746272e-02  5.000000e+00
     vertex  4.786247e+01  4.480949e-03  2.000000e+00
     vertex  4.781264e+01  2.746272e-02  2.000000e+00
   endloop
 endfacet
 facet normal  3.937458e-01  9.192194e-01  0.000000e+00
   outer loop
     vertex  4.776220e+01  4.906883e-02  5.000000e+00
     vertex  4.781264e+01  2.746272e-02  5.000000e+00
     vertex  4.781264e+01  2.746272e-02  2.000000e+00
   endloop
 endfacet
 facet normal  3.937458e-01  9.192194e-01  0.000000e+00
   outer loop
     vertex  4.776220e+01  4.906883e-02  5.000000e+00
     vertex  4.781264e+01  2.746272e-02  2.000000e+00
     vertex  4.776220e+01  4.906883e-02  2.000000e+00
   endloop
 endfacet
 facet normal  3.683796e-01  9.296754e-01  0.000000e+00
   outer loop
     vertex  4.771118e+01  6.928302e-02  5.000000e+00
     vertex  4.776220e+01  4.906883e-02  5.000000e+00
     vertex  4.776220e+01  4.906883e-02  2.000000e+00
   endloop
 endfacet
 facet normal  3.683796e-01  9.296754e-01  0.000000e+00
   outer loop
     vertex  4.771118e+01  6.928302e-02  5.000000e+00
     vertex  4.776220e+01  4.906883e-02  2.000000e+00
     vertex  4.771118e+01  6.928302e-02  2.000000e+00
   endloop
 endfacet
 facet normal  3.427362e-01  9.394317e-01  0.000000e+00
   outer loop
     vertex  4.771118e+01  6.928302e-02  5.000000e+00
     vertex  4.771118e+01  6.928302e-02  2.000000e+00
     vertex  4.765963e+01  8.809008e-02  2.000000e+00
   endloop
 endfacet
 facet normal  3.427362e-01  9.394317e-01  0.000000e+00
   outer loop
     vertex  4.765963e+01  8.809008e-02  5.000000e+00
     vertex  4.771118e+01  6.928302e-02  5.000000e+00
     vertex  4.765963e+01  8.809008e-02  2.000000e+00
   endloop
 endfacet
 facet normal  3.168348e-01  9.484807e-01  0.000000e+00
   outer loop
     vertex  4.760759e+01  1.054758e-01  5.000000e+00
     vertex  4.765963e+01  8.809008e-02  5.000000e+00
     vertex  4.765963e+01  8.809008e-02  2.000000e+00
   endloop
 endfacet
 facet normal  3.168348e-01  9.484807e-01  0.000000e+00
   outer loop
     vertex  4.760759e+01  1.054758e-01  5.000000e+00
     vertex  4.765963e+01  8.809008e-02  2.000000e+00
     vertex  4.760759e+01  1.054758e-01  2.000000e+00
   endloop
 endfacet
 facet normal  2.906949e-01  9.568158e-01  0.000000e+00
   outer loop
     vertex  4.755508e+01  1.214272e-01  5.000000e+00
     vertex  4.760759e+01  1.054758e-01  5.000000e+00
     vertex  4.760759e+01  1.054758e-01  2.000000e+00
   endloop
 endfacet
 facet normal  2.906949e-01  9.568158e-01  0.000000e+00
   outer loop
     vertex  4.755508e+01  1.214272e-01  5.000000e+00
     vertex  4.760759e+01  1.054758e-01  2.000000e+00
     vertex  4.755508e+01  1.214272e-01  2.000000e+00
   endloop
 endfacet
 facet normal  2.643362e-01  9.644306e-01  0.000000e+00
   outer loop
     vertex  4.750216e+01  1.359322e-01  5.000000e+00
     vertex  4.755508e+01  1.214272e-01  5.000000e+00
     vertex  4.755508e+01  1.214272e-01  2.000000e+00
   endloop
 endfacet
 facet normal  2.643362e-01  9.644306e-01  0.000000e+00
   outer loop
     vertex  4.750216e+01  1.359322e-01  5.000000e+00
     vertex  4.755508e+01  1.214272e-01  2.000000e+00
     vertex  4.750216e+01  1.359322e-01  2.000000e+00
   endloop
 endfacet
 facet normal  2.377784e-01  9.713194e-01  0.000000e+00
   outer loop
     vertex  4.744886e+01  1.489799e-01  5.000000e+00
     vertex  4.750216e+01  1.359322e-01  5.000000e+00
     vertex  4.750216e+01  1.359322e-01  2.000000e+00
   endloop
 endfacet
 facet normal  2.377784e-01  9.713194e-01  0.000000e+00
   outer loop
     vertex  4.744886e+01  1.489799e-01  5.000000e+00
     vertex  4.750216e+01  1.359322e-01  2.000000e+00
     vertex  4.744886e+01  1.489799e-01  2.000000e+00
   endloop
 endfacet
 facet normal  2.110417e-01  9.774771e-01  0.000000e+00
   outer loop
     vertex  4.739523e+01  1.605604e-01  5.000000e+00
     vertex  4.744886e+01  1.489799e-01  5.000000e+00
     vertex  4.744886e+01  1.489799e-01  2.000000e+00
   endloop
 endfacet
 facet normal  2.110417e-01  9.774771e-01  0.000000e+00
   outer loop
     vertex  4.739523e+01  1.605604e-01  5.000000e+00
     vertex  4.744886e+01  1.489799e-01  2.000000e+00
     vertex  4.739523e+01  1.605604e-01  2.000000e+00
   endloop
 endfacet
 facet normal  1.841461e-01  9.828989e-01  0.000000e+00
   outer loop
     vertex  4.734129e+01  1.706651e-01  5.000000e+00
     vertex  4.739523e+01  1.605604e-01  5.000000e+00
     vertex  4.739523e+01  1.605604e-01  2.000000e+00
   endloop
 endfacet
 facet normal  1.841461e-01  9.828989e-01  0.000000e+00
   outer loop
     vertex  4.734129e+01  1.706651e-01  5.000000e+00
     vertex  4.739523e+01  1.605604e-01  2.000000e+00
     vertex  4.734129e+01  1.706651e-01  2.000000e+00
   endloop
 endfacet
 facet normal  1.571119e-01  9.875808e-01  0.000000e+00
   outer loop
     vertex  4.734129e+01  1.706651e-01  5.000000e+00
     vertex  4.734129e+01  1.706651e-01  2.000000e+00
     vertex  4.728710e+01  1.792864e-01  2.000000e+00
   endloop
 endfacet
 facet normal  1.571119e-01  9.875808e-01  0.000000e+00
   outer loop
     vertex  4.728710e+01  1.792864e-01  5.000000e+00
     vertex  4.734129e+01  1.706651e-01  5.000000e+00
     vertex  4.728710e+01  1.792864e-01  2.000000e+00
   endloop
 endfacet
 facet normal  1.299594e-01  9.915193e-01  0.000000e+00
   outer loop
     vertex  4.728710e+01  1.792864e-01  5.000000e+00
     vertex  4.728710e+01  1.792864e-01  2.000000e+00
     vertex  4.723269e+01  1.864177e-01  2.000000e+00
   endloop
 endfacet
 facet normal  1.299594e-01  9.915193e-01  0.000000e+00
   outer loop
     vertex  4.723269e+01  1.864177e-01  5.000000e+00
     vertex  4.728710e+01  1.792864e-01  5.000000e+00
     vertex  4.723269e+01  1.864177e-01  2.000000e+00
   endloop
 endfacet
 facet normal  1.027091e-01  9.947114e-01  0.000000e+00
   outer loop
     vertex  4.717811e+01  1.920536e-01  5.000000e+00
     vertex  4.723269e+01  1.864177e-01  5.000000e+00
     vertex  4.723269e+01  1.864177e-01  2.000000e+00
   endloop
 endfacet
 facet normal  1.027091e-01  9.947114e-01  0.000000e+00
   outer loop
     vertex  4.717811e+01  1.920536e-01  5.000000e+00
     vertex  4.723269e+01  1.864177e-01  2.000000e+00
     vertex  4.717811e+01  1.920536e-01  2.000000e+00
   endloop
 endfacet
 facet normal  7.538152e-02  9.971548e-01  0.000000e+00
   outer loop
     vertex  4.712339e+01  1.961901e-01  5.000000e+00
     vertex  4.717811e+01  1.920536e-01  5.000000e+00
     vertex  4.717811e+01  1.920536e-01  2.000000e+00
   endloop
 endfacet
 facet normal  7.538152e-02  9.971548e-01  0.000000e+00
   outer loop
     vertex  4.712339e+01  1.961901e-01  5.000000e+00
     vertex  4.717811e+01  1.920536e-01  2.000000e+00
     vertex  4.712339e+01  1.961901e-01  2.000000e+00
   endloop
 endfacet
 facet normal  4.799716e-02  9.988475e-01  0.000000e+00
   outer loop
     vertex  4.706858e+01  1.988238e-01  5.000000e+00
     vertex  4.712339e+01  1.961901e-01  5.000000e+00
     vertex  4.712339e+01  1.961901e-01  2.000000e+00
   endloop
 endfacet
 facet normal  4.799716e-02  9.988475e-01  0.000000e+00
   outer loop
     vertex  4.706858e+01  1.988238e-01  5.000000e+00
     vertex  4.712339e+01  1.961901e-01  2.000000e+00
     vertex  4.706858e+01  1.988238e-01  2.000000e+00
   endloop
 endfacet
 facet normal  2.057667e-02  9.997883e-01  0.000000e+00
   outer loop
     vertex  4.701372e+01  1.999529e-01  5.000000e+00
     vertex  4.706858e+01  1.988238e-01  2.000000e+00
     vertex  4.701372e+01  1.999529e-01  2.000000e+00
   endloop
 endfacet
 facet normal  2.057667e-02  9.997883e-01  0.000000e+00
   outer loop
     vertex  4.701372e+01  1.999529e-01  5.000000e+00
     vertex  4.706858e+01  1.988238e-01  5.000000e+00
     vertex  4.706858e+01  1.988238e-01  2.000000e+00
   endloop
 endfacet
 facet normal -6.859319e-03  9.999765e-01  0.000000e+00
   outer loop
     vertex  4.701372e+01  1.999529e-01  5.000000e+00
     vertex  4.701372e+01  1.999529e-01  2.000000e+00
     vertex  4.695885e+01  1.995766e-01  2.000000e+00
   endloop
 endfacet
 facet normal -6.859319e-03  9.999765e-01  0.000000e+00
   outer loop
     vertex  4.695885e+01  1.995766e-01  5.000000e+00
     vertex  4.701372e+01  1.999529e-01  5.000000e+00
     vertex  4.695885e+01  1.995766e-01  2.000000e+00
   endloop
 endfacet
 facet normal -3.429014e-02  9.994119e-01  0.000000e+00
   outer loop
     vertex  4.690401e+01  1.976949e-01  5.000000e+00
     vertex  4.695885e+01  1.995766e-01  2.000000e+00
     vertex  4.690401e+01  1.976949e-01  2.000000e+00
   endloop
 endfacet
 facet normal -3.429014e-02  9.994119e-01  0.000000e+00
   outer loop
     vertex  4.690401e+01  1.976949e-01  5.000000e+00
     vertex  4.695885e+01  1.995766e-01  5.000000e+00
     vertex  4.695885e+01  1.995766e-01  2.000000e+00
   endloop
 endfacet
 facet normal -6.169515e-02  9.980950e-01  0.000000e+00
   outer loop
     vertex  4.684924e+01  1.943095e-01  5.000000e+00
     vertex  4.690401e+01  1.976949e-01  2.000000e+00
     vertex  4.684924e+01  1.943095e-01  2.000000e+00
   endloop
 endfacet
 facet normal -8.905371e-02  9.960268e-01  0.000000e+00
   outer loop
     vertex  4.684924e+01  1.943095e-01  5.000000e+00
     vertex  4.684924e+01  1.943095e-01  2.000000e+00
     vertex  4.679458e+01  1.894229e-01  2.000000e+00
   endloop
 endfacet
 facet normal -6.169515e-02  9.980950e-01  0.000000e+00
   outer loop
     vertex  4.684924e+01  1.943095e-01  5.000000e+00
     vertex  4.690401e+01  1.976949e-01  5.000000e+00
     vertex  4.690401e+01  1.976949e-01  2.000000e+00
   endloop
 endfacet
 facet normal -8.905371e-02  9.960268e-01  0.000000e+00
   outer loop
     vertex  4.679458e+01  1.894229e-01  5.000000e+00
     vertex  4.684924e+01  1.943095e-01  5.000000e+00
     vertex  4.679458e+01  1.894229e-01  2.000000e+00
   endloop
 endfacet
 facet normal -1.163452e-01  9.932088e-01  0.000000e+00
   outer loop
     vertex  4.674008e+01  1.830386e-01  5.000000e+00
     vertex  4.679458e+01  1.894229e-01  5.000000e+00
     vertex  4.679458e+01  1.894229e-01  2.000000e+00
   endloop
 endfacet
 facet normal -1.163452e-01  9.932088e-01  0.000000e+00
   outer loop
     vertex  4.674008e+01  1.830386e-01  5.000000e+00
     vertex  4.679458e+01  1.894229e-01  2.000000e+00
     vertex  4.674008e+01  1.830386e-01  2.000000e+00
   endloop
 endfacet
 facet normal -1.435492e-01  9.896432e-01  0.000000e+00
   outer loop
     vertex  4.668578e+01  1.751616e-01  5.000000e+00
     vertex  4.674008e+01  1.830386e-01  5.000000e+00
     vertex  4.674008e+01  1.830386e-01  2.000000e+00
   endloop
 endfacet
 facet normal -1.435492e-01  9.896432e-01  0.000000e+00
   outer loop
     vertex  4.668578e+01  1.751616e-01  5.000000e+00
     vertex  4.674008e+01  1.830386e-01  2.000000e+00
     vertex  4.668578e+01  1.751616e-01  2.000000e+00
   endloop
 endfacet
 facet normal -1.706451e-01  9.853326e-01  0.000000e+00
   outer loop
     vertex  4.668578e+01  1.751616e-01  5.000000e+00
     vertex  4.668578e+01  1.751616e-01  2.000000e+00
     vertex  4.663171e+01  1.657978e-01  2.000000e+00
   endloop
 endfacet
 facet normal -1.706451e-01  9.853326e-01  0.000000e+00
   outer loop
     vertex  4.663171e+01  1.657978e-01  5.000000e+00
     vertex  4.668578e+01  1.751616e-01  5.000000e+00
     vertex  4.663171e+01  1.657978e-01  2.000000e+00
   endloop
 endfacet
 facet normal -1.976125e-01  9.802802e-01  0.000000e+00
   outer loop
     vertex  4.657792e+01  1.549541e-01  5.000000e+00
     vertex  4.663171e+01  1.657978e-01  5.000000e+00
     vertex  4.663171e+01  1.657978e-01  2.000000e+00
   endloop
 endfacet
 facet normal -1.976125e-01  9.802802e-01  0.000000e+00
   outer loop
     vertex  4.657792e+01  1.549541e-01  5.000000e+00
     vertex  4.663171e+01  1.657978e-01  2.000000e+00
     vertex  4.657792e+01  1.549541e-01  2.000000e+00
   endloop
 endfacet
 facet normal -2.244312e-01  9.744899e-01  0.000000e+00
   outer loop
     vertex  4.652444e+01  1.426388e-01  5.000000e+00
     vertex  4.657792e+01  1.549541e-01  5.000000e+00
     vertex  4.657792e+01  1.549541e-01  2.000000e+00
   endloop
 endfacet
 facet normal -2.244312e-01  9.744899e-01  0.000000e+00
   outer loop
     vertex  4.652444e+01  1.426388e-01  5.000000e+00
     vertex  4.657792e+01  1.549541e-01  2.000000e+00
     vertex  4.652444e+01  1.426388e-01  2.000000e+00
   endloop
 endfacet
 facet normal -2.510809e-01  9.679661e-01  0.000000e+00
   outer loop
     vertex  4.652444e+01  1.426388e-01  5.000000e+00
     vertex  4.652444e+01  1.426388e-01  2.000000e+00
     vertex  4.647133e+01  1.288612e-01  2.000000e+00
   endloop
 endfacet
 facet normal -2.510809e-01  9.679661e-01  0.000000e+00
   outer loop
     vertex  4.647133e+01  1.288612e-01  5.000000e+00
     vertex  4.652444e+01  1.426388e-01  5.000000e+00
     vertex  4.647133e+01  1.288612e-01  2.000000e+00
   endloop
 endfacet
 facet normal -2.775416e-01  9.607136e-01  0.000000e+00
   outer loop
     vertex  4.641861e+01  1.136316e-01  5.000000e+00
     vertex  4.647133e+01  1.288612e-01  5.000000e+00
     vertex  4.647133e+01  1.288612e-01  2.000000e+00
   endloop
 endfacet
 facet normal -2.775416e-01  9.607136e-01  0.000000e+00
   outer loop
     vertex  4.641861e+01  1.136316e-01  5.000000e+00
     vertex  4.647133e+01  1.288612e-01  2.000000e+00
     vertex  4.641861e+01  1.136316e-01  2.000000e+00
   endloop
 endfacet
 facet normal -3.037934e-01  9.527379e-01  0.000000e+00
   outer loop
     vertex  4.636633e+01  9.696146e-02  5.000000e+00
     vertex  4.641861e+01  1.136316e-01  5.000000e+00
     vertex  4.641861e+01  1.136316e-01  2.000000e+00
   endloop
 endfacet
 facet normal -3.037934e-01  9.527379e-01  0.000000e+00
   outer loop
     vertex  4.636633e+01  9.696146e-02  5.000000e+00
     vertex  4.641861e+01  1.136316e-01  2.000000e+00
     vertex  4.636633e+01  9.696146e-02  2.000000e+00
   endloop
 endfacet
 facet normal -3.298166e-01  9.440450e-01  0.000000e+00
   outer loop
     vertex  4.631453e+01  7.886335e-02  5.000000e+00
     vertex  4.636633e+01  9.696146e-02  5.000000e+00
     vertex  4.636633e+01  9.696146e-02  2.000000e+00
   endloop
 endfacet
 facet normal -3.298166e-01  9.440450e-01  0.000000e+00
   outer loop
     vertex  4.631453e+01  7.886335e-02  5.000000e+00
     vertex  4.636633e+01  9.696146e-02  2.000000e+00
     vertex  4.631453e+01  7.886335e-02  2.000000e+00
   endloop
 endfacet
 facet normal -3.555914e-01  9.346415e-01  0.000000e+00
   outer loop
     vertex  4.631453e+01  7.886335e-02  5.000000e+00
     vertex  4.631453e+01  7.886335e-02  2.000000e+00
     vertex  4.626324e+01  5.935089e-02  2.000000e+00
   endloop
 endfacet
 facet normal -3.555914e-01  9.346415e-01  0.000000e+00
   outer loop
     vertex  4.626324e+01  5.935089e-02  5.000000e+00
     vertex  4.631453e+01  7.886335e-02  5.000000e+00
     vertex  4.626324e+01  5.935089e-02  2.000000e+00
   endloop
 endfacet
 facet normal -4.063188e-01  9.137314e-01  0.000000e+00
   outer loop
     vertex  4.621251e+01  3.843877e-02  5.000000e+00
     vertex  4.621251e+01  3.843877e-02  2.000000e+00
     vertex  4.616237e+01  1.614273e-02  2.000000e+00
   endloop
 endfacet
 facet normal -3.810986e-01  9.245344e-01  0.000000e+00
   outer loop
     vertex  4.621251e+01  3.843877e-02  5.000000e+00
     vertex  4.626324e+01  5.935089e-02  5.000000e+00
     vertex  4.626324e+01  5.935089e-02  2.000000e+00
   endloop
 endfacet
 facet normal -3.810986e-01  9.245344e-01  0.000000e+00
   outer loop
     vertex  4.621251e+01  3.843877e-02  5.000000e+00
     vertex  4.626324e+01  5.935089e-02  2.000000e+00
     vertex  4.621251e+01  3.843877e-02  2.000000e+00
   endloop
 endfacet
 facet normal -4.063188e-01  9.137314e-01  0.000000e+00
   outer loop
     vertex  4.616237e+01  1.614273e-02  5.000000e+00
     vertex  4.621251e+01  3.843877e-02  5.000000e+00
     vertex  4.616237e+01  1.614273e-02  2.000000e+00
   endloop
 endfacet
 facet normal -4.312333e-01  9.022405e-01  0.000000e+00
   outer loop
     vertex  4.611286e+01 -7.520441e-03  5.000000e+00
     vertex  4.616237e+01  1.614273e-02  2.000000e+00
     vertex  4.611286e+01 -7.520441e-03  2.000000e+00
   endloop
 endfacet
 facet normal -4.312333e-01  9.022405e-01  0.000000e+00
   outer loop
     vertex  4.611286e+01 -7.520441e-03  5.000000e+00
     vertex  4.616237e+01  1.614273e-02  5.000000e+00
     vertex  4.616237e+01  1.614273e-02  2.000000e+00
   endloop
 endfacet
 facet normal -4.558231e-01  8.900704e-01  0.000000e+00
   outer loop
     vertex  4.606402e+01 -3.253294e-02  5.000000e+00
     vertex  4.611286e+01 -7.520441e-03  2.000000e+00
     vertex  4.606402e+01 -3.253294e-02  2.000000e+00
   endloop
 endfacet
 facet normal -4.800697e-01  8.772303e-01  0.000000e+00
   outer loop
     vertex  4.606402e+01 -3.253294e-02  5.000000e+00
     vertex  4.606402e+01 -3.253294e-02  2.000000e+00
     vertex  4.601588e+01 -5.887593e-02  2.000000e+00
   endloop
 endfacet
 facet normal -4.558231e-01  8.900704e-01  0.000000e+00
   outer loop
     vertex  4.606402e+01 -3.253294e-02  5.000000e+00
     vertex  4.611286e+01 -7.520441e-03  5.000000e+00
     vertex  4.611286e+01 -7.520441e-03  2.000000e+00
   endloop
 endfacet
 facet normal -4.800697e-01  8.772303e-01  0.000000e+00
   outer loop
     vertex  4.601588e+01 -5.887593e-02  5.000000e+00
     vertex  4.606402e+01 -3.253294e-02  5.000000e+00
     vertex  4.601588e+01 -5.887593e-02  2.000000e+00
   endloop
 endfacet
 facet normal -5.039550e-01  8.637299e-01  0.000000e+00
   outer loop
     vertex  4.596849e+01 -8.652958e-02  5.000000e+00
     vertex  4.601588e+01 -5.887593e-02  2.000000e+00
     vertex  4.596849e+01 -8.652958e-02  2.000000e+00
   endloop
 endfacet
 facet normal -5.039550e-01  8.637299e-01  0.000000e+00
   outer loop
     vertex  4.596849e+01 -8.652958e-02  5.000000e+00
     vertex  4.601588e+01 -5.887593e-02  5.000000e+00
     vertex  4.601588e+01 -5.887593e-02  2.000000e+00
   endloop
 endfacet
 facet normal -5.274609e-01  8.495793e-01  0.000000e+00
   outer loop
     vertex  4.592187e+01 -1.154731e-01  5.000000e+00
     vertex  4.596849e+01 -8.652958e-02  2.000000e+00
     vertex  4.592187e+01 -1.154731e-01  2.000000e+00
   endloop
 endfacet
 facet normal -5.505698e-01  8.347891e-01  0.000000e+00
   outer loop
     vertex  4.592187e+01 -1.154731e-01  5.000000e+00
     vertex  4.592187e+01 -1.154731e-01  2.000000e+00
     vertex  4.587606e+01 -1.456846e-01  2.000000e+00
   endloop
 endfacet
 facet normal -5.274609e-01  8.495793e-01  0.000000e+00
   outer loop
     vertex  4.592187e+01 -1.154731e-01  5.000000e+00
     vertex  4.596849e+01 -8.652958e-02  5.000000e+00
     vertex  4.596849e+01 -8.652958e-02  2.000000e+00
   endloop
 endfacet
 facet normal -5.505698e-01  8.347891e-01  0.000000e+00
   outer loop
     vertex  4.587606e+01 -1.456846e-01  5.000000e+00
     vertex  4.592187e+01 -1.154731e-01  5.000000e+00
     vertex  4.587606e+01 -1.456846e-01  2.000000e+00
   endloop
 endfacet
 facet normal -5.732642e-01  8.193706e-01  0.000000e+00
   outer loop
     vertex  4.583110e+01 -1.771415e-01  5.000000e+00
     vertex  4.587606e+01 -1.456846e-01  2.000000e+00
     vertex  4.583110e+01 -1.771415e-01  2.000000e+00
   endloop
 endfacet
 facet normal -5.732642e-01  8.193706e-01  0.000000e+00
   outer loop
     vertex  4.583110e+01 -1.771415e-01  5.000000e+00
     vertex  4.587606e+01 -1.456846e-01  5.000000e+00
     vertex  4.587606e+01 -1.456846e-01  2.000000e+00
   endloop
 endfacet
 facet normal -5.955271e-01  8.033352e-01  0.000000e+00
   outer loop
     vertex  4.578702e+01 -2.098200e-01  5.000000e+00
     vertex  4.583110e+01 -1.771415e-01  2.000000e+00
     vertex  4.578702e+01 -2.098200e-01  2.000000e+00
   endloop
 endfacet
 facet normal -6.173417e-01  7.866951e-01  0.000000e+00
   outer loop
     vertex  4.578702e+01 -2.098200e-01  5.000000e+00
     vertex  4.578702e+01 -2.098200e-01  2.000000e+00
     vertex  4.574385e+01 -2.436956e-01  2.000000e+00
   endloop
 endfacet
 facet normal -5.955271e-01  8.033352e-01  0.000000e+00
   outer loop
     vertex  4.578702e+01 -2.098200e-01  5.000000e+00
     vertex  4.583110e+01 -1.771415e-01  5.000000e+00
     vertex  4.583110e+01 -1.771415e-01  2.000000e+00
   endloop
 endfacet
 facet normal -6.173417e-01  7.866951e-01  0.000000e+00
   outer loop
     vertex  4.574385e+01 -2.436956e-01  5.000000e+00
     vertex  4.578702e+01 -2.098200e-01  5.000000e+00
     vertex  4.574385e+01 -2.436956e-01  2.000000e+00
   endloop
 endfacet
 facet normal -6.386916e-01  7.694628e-01  0.000000e+00
   outer loop
     vertex  4.570163e+01 -2.787427e-01  5.000000e+00
     vertex  4.574385e+01 -2.436956e-01  2.000000e+00
     vertex  4.570163e+01 -2.787427e-01  2.000000e+00
   endloop
 endfacet
 facet normal -6.386916e-01  7.694628e-01  0.000000e+00
   outer loop
     vertex  4.570163e+01 -2.787427e-01  5.000000e+00
     vertex  4.574385e+01 -2.436956e-01  5.000000e+00
     vertex  4.574385e+01 -2.436956e-01  2.000000e+00
   endloop
 endfacet
 facet normal -6.595607e-01  7.516513e-01  0.000000e+00
   outer loop
     vertex  4.566038e+01 -3.149349e-01  5.000000e+00
     vertex  4.570163e+01 -2.787427e-01  2.000000e+00
     vertex  4.566038e+01 -3.149349e-01  2.000000e+00
   endloop
 endfacet
 facet normal -6.595607e-01  7.516513e-01  0.000000e+00
   outer loop
     vertex  4.566038e+01 -3.149349e-01  5.000000e+00
     vertex  4.570163e+01 -2.787427e-01  5.000000e+00
     vertex  4.570163e+01 -2.787427e-01  2.000000e+00
   endloop
 endfacet
 facet normal -6.799333e-01  7.332740e-01  0.000000e+00
   outer loop
     vertex  4.562014e+01 -3.522451e-01  5.000000e+00
     vertex  4.566038e+01 -3.149349e-01  2.000000e+00
     vertex  4.562014e+01 -3.522451e-01  2.000000e+00
   endloop
 endfacet
 facet normal -6.997940e-01  7.143447e-01  0.000000e+00
   outer loop
     vertex  4.562014e+01 -3.522451e-01  5.000000e+00
     vertex  4.562014e+01 -3.522451e-01  2.000000e+00
     vertex  4.558094e+01 -3.906451e-01  2.000000e+00
   endloop
 endfacet
 facet normal -6.799333e-01  7.332740e-01  0.000000e+00
   outer loop
     vertex  4.562014e+01 -3.522451e-01  5.000000e+00
     vertex  4.566038e+01 -3.149349e-01  5.000000e+00
     vertex  4.566038e+01 -3.149349e-01  2.000000e+00
   endloop
 endfacet
 facet normal -6.997940e-01  7.143447e-01  0.000000e+00
   outer loop
     vertex  4.558094e+01 -3.906451e-01  5.000000e+00
     vertex  4.562014e+01 -3.522451e-01  5.000000e+00
     vertex  4.558094e+01 -3.906451e-01  2.000000e+00
   endloop
 endfacet
 facet normal -7.191280e-01  6.948776e-01  0.000000e+00
   outer loop
     vertex  4.558094e+01 -3.906451e-01  5.000000e+00
     vertex  4.558094e+01 -3.906451e-01  2.000000e+00
     vertex  4.554281e+01 -4.301060e-01  2.000000e+00
   endloop
 endfacet
 facet normal -7.191280e-01  6.948776e-01  0.000000e+00
   outer loop
     vertex  4.554281e+01 -4.301060e-01  5.000000e+00
     vertex  4.558094e+01 -3.906451e-01  5.000000e+00
     vertex  4.554281e+01 -4.301060e-01  2.000000e+00
   endloop
 endfacet
 facet normal -7.379206e-01  6.748875e-01  0.000000e+00
   outer loop
     vertex  4.554281e+01 -4.301060e-01  5.000000e+00
     vertex  4.554281e+01 -4.301060e-01  2.000000e+00
     vertex  4.550578e+01 -4.705981e-01  2.000000e+00
   endloop
 endfacet
 facet normal -7.379206e-01  6.748875e-01  0.000000e+00
   outer loop
     vertex  4.550578e+01 -4.705981e-01  5.000000e+00
     vertex  4.554281e+01 -4.301060e-01  5.000000e+00
     vertex  4.550578e+01 -4.705981e-01  2.000000e+00
   endloop
 endfacet
 facet normal -7.561578e-01  6.543893e-01  0.000000e+00
   outer loop
     vertex  4.546987e+01 -5.120909e-01  5.000000e+00
     vertex  4.550578e+01 -4.705981e-01  5.000000e+00
     vertex  4.550578e+01 -4.705981e-01  2.000000e+00
   endloop
 endfacet
 facet normal -7.561578e-01  6.543893e-01  0.000000e+00
   outer loop
     vertex  4.546987e+01 -5.120909e-01  5.000000e+00
     vertex  4.550578e+01 -4.705981e-01  2.000000e+00
     vertex  4.546987e+01 -5.120909e-01  2.000000e+00
   endloop
 endfacet
 facet normal -7.738257e-01  6.333986e-01  0.000000e+00
   outer loop
     vertex  4.546987e+01 -5.120909e-01  5.000000e+00
     vertex  4.546987e+01 -5.120909e-01  2.000000e+00
     vertex  4.543512e+01 -5.545532e-01  2.000000e+00
   endloop
 endfacet
 facet normal -7.738257e-01  6.333986e-01  0.000000e+00
   outer loop
     vertex  4.543512e+01 -5.545532e-01  5.000000e+00
     vertex  4.546987e+01 -5.120909e-01  5.000000e+00
     vertex  4.543512e+01 -5.545532e-01  2.000000e+00
   endloop
 endfacet
 facet normal -7.909112e-01  6.119310e-01  0.000000e+00
   outer loop
     vertex  4.540154e+01 -5.979531e-01  5.000000e+00
     vertex  4.543512e+01 -5.545532e-01  2.000000e+00
     vertex  4.540154e+01 -5.979531e-01  2.000000e+00
   endloop
 endfacet
 facet normal -7.909112e-01  6.119310e-01  0.000000e+00
   outer loop
     vertex  4.540154e+01 -5.979531e-01  5.000000e+00
     vertex  4.543512e+01 -5.545532e-01  5.000000e+00
     vertex  4.543512e+01 -5.545532e-01  2.000000e+00
   endloop
 endfacet
 facet normal -8.074012e-01  5.900028e-01  0.000000e+00
   outer loop
     vertex  4.536916e+01 -6.422579e-01  5.000000e+00
     vertex  4.540154e+01 -5.979531e-01  5.000000e+00
     vertex  4.540154e+01 -5.979531e-01  2.000000e+00
   endloop
 endfacet
 facet normal -8.074012e-01  5.900028e-01  0.000000e+00
   outer loop
     vertex  4.536916e+01 -6.422579e-01  5.000000e+00
     vertex  4.540154e+01 -5.979531e-01  2.000000e+00
     vertex  4.536916e+01 -6.422579e-01  2.000000e+00
   endloop
 endfacet
 facet normal -8.232835e-01  5.676304e-01  0.000000e+00
   outer loop
     vertex  4.536916e+01 -6.422579e-01  5.000000e+00
     vertex  4.536916e+01 -6.422579e-01  2.000000e+00
     vertex  4.533801e+01 -6.874341e-01  2.000000e+00
   endloop
 endfacet
 facet normal -8.385460e-01  5.448308e-01  0.000000e+00
   outer loop
     vertex  4.533801e+01 -6.874341e-01  5.000000e+00
     vertex  4.533801e+01 -6.874341e-01  2.000000e+00
     vertex  4.530812e+01 -7.334479e-01  2.000000e+00
   endloop
 endfacet
 facet normal -8.232835e-01  5.676304e-01  0.000000e+00
   outer loop
     vertex  4.533801e+01 -6.874341e-01  5.000000e+00
     vertex  4.536916e+01 -6.422579e-01  5.000000e+00
     vertex  4.533801e+01 -6.874341e-01  2.000000e+00
   endloop
 endfacet
 facet normal -8.385460e-01  5.448308e-01  0.000000e+00
   outer loop
     vertex  4.530812e+01 -7.334479e-01  5.000000e+00
     vertex  4.533801e+01 -6.874341e-01  5.000000e+00
     vertex  4.530812e+01 -7.334479e-01  2.000000e+00
   endloop
 endfacet
 facet normal -8.531773e-01  5.216210e-01  0.000000e+00
   outer loop
     vertex  4.527949e+01 -7.802645e-01  5.000000e+00
     vertex  4.530812e+01 -7.334479e-01  2.000000e+00
     vertex  4.527949e+01 -7.802645e-01  2.000000e+00
   endloop
 endfacet
 facet normal -8.671664e-01  4.980186e-01  0.000000e+00
   outer loop
     vertex  4.527949e+01 -7.802645e-01  5.000000e+00
     vertex  4.527949e+01 -7.802645e-01  2.000000e+00
     vertex  4.525217e+01 -8.278487e-01  2.000000e+00
   endloop
 endfacet
 facet normal -8.531773e-01  5.216210e-01  0.000000e+00
   outer loop
     vertex  4.527949e+01 -7.802645e-01  5.000000e+00
     vertex  4.530812e+01 -7.334479e-01  5.000000e+00
     vertex  4.530812e+01 -7.334479e-01  2.000000e+00
   endloop
 endfacet
 facet normal -8.671664e-01  4.980186e-01  0.000000e+00
   outer loop
     vertex  4.525217e+01 -8.278487e-01  5.000000e+00
     vertex  4.527949e+01 -7.802645e-01  5.000000e+00
     vertex  4.525217e+01 -8.278487e-01  2.000000e+00
   endloop
 endfacet
 facet normal -8.805026e-01  4.740412e-01  0.000000e+00
   outer loop
     vertex  4.522615e+01 -8.761648e-01  5.000000e+00
     vertex  4.525217e+01 -8.278487e-01  2.000000e+00
     vertex  4.522615e+01 -8.761648e-01  2.000000e+00
   endloop
 endfacet
 facet normal -8.805026e-01  4.740412e-01  0.000000e+00
   outer loop
     vertex  4.522615e+01 -8.761648e-01  5.000000e+00
     vertex  4.525217e+01 -8.278487e-01  5.000000e+00
     vertex  4.525217e+01 -8.278487e-01  2.000000e+00
   endloop
 endfacet
 facet normal -8.931761e-01  4.497071e-01  0.000000e+00
   outer loop
     vertex  4.520148e+01 -9.251763e-01  5.000000e+00
     vertex  4.522615e+01 -8.761648e-01  2.000000e+00
     vertex  4.520148e+01 -9.251763e-01  2.000000e+00
   endloop
 endfacet
 facet normal -9.051772e-01  4.250344e-01  0.000000e+00
   outer loop
     vertex  4.520148e+01 -9.251763e-01  5.000000e+00
     vertex  4.520148e+01 -9.251763e-01  2.000000e+00
     vertex  4.517815e+01 -9.748463e-01  2.000000e+00
   endloop
 endfacet
 facet normal -8.931761e-01  4.497071e-01  0.000000e+00
   outer loop
     vertex  4.520148e+01 -9.251763e-01  5.000000e+00
     vertex  4.522615e+01 -8.761648e-01  5.000000e+00
     vertex  4.522615e+01 -8.761648e-01  2.000000e+00
   endloop
 endfacet
 facet normal -9.051772e-01  4.250344e-01  0.000000e+00
   outer loop
     vertex  4.517815e+01 -9.748463e-01  5.000000e+00
     vertex  4.520148e+01 -9.251763e-01  5.000000e+00
     vertex  4.517815e+01 -9.748463e-01  2.000000e+00
   endloop
 endfacet
 facet normal -9.164969e-01  4.000417e-01  0.000000e+00
   outer loop
     vertex  4.515620e+01 -1.025137e+00  5.000000e+00
     vertex  4.517815e+01 -9.748463e-01  2.000000e+00
     vertex  4.515620e+01 -1.025137e+00  2.000000e+00
   endloop
 endfacet
 facet normal -9.164969e-01  4.000417e-01  0.000000e+00
   outer loop
     vertex  4.515620e+01 -1.025137e+00  5.000000e+00
     vertex  4.517815e+01 -9.748463e-01  5.000000e+00
     vertex  4.517815e+01 -9.748463e-01  2.000000e+00
   endloop
 endfacet
 facet normal -9.271267e-01  3.747479e-01  0.000000e+00
   outer loop
     vertex  4.513564e+01 -1.076012e+00  5.000000e+00
     vertex  4.515620e+01 -1.025137e+00  2.000000e+00
     vertex  4.513564e+01 -1.076012e+00  2.000000e+00
   endloop
 endfacet
 facet normal -9.370586e-01  3.491720e-01  0.000000e+00
   outer loop
     vertex  4.513564e+01 -1.076012e+00  5.000000e+00
     vertex  4.513564e+01 -1.076012e+00  2.000000e+00
     vertex  4.511648e+01 -1.127431e+00  2.000000e+00
   endloop
 endfacet
 facet normal -9.271267e-01  3.747479e-01  0.000000e+00
   outer loop
     vertex  4.513564e+01 -1.076012e+00  5.000000e+00
     vertex  4.515620e+01 -1.025137e+00  5.000000e+00
     vertex  4.515620e+01 -1.025137e+00  2.000000e+00
   endloop
 endfacet
 facet normal -9.370586e-01  3.491720e-01  0.000000e+00
   outer loop
     vertex  4.511648e+01 -1.127431e+00  5.000000e+00
     vertex  4.513564e+01 -1.076012e+00  5.000000e+00
     vertex  4.511648e+01 -1.127431e+00  2.000000e+00
   endloop
 endfacet
 facet normal -9.462851e-01  3.233333e-01  0.000000e+00
   outer loop
     vertex  4.509874e+01 -1.179357e+00  5.000000e+00
     vertex  4.511648e+01 -1.127431e+00  2.000000e+00
     vertex  4.509874e+01 -1.179357e+00  2.000000e+00
   endloop
 endfacet
 facet normal -9.462851e-01  3.233333e-01  0.000000e+00
   outer loop
     vertex  4.509874e+01 -1.179357e+00  5.000000e+00
     vertex  4.511648e+01 -1.127431e+00  5.000000e+00
     vertex  4.511648e+01 -1.127431e+00  2.000000e+00
   endloop
 endfacet
 facet normal -9.547993e-01  2.972512e-01  0.000000e+00
   outer loop
     vertex  4.508243e+01 -1.231750e+00  5.000000e+00
     vertex  4.509874e+01 -1.179357e+00  2.000000e+00
     vertex  4.508243e+01 -1.231750e+00  2.000000e+00
   endloop
 endfacet
 facet normal -9.625948e-01  2.709453e-01  0.000000e+00
   outer loop
     vertex  4.508243e+01 -1.231750e+00  5.000000e+00
     vertex  4.508243e+01 -1.231750e+00  2.000000e+00
     vertex  4.506756e+01 -1.284571e+00  2.000000e+00
   endloop
 endfacet
 facet normal -9.547993e-01  2.972512e-01  0.000000e+00
   outer loop
     vertex  4.508243e+01 -1.231750e+00  5.000000e+00
     vertex  4.509874e+01 -1.179357e+00  5.000000e+00
     vertex  4.509874e+01 -1.179357e+00  2.000000e+00
   endloop
 endfacet
 facet normal -9.625948e-01  2.709453e-01  0.000000e+00
   outer loop
     vertex  4.506756e+01 -1.284571e+00  5.000000e+00
     vertex  4.508243e+01 -1.231750e+00  5.000000e+00
     vertex  4.506756e+01 -1.284571e+00  2.000000e+00
   endloop
 endfacet
 facet normal -9.696656e-01  2.444354e-01  0.000000e+00
   outer loop
     vertex  4.505414e+01 -1.337780e+00  5.000000e+00
     vertex  4.506756e+01 -1.284571e+00  2.000000e+00
     vertex  4.505414e+01 -1.337780e+00  2.000000e+00
   endloop
 endfacet
 facet normal -9.696656e-01  2.444354e-01  0.000000e+00
   outer loop
     vertex  4.505414e+01 -1.337780e+00  5.000000e+00
     vertex  4.506756e+01 -1.284571e+00  5.000000e+00
     vertex  4.506756e+01 -1.284571e+00  2.000000e+00
   endloop
 endfacet
 facet normal -9.760065e-01  2.177416e-01  0.000000e+00
   outer loop
     vertex  4.504220e+01 -1.391336e+00  5.000000e+00
     vertex  4.505414e+01 -1.337780e+00  2.000000e+00
     vertex  4.504220e+01 -1.391336e+00  2.000000e+00
   endloop
 endfacet
 facet normal -9.816126e-01  1.908838e-01  0.000000e+00
   outer loop
     vertex  4.504220e+01 -1.391336e+00  5.000000e+00
     vertex  4.504220e+01 -1.391336e+00  2.000000e+00
     vertex  4.503172e+01 -1.445200e+00  2.000000e+00
   endloop
 endfacet
 facet normal -9.760065e-01  2.177416e-01  0.000000e+00
   outer loop
     vertex  4.504220e+01 -1.391336e+00  5.000000e+00
     vertex  4.505414e+01 -1.337780e+00  5.000000e+00
     vertex  4.505414e+01 -1.337780e+00  2.000000e+00
   endloop
 endfacet
 facet normal -9.816126e-01  1.908838e-01  0.000000e+00
   outer loop
     vertex  4.503172e+01 -1.445200e+00  5.000000e+00
     vertex  4.504220e+01 -1.391336e+00  5.000000e+00
     vertex  4.503172e+01 -1.445200e+00  2.000000e+00
   endloop
 endfacet
 facet normal -9.864799e-01  1.638824e-01  0.000000e+00
   outer loop
     vertex  4.502273e+01 -1.499332e+00  5.000000e+00
     vertex  4.503172e+01 -1.445200e+00  2.000000e+00
     vertex  4.502273e+01 -1.499332e+00  2.000000e+00
   endloop
 endfacet
 facet normal -9.864799e-01  1.638824e-01  0.000000e+00
   outer loop
     vertex  4.502273e+01 -1.499332e+00  5.000000e+00
     vertex  4.503172e+01 -1.445200e+00  5.000000e+00
     vertex  4.503172e+01 -1.445200e+00  2.000000e+00
   endloop
 endfacet
 facet normal -9.906046e-01  1.367575e-01  0.000000e+00
   outer loop
     vertex  4.501523e+01 -1.553690e+00  5.000000e+00
     vertex  4.502273e+01 -1.499332e+00  2.000000e+00
     vertex  4.501523e+01 -1.553690e+00  2.000000e+00
   endloop
 endfacet
 facet normal -9.939835e-01  1.095298e-01  0.000000e+00
   outer loop
     vertex  4.501523e+01 -1.553690e+00  5.000000e+00
     vertex  4.501523e+01 -1.553690e+00  2.000000e+00
     vertex  4.500921e+01 -1.608233e+00  2.000000e+00
   endloop
 endfacet
 facet normal -9.906046e-01  1.367575e-01  0.000000e+00
   outer loop
     vertex  4.501523e+01 -1.553690e+00  5.000000e+00
     vertex  4.502273e+01 -1.499332e+00  5.000000e+00
     vertex  4.502273e+01 -1.499332e+00  2.000000e+00
   endloop
 endfacet
 facet normal -9.939835e-01  1.095298e-01  0.000000e+00
   outer loop
     vertex  4.500921e+01 -1.608233e+00  5.000000e+00
     vertex  4.501523e+01 -1.553690e+00  5.000000e+00
     vertex  4.500921e+01 -1.608233e+00  2.000000e+00
   endloop
 endfacet
 facet normal -9.966142e-01  8.221955e-02  0.000000e+00
   outer loop
     vertex  4.500470e+01 -1.662920e+00  5.000000e+00
     vertex  4.500921e+01 -1.608233e+00  5.000000e+00
     vertex  4.500921e+01 -1.608233e+00  2.000000e+00
   endloop
 endfacet
 facet normal -9.966142e-01  8.221955e-02  0.000000e+00
   outer loop
     vertex  4.500470e+01 -1.662920e+00  5.000000e+00
     vertex  4.500921e+01 -1.608233e+00  2.000000e+00
     vertex  4.500470e+01 -1.662920e+00  2.000000e+00
   endloop
 endfacet
 facet normal -9.984947e-01  5.484744e-02  0.000000e+00
   outer loop
     vertex  4.500470e+01 -1.662920e+00  5.000000e+00
     vertex  4.500470e+01 -1.662920e+00  2.000000e+00
     vertex  4.500169e+01 -1.717711e+00  2.000000e+00
   endloop
 endfacet
 facet normal -9.984947e-01  5.484744e-02  0.000000e+00
   outer loop
     vertex  4.500169e+01 -1.717711e+00  5.000000e+00
     vertex  4.500470e+01 -1.662920e+00  5.000000e+00
     vertex  4.500169e+01 -1.717711e+00  2.000000e+00
   endloop
 endfacet
 facet normal -9.996236e-01  2.743405e-02  0.000000e+00
   outer loop
     vertex  4.500169e+01 -1.717711e+00  5.000000e+00
     vertex  4.500169e+01 -1.717711e+00  2.000000e+00
     vertex  4.500019e+01 -1.772563e+00  2.000000e+00
   endloop
 endfacet
 facet normal -9.996236e-01  2.743405e-02  0.000000e+00
   outer loop
     vertex  4.500019e+01 -1.772563e+00  5.000000e+00
     vertex  4.500169e+01 -1.717711e+00  5.000000e+00
     vertex  4.500019e+01 -1.772563e+00  2.000000e+00
   endloop
 endfacet
 facet normal -1.000000e+00  0.000000e+00 -0.000000e+00
   outer loop
     vertex  4.500019e+01 -1.772563e+00  5.000000e+00
     vertex  4.500019e+01 -1.772563e+00  2.000000e+00
     vertex  4.500019e+01 -1.827437e+00  2.000000e+00
   endloop
 endfacet
 facet normal -1.000000e+00  0.000000e+00  0.000000e+00
   outer loop
     vertex  4.500019e+01 -1.827437e+00  5.000000e+00
     vertex  4.500019e+01 -1.772563e+00  5.000000e+00
     vertex  4.500019e+01 -1.827437e+00  2.000000e+00
   endloop
 endfacet
 facet normal -9.996236e-01 -2.743405e-02  0.000000e+00
   outer loop
     vertex  4.500169e+01 -1.882289e+00  5.000000e+00
     vertex  4.500019e+01 -1.827437e+00  5.000000e+00
     vertex  4.500019e+01 -1.827437e+00  2.000000e+00
   endloop
 endfacet
 facet normal -9.996236e-01 -2.743405e-02 -0.000000e+00
   outer loop
     vertex  4.500169e+01 -1.882289e+00  5.000000e+00
     vertex  4.500019e+01 -1.827437e+00  2.000000e+00
     vertex  4.500169e+01 -1.882289e+00  2.000000e+00
   endloop
 endfacet
 facet normal -9.984947e-01 -5.484744e-02  0.000000e+00
   outer loop
     vertex  4.500470e+01 -1.937080e+00  5.000000e+00
     vertex  4.500169e+01 -1.882289e+00  5.000000e+00
     vertex  4.500169e+01 -1.882289e+00  2.000000e+00
   endloop
 endfacet
 facet normal -9.984947e-01 -5.484744e-02 -0.000000e+00
   outer loop
     vertex  4.500470e+01 -1.937080e+00  5.000000e+00
     vertex  4.500169e+01 -1.882289e+00  2.000000e+00
     vertex  4.500470e+01 -1.937080e+00  2.000000e+00
   endloop
 endfacet
 facet normal -9.966142e-01 -8.221955e-02  0.000000e+00
   outer loop
     vertex  4.500921e+01 -1.991767e+00  5.000000e+00
     vertex  4.500470e+01 -1.937080e+00  5.000000e+00
     vertex  4.500470e+01 -1.937080e+00  2.000000e+00
   endloop
 endfacet
 facet normal -9.966142e-01 -8.221955e-02 -0.000000e+00
   outer loop
     vertex  4.500921e+01 -1.991767e+00  5.000000e+00
     vertex  4.500470e+01 -1.937080e+00  2.000000e+00
     vertex  4.500921e+01 -1.991767e+00  2.000000e+00
   endloop
 endfacet
 facet normal -9.939835e-01 -1.095298e-01 -0.000000e+00
   outer loop
     vertex  4.500921e+01 -1.991767e+00  5.000000e+00
     vertex  4.500921e+01 -1.991767e+00  2.000000e+00
     vertex  4.501523e+01 -2.046310e+00  2.000000e+00
   endloop
 endfacet
 facet normal -9.939835e-01 -1.095298e-01 -0.000000e+00
   outer loop
     vertex  4.501523e+01 -2.046310e+00  5.000000e+00
     vertex  4.500921e+01 -1.991767e+00  5.000000e+00
     vertex  4.501523e+01 -2.046310e+00  2.000000e+00
   endloop
 endfacet
 facet normal -9.906046e-01 -1.367575e-01 -0.000000e+00
   outer loop
     vertex  4.501523e+01 -2.046310e+00  5.000000e+00
     vertex  4.501523e+01 -2.046310e+00  2.000000e+00
     vertex  4.502273e+01 -2.100668e+00  2.000000e+00
   endloop
 endfacet
 facet normal -9.906046e-01 -1.367575e-01 -0.000000e+00
   outer loop
     vertex  4.502273e+01 -2.100668e+00  5.000000e+00
     vertex  4.501523e+01 -2.046310e+00  5.000000e+00
     vertex  4.502273e+01 -2.100668e+00  2.000000e+00
   endloop
 endfacet
 facet normal -9.864799e-01 -1.638824e-01 -0.000000e+00
   outer loop
     vertex  4.502273e+01 -2.100668e+00  5.000000e+00
     vertex  4.502273e+01 -2.100668e+00  2.000000e+00
     vertex  4.503172e+01 -2.154800e+00  2.000000e+00
   endloop
 endfacet
 facet normal -9.864799e-01 -1.638824e-01 -0.000000e+00
   outer loop
     vertex  4.503172e+01 -2.154800e+00  5.000000e+00
     vertex  4.502273e+01 -2.100668e+00  5.000000e+00
     vertex  4.503172e+01 -2.154800e+00  2.000000e+00
   endloop
 endfacet
 facet normal -9.816126e-01 -1.908838e-01  0.000000e+00
   outer loop
     vertex  4.504220e+01 -2.208664e+00  5.000000e+00
     vertex  4.503172e+01 -2.154800e+00  5.000000e+00
     vertex  4.503172e+01 -2.154800e+00  2.000000e+00
   endloop
 endfacet
 facet normal -9.816126e-01 -1.908838e-01 -0.000000e+00
   outer loop
     vertex  4.504220e+01 -2.208664e+00  5.000000e+00
     vertex  4.503172e+01 -2.154800e+00  2.000000e+00
     vertex  4.504220e+01 -2.208664e+00  2.000000e+00
   endloop
 endfacet
 facet normal -9.760065e-01 -2.177416e-01 -0.000000e+00
   outer loop
     vertex  4.504220e+01 -2.208664e+00  5.000000e+00
     vertex  4.504220e+01 -2.208664e+00  2.000000e+00
     vertex  4.505414e+01 -2.262220e+00  2.000000e+00
   endloop
 endfacet
 facet normal -9.760065e-01 -2.177416e-01 -0.000000e+00
   outer loop
     vertex  4.505414e+01 -2.262220e+00  5.000000e+00
     vertex  4.504220e+01 -2.208664e+00  5.000000e+00
     vertex  4.505414e+01 -2.262220e+00  2.000000e+00
   endloop
 endfacet
 facet normal -9.696656e-01 -2.444354e-01 -0.000000e+00
   outer loop
     vertex  4.506756e+01 -2.315429e+00  5.000000e+00
     vertex  4.505414e+01 -2.262220e+00  2.000000e+00
     vertex  4.506756e+01 -2.315429e+00  2.000000e+00
   endloop
 endfacet
 facet normal -9.625948e-01 -2.709453e-01 -0.000000e+00
   outer loop
     vertex  4.506756e+01 -2.315429e+00  5.000000e+00
     vertex  4.506756e+01 -2.315429e+00  2.000000e+00
     vertex  4.508243e+01 -2.368250e+00  2.000000e+00
   endloop
 endfacet
 facet normal -9.696656e-01 -2.444354e-01  0.000000e+00
   outer loop
     vertex  4.506756e+01 -2.315429e+00  5.000000e+00
     vertex  4.505414e+01 -2.262220e+00  5.000000e+00
     vertex  4.505414e+01 -2.262220e+00  2.000000e+00
   endloop
 endfacet
 facet normal -9.625948e-01 -2.709453e-01 -0.000000e+00
   outer loop
     vertex  4.508243e+01 -2.368250e+00  5.000000e+00
     vertex  4.506756e+01 -2.315429e+00  5.000000e+00
     vertex  4.508243e+01 -2.368250e+00  2.000000e+00
   endloop
 endfacet
 facet normal -9.547993e-01 -2.972512e-01 -0.000000e+00
   outer loop
     vertex  4.509874e+01 -2.420643e+00  5.000000e+00
     vertex  4.508243e+01 -2.368250e+00  2.000000e+00
     vertex  4.509874e+01 -2.420643e+00  2.000000e+00
   endloop
 endfacet
 facet normal -9.547993e-01 -2.972512e-01  0.000000e+00
   outer loop
     vertex  4.509874e+01 -2.420643e+00  5.000000e+00
     vertex  4.508243e+01 -2.368250e+00  5.000000e+00
     vertex  4.508243e+01 -2.368250e+00  2.000000e+00
   endloop
 endfacet
 facet normal -9.462851e-01 -3.233333e-01 -0.000000e+00
   outer loop
     vertex  4.511648e+01 -2.472569e+00  5.000000e+00
     vertex  4.509874e+01 -2.420643e+00  2.000000e+00
     vertex  4.511648e+01 -2.472569e+00  2.000000e+00
   endloop
 endfacet
 facet normal -9.370586e-01 -3.491720e-01 -0.000000e+00
   outer loop
     vertex  4.511648e+01 -2.472569e+00  5.000000e+00
     vertex  4.511648e+01 -2.472569e+00  2.000000e+00
     vertex  4.513564e+01 -2.523988e+00  2.000000e+00
   endloop
 endfacet
 facet normal -9.462851e-01 -3.233333e-01  0.000000e+00
   outer loop
     vertex  4.511648e+01 -2.472569e+00  5.000000e+00
     vertex  4.509874e+01 -2.420643e+00  5.000000e+00
     vertex  4.509874e+01 -2.420643e+00  2.000000e+00
   endloop
 endfacet
 facet normal -9.370586e-01 -3.491720e-01 -0.000000e+00
   outer loop
     vertex  4.513564e+01 -2.523988e+00  5.000000e+00
     vertex  4.511648e+01 -2.472569e+00  5.000000e+00
     vertex  4.513564e+01 -2.523988e+00  2.000000e+00
   endloop
 endfacet
 facet normal -9.271267e-01 -3.747479e-01 -0.000000e+00
   outer loop
     vertex  4.515620e+01 -2.574863e+00  5.000000e+00
     vertex  4.513564e+01 -2.523988e+00  2.000000e+00
     vertex  4.515620e+01 -2.574863e+00  2.000000e+00
   endloop
 endfacet
 facet normal -9.271267e-01 -3.747479e-01  0.000000e+00
   outer loop
     vertex  4.515620e+01 -2.574863e+00  5.000000e+00
     vertex  4.513564e+01 -2.523988e+00  5.000000e+00
     vertex  4.513564e+01 -2.523988e+00  2.000000e+00
   endloop
 endfacet
 facet normal -9.164969e-01 -4.000417e-01 -0.000000e+00
   outer loop
     vertex  4.517815e+01 -2.625154e+00  5.000000e+00
     vertex  4.515620e+01 -2.574863e+00  2.000000e+00
     vertex  4.517815e+01 -2.625154e+00  2.000000e+00
   endloop
 endfacet
 facet normal -9.051772e-01 -4.250344e-01 -0.000000e+00
   outer loop
     vertex  4.517815e+01 -2.625154e+00  5.000000e+00
     vertex  4.517815e+01 -2.625154e+00  2.000000e+00
     vertex  4.520148e+01 -2.674824e+00  2.000000e+00
   endloop
 endfacet
 facet normal -9.164969e-01 -4.000417e-01  0.000000e+00
   outer loop
     vertex  4.517815e+01 -2.625154e+00  5.000000e+00
     vertex  4.515620e+01 -2.574863e+00  5.000000e+00
     vertex  4.515620e+01 -2.574863e+00  2.000000e+00
   endloop
 endfacet
 facet normal -8.931761e-01 -4.497071e-01 -0.000000e+00
   outer loop
     vertex  4.520148e+01 -2.674824e+00  5.000000e+00
     vertex  4.520148e+01 -2.674824e+00  2.000000e+00
     vertex  4.522615e+01 -2.723835e+00  2.000000e+00
   endloop
 endfacet
 facet normal -9.051772e-01 -4.250344e-01 -0.000000e+00
   outer loop
     vertex  4.520148e+01 -2.674824e+00  5.000000e+00
     vertex  4.517815e+01 -2.625154e+00  5.000000e+00
     vertex  4.520148e+01 -2.674824e+00  2.000000e+00
   endloop
 endfacet
 facet normal -8.931761e-01 -4.497071e-01 -0.000000e+00
   outer loop
     vertex  4.522615e+01 -2.723835e+00  5.000000e+00
     vertex  4.520148e+01 -2.674824e+00  5.000000e+00
     vertex  4.522615e+01 -2.723835e+00  2.000000e+00
   endloop
 endfacet
 facet normal -8.805026e-01 -4.740412e-01 -0.000000e+00
   outer loop
     vertex  4.525217e+01 -2.772151e+00  5.000000e+00
     vertex  4.522615e+01 -2.723835e+00  2.000000e+00
     vertex  4.525217e+01 -2.772151e+00  2.000000e+00
   endloop
 endfacet
 facet normal -8.805026e-01 -4.740412e-01  0.000000e+00
   outer loop
     vertex  4.525217e+01 -2.772151e+00  5.000000e+00
     vertex  4.522615e+01 -2.723835e+00  5.000000e+00
     vertex  4.522615e+01 -2.723835e+00  2.000000e+00
   endloop
 endfacet
 facet normal -8.671664e-01 -4.980186e-01 -0.000000e+00
   outer loop
     vertex  4.527949e+01 -2.819736e+00  5.000000e+00
     vertex  4.525217e+01 -2.772151e+00  2.000000e+00
     vertex  4.527949e+01 -2.819736e+00  2.000000e+00
   endloop
 endfacet
 facet normal -8.531773e-01 -5.216210e-01 -0.000000e+00
   outer loop
     vertex  4.527949e+01 -2.819736e+00  5.000000e+00
     vertex  4.527949e+01 -2.819736e+00  2.000000e+00
     vertex  4.530812e+01 -2.866552e+00  2.000000e+00
   endloop
 endfacet
 facet normal -8.671664e-01 -4.980186e-01  0.000000e+00
   outer loop
     vertex  4.527949e+01 -2.819736e+00  5.000000e+00
     vertex  4.525217e+01 -2.772151e+00  5.000000e+00
     vertex  4.525217e+01 -2.772151e+00  2.000000e+00
   endloop
 endfacet
 facet normal -8.531773e-01 -5.216210e-01 -0.000000e+00
   outer loop
     vertex  4.530812e+01 -2.866552e+00  5.000000e+00
     vertex  4.527949e+01 -2.819736e+00  5.000000e+00
     vertex  4.530812e+01 -2.866552e+00  2.000000e+00
   endloop
 endfacet
 facet normal -8.385460e-01 -5.448308e-01  0.000000e+00
   outer loop
     vertex  4.533801e+01 -2.912566e+00  5.000000e+00
     vertex  4.530812e+01 -2.866552e+00  5.000000e+00
     vertex  4.530812e+01 -2.866552e+00  2.000000e+00
   endloop
 endfacet
 facet normal -8.385460e-01 -5.448308e-01 -0.000000e+00
   outer loop
     vertex  4.533801e+01 -2.912566e+00  5.000000e+00
     vertex  4.530812e+01 -2.866552e+00  2.000000e+00
     vertex  4.533801e+01 -2.912566e+00  2.000000e+00
   endloop
 endfacet
 facet normal -8.232835e-01 -5.676304e-01 -0.000000e+00
   outer loop
     vertex  4.533801e+01 -2.912566e+00  5.000000e+00
     vertex  4.533801e+01 -2.912566e+00  2.000000e+00
     vertex  4.536916e+01 -2.957742e+00  2.000000e+00
   endloop
 endfacet
 facet normal -8.232835e-01 -5.676304e-01 -0.000000e+00
   outer loop
     vertex  4.536916e+01 -2.957742e+00  5.000000e+00
     vertex  4.533801e+01 -2.912566e+00  5.000000e+00
     vertex  4.536916e+01 -2.957742e+00  2.000000e+00
   endloop
 endfacet
 facet normal -8.074012e-01 -5.900028e-01 -0.000000e+00
   outer loop
     vertex  4.536916e+01 -2.957742e+00  5.000000e+00
     vertex  4.536916e+01 -2.957742e+00  2.000000e+00
     vertex  4.540154e+01 -3.002047e+00  2.000000e+00
   endloop
 endfacet
 facet normal -8.074012e-01 -5.900028e-01 -0.000000e+00
   outer loop
     vertex  4.540154e+01 -3.002047e+00  5.000000e+00
     vertex  4.536916e+01 -2.957742e+00  5.000000e+00
     vertex  4.540154e+01 -3.002047e+00  2.000000e+00
   endloop
 endfacet
 facet normal -7.909112e-01 -6.119310e-01  0.000000e+00
   outer loop
     vertex  4.543512e+01 -3.045447e+00  5.000000e+00
     vertex  4.540154e+01 -3.002047e+00  5.000000e+00
     vertex  4.540154e+01 -3.002047e+00  2.000000e+00
   endloop
 endfacet
 facet normal -7.909112e-01 -6.119310e-01 -0.000000e+00
   outer loop
     vertex  4.543512e+01 -3.045447e+00  5.000000e+00
     vertex  4.540154e+01 -3.002047e+00  2.000000e+00
     vertex  4.543512e+01 -3.045447e+00  2.000000e+00
   endloop
 endfacet
 facet normal -7.738257e-01 -6.333986e-01 -0.000000e+00
   outer loop
     vertex  4.543512e+01 -3.045447e+00  5.000000e+00
     vertex  4.543512e+01 -3.045447e+00  2.000000e+00
     vertex  4.546987e+01 -3.087909e+00  2.000000e+00
   endloop
 endfacet
 facet normal -7.738257e-01 -6.333986e-01 -0.000000e+00
   outer loop
     vertex  4.546987e+01 -3.087909e+00  5.000000e+00
     vertex  4.543512e+01 -3.045447e+00  5.000000e+00
     vertex  4.546987e+01 -3.087909e+00  2.000000e+00
   endloop
 endfacet
 facet normal -7.561578e-01 -6.543893e-01  0.000000e+00
   outer loop
     vertex  4.550578e+01 -3.129402e+00  5.000000e+00
     vertex  4.546987e+01 -3.087909e+00  5.000000e+00
     vertex  4.546987e+01 -3.087909e+00  2.000000e+00
   endloop
 endfacet
 facet normal -7.561578e-01 -6.543893e-01 -0.000000e+00
   outer loop
     vertex  4.550578e+01 -3.129402e+00  5.000000e+00
     vertex  4.546987e+01 -3.087909e+00  2.000000e+00
     vertex  4.550578e+01 -3.129402e+00  2.000000e+00
   endloop
 endfacet
 facet normal -7.379206e-01 -6.748875e-01 -0.000000e+00
   outer loop
     vertex  4.550578e+01 -3.129402e+00  5.000000e+00
     vertex  4.550578e+01 -3.129402e+00  2.000000e+00
     vertex  4.554281e+01 -3.169894e+00  2.000000e+00
   endloop
 endfacet
 facet normal -7.379206e-01 -6.748875e-01 -0.000000e+00
   outer loop
     vertex  4.554281e+01 -3.169894e+00  5.000000e+00
     vertex  4.550578e+01 -3.129402e+00  5.000000e+00
     vertex  4.554281e+01 -3.169894e+00  2.000000e+00
   endloop
 endfacet
 facet normal -7.191280e-01 -6.948776e-01 -0.000000e+00
   outer loop
     vertex  4.554281e+01 -3.169894e+00  5.000000e+00
     vertex  4.554281e+01 -3.169894e+00  2.000000e+00
     vertex  4.558094e+01 -3.209355e+00  2.000000e+00
   endloop
 endfacet
 facet normal -7.191280e-01 -6.948776e-01 -0.000000e+00
   outer loop
     vertex  4.558094e+01 -3.209355e+00  5.000000e+00
     vertex  4.554281e+01 -3.169894e+00  5.000000e+00
     vertex  4.558094e+01 -3.209355e+00  2.000000e+00
   endloop
 endfacet
 facet normal -6.997940e-01 -7.143447e-01 -0.000000e+00
   outer loop
     vertex  4.558094e+01 -3.209355e+00  5.000000e+00
     vertex  4.558094e+01 -3.209355e+00  2.000000e+00
     vertex  4.562014e+01 -3.247755e+00  2.000000e+00
   endloop
 endfacet
 facet normal -6.997940e-01 -7.143447e-01 -0.000000e+00
   outer loop
     vertex  4.562014e+01 -3.247755e+00  5.000000e+00
     vertex  4.558094e+01 -3.209355e+00  5.000000e+00
     vertex  4.562014e+01 -3.247755e+00  2.000000e+00
   endloop
 endfacet
 facet normal -6.799333e-01 -7.332740e-01  0.000000e+00
   outer loop
     vertex  4.566038e+01 -3.285065e+00  5.000000e+00
     vertex  4.562014e+01 -3.247755e+00  5.000000e+00
     vertex  4.562014e+01 -3.247755e+00  2.000000e+00
   endloop
 endfacet
 facet normal -6.799333e-01 -7.332740e-01 -0.000000e+00
   outer loop
     vertex  4.566038e+01 -3.285065e+00  5.000000e+00
     vertex  4.562014e+01 -3.247755e+00  2.000000e+00
     vertex  4.566038e+01 -3.285065e+00  2.000000e+00
   endloop
 endfacet
 facet normal -6.595607e-01 -7.516513e-01  0.000000e+00
   outer loop
     vertex  4.570163e+01 -3.321257e+00  5.000000e+00
     vertex  4.566038e+01 -3.285065e+00  5.000000e+00
     vertex  4.566038e+01 -3.285065e+00  2.000000e+00
   endloop
 endfacet
 facet normal -6.595607e-01 -7.516513e-01 -0.000000e+00
   outer loop
     vertex  4.570163e+01 -3.321257e+00  5.000000e+00
     vertex  4.566038e+01 -3.285065e+00  2.000000e+00
     vertex  4.570163e+01 -3.321257e+00  2.000000e+00
   endloop
 endfacet
 facet normal -6.386916e-01 -7.694628e-01 -0.000000e+00
   outer loop
     vertex  4.570163e+01 -3.321257e+00  5.000000e+00
     vertex  4.570163e+01 -3.321257e+00  2.000000e+00
     vertex  4.574385e+01 -3.356304e+00  2.000000e+00
   endloop
 endfacet
 facet normal -6.386916e-01 -7.694628e-01 -0.000000e+00
   outer loop
     vertex  4.574385e+01 -3.356304e+00  5.000000e+00
     vertex  4.570163e+01 -3.321257e+00  5.000000e+00
     vertex  4.574385e+01 -3.356304e+00  2.000000e+00
   endloop
 endfacet
 facet normal -6.173417e-01 -7.866951e-01  0.000000e+00
   outer loop
     vertex  4.578702e+01 -3.390180e+00  5.000000e+00
     vertex  4.574385e+01 -3.356304e+00  5.000000e+00
     vertex  4.574385e+01 -3.356304e+00  2.000000e+00
   endloop
 endfacet
 facet normal -6.173417e-01 -7.866951e-01 -0.000000e+00
   outer loop
     vertex  4.578702e+01 -3.390180e+00  5.000000e+00
     vertex  4.574385e+01 -3.356304e+00  2.000000e+00
     vertex  4.578702e+01 -3.390180e+00  2.000000e+00
   endloop
 endfacet
 facet normal -5.955271e-01 -8.033352e-01 -0.000000e+00
   outer loop
     vertex  4.578702e+01 -3.390180e+00  5.000000e+00
     vertex  4.578702e+01 -3.390180e+00  2.000000e+00
     vertex  4.583110e+01 -3.422858e+00  2.000000e+00
   endloop
 endfacet
 facet normal -5.955271e-01 -8.033352e-01 -0.000000e+00
   outer loop
     vertex  4.583110e+01 -3.422858e+00  5.000000e+00
     vertex  4.578702e+01 -3.390180e+00  5.000000e+00
     vertex  4.583110e+01 -3.422858e+00  2.000000e+00
   endloop
 endfacet
 facet normal -5.732642e-01 -8.193706e-01 -0.000000e+00
   outer loop
     vertex  4.583110e+01 -3.422858e+00  5.000000e+00
     vertex  4.583110e+01 -3.422858e+00  2.000000e+00
     vertex  4.587606e+01 -3.454315e+00  2.000000e+00
   endloop
 endfacet
 facet normal -5.732642e-01 -8.193706e-01 -0.000000e+00
   outer loop
     vertex  4.587606e+01 -3.454315e+00  5.000000e+00
     vertex  4.583110e+01 -3.422858e+00  5.000000e+00
     vertex  4.587606e+01 -3.454315e+00  2.000000e+00
   endloop
 endfacet
 facet normal -5.505698e-01 -8.347891e-01 -0.000000e+00
   outer loop
     vertex  4.587606e+01 -3.454315e+00  5.000000e+00
     vertex  4.587606e+01 -3.454315e+00  2.000000e+00
     vertex  4.592187e+01 -3.484527e+00  2.000000e+00
   endloop
 endfacet
 facet normal -5.505698e-01 -8.347891e-01 -0.000000e+00
   outer loop
     vertex  4.592187e+01 -3.484527e+00  5.000000e+00
     vertex  4.587606e+01 -3.454315e+00  5.000000e+00
     vertex  4.592187e+01 -3.484527e+00  2.000000e+00
   endloop
 endfacet
 facet normal -5.274609e-01 -8.495793e-01  0.000000e+00
   outer loop
     vertex  4.596849e+01 -3.513470e+00  5.000000e+00
     vertex  4.592187e+01 -3.484527e+00  5.000000e+00
     vertex  4.592187e+01 -3.484527e+00  2.000000e+00
   endloop
 endfacet
 facet normal -5.274609e-01 -8.495793e-01 -0.000000e+00
   outer loop
     vertex  4.596849e+01 -3.513470e+00  5.000000e+00
     vertex  4.592187e+01 -3.484527e+00  2.000000e+00
     vertex  4.596849e+01 -3.513470e+00  2.000000e+00
   endloop
 endfacet
 facet normal -5.039550e-01 -8.637299e-01 -0.000000e+00
   outer loop
     vertex  4.596849e+01 -3.513470e+00  5.000000e+00
     vertex  4.596849e+01 -3.513470e+00  2.000000e+00
     vertex  4.601588e+01 -3.541124e+00  2.000000e+00
   endloop
 endfacet
 facet normal -5.039550e-01 -8.637299e-01 -0.000000e+00
   outer loop
     vertex  4.601588e+01 -3.541124e+00  5.000000e+00
     vertex  4.596849e+01 -3.513470e+00  5.000000e+00
     vertex  4.601588e+01 -3.541124e+00  2.000000e+00
   endloop
 endfacet
 facet normal -4.800697e-01 -8.772303e-01  0.000000e+00
   outer loop
     vertex  4.606402e+01 -3.567467e+00  5.000000e+00
     vertex  4.601588e+01 -3.541124e+00  5.000000e+00
     vertex  4.601588e+01 -3.541124e+00  2.000000e+00
   endloop
 endfacet
 facet normal -4.800697e-01 -8.772303e-01 -0.000000e+00
   outer loop
     vertex  4.606402e+01 -3.567467e+00  5.000000e+00
     vertex  4.601588e+01 -3.541124e+00  2.000000e+00
     vertex  4.606402e+01 -3.567467e+00  2.000000e+00
   endloop
 endfacet
 facet normal -4.558231e-01 -8.900704e-01 -0.000000e+00
   outer loop
     vertex  4.606402e+01 -3.567467e+00  5.000000e+00
     vertex  4.606402e+01 -3.567467e+00  2.000000e+00
     vertex  4.611286e+01 -3.592480e+00  2.000000e+00
   endloop
 endfacet
 facet normal -4.558231e-01 -8.900704e-01 -0.000000e+00
   outer loop
     vertex  4.611286e+01 -3.592480e+00  5.000000e+00
     vertex  4.606402e+01 -3.567467e+00  5.000000e+00
     vertex  4.611286e+01 -3.592480e+00  2.000000e+00
   endloop
 endfacet
 facet normal -4.312333e-01 -9.022405e-01  0.000000e+00
   outer loop
     vertex  4.616237e+01 -3.616143e+00  5.000000e+00
     vertex  4.611286e+01 -3.592480e+00  5.000000e+00
     vertex  4.611286e+01 -3.592480e+00  2.000000e+00
   endloop
 endfacet
 facet normal -4.312333e-01 -9.022405e-01 -0.000000e+00
   outer loop
     vertex  4.616237e+01 -3.616143e+00  5.000000e+00
     vertex  4.611286e+01 -3.592480e+00  2.000000e+00
     vertex  4.616237e+01 -3.616143e+00  2.000000e+00
   endloop
 endfacet
 facet normal -4.063188e-01 -9.137314e-01  0.000000e+00
   outer loop
     vertex  4.621251e+01 -3.638439e+00  5.000000e+00
     vertex  4.616237e+01 -3.616143e+00  5.000000e+00
     vertex  4.616237e+01 -3.616143e+00  2.000000e+00
   endloop
 endfacet
 facet normal -4.063188e-01 -9.137314e-01 -0.000000e+00
   outer loop
     vertex  4.621251e+01 -3.638439e+00  5.000000e+00
     vertex  4.616237e+01 -3.616143e+00  2.000000e+00
     vertex  4.621251e+01 -3.638439e+00  2.000000e+00
   endloop
 endfacet
 facet normal -3.810986e-01 -9.245344e-01 -0.000000e+00
   outer loop
     vertex  4.621251e+01 -3.638439e+00  5.000000e+00
     vertex  4.621251e+01 -3.638439e+00  2.000000e+00
     vertex  4.626324e+01 -3.659351e+00  2.000000e+00
   endloop
 endfacet
 facet normal -3.810986e-01 -9.245344e-01 -0.000000e+00
   outer loop
     vertex  4.626324e+01 -3.659351e+00  5.000000e+00
     vertex  4.621251e+01 -3.638439e+00  5.000000e+00
     vertex  4.626324e+01 -3.659351e+00  2.000000e+00
   endloop
 endfacet
 facet normal -3.555914e-01 -9.346415e-01 -0.000000e+00
   outer loop
     vertex  4.631453e+01 -3.678863e+00  5.000000e+00
     vertex  4.626324e+01 -3.659351e+00  2.000000e+00
     vertex  4.631453e+01 -3.678863e+00  2.000000e+00
   endloop
 endfacet
 facet normal -3.555914e-01 -9.346415e-01  0.000000e+00
   outer loop
     vertex  4.631453e+01 -3.678863e+00  5.000000e+00
     vertex  4.626324e+01 -3.659351e+00  5.000000e+00
     vertex  4.626324e+01 -3.659351e+00  2.000000e+00
   endloop
 endfacet
 facet normal -3.298166e-01 -9.440450e-01 -0.000000e+00
   outer loop
     vertex  4.636633e+01 -3.696961e+00  5.000000e+00
     vertex  4.631453e+01 -3.678863e+00  2.000000e+00
     vertex  4.636633e+01 -3.696961e+00  2.000000e+00
   endloop
 endfacet
 facet normal -3.037934e-01 -9.527379e-01 -0.000000e+00
   outer loop
     vertex  4.636633e+01 -3.696961e+00  5.000000e+00
     vertex  4.636633e+01 -3.696961e+00  2.000000e+00
     vertex  4.641861e+01 -3.713632e+00  2.000000e+00
   endloop
 endfacet
 facet normal -3.298166e-01 -9.440450e-01  0.000000e+00
   outer loop
     vertex  4.636633e+01 -3.696961e+00  5.000000e+00
     vertex  4.631453e+01 -3.678863e+00  5.000000e+00
     vertex  4.631453e+01 -3.678863e+00  2.000000e+00
   endloop
 endfacet
 facet normal -2.775416e-01 -9.607136e-01 -0.000000e+00
   outer loop
     vertex  4.641861e+01 -3.713632e+00  5.000000e+00
     vertex  4.641861e+01 -3.713632e+00  2.000000e+00
     vertex  4.647133e+01 -3.728861e+00  2.000000e+00
   endloop
 endfacet
 facet normal -3.037934e-01 -9.527379e-01 -0.000000e+00
   outer loop
     vertex  4.641861e+01 -3.713632e+00  5.000000e+00
     vertex  4.636633e+01 -3.696961e+00  5.000000e+00
     vertex  4.641861e+01 -3.713632e+00  2.000000e+00
   endloop
 endfacet
 facet normal -2.775416e-01 -9.607136e-01 -0.000000e+00
   outer loop
     vertex  4.647133e+01 -3.728861e+00  5.000000e+00
     vertex  4.641861e+01 -3.713632e+00  5.000000e+00
     vertex  4.647133e+01 -3.728861e+00  2.000000e+00
   endloop
 endfacet
 facet normal -2.510809e-01 -9.679661e-01  0.000000e+00
   outer loop
     vertex  4.652444e+01 -3.742639e+00  5.000000e+00
     vertex  4.647133e+01 -3.728861e+00  5.000000e+00
     vertex  4.647133e+01 -3.728861e+00  2.000000e+00
   endloop
 endfacet
 facet normal -2.510809e-01 -9.679661e-01 -0.000000e+00
   outer loop
     vertex  4.652444e+01 -3.742639e+00  5.000000e+00
     vertex  4.647133e+01 -3.728861e+00  2.000000e+00
     vertex  4.652444e+01 -3.742639e+00  2.000000e+00
   endloop
 endfacet
 facet normal -2.244312e-01 -9.744899e-01 -0.000000e+00
   outer loop
     vertex  4.652444e+01 -3.742639e+00  5.000000e+00
     vertex  4.652444e+01 -3.742639e+00  2.000000e+00
     vertex  4.657792e+01 -3.754954e+00  2.000000e+00
   endloop
 endfacet
 facet normal -2.244312e-01 -9.744899e-01 -0.000000e+00
   outer loop
     vertex  4.657792e+01 -3.754954e+00  5.000000e+00
     vertex  4.652444e+01 -3.742639e+00  5.000000e+00
     vertex  4.657792e+01 -3.754954e+00  2.000000e+00
   endloop
 endfacet
 facet normal -1.976125e-01 -9.802802e-01  0.000000e+00
   outer loop
     vertex  4.663171e+01 -3.765798e+00  5.000000e+00
     vertex  4.657792e+01 -3.754954e+00  5.000000e+00
     vertex  4.657792e+01 -3.754954e+00  2.000000e+00
   endloop
 endfacet
 facet normal -1.976125e-01 -9.802802e-01 -0.000000e+00
   outer loop
     vertex  4.663171e+01 -3.765798e+00  5.000000e+00
     vertex  4.657792e+01 -3.754954e+00  2.000000e+00
     vertex  4.663171e+01 -3.765798e+00  2.000000e+00
   endloop
 endfacet
 facet normal -1.706451e-01 -9.853326e-01 -0.000000e+00
   outer loop
     vertex  4.663171e+01 -3.765798e+00  5.000000e+00
     vertex  4.663171e+01 -3.765798e+00  2.000000e+00
     vertex  4.668578e+01 -3.775162e+00  2.000000e+00
   endloop
 endfacet
 facet normal -1.706451e-01 -9.853326e-01 -0.000000e+00
   outer loop
     vertex  4.668578e+01 -3.775162e+00  5.000000e+00
     vertex  4.663171e+01 -3.765798e+00  5.000000e+00
     vertex  4.668578e+01 -3.775162e+00  2.000000e+00
   endloop
 endfacet
 facet normal -1.435492e-01 -9.896432e-01 -0.000000e+00
   outer loop
     vertex  4.668578e+01 -3.775162e+00  5.000000e+00
     vertex  4.668578e+01 -3.775162e+00  2.000000e+00
     vertex  4.674008e+01 -3.783039e+00  2.000000e+00
   endloop
 endfacet
 facet normal -1.435492e-01 -9.896432e-01 -0.000000e+00
   outer loop
     vertex  4.674008e+01 -3.783039e+00  5.000000e+00
     vertex  4.668578e+01 -3.775162e+00  5.000000e+00
     vertex  4.674008e+01 -3.783039e+00  2.000000e+00
   endloop
 endfacet
 facet normal -1.163452e-01 -9.932088e-01 -0.000000e+00
   outer loop
     vertex  4.674008e+01 -3.783039e+00  5.000000e+00
     vertex  4.674008e+01 -3.783039e+00  2.000000e+00
     vertex  4.679458e+01 -3.789423e+00  2.000000e+00
   endloop
 endfacet
 facet normal -1.163452e-01 -9.932088e-01 -0.000000e+00
   outer loop
     vertex  4.679458e+01 -3.789423e+00  5.000000e+00
     vertex  4.674008e+01 -3.783039e+00  5.000000e+00
     vertex  4.679458e+01 -3.789423e+00  2.000000e+00
   endloop
 endfacet
 facet normal -8.905371e-02 -9.960268e-01  0.000000e+00
   outer loop
     vertex  4.684924e+01 -3.794310e+00  5.000000e+00
     vertex  4.679458e+01 -3.789423e+00  5.000000e+00
     vertex  4.679458e+01 -3.789423e+00  2.000000e+00
   endloop
 endfacet
 facet normal -8.905371e-02 -9.960268e-01 -0.000000e+00
   outer loop
     vertex  4.684924e+01 -3.794310e+00  5.000000e+00
     vertex  4.679458e+01 -3.789423e+00  2.000000e+00
     vertex  4.684924e+01 -3.794310e+00  2.000000e+00
   endloop
 endfacet
 facet normal -6.169515e-02 -9.980950e-01 -0.000000e+00
   outer loop
     vertex  4.684924e+01 -3.794310e+00  5.000000e+00
     vertex  4.684924e+01 -3.794310e+00  2.000000e+00
     vertex  4.690401e+01 -3.797695e+00  2.000000e+00
   endloop
 endfacet
 facet normal -6.169515e-02 -9.980950e-01 -0.000000e+00
   outer loop
     vertex  4.690401e+01 -3.797695e+00  5.000000e+00
     vertex  4.684924e+01 -3.794310e+00  5.000000e+00
     vertex  4.690401e+01 -3.797695e+00  2.000000e+00
   endloop
 endfacet
 facet normal -3.429014e-02 -9.994119e-01  0.000000e+00
   outer loop
     vertex  4.695885e+01 -3.799577e+00  5.000000e+00
     vertex  4.690401e+01 -3.797695e+00  5.000000e+00
     vertex  4.690401e+01 -3.797695e+00  2.000000e+00
   endloop
 endfacet
 facet normal -3.429014e-02 -9.994119e-01 -0.000000e+00
   outer loop
     vertex  4.695885e+01 -3.799577e+00  5.000000e+00
     vertex  4.690401e+01 -3.797695e+00  2.000000e+00
     vertex  4.695885e+01 -3.799577e+00  2.000000e+00
   endloop
 endfacet
 facet normal -6.859319e-03 -9.999765e-01 -0.000000e+00
   outer loop
     vertex  4.695885e+01 -3.799577e+00  5.000000e+00
     vertex  4.695885e+01 -3.799577e+00  2.000000e+00
     vertex  4.701372e+01 -3.799953e+00  2.000000e+00
   endloop
 endfacet
 facet normal -6.859319e-03 -9.999765e-01 -0.000000e+00
   outer loop
     vertex  4.701372e+01 -3.799953e+00  5.000000e+00
     vertex  4.695885e+01 -3.799577e+00  5.000000e+00
     vertex  4.701372e+01 -3.799953e+00  2.000000e+00
   endloop
 endfacet
 facet normal  4.799716e-02 -9.988475e-01  0.000000e+00
   outer loop
     vertex  4.706858e+01 -3.798824e+00  5.000000e+00
     vertex  4.706858e+01 -3.798824e+00  2.000000e+00
     vertex  4.712339e+01 -3.796190e+00  2.000000e+00
   endloop
 endfacet
 facet normal  2.057667e-02 -9.997883e-01  0.000000e+00
   outer loop
     vertex  4.706858e+01 -3.798824e+00  5.000000e+00
     vertex  4.701372e+01 -3.799953e+00  5.000000e+00
     vertex  4.701372e+01 -3.799953e+00  2.000000e+00
   endloop
 endfacet
 facet normal  2.057667e-02 -9.997883e-01  0.000000e+00
   outer loop
     vertex  4.706858e+01 -3.798824e+00  5.000000e+00
     vertex  4.701372e+01 -3.799953e+00  2.000000e+00
     vertex  4.706858e+01 -3.798824e+00  2.000000e+00
   endloop
 endfacet
 facet normal  4.799716e-02 -9.988475e-01  0.000000e+00
   outer loop
     vertex  4.712339e+01 -3.796190e+00  5.000000e+00
     vertex  4.706858e+01 -3.798824e+00  5.000000e+00
     vertex  4.712339e+01 -3.796190e+00  2.000000e+00
   endloop
 endfacet
 facet normal  7.538152e-02 -9.971548e-01  0.000000e+00
   outer loop
     vertex  4.717811e+01 -3.792054e+00  5.000000e+00
     vertex  4.712339e+01 -3.796190e+00  2.000000e+00
     vertex  4.717811e+01 -3.792054e+00  2.000000e+00
   endloop
 endfacet
 facet normal  7.538152e-02 -9.971548e-01  0.000000e+00
   outer loop
     vertex  4.717811e+01 -3.792054e+00  5.000000e+00
     vertex  4.712339e+01 -3.796190e+00  5.000000e+00
     vertex  4.712339e+01 -3.796190e+00  2.000000e+00
   endloop
 endfacet
 facet normal  1.027091e-01 -9.947114e-01  0.000000e+00
   outer loop
     vertex  4.723269e+01 -3.786418e+00  5.000000e+00
     vertex  4.717811e+01 -3.792054e+00  2.000000e+00
     vertex  4.723269e+01 -3.786418e+00  2.000000e+00
   endloop
 endfacet
 facet normal  1.027091e-01 -9.947114e-01  0.000000e+00
   outer loop
     vertex  4.723269e+01 -3.786418e+00  5.000000e+00
     vertex  4.717811e+01 -3.792054e+00  5.000000e+00
     vertex  4.717811e+01 -3.792054e+00  2.000000e+00
   endloop
 endfacet
 facet normal  1.299594e-01 -9.915193e-01  0.000000e+00
   outer loop
     vertex  4.728710e+01 -3.779286e+00  5.000000e+00
     vertex  4.723269e+01 -3.786418e+00  2.000000e+00
     vertex  4.728710e+01 -3.779286e+00  2.000000e+00
   endloop
 endfacet
 facet normal  1.299594e-01 -9.915193e-01  0.000000e+00
   outer loop
     vertex  4.728710e+01 -3.779286e+00  5.000000e+00
     vertex  4.723269e+01 -3.786418e+00  5.000000e+00
     vertex  4.723269e+01 -3.786418e+00  2.000000e+00
   endloop
 endfacet
 facet normal  1.571119e-01 -9.875808e-01  0.000000e+00
   outer loop
     vertex  4.734129e+01 -3.770665e+00  5.000000e+00
     vertex  4.728710e+01 -3.779286e+00  2.000000e+00
     vertex  4.734129e+01 -3.770665e+00  2.000000e+00
   endloop
 endfacet
 facet normal  1.841461e-01 -9.828989e-01  0.000000e+00
   outer loop
     vertex  4.734129e+01 -3.770665e+00  5.000000e+00
     vertex  4.734129e+01 -3.770665e+00  2.000000e+00
     vertex  4.739523e+01 -3.760560e+00  2.000000e+00
   endloop
 endfacet
 facet normal  1.571119e-01 -9.875808e-01  0.000000e+00
   outer loop
     vertex  4.734129e+01 -3.770665e+00  5.000000e+00
     vertex  4.728710e+01 -3.779286e+00  5.000000e+00
     vertex  4.728710e+01 -3.779286e+00  2.000000e+00
   endloop
 endfacet
 facet normal  2.110417e-01 -9.774771e-01  0.000000e+00
   outer loop
     vertex  4.739523e+01 -3.760560e+00  5.000000e+00
     vertex  4.739523e+01 -3.760560e+00  2.000000e+00
     vertex  4.744886e+01 -3.748980e+00  2.000000e+00
   endloop
 endfacet
 facet normal  1.841461e-01 -9.828989e-01  0.000000e+00
   outer loop
     vertex  4.739523e+01 -3.760560e+00  5.000000e+00
     vertex  4.734129e+01 -3.770665e+00  5.000000e+00
     vertex  4.739523e+01 -3.760560e+00  2.000000e+00
   endloop
 endfacet
 facet normal  2.377784e-01 -9.713194e-01  0.000000e+00
   outer loop
     vertex  4.744886e+01 -3.748980e+00  5.000000e+00
     vertex  4.744886e+01 -3.748980e+00  2.000000e+00
     vertex  4.750216e+01 -3.735932e+00  2.000000e+00
   endloop
 endfacet
 facet normal  2.110417e-01 -9.774771e-01  0.000000e+00
   outer loop
     vertex  4.744886e+01 -3.748980e+00  5.000000e+00
     vertex  4.739523e+01 -3.760560e+00  5.000000e+00
     vertex  4.744886e+01 -3.748980e+00  2.000000e+00
   endloop
 endfacet
 facet normal  2.643362e-01 -9.644306e-01  0.000000e+00
   outer loop
     vertex  4.750216e+01 -3.735932e+00  5.000000e+00
     vertex  4.750216e+01 -3.735932e+00  2.000000e+00
     vertex  4.755508e+01 -3.721427e+00  2.000000e+00
   endloop
 endfacet
 facet normal  2.377784e-01 -9.713194e-01  0.000000e+00
   outer loop
     vertex  4.750216e+01 -3.735932e+00  5.000000e+00
     vertex  4.744886e+01 -3.748980e+00  5.000000e+00
     vertex  4.750216e+01 -3.735932e+00  2.000000e+00
   endloop
 endfacet
 facet normal  2.643362e-01 -9.644306e-01  0.000000e+00
   outer loop
     vertex  4.755508e+01 -3.721427e+00  5.000000e+00
     vertex  4.750216e+01 -3.735932e+00  5.000000e+00
     vertex  4.755508e+01 -3.721427e+00  2.000000e+00
   endloop
 endfacet
 facet normal  2.906949e-01 -9.568158e-01  0.000000e+00
   outer loop
     vertex  4.760759e+01 -3.705476e+00  5.000000e+00
     vertex  4.755508e+01 -3.721427e+00  2.000000e+00
     vertex  4.760759e+01 -3.705476e+00  2.000000e+00
   endloop
 endfacet
 facet normal  2.906949e-01 -9.568158e-01  0.000000e+00
   outer loop
     vertex  4.760759e+01 -3.705476e+00  5.000000e+00
     vertex  4.755508e+01 -3.721427e+00  5.000000e+00
     vertex  4.755508e+01 -3.721427e+00  2.000000e+00
   endloop
 endfacet
 facet normal  3.168348e-01 -9.484807e-01  0.000000e+00
   outer loop
     vertex  4.765963e+01 -3.688090e+00  5.000000e+00
     vertex  4.760759e+01 -3.705476e+00  2.000000e+00
     vertex  4.765963e+01 -3.688090e+00  2.000000e+00
   endloop
 endfacet
 facet normal  3.427362e-01 -9.394317e-01  0.000000e+00
   outer loop
     vertex  4.765963e+01 -3.688090e+00  5.000000e+00
     vertex  4.765963e+01 -3.688090e+00  2.000000e+00
     vertex  4.771118e+01 -3.669283e+00  2.000000e+00
   endloop
 endfacet
 facet normal  3.168348e-01 -9.484807e-01  0.000000e+00
   outer loop
     vertex  4.765963e+01 -3.688090e+00  5.000000e+00
     vertex  4.760759e+01 -3.705476e+00  5.000000e+00
     vertex  4.760759e+01 -3.705476e+00  2.000000e+00
   endloop
 endfacet
 facet normal  3.427362e-01 -9.394317e-01  0.000000e+00
   outer loop
     vertex  4.771118e+01 -3.669283e+00  5.000000e+00
     vertex  4.765963e+01 -3.688090e+00  5.000000e+00
     vertex  4.771118e+01 -3.669283e+00  2.000000e+00
   endloop
 endfacet
 facet normal  3.683796e-01 -9.296754e-01  0.000000e+00
   outer loop
     vertex  4.776220e+01 -3.649069e+00  5.000000e+00
     vertex  4.771118e+01 -3.669283e+00  2.000000e+00
     vertex  4.776220e+01 -3.649069e+00  2.000000e+00
   endloop
 endfacet
 facet normal  3.683796e-01 -9.296754e-01  0.000000e+00
   outer loop
     vertex  4.776220e+01 -3.649069e+00  5.000000e+00
     vertex  4.771118e+01 -3.669283e+00  5.000000e+00
     vertex  4.771118e+01 -3.669283e+00  2.000000e+00
   endloop
 endfacet
 facet normal  3.937458e-01 -9.192194e-01  0.000000e+00
   outer loop
     vertex  4.781264e+01 -3.627463e+00  5.000000e+00
     vertex  4.776220e+01 -3.649069e+00  5.000000e+00
     vertex  4.776220e+01 -3.649069e+00  2.000000e+00
   endloop
 endfacet
 facet normal  3.937458e-01 -9.192194e-01  0.000000e+00
   outer loop
     vertex  4.781264e+01 -3.627463e+00  5.000000e+00
     vertex  4.776220e+01 -3.649069e+00  2.000000e+00
     vertex  4.781264e+01 -3.627463e+00  2.000000e+00
   endloop
 endfacet
 facet normal  4.188155e-01 -9.080714e-01  0.000000e+00
   outer loop
     vertex  4.781264e+01 -3.627463e+00  5.000000e+00
     vertex  4.781264e+01 -3.627463e+00  2.000000e+00
     vertex  4.786247e+01 -3.604481e+00  2.000000e+00
   endloop
 endfacet
 facet normal  4.188155e-01 -9.080714e-01  0.000000e+00
   outer loop
     vertex  4.786247e+01 -3.604481e+00  5.000000e+00
     vertex  4.781264e+01 -3.627463e+00  5.000000e+00
     vertex  4.786247e+01 -3.604481e+00  2.000000e+00
   endloop
 endfacet
 facet normal  4.435699e-01 -8.962398e-01  0.000000e+00
   outer loop
     vertex  4.791165e+01 -3.580141e+00  5.000000e+00
     vertex  4.786247e+01 -3.604481e+00  2.000000e+00
     vertex  4.791165e+01 -3.580141e+00  2.000000e+00
   endloop
 endfacet
 facet normal  4.679904e-01 -8.837335e-01  0.000000e+00
   outer loop
     vertex  4.791165e+01 -3.580141e+00  5.000000e+00
     vertex  4.791165e+01 -3.580141e+00  2.000000e+00
     vertex  4.796014e+01 -3.554461e+00  2.000000e+00
   endloop
 endfacet
 facet normal  4.435699e-01 -8.962398e-01  0.000000e+00
   outer loop
     vertex  4.791165e+01 -3.580141e+00  5.000000e+00
     vertex  4.786247e+01 -3.604481e+00  5.000000e+00
     vertex  4.786247e+01 -3.604481e+00  2.000000e+00
   endloop
 endfacet
 facet normal  4.679904e-01 -8.837335e-01  0.000000e+00
   outer loop
     vertex  4.796014e+01 -3.554461e+00  5.000000e+00
     vertex  4.791165e+01 -3.580141e+00  5.000000e+00
     vertex  4.796014e+01 -3.554461e+00  2.000000e+00
   endloop
 endfacet
 facet normal  4.920587e-01 -8.705620e-01  0.000000e+00
   outer loop
     vertex  4.796014e+01 -3.554461e+00  5.000000e+00
     vertex  4.796014e+01 -3.554461e+00  2.000000e+00
     vertex  4.800791e+01 -3.527460e+00  2.000000e+00
   endloop
 endfacet
 facet normal  4.920587e-01 -8.705620e-01  0.000000e+00
   outer loop
     vertex  4.800791e+01 -3.527460e+00  5.000000e+00
     vertex  4.796014e+01 -3.554461e+00  5.000000e+00
     vertex  4.800791e+01 -3.527460e+00  2.000000e+00
   endloop
 endfacet
 facet normal  5.157565e-01 -8.567352e-01  0.000000e+00
   outer loop
     vertex  4.800791e+01 -3.527460e+00  5.000000e+00
     vertex  4.800791e+01 -3.527460e+00  2.000000e+00
     vertex  4.805492e+01 -3.499159e+00  2.000000e+00
   endloop
 endfacet
 facet normal  5.157565e-01 -8.567352e-01  0.000000e+00
   outer loop
     vertex  4.805492e+01 -3.499159e+00  5.000000e+00
     vertex  4.800791e+01 -3.527460e+00  5.000000e+00
     vertex  4.805492e+01 -3.499159e+00  2.000000e+00
   endloop
 endfacet
 facet normal  5.390661e-01 -8.422635e-01  0.000000e+00
   outer loop
     vertex  4.810114e+01 -3.469578e+00  5.000000e+00
     vertex  4.805492e+01 -3.499159e+00  2.000000e+00
     vertex  4.810114e+01 -3.469578e+00  2.000000e+00
   endloop
 endfacet
 facet normal  5.390661e-01 -8.422635e-01  0.000000e+00
   outer loop
     vertex  4.810114e+01 -3.469578e+00  5.000000e+00
     vertex  4.805492e+01 -3.499159e+00  5.000000e+00
     vertex  4.805492e+01 -3.499159e+00  2.000000e+00
   endloop
 endfacet
 facet normal  5.619699e-01 -8.271577e-01  0.000000e+00
   outer loop
     vertex  4.814653e+01 -3.438741e+00  5.000000e+00
     vertex  4.810114e+01 -3.469578e+00  2.000000e+00
     vertex  4.814653e+01 -3.438741e+00  2.000000e+00
   endloop
 endfacet
 facet normal  5.844507e-01 -8.114292e-01  0.000000e+00
   outer loop
     vertex  4.814653e+01 -3.438741e+00  5.000000e+00
     vertex  4.814653e+01 -3.438741e+00  2.000000e+00
     vertex  4.819105e+01 -3.406670e+00  2.000000e+00
   endloop
 endfacet
 facet normal  5.619699e-01 -8.271577e-01  0.000000e+00
   outer loop
     vertex  4.814653e+01 -3.438741e+00  5.000000e+00
     vertex  4.810114e+01 -3.469578e+00  5.000000e+00
     vertex  4.810114e+01 -3.469578e+00  2.000000e+00
   endloop
 endfacet
 facet normal  5.844507e-01 -8.114292e-01  0.000000e+00
   outer loop
     vertex  4.819105e+01 -3.406670e+00  5.000000e+00
     vertex  4.814653e+01 -3.438741e+00  5.000000e+00
     vertex  4.819105e+01 -3.406670e+00  2.000000e+00
   endloop
 endfacet
 facet normal  6.064915e-01 -7.950900e-01  0.000000e+00
   outer loop
     vertex  4.823468e+01 -3.373390e+00  5.000000e+00
     vertex  4.819105e+01 -3.406670e+00  2.000000e+00
     vertex  4.823468e+01 -3.373390e+00  2.000000e+00
   endloop
 endfacet
 facet normal  6.280757e-01 -7.781522e-01  0.000000e+00
   outer loop
     vertex  4.823468e+01 -3.373390e+00  5.000000e+00
     vertex  4.823468e+01 -3.373390e+00  2.000000e+00
     vertex  4.827738e+01 -3.338926e+00  2.000000e+00
   endloop
 endfacet
 facet normal  6.064915e-01 -7.950900e-01  0.000000e+00
   outer loop
     vertex  4.823468e+01 -3.373390e+00  5.000000e+00
     vertex  4.819105e+01 -3.406670e+00  5.000000e+00
     vertex  4.819105e+01 -3.406670e+00  2.000000e+00
   endloop
 endfacet
 facet normal  6.280757e-01 -7.781522e-01  0.000000e+00
   outer loop
     vertex  4.827738e+01 -3.338926e+00  5.000000e+00
     vertex  4.823468e+01 -3.373390e+00  5.000000e+00
     vertex  4.827738e+01 -3.338926e+00  2.000000e+00
   endloop
 endfacet
 facet normal  6.491872e-01 -7.606287e-01  0.000000e+00
   outer loop
     vertex  4.827738e+01 -3.338926e+00  5.000000e+00
     vertex  4.827738e+01 -3.338926e+00  2.000000e+00
     vertex  4.831912e+01 -3.303303e+00  2.000000e+00
   endloop
 endfacet
 facet normal  6.491872e-01 -7.606287e-01  0.000000e+00
   outer loop
     vertex  4.831912e+01 -3.303303e+00  5.000000e+00
     vertex  4.827738e+01 -3.338926e+00  5.000000e+00
     vertex  4.831912e+01 -3.303303e+00  2.000000e+00
   endloop
 endfacet
 facet normal  6.698100e-01 -7.425325e-01  0.000000e+00
   outer loop
     vertex  4.835987e+01 -3.266548e+00  5.000000e+00
     vertex  4.831912e+01 -3.303303e+00  2.000000e+00
     vertex  4.835987e+01 -3.266548e+00  2.000000e+00
   endloop
 endfacet
 facet normal  6.698100e-01 -7.425325e-01  0.000000e+00
   outer loop
     vertex  4.835987e+01 -3.266548e+00  5.000000e+00
     vertex  4.831912e+01 -3.303303e+00  5.000000e+00
     vertex  4.831912e+01 -3.303303e+00  2.000000e+00
   endloop
 endfacet
 facet normal  6.899286e-01 -7.238775e-01  0.000000e+00
   outer loop
     vertex  4.839959e+01 -3.228689e+00  5.000000e+00
     vertex  4.835987e+01 -3.266548e+00  2.000000e+00
     vertex  4.839959e+01 -3.228689e+00  2.000000e+00
   endloop
 endfacet
 facet normal  6.899286e-01 -7.238775e-01  0.000000e+00
   outer loop
     vertex  4.839959e+01 -3.228689e+00  5.000000e+00
     vertex  4.835987e+01 -3.266548e+00  5.000000e+00
     vertex  4.835987e+01 -3.266548e+00  2.000000e+00
   endloop
 endfacet
 facet normal  7.095278e-01 -7.046775e-01  0.000000e+00
   outer loop
     vertex  4.843826e+01 -3.189755e+00  5.000000e+00
     vertex  4.839959e+01 -3.228689e+00  2.000000e+00
     vertex  4.843826e+01 -3.189755e+00  2.000000e+00
   endloop
 endfacet
 facet normal  7.095278e-01 -7.046775e-01  0.000000e+00
   outer loop
     vertex  4.843826e+01 -3.189755e+00  5.000000e+00
     vertex  4.839959e+01 -3.228689e+00  5.000000e+00
     vertex  4.839959e+01 -3.228689e+00  2.000000e+00
   endloop
 endfacet
 facet normal  7.285929e-01 -6.849470e-01  0.000000e+00
   outer loop
     vertex  4.847584e+01 -3.149775e+00  5.000000e+00
     vertex  4.843826e+01 -3.189755e+00  2.000000e+00
     vertex  4.847584e+01 -3.149775e+00  2.000000e+00
   endloop
 endfacet
 facet normal  7.285929e-01 -6.849470e-01  0.000000e+00
   outer loop
     vertex  4.847584e+01 -3.149775e+00  5.000000e+00
     vertex  4.843826e+01 -3.189755e+00  5.000000e+00
     vertex  4.843826e+01 -3.189755e+00  2.000000e+00
   endloop
 endfacet
 facet normal  7.471095e-01 -6.647010e-01  0.000000e+00
   outer loop
     vertex  4.851232e+01 -3.108779e+00  5.000000e+00
     vertex  4.847584e+01 -3.149775e+00  2.000000e+00
     vertex  4.851232e+01 -3.108779e+00  2.000000e+00
   endloop
 endfacet
 facet normal  7.471095e-01 -6.647010e-01  0.000000e+00
   outer loop
     vertex  4.851232e+01 -3.108779e+00  5.000000e+00
     vertex  4.847584e+01 -3.149775e+00  5.000000e+00
     vertex  4.847584e+01 -3.149775e+00  2.000000e+00
   endloop
 endfacet
 facet normal  7.650637e-01 -6.439545e-01  0.000000e+00
   outer loop
     vertex  4.854765e+01 -3.066797e+00  5.000000e+00
     vertex  4.851232e+01 -3.108779e+00  2.000000e+00
     vertex  4.854765e+01 -3.066797e+00  2.000000e+00
   endloop
 endfacet
 facet normal  7.650637e-01 -6.439545e-01  0.000000e+00
   outer loop
     vertex  4.854765e+01 -3.066797e+00  5.000000e+00
     vertex  4.851232e+01 -3.108779e+00  5.000000e+00
     vertex  4.851232e+01 -3.108779e+00  2.000000e+00
   endloop
 endfacet
 facet normal  7.824421e-01 -6.227234e-01  0.000000e+00
   outer loop
     vertex  4.858182e+01 -3.023862e+00  5.000000e+00
     vertex  4.854765e+01 -3.066797e+00  2.000000e+00
     vertex  4.858182e+01 -3.023862e+00  2.000000e+00
   endloop
 endfacet
 facet normal  7.824421e-01 -6.227234e-01  0.000000e+00
   outer loop
     vertex  4.858182e+01 -3.023862e+00  5.000000e+00
     vertex  4.854765e+01 -3.066797e+00  5.000000e+00
     vertex  4.854765e+01 -3.066797e+00  2.000000e+00
   endloop
 endfacet
 facet normal  7.992314e-01 -6.010234e-01  0.000000e+00
   outer loop
     vertex  4.861480e+01 -2.980006e+00  5.000000e+00
     vertex  4.858182e+01 -3.023862e+00  2.000000e+00
     vertex  4.861480e+01 -2.980006e+00  2.000000e+00
   endloop
 endfacet
 facet normal  7.992314e-01 -6.010234e-01  0.000000e+00
   outer loop
     vertex  4.861480e+01 -2.980006e+00  5.000000e+00
     vertex  4.858182e+01 -3.023862e+00  5.000000e+00
     vertex  4.858182e+01 -3.023862e+00  2.000000e+00
   endloop
 endfacet
 facet normal  8.154191e-01 -5.788711e-01  0.000000e+00
   outer loop
     vertex  4.864657e+01 -2.935261e+00  5.000000e+00
     vertex  4.861480e+01 -2.980006e+00  2.000000e+00
     vertex  4.864657e+01 -2.935261e+00  2.000000e+00
   endloop
 endfacet
 facet normal  8.309929e-01 -5.562829e-01  0.000000e+00
   outer loop
     vertex  4.864657e+01 -2.935261e+00  5.000000e+00
     vertex  4.864657e+01 -2.935261e+00  2.000000e+00
     vertex  4.867709e+01 -2.889662e+00  2.000000e+00
   endloop
 endfacet
 facet normal  8.154191e-01 -5.788711e-01  0.000000e+00
   outer loop
     vertex  4.864657e+01 -2.935261e+00  5.000000e+00
     vertex  4.861480e+01 -2.980006e+00  5.000000e+00
     vertex  4.861480e+01 -2.980006e+00  2.000000e+00
   endloop
 endfacet
 facet normal  8.309929e-01 -5.562829e-01  0.000000e+00
   outer loop
     vertex  4.867709e+01 -2.889662e+00  5.000000e+00
     vertex  4.864657e+01 -2.935261e+00  5.000000e+00
     vertex  4.867709e+01 -2.889662e+00  2.000000e+00
   endloop
 endfacet
 facet normal  8.459413e-01 -5.332761e-01  0.000000e+00
   outer loop
     vertex  4.870635e+01 -2.843242e+00  5.000000e+00
     vertex  4.867709e+01 -2.889662e+00  2.000000e+00
     vertex  4.870635e+01 -2.843242e+00  2.000000e+00
   endloop
 endfacet
 facet normal  8.602528e-01 -5.098678e-01  0.000000e+00
   outer loop
     vertex  4.870635e+01 -2.843242e+00  5.000000e+00
     vertex  4.870635e+01 -2.843242e+00  2.000000e+00
     vertex  4.873433e+01 -2.796037e+00  2.000000e+00
   endloop
 endfacet
 facet normal  8.459413e-01 -5.332761e-01  0.000000e+00
   outer loop
     vertex  4.870635e+01 -2.843242e+00  5.000000e+00
     vertex  4.867709e+01 -2.889662e+00  5.000000e+00
     vertex  4.867709e+01 -2.889662e+00  2.000000e+00
   endloop
 endfacet
 facet normal  8.602528e-01 -5.098678e-01  0.000000e+00
   outer loop
     vertex  4.873433e+01 -2.796037e+00  5.000000e+00
     vertex  4.870635e+01 -2.843242e+00  5.000000e+00
     vertex  4.873433e+01 -2.796037e+00  2.000000e+00
   endloop
 endfacet
 facet normal  8.739167e-01 -4.860756e-01  0.000000e+00
   outer loop
     vertex  4.876101e+01 -2.748082e+00  5.000000e+00
     vertex  4.873433e+01 -2.796037e+00  2.000000e+00
     vertex  4.876101e+01 -2.748082e+00  2.000000e+00
   endloop
 endfacet
 facet normal  8.739167e-01 -4.860756e-01  0.000000e+00
   outer loop
     vertex  4.876101e+01 -2.748082e+00  5.000000e+00
     vertex  4.873433e+01 -2.796037e+00  5.000000e+00
     vertex  4.873433e+01 -2.796037e+00  2.000000e+00
   endloop
 endfacet
 facet normal  8.869228e-01 -4.619176e-01  0.000000e+00
   outer loop
     vertex  4.878635e+01 -2.699414e+00  5.000000e+00
     vertex  4.876101e+01 -2.748082e+00  5.000000e+00
     vertex  4.876101e+01 -2.748082e+00  2.000000e+00
   endloop
 endfacet
 facet normal  8.869228e-01 -4.619176e-01  0.000000e+00
   outer loop
     vertex  4.878635e+01 -2.699414e+00  5.000000e+00
     vertex  4.876101e+01 -2.748082e+00  2.000000e+00
     vertex  4.878635e+01 -2.699414e+00  2.000000e+00
   endloop
 endfacet
 facet normal  8.992613e-01 -4.374119e-01  0.000000e+00
   outer loop
     vertex  4.878635e+01 -2.699414e+00  5.000000e+00
     vertex  4.878635e+01 -2.699414e+00  2.000000e+00
     vertex  4.881035e+01 -2.650069e+00  2.000000e+00
   endloop
 endfacet
 facet normal  8.992613e-01 -4.374119e-01  0.000000e+00
   outer loop
     vertex  4.881035e+01 -2.650069e+00  5.000000e+00
     vertex  4.878635e+01 -2.699414e+00  5.000000e+00
     vertex  4.881035e+01 -2.650069e+00  2.000000e+00
   endloop
 endfacet
 facet normal  9.109228e-01 -4.125769e-01  0.000000e+00
   outer loop
     vertex  4.883299e+01 -2.600083e+00  5.000000e+00
     vertex  4.881035e+01 -2.650069e+00  5.000000e+00
     vertex  4.881035e+01 -2.650069e+00  2.000000e+00
   endloop
 endfacet
 facet normal  9.109228e-01 -4.125769e-01  0.000000e+00
   outer loop
     vertex  4.883299e+01 -2.600083e+00  5.000000e+00
     vertex  4.881035e+01 -2.650069e+00  2.000000e+00
     vertex  4.883299e+01 -2.600083e+00  2.000000e+00
   endloop
 endfacet
 facet normal  9.218986e-01 -3.874313e-01  0.000000e+00
   outer loop
     vertex  4.885425e+01 -2.549496e+00  5.000000e+00
     vertex  4.883299e+01 -2.600083e+00  5.000000e+00
     vertex  4.883299e+01 -2.600083e+00  2.000000e+00
   endloop
 endfacet
 facet normal  9.218986e-01 -3.874313e-01  0.000000e+00
   outer loop
     vertex  4.885425e+01 -2.549496e+00  5.000000e+00
     vertex  4.883299e+01 -2.600083e+00  2.000000e+00
     vertex  4.885425e+01 -2.549496e+00  2.000000e+00
   endloop
 endfacet
 facet normal  9.321804e-01 -3.619940e-01  0.000000e+00
   outer loop
     vertex  4.887412e+01 -2.498344e+00  5.000000e+00
     vertex  4.885425e+01 -2.549496e+00  5.000000e+00
     vertex  4.885425e+01 -2.549496e+00  2.000000e+00
   endloop
 endfacet
 facet normal  9.321804e-01 -3.619940e-01  0.000000e+00
   outer loop
     vertex  4.887412e+01 -2.498344e+00  5.000000e+00
     vertex  4.885425e+01 -2.549496e+00  2.000000e+00
     vertex  4.887412e+01 -2.498344e+00  2.000000e+00
   endloop
 endfacet
 facet normal  9.417605e-01 -3.362843e-01  0.000000e+00
   outer loop
     vertex  4.889257e+01 -2.446667e+00  5.000000e+00
     vertex  4.887412e+01 -2.498344e+00  5.000000e+00
     vertex  4.887412e+01 -2.498344e+00  2.000000e+00
   endloop
 endfacet
 facet normal  9.417605e-01 -3.362843e-01  0.000000e+00
   outer loop
     vertex  4.889257e+01 -2.446667e+00  5.000000e+00
     vertex  4.887412e+01 -2.498344e+00  2.000000e+00
     vertex  4.889257e+01 -2.446667e+00  2.000000e+00
   endloop
 endfacet
 facet normal  9.506317e-01 -3.103214e-01  0.000000e+00
   outer loop
     vertex  4.890960e+01 -2.394502e+00  5.000000e+00
     vertex  4.889257e+01 -2.446667e+00  5.000000e+00
     vertex  4.889257e+01 -2.446667e+00  2.000000e+00
   endloop
 endfacet
 facet normal  9.506317e-01 -3.103214e-01  0.000000e+00
   outer loop
     vertex  4.890960e+01 -2.394502e+00  5.000000e+00
     vertex  4.889257e+01 -2.446667e+00  2.000000e+00
     vertex  4.890960e+01 -2.394502e+00  2.000000e+00
   endloop
 endfacet
 facet normal  9.587873e-01 -2.841250e-01  0.000000e+00
   outer loop
     vertex  4.890960e+01 -2.394502e+00  5.000000e+00
     vertex  4.890960e+01 -2.394502e+00  2.000000e+00
     vertex  4.892519e+01 -2.341891e+00  2.000000e+00
   endloop
 endfacet
 facet normal  9.587873e-01 -2.841250e-01  0.000000e+00
   outer loop
     vertex  4.892519e+01 -2.341891e+00  5.000000e+00
     vertex  4.890960e+01 -2.394502e+00  5.000000e+00
     vertex  4.892519e+01 -2.341891e+00  2.000000e+00
   endloop
 endfacet
 facet normal  9.662211e-01 -2.577146e-01  0.000000e+00
   outer loop
     vertex  4.893933e+01 -2.288871e+00  5.000000e+00
     vertex  4.892519e+01 -2.341891e+00  5.000000e+00
     vertex  4.892519e+01 -2.341891e+00  2.000000e+00
   endloop
 endfacet
 facet normal  9.662211e-01 -2.577146e-01  0.000000e+00
   outer loop
     vertex  4.893933e+01 -2.288871e+00  5.000000e+00
     vertex  4.892519e+01 -2.341891e+00  2.000000e+00
     vertex  4.893933e+01 -2.288871e+00  2.000000e+00
   endloop
 endfacet
 facet normal  9.729276e-01 -2.311102e-01  0.000000e+00
   outer loop
     vertex  4.895201e+01 -2.235483e+00  5.000000e+00
     vertex  4.893933e+01 -2.288871e+00  5.000000e+00
     vertex  4.893933e+01 -2.288871e+00  2.000000e+00
   endloop
 endfacet
 facet normal  9.729276e-01 -2.311102e-01  0.000000e+00
   outer loop
     vertex  4.895201e+01 -2.235483e+00  5.000000e+00
     vertex  4.893933e+01 -2.288871e+00  2.000000e+00
     vertex  4.895201e+01 -2.235483e+00  2.000000e+00
   endloop
 endfacet
 facet normal  9.789017e-01 -2.043319e-01  0.000000e+00
   outer loop
     vertex  4.896323e+01 -2.181768e+00  5.000000e+00
     vertex  4.895201e+01 -2.235483e+00  5.000000e+00
     vertex  4.895201e+01 -2.235483e+00  2.000000e+00
   endloop
 endfacet
 facet normal  9.789017e-01 -2.043319e-01  0.000000e+00
   outer loop
     vertex  4.896323e+01 -2.181768e+00  5.000000e+00
     vertex  4.895201e+01 -2.235483e+00  2.000000e+00
     vertex  4.896323e+01 -2.181768e+00  2.000000e+00
   endloop
 endfacet
 facet normal  9.841389e-01 -1.773998e-01  0.000000e+00
   outer loop
     vertex  4.897296e+01 -2.127765e+00  5.000000e+00
     vertex  4.896323e+01 -2.181768e+00  5.000000e+00
     vertex  4.896323e+01 -2.181768e+00  2.000000e+00
   endloop
 endfacet
 facet normal  9.841389e-01 -1.773998e-01  0.000000e+00
   outer loop
     vertex  4.897296e+01 -2.127765e+00  5.000000e+00
     vertex  4.896323e+01 -2.181768e+00  2.000000e+00
     vertex  4.897296e+01 -2.127765e+00  2.000000e+00
   endloop
 endfacet
 facet normal  9.886353e-01 -1.503341e-01  0.000000e+00
   outer loop
     vertex  4.898121e+01 -2.073515e+00  5.000000e+00
     vertex  4.897296e+01 -2.127765e+00  5.000000e+00
     vertex  4.897296e+01 -2.127765e+00  2.000000e+00
   endloop
 endfacet
 facet normal  9.886353e-01 -1.503341e-01  0.000000e+00
   outer loop
     vertex  4.898121e+01 -2.073515e+00  5.000000e+00
     vertex  4.897296e+01 -2.127765e+00  2.000000e+00
     vertex  4.898121e+01 -2.073515e+00  2.000000e+00
   endloop
 endfacet
 facet normal  9.923874e-01 -1.231552e-01  0.000000e+00
   outer loop
     vertex  4.898121e+01 -2.073515e+00  5.000000e+00
     vertex  4.898121e+01 -2.073515e+00  2.000000e+00
     vertex  4.898797e+01 -2.019060e+00  2.000000e+00
   endloop
 endfacet
 facet normal  9.923874e-01 -1.231552e-01  0.000000e+00
   outer loop
     vertex  4.898797e+01 -2.019060e+00  5.000000e+00
     vertex  4.898121e+01 -2.073515e+00  5.000000e+00
     vertex  4.898797e+01 -2.019060e+00  2.000000e+00
   endloop
 endfacet
 facet normal  9.953925e-01 -9.588368e-02  0.000000e+00
   outer loop
     vertex  4.899323e+01 -1.964439e+00  5.000000e+00
     vertex  4.898797e+01 -2.019060e+00  2.000000e+00
     vertex  4.899323e+01 -1.964439e+00  2.000000e+00
   endloop
 endfacet
 facet normal  9.976484e-01 -6.853995e-02  0.000000e+00
   outer loop
     vertex  4.899323e+01 -1.964439e+00  5.000000e+00
     vertex  4.899323e+01 -1.964439e+00  2.000000e+00
     vertex  4.899699e+01 -1.909695e+00  2.000000e+00
   endloop
 endfacet
 facet normal  9.953925e-01 -9.588368e-02  0.000000e+00
   outer loop
     vertex  4.899323e+01 -1.964439e+00  5.000000e+00
     vertex  4.898797e+01 -2.019060e+00  5.000000e+00
     vertex  4.898797e+01 -2.019060e+00  2.000000e+00
   endloop
 endfacet
 facet normal  9.976484e-01 -6.853995e-02  0.000000e+00
   outer loop
     vertex  4.899699e+01 -1.909695e+00  5.000000e+00
     vertex  4.899323e+01 -1.964439e+00  5.000000e+00
     vertex  4.899699e+01 -1.909695e+00  2.000000e+00
   endloop
 endfacet
 facet normal  9.991532e-01 -4.114462e-02  0.000000e+00
   outer loop
     vertex  4.899925e+01 -1.854868e+00  5.000000e+00
     vertex  4.899699e+01 -1.909695e+00  2.000000e+00
     vertex  4.899925e+01 -1.854868e+00  2.000000e+00
   endloop
 endfacet
 facet normal  9.991532e-01 -4.114462e-02  0.000000e+00
   outer loop
     vertex  4.899925e+01 -1.854868e+00  5.000000e+00
     vertex  4.899699e+01 -1.909695e+00  5.000000e+00
     vertex  4.899699e+01 -1.909695e+00  2.000000e+00
   endloop
 endfacet
 facet normal  9.999059e-01 -1.371831e-02  0.000000e+00
   outer loop
     vertex  4.900000e+01 -1.800000e+00  5.000000e+00
     vertex  4.899925e+01 -1.854868e+00  2.000000e+00
     vertex  4.900000e+01 -1.800000e+00  2.000000e+00
   endloop
 endfacet
 facet normal  9.999059e-01 -1.371831e-02  0.000000e+00
   outer loop
     vertex  4.900000e+01 -1.800000e+00  5.000000e+00
     vertex  4.899925e+01 -1.854868e+00  5.000000e+00
     vertex  4.899925e+01 -1.854868e+00  2.000000e+00
   endloop
 endfacet
 facet normal  0.000000e+00  0.000000e+00  1.000000e+00
   outer loop
     vertex  1.831099e+00 -5.512286e+01  5.000000e+00
     vertex  1.743849e+00 -5.505630e+01  5.000000e+00
     vertex  1.787017e+00 -5.509018e+01  5.000000e+00
   endloop
 endfacet
 facet normal  0.000000e+00  0.000000e+00  1.000000e+00
   outer loop
     vertex  1.338014e+00 -5.461257e+01  5.000000e+00
     vertex  1.369162e+00 -5.465774e+01  5.000000e+00
     vertex  1.401537e+00 -5.470205e+01  5.000000e+00
   endloop
 endfacet
 facet normal  0.000000e+00  0.000000e+00  1.000000e+00
   outer loop
     vertex  1.338014e+00 -5.461257e+01  5.000000e+00
     vertex  1.401537e+00 -5.470205e+01  5.000000e+00
     vertex  1.435116e+00 -5.474545e+01  5.000000e+00
   endloop
 endfacet
 facet normal  0.000000e+00  0.000000e+00  1.000000e+00
   outer loop
     vertex  1.921868e+00 -5.518453e+01  5.000000e+00
     vertex  1.660380e+00 -5.498507e+01  5.000000e+00
     vertex  1.701626e+00 -5.502126e+01  5.000000e+00
   endloop
 endfacet
 facet normal  0.000000e+00  0.000000e+00  1.000000e+00
   outer loop
     vertex  1.921868e+00 -5.518453e+01  5.000000e+00
     vertex  1.701626e+00 -5.502126e+01  5.000000e+00
     vertex  1.743849e+00 -5.505630e+01  5.000000e+00
   endloop
 endfacet
 facet normal  0.000000e+00  0.000000e+00  1.000000e+00
   outer loop
     vertex  1.921868e+00 -5.518453e+01  5.000000e+00
     vertex  1.831099e+00 -5.512286e+01  5.000000e+00
     vertex  1.876060e+00 -5.515432e+01  5.000000e+00
   endloop
 endfacet
 facet normal  0.000000e+00  0.000000e+00  1.000000e+00
   outer loop
     vertex  1.921868e+00 -5.518453e+01  5.000000e+00
     vertex  1.743849e+00 -5.505630e+01  5.000000e+00
     vertex  1.831099e+00 -5.512286e+01  5.000000e+00
   endloop
 endfacet
 facet normal  0.000000e+00  0.000000e+00  1.000000e+00
   outer loop
     vertex  1.279494e+00 -5.451974e+01  5.000000e+00
     vertex  1.308117e+00 -5.456655e+01  5.000000e+00
     vertex  1.338014e+00 -5.461257e+01  5.000000e+00
   endloop
 endfacet
 facet normal  0.000000e+00  0.000000e+00  1.000000e+00
   outer loop
     vertex  1.279494e+00 -5.451974e+01  5.000000e+00
     vertex  1.435116e+00 -5.474545e+01  5.000000e+00
     vertex  1.469873e+00 -5.478791e+01  5.000000e+00
   endloop
 endfacet
 facet normal  0.000000e+00  0.000000e+00  1.000000e+00
   outer loop
     vertex  1.279494e+00 -5.451974e+01  5.000000e+00
     vertex  1.469873e+00 -5.478791e+01  5.000000e+00
     vertex  1.505781e+00 -5.482940e+01  5.000000e+00
   endloop
 endfacet
 facet normal  0.000000e+00  0.000000e+00  1.000000e+00
   outer loop
     vertex  1.279494e+00 -5.451974e+01  5.000000e+00
     vertex  1.338014e+00 -5.461257e+01  5.000000e+00
     vertex  1.435116e+00 -5.474545e+01  5.000000e+00
   endloop
 endfacet
 facet normal  0.000000e+00  0.000000e+00  1.000000e+00
   outer loop
     vertex  2.162369e+00 -5.531614e+01  5.000000e+00
     vertex  2.064019e+00 -5.526747e+01  5.000000e+00
     vertex  2.112860e+00 -5.529248e+01  5.000000e+00
   endloop
 endfacet
 facet normal  0.000000e+00  0.000000e+00  1.000000e+00
   outer loop
     vertex  2.212508e+00 -5.533844e+01  5.000000e+00
     vertex  1.968487e+00 -5.521347e+01  5.000000e+00
     vertex  2.015883e+00 -5.524112e+01  5.000000e+00
   endloop
 endfacet
 facet normal  0.000000e+00  0.000000e+00  1.000000e+00
   outer loop
     vertex  2.212508e+00 -5.533844e+01  5.000000e+00
     vertex  2.015883e+00 -5.524112e+01  5.000000e+00
     vertex  2.064019e+00 -5.526747e+01  5.000000e+00
   endloop
 endfacet
 facet normal  0.000000e+00  0.000000e+00  1.000000e+00
   outer loop
     vertex  2.212508e+00 -5.533844e+01  5.000000e+00
     vertex  2.064019e+00 -5.526747e+01  5.000000e+00
     vertex  2.162369e+00 -5.531614e+01  5.000000e+00
   endloop
 endfacet
 facet normal  0.000000e+00  0.000000e+00  1.000000e+00
   outer loop
     vertex  1.135639e+00 -5.422399e+01  5.000000e+00
     vertex  1.156203e+00 -5.427486e+01  5.000000e+00
     vertex  1.178154e+00 -5.432515e+01  5.000000e+00
   endloop
 endfacet
 facet normal  0.000000e+00  0.000000e+00  1.000000e+00
   outer loop
     vertex  1.135639e+00 -5.422399e+01  5.000000e+00
     vertex  1.178154e+00 -5.432515e+01  5.000000e+00
     vertex  1.201477e+00 -5.437482e+01  5.000000e+00
   endloop
 endfacet
 facet normal  0.000000e+00  0.000000e+00  1.000000e+00
   outer loop
     vertex  2.314528e+00 -5.537886e+01  5.000000e+00
     vertex  1.921868e+00 -5.518453e+01  5.000000e+00
     vertex  1.968487e+00 -5.521347e+01  5.000000e+00
   endloop
 endfacet
 facet normal  0.000000e+00  0.000000e+00  1.000000e+00
   outer loop
     vertex  2.314528e+00 -5.537886e+01  5.000000e+00
     vertex  2.212508e+00 -5.533844e+01  5.000000e+00
     vertex  2.263241e+00 -5.535935e+01  5.000000e+00
   endloop
 endfacet
 facet normal  0.000000e+00  0.000000e+00  1.000000e+00
   outer loop
     vertex  2.314528e+00 -5.537886e+01  5.000000e+00
     vertex  1.968487e+00 -5.521347e+01  5.000000e+00
     vertex  2.212508e+00 -5.533844e+01  5.000000e+00
   endloop
 endfacet
 facet normal  0.000000e+00  0.000000e+00  1.000000e+00
   outer loop
     vertex  2.366330e+00 -5.539696e+01  5.000000e+00
     vertex  1.921868e+00 -5.518453e+01  5.000000e+00
     vertex  2.314528e+00 -5.537886e+01  5.000000e+00
   endloop
 endfacet
 facet normal  0.000000e+00  0.000000e+00  1.000000e+00
   outer loop
     vertex  2.471328e+00 -5.542886e+01  5.000000e+00
     vertex  2.366330e+00 -5.539696e+01  5.000000e+00
     vertex  2.418610e+00 -5.541363e+01  5.000000e+00
   endloop
 endfacet
 facet normal  0.000000e+00  0.000000e+00  1.000000e+00
   outer loop
     vertex  1.054145e+00 -5.396222e+01  5.000000e+00
     vertex  1.067558e+00 -5.401543e+01  5.000000e+00
     vertex  1.082425e+00 -5.406825e+01  5.000000e+00
   endloop
 endfacet
 facet normal  0.000000e+00  0.000000e+00  1.000000e+00
   outer loop
     vertex  2.577917e+00 -5.545495e+01  5.000000e+00
     vertex  2.471328e+00 -5.542886e+01  5.000000e+00
     vertex  2.524443e+00 -5.544264e+01  5.000000e+00
   endloop
 endfacet
 facet normal  0.000000e+00  0.000000e+00  1.000000e+00
   outer loop
     vertex  2.685776e+00 -5.547516e+01  5.000000e+00
     vertex  2.577917e+00 -5.545495e+01  5.000000e+00
     vertex  2.631708e+00 -5.546580e+01  5.000000e+00
   endloop
 endfacet
 facet normal  0.000000e+00  0.000000e+00  1.000000e+00
   outer loop
     vertex  2.740081e+00 -5.548304e+01  5.000000e+00
     vertex  2.471328e+00 -5.542886e+01  5.000000e+00
     vertex  2.577917e+00 -5.545495e+01  5.000000e+00
   endloop
 endfacet
 facet normal  0.000000e+00  0.000000e+00  1.000000e+00
   outer loop
     vertex  2.740081e+00 -5.548304e+01  5.000000e+00
     vertex  2.577917e+00 -5.545495e+01  5.000000e+00
     vertex  2.685776e+00 -5.547516e+01  5.000000e+00
   endloop
 endfacet
 facet normal  0.000000e+00  0.000000e+00  1.000000e+00
   outer loop
     vertex  1.015225e+00 -5.374631e+01  5.000000e+00
     vertex  1.022729e+00 -5.380067e+01  5.000000e+00
     vertex  1.031722e+00 -5.385480e+01  5.000000e+00
   endloop
 endfacet
 facet normal  0.000000e+00  0.000000e+00  1.000000e+00
   outer loop
     vertex  2.849237e+00 -5.549431e+01  5.000000e+00
     vertex  2.471328e+00 -5.542886e+01  5.000000e+00
     vertex  2.740081e+00 -5.548304e+01  5.000000e+00
   endloop
 endfacet
 facet normal  0.000000e+00  0.000000e+00  1.000000e+00
   outer loop
     vertex  2.849237e+00 -5.549431e+01  5.000000e+00
     vertex  2.366330e+00 -5.539696e+01  5.000000e+00
     vertex  2.471328e+00 -5.542886e+01  5.000000e+00
   endloop
 endfacet
 facet normal  0.000000e+00  0.000000e+00  1.000000e+00
   outer loop
     vertex  2.849237e+00 -5.549431e+01  5.000000e+00
     vertex  1.505781e+00 -5.482940e+01  5.000000e+00
     vertex  1.542814e+00 -5.486989e+01  5.000000e+00
   endloop
 endfacet
 facet normal  0.000000e+00  0.000000e+00  1.000000e+00
   outer loop
     vertex  2.849237e+00 -5.549431e+01  5.000000e+00
     vertex  1.542814e+00 -5.486989e+01  5.000000e+00
     vertex  1.580944e+00 -5.490935e+01  5.000000e+00
   endloop
 endfacet
 facet normal  0.000000e+00  0.000000e+00  1.000000e+00
   outer loop
     vertex  2.849237e+00 -5.549431e+01  5.000000e+00
     vertex  1.580944e+00 -5.490935e+01  5.000000e+00
     vertex  1.620143e+00 -5.494775e+01  5.000000e+00
   endloop
 endfacet
 facet normal  0.000000e+00  0.000000e+00  1.000000e+00
   outer loop
     vertex  2.849237e+00 -5.549431e+01  5.000000e+00
     vertex  1.620143e+00 -5.494775e+01  5.000000e+00
     vertex  1.660380e+00 -5.498507e+01  5.000000e+00
   endloop
 endfacet
 facet normal  0.000000e+00  0.000000e+00  1.000000e+00
   outer loop
     vertex  2.849237e+00 -5.549431e+01  5.000000e+00
     vertex  1.660380e+00 -5.498507e+01  5.000000e+00
     vertex  1.921868e+00 -5.518453e+01  5.000000e+00
   endloop
 endfacet
 facet normal  0.000000e+00  0.000000e+00  1.000000e+00
   outer loop
     vertex  2.849237e+00 -5.549431e+01  5.000000e+00
     vertex  2.740081e+00 -5.548304e+01  5.000000e+00
     vertex  2.794582e+00 -5.548942e+01  5.000000e+00
   endloop
 endfacet
 facet normal  0.000000e+00  0.000000e+00  1.000000e+00
   outer loop
     vertex  2.849237e+00 -5.549431e+01  5.000000e+00
     vertex  1.921868e+00 -5.518453e+01  5.000000e+00
     vertex  2.366330e+00 -5.539696e+01  5.000000e+00
   endloop
 endfacet
 facet normal  0.000000e+00  0.000000e+00  1.000000e+00
   outer loop
     vertex  2.958847e+00 -5.549958e+01  5.000000e+00
     vertex  2.849237e+00 -5.549431e+01  5.000000e+00
     vertex  2.904006e+00 -5.549769e+01  5.000000e+00
   endloop
 endfacet
 facet normal  0.000000e+00  0.000000e+00  1.000000e+00
   outer loop
     vertex  3.123390e+00 -5.549619e+01  5.000000e+00
     vertex  3.013719e+00 -5.549995e+01  5.000000e+00
     vertex  3.068580e+00 -5.549882e+01  5.000000e+00
   endloop
 endfacet
 facet normal  0.000000e+00  0.000000e+00  1.000000e+00
   outer loop
     vertex  1.004703e+00 -5.336292e+01  5.000000e+00
     vertex  1.001694e+00 -5.341771e+01  5.000000e+00
     vertex  1.000188e+00 -5.347256e+01  5.000000e+00
   endloop
 endfacet
 facet normal  0.000000e+00  0.000000e+00  1.000000e+00
   outer loop
     vertex  1.009215e+00 -5.330823e+01  5.000000e+00
     vertex  1.004703e+00 -5.336292e+01  5.000000e+00
     vertex  1.000188e+00 -5.347256e+01  5.000000e+00
   endloop
 endfacet
 facet normal  0.000000e+00  0.000000e+00  1.000000e+00
   outer loop
     vertex  1.022729e+00 -5.319933e+01  5.000000e+00
     vertex  1.015225e+00 -5.325369e+01  5.000000e+00
     vertex  1.009215e+00 -5.330823e+01  5.000000e+00
   endloop
 endfacet
 facet normal  0.000000e+00  0.000000e+00  1.000000e+00
   outer loop
     vertex  1.022729e+00 -5.319933e+01  5.000000e+00
     vertex  1.000188e+00 -5.347256e+01  5.000000e+00
     vertex  1.000188e+00 -5.352744e+01  5.000000e+00
   endloop
 endfacet
 facet normal  0.000000e+00  0.000000e+00  1.000000e+00
   outer loop
     vertex  1.022729e+00 -5.319933e+01  5.000000e+00
     vertex  1.000188e+00 -5.352744e+01  5.000000e+00
     vertex  1.001694e+00 -5.358229e+01  5.000000e+00
   endloop
 endfacet
 facet normal  0.000000e+00  0.000000e+00  1.000000e+00
   outer loop
     vertex  1.022729e+00 -5.319933e+01  5.000000e+00
     vertex  1.001694e+00 -5.358229e+01  5.000000e+00
     vertex  1.004703e+00 -5.363708e+01  5.000000e+00
   endloop
 endfacet
 facet normal  0.000000e+00  0.000000e+00  1.000000e+00
   outer loop
     vertex  1.022729e+00 -5.319933e+01  5.000000e+00
     vertex  1.004703e+00 -5.363708e+01  5.000000e+00
     vertex  1.009215e+00 -5.369177e+01  5.000000e+00
   endloop
 endfacet
 facet normal  0.000000e+00  0.000000e+00  1.000000e+00
   outer loop
     vertex  1.022729e+00 -5.319933e+01  5.000000e+00
     vertex  1.009215e+00 -5.330823e+01  5.000000e+00
     vertex  1.000188e+00 -5.347256e+01  5.000000e+00
   endloop
 endfacet
 facet normal  0.000000e+00  0.000000e+00  1.000000e+00
   outer loop
     vertex  3.341290e+00 -5.547067e+01  5.000000e+00
     vertex  3.232690e+00 -5.548642e+01  5.000000e+00
     vertex  3.287098e+00 -5.547929e+01  5.000000e+00
   endloop
 endfacet
 facet normal  0.000000e+00  0.000000e+00  1.000000e+00
   outer loop
     vertex  3.395225e+00 -5.546056e+01  5.000000e+00
     vertex  3.232690e+00 -5.548642e+01  5.000000e+00
     vertex  3.341290e+00 -5.547067e+01  5.000000e+00
   endloop
 endfacet
 facet normal  0.000000e+00  0.000000e+00  1.000000e+00
   outer loop
     vertex  3.395225e+00 -5.546056e+01  5.000000e+00
     vertex  3.123390e+00 -5.549619e+01  5.000000e+00
     vertex  3.178107e+00 -5.549205e+01  5.000000e+00
   endloop
 endfacet
 facet normal  0.000000e+00  0.000000e+00  1.000000e+00
   outer loop
     vertex  3.395225e+00 -5.546056e+01  5.000000e+00
     vertex  3.178107e+00 -5.549205e+01  5.000000e+00
     vertex  3.232690e+00 -5.548642e+01  5.000000e+00
   endloop
 endfacet
 facet normal  0.000000e+00  0.000000e+00  1.000000e+00
   outer loop
     vertex  1.054145e+00 -5.303778e+01  5.000000e+00
     vertex  1.042197e+00 -5.309134e+01  5.000000e+00
     vertex  1.031722e+00 -5.314520e+01  5.000000e+00
   endloop
 endfacet
 facet normal  0.000000e+00  0.000000e+00  1.000000e+00
   outer loop
     vertex  1.054145e+00 -5.303778e+01  5.000000e+00
     vertex  1.031722e+00 -5.314520e+01  5.000000e+00
     vertex  1.022729e+00 -5.319933e+01  5.000000e+00
   endloop
 endfacet
 facet normal  0.000000e+00  0.000000e+00  1.000000e+00
   outer loop
     vertex  3.555083e+00 -5.542143e+01  5.000000e+00
     vertex  3.395225e+00 -5.546056e+01  5.000000e+00
     vertex  3.448862e+00 -5.544898e+01  5.000000e+00
   endloop
 endfacet
 facet normal  0.000000e+00  0.000000e+00  1.000000e+00
   outer loop
     vertex  3.555083e+00 -5.542143e+01  5.000000e+00
     vertex  3.448862e+00 -5.544898e+01  5.000000e+00
     vertex  3.502162e+00 -5.543593e+01  5.000000e+00
   endloop
 endfacet
 facet normal  0.000000e+00  0.000000e+00  1.000000e+00
   outer loop
     vertex  1.082425e+00 -5.293175e+01  5.000000e+00
     vertex  1.067558e+00 -5.298457e+01  5.000000e+00
     vertex  1.054145e+00 -5.303778e+01  5.000000e+00
   endloop
 endfacet
 facet normal  0.000000e+00  0.000000e+00  1.000000e+00
   outer loop
     vertex  3.607587e+00 -5.540548e+01  5.000000e+00
     vertex  3.395225e+00 -5.546056e+01  5.000000e+00
     vertex  3.555083e+00 -5.542143e+01  5.000000e+00
   endloop
 endfacet
 facet normal  0.000000e+00  0.000000e+00  1.000000e+00
   outer loop
     vertex  1.098737e+00 -5.287936e+01  5.000000e+00
     vertex  1.082425e+00 -5.293175e+01  5.000000e+00
     vertex  1.054145e+00 -5.303778e+01  5.000000e+00
   endloop
 endfacet
 facet normal  0.000000e+00  0.000000e+00  1.000000e+00
   outer loop
     vertex  3.659633e+00 -5.538809e+01  5.000000e+00
     vertex  3.123390e+00 -5.549619e+01  5.000000e+00
     vertex  3.395225e+00 -5.546056e+01  5.000000e+00
   endloop
 endfacet
 facet normal  0.000000e+00  0.000000e+00  1.000000e+00
   outer loop
     vertex  3.659633e+00 -5.538809e+01  5.000000e+00
     vertex  3.395225e+00 -5.546056e+01  5.000000e+00
     vertex  3.607587e+00 -5.540548e+01  5.000000e+00
   endloop
 endfacet
 facet normal  0.000000e+00  0.000000e+00  1.000000e+00
   outer loop
     vertex  3.711183e+00 -5.536928e+01  5.000000e+00
     vertex  3.123390e+00 -5.549619e+01  5.000000e+00
     vertex  3.659633e+00 -5.538809e+01  5.000000e+00
   endloop
 endfacet
 facet normal  0.000000e+00  0.000000e+00  1.000000e+00
   outer loop
     vertex  1.135639e+00 -5.277601e+01  5.000000e+00
     vertex  1.116479e+00 -5.282743e+01  5.000000e+00
     vertex  1.098737e+00 -5.287936e+01  5.000000e+00
   endloop
 endfacet
 facet normal  0.000000e+00  0.000000e+00  1.000000e+00
   outer loop
     vertex  1.156203e+00 -5.272514e+01  5.000000e+00
     vertex  1.135639e+00 -5.277601e+01  5.000000e+00
     vertex  1.098737e+00 -5.287936e+01  5.000000e+00
   endloop
 endfacet
 facet normal  0.000000e+00  0.000000e+00  1.000000e+00
   outer loop
     vertex  3.812638e+00 -5.532746e+01  5.000000e+00
     vertex  3.013719e+00 -5.549995e+01  5.000000e+00
     vertex  3.123390e+00 -5.549619e+01  5.000000e+00
   endloop
 endfacet
 facet normal  0.000000e+00  0.000000e+00  1.000000e+00
   outer loop
     vertex  3.812638e+00 -5.532746e+01  5.000000e+00
     vertex  2.958847e+00 -5.549958e+01  5.000000e+00
     vertex  3.013719e+00 -5.549995e+01  5.000000e+00
   endloop
 endfacet
 facet normal  0.000000e+00  0.000000e+00  1.000000e+00
   outer loop
     vertex  3.812638e+00 -5.532746e+01  5.000000e+00
     vertex  3.123390e+00 -5.549619e+01  5.000000e+00
     vertex  3.711183e+00 -5.536928e+01  5.000000e+00
   endloop
 endfacet
 facet normal  0.000000e+00  0.000000e+00  1.000000e+00
   outer loop
     vertex  3.812638e+00 -5.532746e+01  5.000000e+00
     vertex  3.711183e+00 -5.536928e+01  5.000000e+00
     vertex  3.762197e+00 -5.534907e+01  5.000000e+00
   endloop
 endfacet
 facet normal  0.000000e+00  0.000000e+00  1.000000e+00
   outer loop
     vertex  1.178154e+00 -5.267485e+01  5.000000e+00
     vertex  1.156203e+00 -5.272514e+01  5.000000e+00
     vertex  1.098737e+00 -5.287936e+01  5.000000e+00
   endloop
 endfacet
 facet normal  0.000000e+00  0.000000e+00  1.000000e+00
   outer loop
     vertex  1.201477e+00 -5.262518e+01  5.000000e+00
     vertex  1.178154e+00 -5.267485e+01  5.000000e+00
     vertex  1.098737e+00 -5.287936e+01  5.000000e+00
   endloop
 endfacet
 facet normal  0.000000e+00  0.000000e+00  1.000000e+00
   outer loop
     vertex  1.201477e+00 -5.262518e+01  5.000000e+00
     vertex  1.098737e+00 -5.287936e+01  5.000000e+00
     vertex  1.054145e+00 -5.303778e+01  5.000000e+00
   endloop
 endfacet
 facet normal  0.000000e+00  0.000000e+00  1.000000e+00
   outer loop
     vertex  3.960139e+00 -5.525446e+01  5.000000e+00
     vertex  3.812638e+00 -5.532746e+01  5.000000e+00
     vertex  3.862467e+00 -5.530448e+01  5.000000e+00
   endloop
 endfacet
 facet normal  0.000000e+00  0.000000e+00  1.000000e+00
   outer loop
     vertex  3.960139e+00 -5.525446e+01  5.000000e+00
     vertex  3.862467e+00 -5.530448e+01  5.000000e+00
     vertex  3.911646e+00 -5.528014e+01  5.000000e+00
   endloop
 endfacet
 facet normal  0.000000e+00  0.000000e+00  1.000000e+00
   outer loop
     vertex  4.054922e+00 -5.519916e+01  5.000000e+00
     vertex  3.812638e+00 -5.532746e+01  5.000000e+00
     vertex  3.960139e+00 -5.525446e+01  5.000000e+00
   endloop
 endfacet
 facet normal  0.000000e+00  0.000000e+00  1.000000e+00
   outer loop
     vertex  4.054922e+00 -5.519916e+01  5.000000e+00
     vertex  3.960139e+00 -5.525446e+01  5.000000e+00
     vertex  4.007910e+00 -5.522746e+01  5.000000e+00
   endloop
 endfacet
 facet normal  0.000000e+00  0.000000e+00  1.000000e+00
   outer loop
     vertex  1.308117e+00 -5.243345e+01  5.000000e+00
     vertex  1.279494e+00 -5.248026e+01  5.000000e+00
     vertex  1.252167e+00 -5.252785e+01  5.000000e+00
   endloop
 endfacet
 facet normal  0.000000e+00  0.000000e+00  1.000000e+00
   outer loop
     vertex  1.308117e+00 -5.243345e+01  5.000000e+00
     vertex  1.252167e+00 -5.252785e+01  5.000000e+00
     vertex  1.226154e+00 -5.257616e+01  5.000000e+00
   endloop
 endfacet
 facet normal  0.000000e+00  0.000000e+00  1.000000e+00
   outer loop
     vertex  1.308117e+00 -5.243345e+01  5.000000e+00
     vertex  1.226154e+00 -5.257616e+01  5.000000e+00
     vertex  1.201477e+00 -5.262518e+01  5.000000e+00
   endloop
 endfacet
 facet normal  0.000000e+00  0.000000e+00  1.000000e+00
   outer loop
     vertex  1.338014e+00 -5.238743e+01  5.000000e+00
     vertex  1.308117e+00 -5.243345e+01  5.000000e+00
     vertex  1.201477e+00 -5.262518e+01  5.000000e+00
   endloop
 endfacet
 facet normal  0.000000e+00  0.000000e+00  1.000000e+00
   outer loop
     vertex  4.146528e+00 -5.513874e+01  5.000000e+00
     vertex  3.812638e+00 -5.532746e+01  5.000000e+00
     vertex  4.054922e+00 -5.519916e+01  5.000000e+00
   endloop
 endfacet
 facet normal  0.000000e+00  0.000000e+00  1.000000e+00
   outer loop
     vertex  4.146528e+00 -5.513874e+01  5.000000e+00
     vertex  2.849237e+00 -5.549431e+01  5.000000e+00
     vertex  2.958847e+00 -5.549958e+01  5.000000e+00
   endloop
 endfacet
 facet normal  0.000000e+00  0.000000e+00  1.000000e+00
   outer loop
     vertex  4.146528e+00 -5.513874e+01  5.000000e+00
     vertex  2.958847e+00 -5.549958e+01  5.000000e+00
     vertex  3.812638e+00 -5.532746e+01  5.000000e+00
   endloop
 endfacet
 facet normal  0.000000e+00  0.000000e+00  1.000000e+00
   outer loop
     vertex  4.146528e+00 -5.513874e+01  5.000000e+00
     vertex  4.054922e+00 -5.519916e+01  5.000000e+00
     vertex  4.101140e+00 -5.516958e+01  5.000000e+00
   endloop
 endfacet
 facet normal  0.000000e+00  0.000000e+00  1.000000e+00
   outer loop
     vertex  4.234683e+00 -5.507339e+01  5.000000e+00
     vertex  4.146528e+00 -5.513874e+01  5.000000e+00
     vertex  4.191054e+00 -5.510667e+01  5.000000e+00
   endloop
 endfacet
 facet normal  0.000000e+00  0.000000e+00  1.000000e+00
   outer loop
     vertex  1.435116e+00 -5.225455e+01  5.000000e+00
     vertex  1.201477e+00 -5.262518e+01  5.000000e+00
     vertex  1.054145e+00 -5.303778e+01  5.000000e+00
   endloop
 endfacet
 facet normal  0.000000e+00  0.000000e+00  1.000000e+00
   outer loop
     vertex  1.435116e+00 -5.225455e+01  5.000000e+00
     vertex  1.338014e+00 -5.238743e+01  5.000000e+00
     vertex  1.201477e+00 -5.262518e+01  5.000000e+00
   endloop
 endfacet
 facet normal  0.000000e+00  0.000000e+00  1.000000e+00
   outer loop
     vertex  1.435116e+00 -5.225455e+01  5.000000e+00
     vertex  1.054145e+00 -5.303778e+01  5.000000e+00
     vertex  1.022729e+00 -5.319933e+01  5.000000e+00
   endloop
 endfacet
 facet normal  0.000000e+00  0.000000e+00  1.000000e+00
   outer loop
     vertex  1.435116e+00 -5.225455e+01  5.000000e+00
     vertex  1.401537e+00 -5.229795e+01  5.000000e+00
     vertex  1.369162e+00 -5.234226e+01  5.000000e+00
   endloop
 endfacet
 facet normal  0.000000e+00  0.000000e+00  1.000000e+00
   outer loop
     vertex  1.435116e+00 -5.225455e+01  5.000000e+00
     vertex  1.369162e+00 -5.234226e+01  5.000000e+00
     vertex  1.338014e+00 -5.238743e+01  5.000000e+00
   endloop
 endfacet
 facet normal  0.000000e+00  0.000000e+00  1.000000e+00
   outer loop
     vertex  1.505781e+00 -5.217060e+01  5.000000e+00
     vertex  1.469873e+00 -5.221209e+01  5.000000e+00
     vertex  1.435116e+00 -5.225455e+01  5.000000e+00
   endloop
 endfacet
 facet normal  0.000000e+00  0.000000e+00  1.000000e+00
   outer loop
     vertex  4.359867e+00 -5.496655e+01  5.000000e+00
     vertex  4.234683e+00 -5.507339e+01  5.000000e+00
     vertex  4.277383e+00 -5.503893e+01  5.000000e+00
   endloop
 endfacet
 facet normal  0.000000e+00  0.000000e+00  1.000000e+00
   outer loop
     vertex  4.359867e+00 -5.496655e+01  5.000000e+00
     vertex  4.277383e+00 -5.503893e+01  5.000000e+00
     vertex  4.319121e+00 -5.500330e+01  5.000000e+00
   endloop
 endfacet
 facet normal  0.000000e+00  0.000000e+00  1.000000e+00
   outer loop
     vertex  1.542814e+00 -5.213011e+01  5.000000e+00
     vertex  1.505781e+00 -5.217060e+01  5.000000e+00
     vertex  1.435116e+00 -5.225455e+01  5.000000e+00
   endloop
 endfacet
 facet normal  0.000000e+00  0.000000e+00  1.000000e+00
   outer loop
     vertex  4.475841e+00 -5.484978e+01  5.000000e+00
     vertex  4.359867e+00 -5.496655e+01  5.000000e+00
     vertex  4.399588e+00 -5.492869e+01  5.000000e+00
   endloop
 endfacet
 facet normal  0.000000e+00  0.000000e+00  1.000000e+00
   outer loop
     vertex  4.475841e+00 -5.484978e+01  5.000000e+00
     vertex  4.399588e+00 -5.492869e+01  5.000000e+00
     vertex  4.438256e+00 -5.488976e+01  5.000000e+00
   endloop
 endfacet
 facet normal  0.000000e+00  0.000000e+00  1.000000e+00
   outer loop
     vertex  1.660380e+00 -5.201493e+01  5.000000e+00
     vertex  1.542814e+00 -5.213011e+01  5.000000e+00
     vertex  1.435116e+00 -5.225455e+01  5.000000e+00
   endloop
 endfacet
 facet normal  0.000000e+00  0.000000e+00  1.000000e+00
   outer loop
     vertex  1.660380e+00 -5.201493e+01  5.000000e+00
     vertex  1.620143e+00 -5.205225e+01  5.000000e+00
     vertex  1.580944e+00 -5.209065e+01  5.000000e+00
   endloop
 endfacet
 facet normal  0.000000e+00  0.000000e+00  1.000000e+00
   outer loop
     vertex  1.660380e+00 -5.201493e+01  5.000000e+00
     vertex  1.580944e+00 -5.209065e+01  5.000000e+00
     vertex  1.542814e+00 -5.213011e+01  5.000000e+00
   endloop
 endfacet
 facet normal  0.000000e+00  0.000000e+00  1.000000e+00
   outer loop
     vertex  4.547651e+00 -5.476680e+01  5.000000e+00
     vertex  4.475841e+00 -5.484978e+01  5.000000e+00
     vertex  4.512316e+00 -5.480878e+01  5.000000e+00
   endloop
 endfacet
 facet normal  0.000000e+00  0.000000e+00  1.000000e+00
   outer loop
     vertex  4.547651e+00 -5.476680e+01  5.000000e+00
     vertex  4.359867e+00 -5.496655e+01  5.000000e+00
     vertex  4.475841e+00 -5.484978e+01  5.000000e+00
   endloop
 endfacet
 facet normal  0.000000e+00  0.000000e+00  1.000000e+00
   outer loop
     vertex  4.547651e+00 -5.476680e+01  5.000000e+00
     vertex  4.234683e+00 -5.507339e+01  5.000000e+00
     vertex  4.359867e+00 -5.496655e+01  5.000000e+00
   endloop
 endfacet
 facet normal  0.000000e+00  0.000000e+00  1.000000e+00
   outer loop
     vertex  1.787017e+00 -5.190982e+01  5.000000e+00
     vertex  1.743849e+00 -5.194370e+01  5.000000e+00
     vertex  1.701626e+00 -5.197874e+01  5.000000e+00
   endloop
 endfacet
 facet normal  0.000000e+00  0.000000e+00  1.000000e+00
   outer loop
     vertex  4.614802e+00 -5.468001e+01  5.000000e+00
     vertex  4.547651e+00 -5.476680e+01  5.000000e+00
     vertex  4.581822e+00 -5.472386e+01  5.000000e+00
   endloop
 endfacet
 facet normal  0.000000e+00  0.000000e+00  1.000000e+00
   outer loop
     vertex  1.831099e+00 -5.187714e+01  5.000000e+00
     vertex  1.787017e+00 -5.190982e+01  5.000000e+00
     vertex  1.701626e+00 -5.197874e+01  5.000000e+00
   endloop
 endfacet
 facet normal  0.000000e+00  0.000000e+00  1.000000e+00
   outer loop
     vertex  4.646567e+00 -5.463526e+01  5.000000e+00
     vertex  4.547651e+00 -5.476680e+01  5.000000e+00
     vertex  4.614802e+00 -5.468001e+01  5.000000e+00
   endloop
 endfacet
 facet normal  0.000000e+00  0.000000e+00  1.000000e+00
   outer loop
     vertex  4.646567e+00 -5.463526e+01  5.000000e+00
     vertex  4.234683e+00 -5.507339e+01  5.000000e+00
     vertex  4.547651e+00 -5.476680e+01  5.000000e+00
   endloop
 endfacet
 facet normal  0.000000e+00  0.000000e+00  1.000000e+00
   outer loop
     vertex  1.921868e+00 -5.181547e+01  5.000000e+00
     vertex  1.876060e+00 -5.184568e+01  5.000000e+00
     vertex  1.831099e+00 -5.187714e+01  5.000000e+00
   endloop
 endfacet
 facet normal  0.000000e+00  0.000000e+00  1.000000e+00
   outer loop
     vertex  1.921868e+00 -5.181547e+01  5.000000e+00
     vertex  1.831099e+00 -5.187714e+01  5.000000e+00
     vertex  1.701626e+00 -5.197874e+01  5.000000e+00
   endloop
 endfacet
 facet normal  0.000000e+00  0.000000e+00  1.000000e+00
   outer loop
     vertex  1.968487e+00 -5.178653e+01  5.000000e+00
     vertex  1.701626e+00 -5.197874e+01  5.000000e+00
     vertex  1.660380e+00 -5.201493e+01  5.000000e+00
   endloop
 endfacet
 facet normal  0.000000e+00  0.000000e+00  1.000000e+00
   outer loop
     vertex  1.968487e+00 -5.178653e+01  5.000000e+00
     vertex  1.921868e+00 -5.181547e+01  5.000000e+00
     vertex  1.701626e+00 -5.197874e+01  5.000000e+00
   endloop
 endfacet
 facet normal  0.000000e+00  0.000000e+00  1.000000e+00
   outer loop
     vertex  4.734333e+00 -5.449604e+01  5.000000e+00
     vertex  4.646567e+00 -5.463526e+01  5.000000e+00
     vertex  4.677092e+00 -5.458966e+01  5.000000e+00
   endloop
 endfacet
 facet normal  0.000000e+00  0.000000e+00  1.000000e+00
   outer loop
     vertex  4.734333e+00 -5.449604e+01  5.000000e+00
     vertex  4.677092e+00 -5.458966e+01  5.000000e+00
     vertex  4.706355e+00 -5.454324e+01  5.000000e+00
   endloop
 endfacet
 facet normal  0.000000e+00  0.000000e+00  1.000000e+00
   outer loop
     vertex  4.761005e+00 -5.444808e+01  5.000000e+00
     vertex  4.146528e+00 -5.513874e+01  5.000000e+00
     vertex  4.234683e+00 -5.507339e+01  5.000000e+00
   endloop
 endfacet
 facet normal  0.000000e+00  0.000000e+00  1.000000e+00
   outer loop
     vertex  4.761005e+00 -5.444808e+01  5.000000e+00
     vertex  4.646567e+00 -5.463526e+01  5.000000e+00
     vertex  4.734333e+00 -5.449604e+01  5.000000e+00
   endloop
 endfacet
 facet normal  0.000000e+00  0.000000e+00  1.000000e+00
   outer loop
     vertex  4.761005e+00 -5.444808e+01  5.000000e+00
     vertex  4.234683e+00 -5.507339e+01  5.000000e+00
     vertex  4.646567e+00 -5.463526e+01  5.000000e+00
   endloop
 endfacet
 facet normal  0.000000e+00  0.000000e+00  1.000000e+00
   outer loop
     vertex  4.810354e+00 -5.435007e+01  5.000000e+00
     vertex  4.761005e+00 -5.444808e+01  5.000000e+00
     vertex  4.786352e+00 -5.439941e+01  5.000000e+00
   endloop
 endfacet
 facet normal  0.000000e+00  0.000000e+00  1.000000e+00
   outer loop
     vertex  4.810354e+00 -5.435007e+01  5.000000e+00
     vertex  4.146528e+00 -5.513874e+01  5.000000e+00
     vertex  4.761005e+00 -5.444808e+01  5.000000e+00
   endloop
 endfacet
 facet normal  0.000000e+00  0.000000e+00  1.000000e+00
   outer loop
     vertex  2.162369e+00 -5.168386e+01  5.000000e+00
     vertex  2.112860e+00 -5.170752e+01  5.000000e+00
     vertex  2.064019e+00 -5.173253e+01  5.000000e+00
   endloop
 endfacet
 facet normal  0.000000e+00  0.000000e+00  1.000000e+00
   outer loop
     vertex  2.162369e+00 -5.168386e+01  5.000000e+00
     vertex  2.064019e+00 -5.173253e+01  5.000000e+00
     vertex  2.015883e+00 -5.175888e+01  5.000000e+00
   endloop
 endfacet
 facet normal  0.000000e+00  0.000000e+00  1.000000e+00
   outer loop
     vertex  2.162369e+00 -5.168386e+01  5.000000e+00
     vertex  2.015883e+00 -5.175888e+01  5.000000e+00
     vertex  1.968487e+00 -5.178653e+01  5.000000e+00
   endloop
 endfacet
 facet normal  0.000000e+00  0.000000e+00  1.000000e+00
   outer loop
     vertex  2.212508e+00 -5.166156e+01  5.000000e+00
     vertex  2.162369e+00 -5.168386e+01  5.000000e+00
     vertex  1.968487e+00 -5.178653e+01  5.000000e+00
   endloop
 endfacet
 facet normal  0.000000e+00  0.000000e+00  1.000000e+00
   outer loop
     vertex  4.874117e+00 -5.419834e+01  5.000000e+00
     vertex  4.810354e+00 -5.435007e+01  5.000000e+00
     vertex  4.832994e+00 -5.430008e+01  5.000000e+00
   endloop
 endfacet
 facet normal  0.000000e+00  0.000000e+00  1.000000e+00
   outer loop
     vertex  4.874117e+00 -5.419834e+01  5.000000e+00
     vertex  4.832994e+00 -5.430008e+01  5.000000e+00
     vertex  4.854253e+00 -5.424950e+01  5.000000e+00
   endloop
 endfacet
 facet normal  0.000000e+00  0.000000e+00  1.000000e+00
   outer loop
     vertex  4.874117e+00 -5.419834e+01  5.000000e+00
     vertex  4.146528e+00 -5.513874e+01  5.000000e+00
     vertex  4.810354e+00 -5.435007e+01  5.000000e+00
   endloop
 endfacet
 facet normal  0.000000e+00  0.000000e+00  1.000000e+00
   outer loop
     vertex  2.314528e+00 -5.162114e+01  5.000000e+00
     vertex  2.212508e+00 -5.166156e+01  5.000000e+00
     vertex  1.968487e+00 -5.178653e+01  5.000000e+00
   endloop
 endfacet
 facet normal  0.000000e+00  0.000000e+00  1.000000e+00
   outer loop
     vertex  2.314528e+00 -5.162114e+01  5.000000e+00
     vertex  2.263241e+00 -5.164065e+01  5.000000e+00
     vertex  2.212508e+00 -5.166156e+01  5.000000e+00
   endloop
 endfacet
 facet normal  0.000000e+00  0.000000e+00  1.000000e+00
   outer loop
     vertex  2.366330e+00 -5.160304e+01  5.000000e+00
     vertex  2.314528e+00 -5.162114e+01  5.000000e+00
     vertex  1.968487e+00 -5.178653e+01  5.000000e+00
   endloop
 endfacet
 facet normal  0.000000e+00  0.000000e+00  1.000000e+00
   outer loop
     vertex  2.366330e+00 -5.160304e+01  5.000000e+00
     vertex  1.660380e+00 -5.201493e+01  5.000000e+00
     vertex  1.435116e+00 -5.225455e+01  5.000000e+00
   endloop
 endfacet
 facet normal  0.000000e+00  0.000000e+00  1.000000e+00
   outer loop
     vertex  2.366330e+00 -5.160304e+01  5.000000e+00
     vertex  1.968487e+00 -5.178653e+01  5.000000e+00
     vertex  1.660380e+00 -5.201493e+01  5.000000e+00
   endloop
 endfacet
 facet normal  0.000000e+00  0.000000e+00  1.000000e+00
   outer loop
     vertex  4.939331e+00 -5.398887e+01  5.000000e+00
     vertex  4.892570e+00 -5.414667e+01  5.000000e+00
     vertex  4.909599e+00 -5.409450e+01  5.000000e+00
   endloop
 endfacet
 facet normal  0.000000e+00  0.000000e+00  1.000000e+00
   outer loop
     vertex  4.939331e+00 -5.398887e+01  5.000000e+00
     vertex  4.909599e+00 -5.409450e+01  5.000000e+00
     vertex  4.925190e+00 -5.404189e+01  5.000000e+00
   endloop
 endfacet
 facet normal  0.000000e+00  0.000000e+00  1.000000e+00
   outer loop
     vertex  2.524443e+00 -5.155736e+01  5.000000e+00
     vertex  2.471328e+00 -5.157114e+01  5.000000e+00
     vertex  2.418610e+00 -5.158637e+01  5.000000e+00
   endloop
 endfacet
 facet normal  0.000000e+00  0.000000e+00  1.000000e+00
   outer loop
     vertex  2.524443e+00 -5.155736e+01  5.000000e+00
     vertex  2.418610e+00 -5.158637e+01  5.000000e+00
     vertex  2.366330e+00 -5.160304e+01  5.000000e+00
   endloop
 endfacet
 facet normal  0.000000e+00  0.000000e+00  1.000000e+00
   outer loop
     vertex  4.963225e+00 -5.388177e+01  5.000000e+00
     vertex  1.054145e+00 -5.396222e+01  5.000000e+00
     vertex  1.082425e+00 -5.406825e+01  5.000000e+00
   endloop
 endfacet
 facet normal  0.000000e+00  0.000000e+00  1.000000e+00
   outer loop
     vertex  4.963225e+00 -5.388177e+01  5.000000e+00
     vertex  4.874117e+00 -5.419834e+01  5.000000e+00
     vertex  4.892570e+00 -5.414667e+01  5.000000e+00
   endloop
 endfacet
 facet normal  0.000000e+00  0.000000e+00  1.000000e+00
   outer loop
     vertex  4.963225e+00 -5.388177e+01  5.000000e+00
     vertex  4.146528e+00 -5.513874e+01  5.000000e+00
     vertex  4.874117e+00 -5.419834e+01  5.000000e+00
   endloop
 endfacet
 facet normal  0.000000e+00  0.000000e+00  1.000000e+00
   outer loop
     vertex  4.963225e+00 -5.388177e+01  5.000000e+00
     vertex  4.939331e+00 -5.398887e+01  5.000000e+00
     vertex  4.952013e+00 -5.393548e+01  5.000000e+00
   endloop
 endfacet
 facet normal  0.000000e+00  0.000000e+00  1.000000e+00
   outer loop
     vertex  4.963225e+00 -5.388177e+01  5.000000e+00
     vertex  1.031722e+00 -5.385480e+01  5.000000e+00
     vertex  1.042197e+00 -5.390866e+01  5.000000e+00
   endloop
 endfacet
 facet normal  0.000000e+00  0.000000e+00  1.000000e+00
   outer loop
     vertex  4.963225e+00 -5.388177e+01  5.000000e+00
     vertex  1.042197e+00 -5.390866e+01  5.000000e+00
     vertex  1.054145e+00 -5.396222e+01  5.000000e+00
   endloop
 endfacet
 facet normal  0.000000e+00  0.000000e+00  1.000000e+00
   outer loop
     vertex  4.963225e+00 -5.388177e+01  5.000000e+00
     vertex  1.082425e+00 -5.406825e+01  5.000000e+00
     vertex  1.098737e+00 -5.412064e+01  5.000000e+00
   endloop
 endfacet
 facet normal  0.000000e+00  0.000000e+00  1.000000e+00
   outer loop
     vertex  4.963225e+00 -5.388177e+01  5.000000e+00
     vertex  1.098737e+00 -5.412064e+01  5.000000e+00
     vertex  1.116479e+00 -5.417257e+01  5.000000e+00
   endloop
 endfacet
 facet normal  0.000000e+00  0.000000e+00  1.000000e+00
   outer loop
     vertex  4.963225e+00 -5.388177e+01  5.000000e+00
     vertex  1.116479e+00 -5.417257e+01  5.000000e+00
     vertex  1.135639e+00 -5.422399e+01  5.000000e+00
   endloop
 endfacet
 facet normal  0.000000e+00  0.000000e+00  1.000000e+00
   outer loop
     vertex  4.963225e+00 -5.388177e+01  5.000000e+00
     vertex  2.849237e+00 -5.549431e+01  5.000000e+00
     vertex  4.146528e+00 -5.513874e+01  5.000000e+00
   endloop
 endfacet
 facet normal  0.000000e+00  0.000000e+00  1.000000e+00
   outer loop
     vertex  4.963225e+00 -5.388177e+01  5.000000e+00
     vertex  1.505781e+00 -5.482940e+01  5.000000e+00
     vertex  2.849237e+00 -5.549431e+01  5.000000e+00
   endloop
 endfacet
 facet normal  0.000000e+00  0.000000e+00  1.000000e+00
   outer loop
     vertex  4.963225e+00 -5.388177e+01  5.000000e+00
     vertex  1.201477e+00 -5.437482e+01  5.000000e+00
     vertex  1.226154e+00 -5.442384e+01  5.000000e+00
   endloop
 endfacet
 facet normal  0.000000e+00  0.000000e+00  1.000000e+00
   outer loop
     vertex  4.963225e+00 -5.388177e+01  5.000000e+00
     vertex  1.226154e+00 -5.442384e+01  5.000000e+00
     vertex  1.252167e+00 -5.447215e+01  5.000000e+00
   endloop
 endfacet
 facet normal  0.000000e+00  0.000000e+00  1.000000e+00
   outer loop
     vertex  4.963225e+00 -5.388177e+01  5.000000e+00
     vertex  1.252167e+00 -5.447215e+01  5.000000e+00
     vertex  1.279494e+00 -5.451974e+01  5.000000e+00
   endloop
 endfacet
 facet normal  0.000000e+00  0.000000e+00  1.000000e+00
   outer loop
     vertex  4.963225e+00 -5.388177e+01  5.000000e+00
     vertex  1.135639e+00 -5.422399e+01  5.000000e+00
     vertex  1.201477e+00 -5.437482e+01  5.000000e+00
   endloop
 endfacet
 facet normal  0.000000e+00  0.000000e+00  1.000000e+00
   outer loop
     vertex  4.963225e+00 -5.388177e+01  5.000000e+00
     vertex  1.279494e+00 -5.451974e+01  5.000000e+00
     vertex  1.505781e+00 -5.482940e+01  5.000000e+00
   endloop
 endfacet
 facet normal  0.000000e+00  0.000000e+00  1.000000e+00
   outer loop
     vertex  4.963225e+00 -5.388177e+01  5.000000e+00
     vertex  4.892570e+00 -5.414667e+01  5.000000e+00
     vertex  4.939331e+00 -5.398887e+01  5.000000e+00
   endloop
 endfacet
 facet normal  0.000000e+00  0.000000e+00  1.000000e+00
   outer loop
     vertex  2.685776e+00 -5.152484e+01  5.000000e+00
     vertex  2.631708e+00 -5.153420e+01  5.000000e+00
     vertex  2.577917e+00 -5.154505e+01  5.000000e+00
   endloop
 endfacet
 facet normal  0.000000e+00  0.000000e+00  1.000000e+00
   outer loop
     vertex  2.685776e+00 -5.152484e+01  5.000000e+00
     vertex  2.577917e+00 -5.154505e+01  5.000000e+00
     vertex  2.524443e+00 -5.155736e+01  5.000000e+00
   endloop
 endfacet
 facet normal  0.000000e+00  0.000000e+00  1.000000e+00
   outer loop
     vertex  2.740081e+00 -5.151696e+01  5.000000e+00
     vertex  2.685776e+00 -5.152484e+01  5.000000e+00
     vertex  2.524443e+00 -5.155736e+01  5.000000e+00
   endloop
 endfacet
 facet normal  0.000000e+00  0.000000e+00  1.000000e+00
   outer loop
     vertex  4.993228e+00 -5.366444e+01  5.000000e+00
     vertex  4.981209e+00 -5.377352e+01  5.000000e+00
     vertex  4.987967e+00 -5.371906e+01  5.000000e+00
   endloop
 endfacet
 facet normal  0.000000e+00  0.000000e+00  1.000000e+00
   outer loop
     vertex  2.849237e+00 -5.150569e+01  5.000000e+00
     vertex  2.740081e+00 -5.151696e+01  5.000000e+00
     vertex  2.524443e+00 -5.155736e+01  5.000000e+00
   endloop
 endfacet
 facet normal  0.000000e+00  0.000000e+00  1.000000e+00
   outer loop
     vertex  2.849237e+00 -5.150569e+01  5.000000e+00
     vertex  2.794582e+00 -5.151058e+01  5.000000e+00
     vertex  2.740081e+00 -5.151696e+01  5.000000e+00
   endloop
 endfacet
 facet normal  0.000000e+00  0.000000e+00  1.000000e+00
   outer loop
     vertex  4.996989e+00 -5.360969e+01  5.000000e+00
     vertex  4.972960e+00 -5.382776e+01  5.000000e+00
     vertex  4.981209e+00 -5.377352e+01  5.000000e+00
   endloop
 endfacet
 facet normal  0.000000e+00  0.000000e+00  1.000000e+00
   outer loop
     vertex  4.996989e+00 -5.360969e+01  5.000000e+00
     vertex  4.981209e+00 -5.377352e+01  5.000000e+00
     vertex  4.993228e+00 -5.366444e+01  5.000000e+00
   endloop
 endfacet
 facet normal  0.000000e+00  0.000000e+00  1.000000e+00
   outer loop
     vertex  4.999247e+00 -5.355487e+01  5.000000e+00
     vertex  4.963225e+00 -5.388177e+01  5.000000e+00
     vertex  4.972960e+00 -5.382776e+01  5.000000e+00
   endloop
 endfacet
 facet normal  0.000000e+00  0.000000e+00  1.000000e+00
   outer loop
     vertex  4.999247e+00 -5.355487e+01  5.000000e+00
     vertex  4.972960e+00 -5.382776e+01  5.000000e+00
     vertex  4.996989e+00 -5.360969e+01  5.000000e+00
   endloop
 endfacet
 facet normal  0.000000e+00  0.000000e+00  1.000000e+00
   outer loop
     vertex  3.013719e+00 -5.150005e+01  5.000000e+00
     vertex  2.958847e+00 -5.150042e+01  5.000000e+00
     vertex  2.904006e+00 -5.150231e+01  5.000000e+00
   endloop
 endfacet
 facet normal  0.000000e+00  0.000000e+00  1.000000e+00
   outer loop
     vertex  3.013719e+00 -5.150005e+01  5.000000e+00
     vertex  2.904006e+00 -5.150231e+01  5.000000e+00
     vertex  2.849237e+00 -5.150569e+01  5.000000e+00
   endloop
 endfacet
 facet normal  0.000000e+00  0.000000e+00  1.000000e+00
   outer loop
     vertex  3.013719e+00 -5.150005e+01  5.000000e+00
     vertex  2.849237e+00 -5.150569e+01  5.000000e+00
     vertex  2.524443e+00 -5.155736e+01  5.000000e+00
   endloop
 endfacet
 facet normal  0.000000e+00  0.000000e+00  1.000000e+00
   outer loop
     vertex  3.013719e+00 -5.150005e+01  5.000000e+00
     vertex  2.524443e+00 -5.155736e+01  5.000000e+00
     vertex  2.366330e+00 -5.160304e+01  5.000000e+00
   endloop
 endfacet
 facet normal  0.000000e+00  0.000000e+00  1.000000e+00
   outer loop
     vertex  4.999247e+00 -5.344513e+01  5.000000e+00
     vertex  4.999247e+00 -5.355487e+01  5.000000e+00
     vertex  5.000000e+00 -5.350000e+01  5.000000e+00
   endloop
 endfacet
 facet normal  0.000000e+00  0.000000e+00  1.000000e+00
   outer loop
     vertex  4.993228e+00 -5.333556e+01  5.000000e+00
     vertex  4.999247e+00 -5.344513e+01  5.000000e+00
     vertex  4.996989e+00 -5.339031e+01  5.000000e+00
   endloop
 endfacet
 facet normal  0.000000e+00  0.000000e+00  1.000000e+00
   outer loop
     vertex  4.993228e+00 -5.333556e+01  5.000000e+00
     vertex  4.963225e+00 -5.388177e+01  5.000000e+00
     vertex  4.999247e+00 -5.355487e+01  5.000000e+00
   endloop
 endfacet
 facet normal  0.000000e+00  0.000000e+00  1.000000e+00
   outer loop
     vertex  4.993228e+00 -5.333556e+01  5.000000e+00
     vertex  4.999247e+00 -5.355487e+01  5.000000e+00
     vertex  4.999247e+00 -5.344513e+01  5.000000e+00
   endloop
 endfacet
 facet normal  0.000000e+00  0.000000e+00  1.000000e+00
   outer loop
     vertex  3.178107e+00 -5.150795e+01  5.000000e+00
     vertex  3.123390e+00 -5.150381e+01  5.000000e+00
     vertex  3.068580e+00 -5.150118e+01  5.000000e+00
   endloop
 endfacet
 facet normal  0.000000e+00  0.000000e+00  1.000000e+00
   outer loop
     vertex  3.178107e+00 -5.150795e+01  5.000000e+00
     vertex  3.068580e+00 -5.150118e+01  5.000000e+00
     vertex  3.013719e+00 -5.150005e+01  5.000000e+00
   endloop
 endfacet
 facet normal  0.000000e+00  0.000000e+00  1.000000e+00
   outer loop
     vertex  4.987967e+00 -5.328094e+01  5.000000e+00
     vertex  4.963225e+00 -5.388177e+01  5.000000e+00
     vertex  4.993228e+00 -5.333556e+01  5.000000e+00
   endloop
 endfacet
 facet normal  0.000000e+00  0.000000e+00  1.000000e+00
   outer loop
     vertex  4.981209e+00 -5.322648e+01  5.000000e+00
     vertex  4.963225e+00 -5.388177e+01  5.000000e+00
     vertex  4.987967e+00 -5.328094e+01  5.000000e+00
   endloop
 endfacet
 facet normal  0.000000e+00  0.000000e+00  1.000000e+00
   outer loop
     vertex  3.341290e+00 -5.152933e+01  5.000000e+00
     vertex  3.287098e+00 -5.152071e+01  5.000000e+00
     vertex  3.232690e+00 -5.151358e+01  5.000000e+00
   endloop
 endfacet
 facet normal  0.000000e+00  0.000000e+00  1.000000e+00
   outer loop
     vertex  3.395225e+00 -5.153944e+01  5.000000e+00
     vertex  3.232690e+00 -5.151358e+01  5.000000e+00
     vertex  3.178107e+00 -5.150795e+01  5.000000e+00
   endloop
 endfacet
 facet normal  0.000000e+00  0.000000e+00  1.000000e+00
   outer loop
     vertex  3.395225e+00 -5.153944e+01  5.000000e+00
     vertex  3.341290e+00 -5.152933e+01  5.000000e+00
     vertex  3.232690e+00 -5.151358e+01  5.000000e+00
   endloop
 endfacet
 facet normal  0.000000e+00  0.000000e+00  1.000000e+00
   outer loop
     vertex  4.952013e+00 -5.306452e+01  5.000000e+00
     vertex  4.981209e+00 -5.322648e+01  5.000000e+00
     vertex  4.972960e+00 -5.317224e+01  5.000000e+00
   endloop
 endfacet
 facet normal  0.000000e+00  0.000000e+00  1.000000e+00
   outer loop
     vertex  4.952013e+00 -5.306452e+01  5.000000e+00
     vertex  4.972960e+00 -5.317224e+01  5.000000e+00
     vertex  4.963225e+00 -5.311823e+01  5.000000e+00
   endloop
 endfacet
 facet normal  0.000000e+00  0.000000e+00  1.000000e+00
   outer loop
     vertex  4.952013e+00 -5.306452e+01  5.000000e+00
     vertex  1.031722e+00 -5.385480e+01  5.000000e+00
     vertex  4.963225e+00 -5.388177e+01  5.000000e+00
   endloop
 endfacet
 facet normal  0.000000e+00  0.000000e+00  1.000000e+00
   outer loop
     vertex  4.952013e+00 -5.306452e+01  5.000000e+00
     vertex  4.963225e+00 -5.388177e+01  5.000000e+00
     vertex  4.981209e+00 -5.322648e+01  5.000000e+00
   endloop
 endfacet
 facet normal  0.000000e+00  0.000000e+00  1.000000e+00
   outer loop
     vertex  4.952013e+00 -5.306452e+01  5.000000e+00
     vertex  1.015225e+00 -5.374631e+01  5.000000e+00
     vertex  1.031722e+00 -5.385480e+01  5.000000e+00
   endloop
 endfacet
 facet normal  0.000000e+00  0.000000e+00  1.000000e+00
   outer loop
     vertex  3.502162e+00 -5.156407e+01  5.000000e+00
     vertex  3.448862e+00 -5.155102e+01  5.000000e+00
     vertex  3.395225e+00 -5.153944e+01  5.000000e+00
   endloop
 endfacet
 facet normal  0.000000e+00  0.000000e+00  1.000000e+00
   outer loop
     vertex  3.502162e+00 -5.156407e+01  5.000000e+00
     vertex  3.395225e+00 -5.153944e+01  5.000000e+00
     vertex  3.178107e+00 -5.150795e+01  5.000000e+00
   endloop
 endfacet
 facet normal  0.000000e+00  0.000000e+00  1.000000e+00
   outer loop
     vertex  4.925190e+00 -5.295811e+01  5.000000e+00
     vertex  4.952013e+00 -5.306452e+01  5.000000e+00
     vertex  4.939331e+00 -5.301113e+01  5.000000e+00
   endloop
 endfacet
 facet normal  0.000000e+00  0.000000e+00  1.000000e+00
   outer loop
     vertex  3.607587e+00 -5.159452e+01  5.000000e+00
     vertex  3.502162e+00 -5.156407e+01  5.000000e+00
     vertex  3.178107e+00 -5.150795e+01  5.000000e+00
   endloop
 endfacet
 facet normal  0.000000e+00  0.000000e+00  1.000000e+00
   outer loop
     vertex  3.607587e+00 -5.159452e+01  5.000000e+00
     vertex  3.555083e+00 -5.157857e+01  5.000000e+00
     vertex  3.502162e+00 -5.156407e+01  5.000000e+00
   endloop
 endfacet
 facet normal  0.000000e+00  0.000000e+00  1.000000e+00
   outer loop
     vertex  4.874117e+00 -5.280166e+01  5.000000e+00
     vertex  4.909599e+00 -5.290550e+01  5.000000e+00
     vertex  4.892570e+00 -5.285333e+01  5.000000e+00
   endloop
 endfacet
 facet normal  0.000000e+00  0.000000e+00  1.000000e+00
   outer loop
     vertex  3.711183e+00 -5.163072e+01  5.000000e+00
     vertex  3.659633e+00 -5.161191e+01  5.000000e+00
     vertex  3.607587e+00 -5.159452e+01  5.000000e+00
   endloop
 endfacet
 facet normal  0.000000e+00  0.000000e+00  1.000000e+00
   outer loop
     vertex  4.854253e+00 -5.275050e+01  5.000000e+00
     vertex  4.925190e+00 -5.295811e+01  5.000000e+00
     vertex  4.909599e+00 -5.290550e+01  5.000000e+00
   endloop
 endfacet
 facet normal  0.000000e+00  0.000000e+00  1.000000e+00
   outer loop
     vertex  4.854253e+00 -5.275050e+01  5.000000e+00
     vertex  4.909599e+00 -5.290550e+01  5.000000e+00
     vertex  4.874117e+00 -5.280166e+01  5.000000e+00
   endloop
 endfacet
 facet normal  0.000000e+00  0.000000e+00  1.000000e+00
   outer loop
     vertex  3.762197e+00 -5.165093e+01  5.000000e+00
     vertex  3.711183e+00 -5.163072e+01  5.000000e+00
     vertex  3.607587e+00 -5.159452e+01  5.000000e+00
   endloop
 endfacet
 facet normal  0.000000e+00  0.000000e+00  1.000000e+00
   outer loop
     vertex  4.810354e+00 -5.264993e+01  5.000000e+00
     vertex  4.854253e+00 -5.275050e+01  5.000000e+00
     vertex  4.832994e+00 -5.269992e+01  5.000000e+00
   endloop
 endfacet
 facet normal  0.000000e+00  0.000000e+00  1.000000e+00
   outer loop
     vertex  4.810354e+00 -5.264993e+01  5.000000e+00
     vertex  4.925190e+00 -5.295811e+01  5.000000e+00
     vertex  4.854253e+00 -5.275050e+01  5.000000e+00
   endloop
 endfacet
 facet normal  0.000000e+00  0.000000e+00  1.000000e+00
   outer loop
     vertex  3.862467e+00 -5.169552e+01  5.000000e+00
     vertex  3.812638e+00 -5.167254e+01  5.000000e+00
     vertex  3.762197e+00 -5.165093e+01  5.000000e+00
   endloop
 endfacet
 facet normal  0.000000e+00  0.000000e+00  1.000000e+00
   outer loop
     vertex  3.960139e+00 -5.174554e+01  5.000000e+00
     vertex  3.607587e+00 -5.159452e+01  5.000000e+00
     vertex  3.178107e+00 -5.150795e+01  5.000000e+00
   endloop
 endfacet
 facet normal  0.000000e+00  0.000000e+00  1.000000e+00
   outer loop
     vertex  3.960139e+00 -5.174554e+01  5.000000e+00
     vertex  3.862467e+00 -5.169552e+01  5.000000e+00
     vertex  3.762197e+00 -5.165093e+01  5.000000e+00
   endloop
 endfacet
 facet normal  0.000000e+00  0.000000e+00  1.000000e+00
   outer loop
     vertex  3.960139e+00 -5.174554e+01  5.000000e+00
     vertex  3.911646e+00 -5.171986e+01  5.000000e+00
     vertex  3.862467e+00 -5.169552e+01  5.000000e+00
   endloop
 endfacet
 facet normal  0.000000e+00  0.000000e+00  1.000000e+00
   outer loop
     vertex  3.960139e+00 -5.174554e+01  5.000000e+00
     vertex  3.762197e+00 -5.165093e+01  5.000000e+00
     vertex  3.607587e+00 -5.159452e+01  5.000000e+00
   endloop
 endfacet
 facet normal  0.000000e+00  0.000000e+00  1.000000e+00
   outer loop
     vertex  3.960139e+00 -5.174554e+01  5.000000e+00
     vertex  3.178107e+00 -5.150795e+01  5.000000e+00
     vertex  3.013719e+00 -5.150005e+01  5.000000e+00
   endloop
 endfacet
 facet normal  0.000000e+00  0.000000e+00  1.000000e+00
   outer loop
     vertex  4.734333e+00 -5.250396e+01  5.000000e+00
     vertex  4.810354e+00 -5.264993e+01  5.000000e+00
     vertex  4.786352e+00 -5.260059e+01  5.000000e+00
   endloop
 endfacet
 facet normal  0.000000e+00  0.000000e+00  1.000000e+00
   outer loop
     vertex  4.734333e+00 -5.250396e+01  5.000000e+00
     vertex  4.786352e+00 -5.260059e+01  5.000000e+00
     vertex  4.761005e+00 -5.255192e+01  5.000000e+00
   endloop
 endfacet
 facet normal  0.000000e+00  0.000000e+00  1.000000e+00
   outer loop
     vertex  4.734333e+00 -5.250396e+01  5.000000e+00
     vertex  4.925190e+00 -5.295811e+01  5.000000e+00
     vertex  4.810354e+00 -5.264993e+01  5.000000e+00
   endloop
 endfacet
 facet normal  0.000000e+00  0.000000e+00  1.000000e+00
   outer loop
     vertex  4.706355e+00 -5.245676e+01  5.000000e+00
     vertex  4.925190e+00 -5.295811e+01  5.000000e+00
     vertex  4.734333e+00 -5.250396e+01  5.000000e+00
   endloop
 endfacet
 facet normal  0.000000e+00  0.000000e+00  1.000000e+00
   outer loop
     vertex  4.054922e+00 -5.180084e+01  5.000000e+00
     vertex  4.007910e+00 -5.177254e+01  5.000000e+00
     vertex  3.960139e+00 -5.174554e+01  5.000000e+00
   endloop
 endfacet
 facet normal  0.000000e+00  0.000000e+00  1.000000e+00
   outer loop
     vertex  4.677092e+00 -5.241034e+01  5.000000e+00
     vertex  4.925190e+00 -5.295811e+01  5.000000e+00
     vertex  4.706355e+00 -5.245676e+01  5.000000e+00
   endloop
 endfacet
 facet normal  0.000000e+00  0.000000e+00  1.000000e+00
   outer loop
     vertex  4.146528e+00 -5.186126e+01  5.000000e+00
     vertex  4.054922e+00 -5.180084e+01  5.000000e+00
     vertex  3.960139e+00 -5.174554e+01  5.000000e+00
   endloop
 endfacet
 facet normal  0.000000e+00  0.000000e+00  1.000000e+00
   outer loop
     vertex  4.146528e+00 -5.186126e+01  5.000000e+00
     vertex  4.101140e+00 -5.183042e+01  5.000000e+00
     vertex  4.054922e+00 -5.180084e+01  5.000000e+00
   endloop
 endfacet
 facet normal  0.000000e+00  0.000000e+00  1.000000e+00
   outer loop
     vertex  4.146528e+00 -5.186126e+01  5.000000e+00
     vertex  3.960139e+00 -5.174554e+01  5.000000e+00
     vertex  3.013719e+00 -5.150005e+01  5.000000e+00
   endloop
 endfacet
 facet normal  0.000000e+00  0.000000e+00  1.000000e+00
   outer loop
     vertex  4.614802e+00 -5.231999e+01  5.000000e+00
     vertex  4.677092e+00 -5.241034e+01  5.000000e+00
     vertex  4.646567e+00 -5.236474e+01  5.000000e+00
   endloop
 endfacet
 facet normal  0.000000e+00  0.000000e+00  1.000000e+00
   outer loop
     vertex  4.191054e+00 -5.189333e+01  5.000000e+00
     vertex  4.146528e+00 -5.186126e+01  5.000000e+00
     vertex  3.013719e+00 -5.150005e+01  5.000000e+00
   endloop
 endfacet
 facet normal  0.000000e+00  0.000000e+00  1.000000e+00
   outer loop
     vertex  4.547651e+00 -5.223320e+01  5.000000e+00
     vertex  4.614802e+00 -5.231999e+01  5.000000e+00
     vertex  4.581822e+00 -5.227614e+01  5.000000e+00
   endloop
 endfacet
 facet normal  0.000000e+00  0.000000e+00  1.000000e+00
   outer loop
     vertex  4.547651e+00 -5.223320e+01  5.000000e+00
     vertex  4.925190e+00 -5.295811e+01  5.000000e+00
     vertex  4.677092e+00 -5.241034e+01  5.000000e+00
   endloop
 endfacet
 facet normal  0.000000e+00  0.000000e+00  1.000000e+00
   outer loop
     vertex  4.547651e+00 -5.223320e+01  5.000000e+00
     vertex  4.677092e+00 -5.241034e+01  5.000000e+00
     vertex  4.614802e+00 -5.231999e+01  5.000000e+00
   endloop
 endfacet
 facet normal  0.000000e+00  0.000000e+00  1.000000e+00
   outer loop
     vertex  4.277383e+00 -5.196107e+01  5.000000e+00
     vertex  4.234683e+00 -5.192661e+01  5.000000e+00
     vertex  4.191054e+00 -5.189333e+01  5.000000e+00
   endloop
 endfacet
 facet normal  0.000000e+00  0.000000e+00  1.000000e+00
   outer loop
     vertex  4.277383e+00 -5.196107e+01  5.000000e+00
     vertex  4.191054e+00 -5.189333e+01  5.000000e+00
     vertex  3.013719e+00 -5.150005e+01  5.000000e+00
   endloop
 endfacet
 facet normal  0.000000e+00  0.000000e+00  1.000000e+00
   outer loop
     vertex  4.512316e+00 -5.219122e+01  5.000000e+00
     vertex  4.952013e+00 -5.306452e+01  5.000000e+00
     vertex  4.925190e+00 -5.295811e+01  5.000000e+00
   endloop
 endfacet
 facet normal  0.000000e+00  0.000000e+00  1.000000e+00
   outer loop
     vertex  4.512316e+00 -5.219122e+01  5.000000e+00
     vertex  4.925190e+00 -5.295811e+01  5.000000e+00
     vertex  4.547651e+00 -5.223320e+01  5.000000e+00
   endloop
 endfacet
 facet normal  0.000000e+00  0.000000e+00  1.000000e+00
   outer loop
     vertex  4.475841e+00 -5.215022e+01  5.000000e+00
     vertex  4.952013e+00 -5.306452e+01  5.000000e+00
     vertex  4.512316e+00 -5.219122e+01  5.000000e+00
   endloop
 endfacet
 facet normal  0.000000e+00  0.000000e+00  1.000000e+00
   outer loop
     vertex  4.359867e+00 -5.203345e+01  5.000000e+00
     vertex  4.319121e+00 -5.199670e+01  5.000000e+00
     vertex  4.277383e+00 -5.196107e+01  5.000000e+00
   endloop
 endfacet
 facet normal  0.000000e+00  0.000000e+00  1.000000e+00
   outer loop
     vertex  4.399588e+00 -5.207131e+01  5.000000e+00
     vertex  1.009215e+00 -5.369177e+01  5.000000e+00
     vertex  1.015225e+00 -5.374631e+01  5.000000e+00
   endloop
 endfacet
 facet normal  0.000000e+00  0.000000e+00  1.000000e+00
   outer loop
     vertex  4.399588e+00 -5.207131e+01  5.000000e+00
     vertex  2.366330e+00 -5.160304e+01  5.000000e+00
     vertex  1.435116e+00 -5.225455e+01  5.000000e+00
   endloop
 endfacet
 facet normal  0.000000e+00  0.000000e+00  1.000000e+00
   outer loop
     vertex  4.399588e+00 -5.207131e+01  5.000000e+00
     vertex  4.475841e+00 -5.215022e+01  5.000000e+00
     vertex  4.438256e+00 -5.211024e+01  5.000000e+00
   endloop
 endfacet
 facet normal  0.000000e+00  0.000000e+00  1.000000e+00
   outer loop
     vertex  4.399588e+00 -5.207131e+01  5.000000e+00
     vertex  1.435116e+00 -5.225455e+01  5.000000e+00
     vertex  1.022729e+00 -5.319933e+01  5.000000e+00
   endloop
 endfacet
 facet normal  0.000000e+00  0.000000e+00  1.000000e+00
   outer loop
     vertex  4.399588e+00 -5.207131e+01  5.000000e+00
     vertex  1.022729e+00 -5.319933e+01  5.000000e+00
     vertex  1.009215e+00 -5.369177e+01  5.000000e+00
   endloop
 endfacet
 facet normal  0.000000e+00  0.000000e+00  1.000000e+00
   outer loop
     vertex  4.399588e+00 -5.207131e+01  5.000000e+00
     vertex  1.015225e+00 -5.374631e+01  5.000000e+00
     vertex  4.952013e+00 -5.306452e+01  5.000000e+00
   endloop
 endfacet
 facet normal  0.000000e+00  0.000000e+00  1.000000e+00
   outer loop
     vertex  4.399588e+00 -5.207131e+01  5.000000e+00
     vertex  3.013719e+00 -5.150005e+01  5.000000e+00
     vertex  2.366330e+00 -5.160304e+01  5.000000e+00
   endloop
 endfacet
 facet normal  0.000000e+00  0.000000e+00  1.000000e+00
   outer loop
     vertex  4.399588e+00 -5.207131e+01  5.000000e+00
     vertex  4.277383e+00 -5.196107e+01  5.000000e+00
     vertex  3.013719e+00 -5.150005e+01  5.000000e+00
   endloop
 endfacet
 facet normal  0.000000e+00  0.000000e+00  1.000000e+00
   outer loop
     vertex  4.399588e+00 -5.207131e+01  5.000000e+00
     vertex  4.359867e+00 -5.203345e+01  5.000000e+00
     vertex  4.277383e+00 -5.196107e+01  5.000000e+00
   endloop
 endfacet
 facet normal  0.000000e+00  0.000000e+00  1.000000e+00
   outer loop
     vertex  4.399588e+00 -5.207131e+01  5.000000e+00
     vertex  4.952013e+00 -5.306452e+01  5.000000e+00
     vertex  4.475841e+00 -5.215022e+01  5.000000e+00
   endloop
 endfacet
 facet normal  0.000000e+00  0.000000e+00  1.000000e+00
   outer loop
     vertex  4.578702e+01 -5.509018e+01  5.000000e+00
     vertex  4.566038e+01 -5.498507e+01  5.000000e+00
     vertex  4.570163e+01 -5.502126e+01  5.000000e+00
   endloop
 endfacet
 facet normal  0.000000e+00  0.000000e+00  1.000000e+00
   outer loop
     vertex  4.578702e+01 -5.509018e+01  5.000000e+00
     vertex  4.570163e+01 -5.502126e+01  5.000000e+00
     vertex  4.574385e+01 -5.505630e+01  5.000000e+00
   endloop
 endfacet
 facet normal  0.000000e+00  0.000000e+00  1.000000e+00
   outer loop
     vertex  4.540154e+01 -5.470205e+01  5.000000e+00
     vertex  4.543512e+01 -5.474545e+01  5.000000e+00
     vertex  4.546987e+01 -5.478791e+01  5.000000e+00
   endloop
 endfacet
 facet normal  0.000000e+00  0.000000e+00  1.000000e+00
   outer loop
     vertex  4.536916e+01 -5.465774e+01  5.000000e+00
     vertex  4.546987e+01 -5.478791e+01  5.000000e+00
     vertex  4.550578e+01 -5.482940e+01  5.000000e+00
   endloop
 endfacet
 facet normal  0.000000e+00  0.000000e+00  1.000000e+00
   outer loop
     vertex  4.536916e+01 -5.465774e+01  5.000000e+00
     vertex  4.540154e+01 -5.470205e+01  5.000000e+00
     vertex  4.546987e+01 -5.478791e+01  5.000000e+00
   endloop
 endfacet
 facet normal  0.000000e+00  0.000000e+00  1.000000e+00
   outer loop
     vertex  4.592187e+01 -5.518453e+01  5.000000e+00
     vertex  4.583110e+01 -5.512286e+01  5.000000e+00
     vertex  4.587606e+01 -5.515432e+01  5.000000e+00
   endloop
 endfacet
 facet normal  0.000000e+00  0.000000e+00  1.000000e+00
   outer loop
     vertex  4.596849e+01 -5.521347e+01  5.000000e+00
     vertex  4.578702e+01 -5.509018e+01  5.000000e+00
     vertex  4.583110e+01 -5.512286e+01  5.000000e+00
   endloop
 endfacet
 facet normal  0.000000e+00  0.000000e+00  1.000000e+00
   outer loop
     vertex  4.596849e+01 -5.521347e+01  5.000000e+00
     vertex  4.583110e+01 -5.512286e+01  5.000000e+00
     vertex  4.592187e+01 -5.518453e+01  5.000000e+00
   endloop
 endfacet
 facet normal  0.000000e+00  0.000000e+00  1.000000e+00
   outer loop
     vertex  4.616237e+01 -5.531614e+01  5.000000e+00
     vertex  4.601588e+01 -5.524112e+01  5.000000e+00
     vertex  4.606402e+01 -5.526747e+01  5.000000e+00
   endloop
 endfacet
 facet normal  0.000000e+00  0.000000e+00  1.000000e+00
   outer loop
     vertex  4.616237e+01 -5.531614e+01  5.000000e+00
     vertex  4.606402e+01 -5.526747e+01  5.000000e+00
     vertex  4.611286e+01 -5.529248e+01  5.000000e+00
   endloop
 endfacet
 facet normal  0.000000e+00  0.000000e+00  1.000000e+00
   outer loop
     vertex  4.626324e+01 -5.535935e+01  5.000000e+00
     vertex  4.616237e+01 -5.531614e+01  5.000000e+00
     vertex  4.621251e+01 -5.533844e+01  5.000000e+00
   endloop
 endfacet
 facet normal  0.000000e+00  0.000000e+00  1.000000e+00
   outer loop
     vertex  4.513564e+01 -5.422399e+01  5.000000e+00
     vertex  4.515620e+01 -5.427486e+01  5.000000e+00
     vertex  4.517815e+01 -5.432515e+01  5.000000e+00
   endloop
 endfacet
 facet normal  0.000000e+00  0.000000e+00  1.000000e+00
   outer loop
     vertex  4.513564e+01 -5.422399e+01  5.000000e+00
     vertex  4.517815e+01 -5.432515e+01  5.000000e+00
     vertex  4.520148e+01 -5.437482e+01  5.000000e+00
   endloop
 endfacet
 facet normal  0.000000e+00  0.000000e+00  1.000000e+00
   outer loop
     vertex  4.636633e+01 -5.539696e+01  5.000000e+00
     vertex  4.626324e+01 -5.535935e+01  5.000000e+00
     vertex  4.631453e+01 -5.537886e+01  5.000000e+00
   endloop
 endfacet
 facet normal  0.000000e+00  0.000000e+00  1.000000e+00
   outer loop
     vertex  4.636633e+01 -5.539696e+01  5.000000e+00
     vertex  4.601588e+01 -5.524112e+01  5.000000e+00
     vertex  4.616237e+01 -5.531614e+01  5.000000e+00
   endloop
 endfacet
 facet normal  0.000000e+00  0.000000e+00  1.000000e+00
   outer loop
     vertex  4.636633e+01 -5.539696e+01  5.000000e+00
     vertex  4.616237e+01 -5.531614e+01  5.000000e+00
     vertex  4.626324e+01 -5.535935e+01  5.000000e+00
   endloop
 endfacet
 facet normal  0.000000e+00  0.000000e+00  1.000000e+00
   outer loop
     vertex  4.509874e+01 -5.412064e+01  5.000000e+00
     vertex  4.511648e+01 -5.417257e+01  5.000000e+00
     vertex  4.513564e+01 -5.422399e+01  5.000000e+00
   endloop
 endfacet
 facet normal  0.000000e+00  0.000000e+00  1.000000e+00
   outer loop
     vertex  4.508243e+01 -5.406825e+01  5.000000e+00
     vertex  4.509874e+01 -5.412064e+01  5.000000e+00
     vertex  4.513564e+01 -5.422399e+01  5.000000e+00
   endloop
 endfacet
 facet normal  0.000000e+00  0.000000e+00  1.000000e+00
   outer loop
     vertex  4.647133e+01 -5.542886e+01  5.000000e+00
     vertex  4.636633e+01 -5.539696e+01  5.000000e+00
     vertex  4.641861e+01 -5.541363e+01  5.000000e+00
   endloop
 endfacet
 facet normal  0.000000e+00  0.000000e+00  1.000000e+00
   outer loop
     vertex  4.652444e+01 -5.544264e+01  5.000000e+00
     vertex  4.636633e+01 -5.539696e+01  5.000000e+00
     vertex  4.647133e+01 -5.542886e+01  5.000000e+00
   endloop
 endfacet
 facet normal  0.000000e+00  0.000000e+00  1.000000e+00
   outer loop
     vertex  4.504220e+01 -5.390866e+01  5.000000e+00
     vertex  4.505414e+01 -5.396222e+01  5.000000e+00
     vertex  4.506756e+01 -5.401543e+01  5.000000e+00
   endloop
 endfacet
 facet normal  0.000000e+00  0.000000e+00  1.000000e+00
   outer loop
     vertex  4.663171e+01 -5.546580e+01  5.000000e+00
     vertex  4.652444e+01 -5.544264e+01  5.000000e+00
     vertex  4.657792e+01 -5.545495e+01  5.000000e+00
   endloop
 endfacet
 facet normal  0.000000e+00  0.000000e+00  1.000000e+00
   outer loop
     vertex  4.503172e+01 -5.385480e+01  5.000000e+00
     vertex  4.506756e+01 -5.401543e+01  5.000000e+00
     vertex  4.508243e+01 -5.406825e+01  5.000000e+00
   endloop
 endfacet
 facet normal  0.000000e+00  0.000000e+00  1.000000e+00
   outer loop
     vertex  4.503172e+01 -5.385480e+01  5.000000e+00
     vertex  4.504220e+01 -5.390866e+01  5.000000e+00
     vertex  4.506756e+01 -5.401543e+01  5.000000e+00
   endloop
 endfacet
 facet normal  0.000000e+00  0.000000e+00  1.000000e+00
   outer loop
     vertex  4.668578e+01 -5.547516e+01  5.000000e+00
     vertex  4.652444e+01 -5.544264e+01  5.000000e+00
     vertex  4.663171e+01 -5.546580e+01  5.000000e+00
   endloop
 endfacet
 facet normal  0.000000e+00  0.000000e+00  1.000000e+00
   outer loop
     vertex  4.674008e+01 -5.548304e+01  5.000000e+00
     vertex  4.636633e+01 -5.539696e+01  5.000000e+00
     vertex  4.652444e+01 -5.544264e+01  5.000000e+00
   endloop
 endfacet
 facet normal  0.000000e+00  0.000000e+00  1.000000e+00
   outer loop
     vertex  4.674008e+01 -5.548304e+01  5.000000e+00
     vertex  4.652444e+01 -5.544264e+01  5.000000e+00
     vertex  4.668578e+01 -5.547516e+01  5.000000e+00
   endloop
 endfacet
 facet normal  0.000000e+00  0.000000e+00  1.000000e+00
   outer loop
     vertex  4.684924e+01 -5.549431e+01  5.000000e+00
     vertex  4.674008e+01 -5.548304e+01  5.000000e+00
     vertex  4.679458e+01 -5.548942e+01  5.000000e+00
   endloop
 endfacet
 facet normal  0.000000e+00  0.000000e+00  1.000000e+00
   outer loop
     vertex  4.701372e+01 -5.549995e+01  5.000000e+00
     vertex  4.690401e+01 -5.549769e+01  5.000000e+00
     vertex  4.695885e+01 -5.549958e+01  5.000000e+00
   endloop
 endfacet
 facet normal  0.000000e+00  0.000000e+00  1.000000e+00
   outer loop
     vertex  4.712339e+01 -5.549619e+01  5.000000e+00
     vertex  4.701372e+01 -5.549995e+01  5.000000e+00
     vertex  4.706858e+01 -5.549882e+01  5.000000e+00
   endloop
 endfacet
 facet normal  0.000000e+00  0.000000e+00  1.000000e+00
   outer loop
     vertex  4.500470e+01 -5.336292e+01  5.000000e+00
     vertex  4.500169e+01 -5.341771e+01  5.000000e+00
     vertex  4.500019e+01 -5.347256e+01  5.000000e+00
   endloop
 endfacet
 facet normal  0.000000e+00  0.000000e+00  1.000000e+00
   outer loop
     vertex  4.717811e+01 -5.549205e+01  5.000000e+00
     vertex  4.701372e+01 -5.549995e+01  5.000000e+00
     vertex  4.712339e+01 -5.549619e+01  5.000000e+00
   endloop
 endfacet
 facet normal  0.000000e+00  0.000000e+00  1.000000e+00
   outer loop
     vertex  4.500921e+01 -5.330823e+01  5.000000e+00
     vertex  4.500470e+01 -5.336292e+01  5.000000e+00
     vertex  4.500019e+01 -5.347256e+01  5.000000e+00
   endloop
 endfacet
 facet normal  0.000000e+00  0.000000e+00  1.000000e+00
   outer loop
     vertex  4.723269e+01 -5.548642e+01  5.000000e+00
     vertex  4.701372e+01 -5.549995e+01  5.000000e+00
     vertex  4.717811e+01 -5.549205e+01  5.000000e+00
   endloop
 endfacet
 facet normal  0.000000e+00  0.000000e+00  1.000000e+00
   outer loop
     vertex  4.723269e+01 -5.548642e+01  5.000000e+00
     vertex  4.690401e+01 -5.549769e+01  5.000000e+00
     vertex  4.701372e+01 -5.549995e+01  5.000000e+00
   endloop
 endfacet
 facet normal  0.000000e+00  0.000000e+00  1.000000e+00
   outer loop
     vertex  4.723269e+01 -5.548642e+01  5.000000e+00
     vertex  4.684924e+01 -5.549431e+01  5.000000e+00
     vertex  4.690401e+01 -5.549769e+01  5.000000e+00
   endloop
 endfacet
 facet normal  0.000000e+00  0.000000e+00  1.000000e+00
   outer loop
     vertex  4.502273e+01 -5.319933e+01  5.000000e+00
     vertex  4.501523e+01 -5.325369e+01  5.000000e+00
     vertex  4.500921e+01 -5.330823e+01  5.000000e+00
   endloop
 endfacet
 facet normal  0.000000e+00  0.000000e+00  1.000000e+00
   outer loop
     vertex  4.502273e+01 -5.319933e+01  5.000000e+00
     vertex  4.500019e+01 -5.347256e+01  5.000000e+00
     vertex  4.500019e+01 -5.352744e+01  5.000000e+00
   endloop
 endfacet
 facet normal  0.000000e+00  0.000000e+00  1.000000e+00
   outer loop
     vertex  4.502273e+01 -5.319933e+01  5.000000e+00
     vertex  4.500019e+01 -5.352744e+01  5.000000e+00
     vertex  4.500169e+01 -5.358229e+01  5.000000e+00
   endloop
 endfacet
 facet normal  0.000000e+00  0.000000e+00  1.000000e+00
   outer loop
     vertex  4.502273e+01 -5.319933e+01  5.000000e+00
     vertex  4.500921e+01 -5.330823e+01  5.000000e+00
     vertex  4.500019e+01 -5.347256e+01  5.000000e+00
   endloop
 endfacet
 facet normal  0.000000e+00  0.000000e+00  1.000000e+00
   outer loop
     vertex  4.739523e+01 -5.546056e+01  5.000000e+00
     vertex  4.723269e+01 -5.548642e+01  5.000000e+00
     vertex  4.728710e+01 -5.547929e+01  5.000000e+00
   endloop
 endfacet
 facet normal  0.000000e+00  0.000000e+00  1.000000e+00
   outer loop
     vertex  4.739523e+01 -5.546056e+01  5.000000e+00
     vertex  4.728710e+01 -5.547929e+01  5.000000e+00
     vertex  4.734129e+01 -5.547067e+01  5.000000e+00
   endloop
 endfacet
 facet normal  0.000000e+00  0.000000e+00  1.000000e+00
   outer loop
     vertex  4.744886e+01 -5.544898e+01  5.000000e+00
     vertex  4.723269e+01 -5.548642e+01  5.000000e+00
     vertex  4.739523e+01 -5.546056e+01  5.000000e+00
   endloop
 endfacet
 facet normal  0.000000e+00  0.000000e+00  1.000000e+00
   outer loop
     vertex  4.505414e+01 -5.303778e+01  5.000000e+00
     vertex  4.504220e+01 -5.309134e+01  5.000000e+00
     vertex  4.503172e+01 -5.314520e+01  5.000000e+00
   endloop
 endfacet
 facet normal  0.000000e+00  0.000000e+00  1.000000e+00
   outer loop
     vertex  4.505414e+01 -5.303778e+01  5.000000e+00
     vertex  4.503172e+01 -5.314520e+01  5.000000e+00
     vertex  4.502273e+01 -5.319933e+01  5.000000e+00
   endloop
 endfacet
 facet normal  0.000000e+00  0.000000e+00  1.000000e+00
   outer loop
     vertex  4.755508e+01 -5.542143e+01  5.000000e+00
     vertex  4.723269e+01 -5.548642e+01  5.000000e+00
     vertex  4.744886e+01 -5.544898e+01  5.000000e+00
   endloop
 endfacet
 facet normal  0.000000e+00  0.000000e+00  1.000000e+00
   outer loop
     vertex  4.755508e+01 -5.542143e+01  5.000000e+00
     vertex  4.744886e+01 -5.544898e+01  5.000000e+00
     vertex  4.750216e+01 -5.543593e+01  5.000000e+00
   endloop
 endfacet
 facet normal  0.000000e+00  0.000000e+00  1.000000e+00
   outer loop
     vertex  4.509874e+01 -5.287936e+01  5.000000e+00
     vertex  4.508243e+01 -5.293175e+01  5.000000e+00
     vertex  4.506756e+01 -5.298457e+01  5.000000e+00
   endloop
 endfacet
 facet normal  0.000000e+00  0.000000e+00  1.000000e+00
   outer loop
     vertex  4.765963e+01 -5.538809e+01  5.000000e+00
     vertex  4.723269e+01 -5.548642e+01  5.000000e+00
     vertex  4.755508e+01 -5.542143e+01  5.000000e+00
   endloop
 endfacet
 facet normal  0.000000e+00  0.000000e+00  1.000000e+00
   outer loop
     vertex  4.765963e+01 -5.538809e+01  5.000000e+00
     vertex  4.755508e+01 -5.542143e+01  5.000000e+00
     vertex  4.760759e+01 -5.540548e+01  5.000000e+00
   endloop
 endfacet
 facet normal  0.000000e+00  0.000000e+00  1.000000e+00
   outer loop
     vertex  4.511648e+01 -5.282743e+01  5.000000e+00
     vertex  4.506756e+01 -5.298457e+01  5.000000e+00
     vertex  4.505414e+01 -5.303778e+01  5.000000e+00
   endloop
 endfacet
 facet normal  0.000000e+00  0.000000e+00  1.000000e+00
   outer loop
     vertex  4.511648e+01 -5.282743e+01  5.000000e+00
     vertex  4.509874e+01 -5.287936e+01  5.000000e+00
     vertex  4.506756e+01 -5.298457e+01  5.000000e+00
   endloop
 endfacet
 facet normal  0.000000e+00  0.000000e+00  1.000000e+00
   outer loop
     vertex  4.515620e+01 -5.272514e+01  5.000000e+00
     vertex  4.513564e+01 -5.277601e+01  5.000000e+00
     vertex  4.511648e+01 -5.282743e+01  5.000000e+00
   endloop
 endfacet
 facet normal  0.000000e+00  0.000000e+00  1.000000e+00
   outer loop
     vertex  4.781264e+01 -5.532746e+01  5.000000e+00
     vertex  4.765963e+01 -5.538809e+01  5.000000e+00
     vertex  4.771118e+01 -5.536928e+01  5.000000e+00
   endloop
 endfacet
 facet normal  0.000000e+00  0.000000e+00  1.000000e+00
   outer loop
     vertex  4.781264e+01 -5.532746e+01  5.000000e+00
     vertex  4.771118e+01 -5.536928e+01  5.000000e+00
     vertex  4.776220e+01 -5.534907e+01  5.000000e+00
   endloop
 endfacet
 facet normal  0.000000e+00  0.000000e+00  1.000000e+00
   outer loop
     vertex  4.786247e+01 -5.530448e+01  5.000000e+00
     vertex  4.765963e+01 -5.538809e+01  5.000000e+00
     vertex  4.781264e+01 -5.532746e+01  5.000000e+00
   endloop
 endfacet
 facet normal  0.000000e+00  0.000000e+00  1.000000e+00
   outer loop
     vertex  4.520148e+01 -5.262518e+01  5.000000e+00
     vertex  4.517815e+01 -5.267485e+01  5.000000e+00
     vertex  4.515620e+01 -5.272514e+01  5.000000e+00
   endloop
 endfacet
 facet normal  0.000000e+00  0.000000e+00  1.000000e+00
   outer loop
     vertex  4.791165e+01 -5.528014e+01  5.000000e+00
     vertex  4.765963e+01 -5.538809e+01  5.000000e+00
     vertex  4.786247e+01 -5.530448e+01  5.000000e+00
   endloop
 endfacet
 facet normal  0.000000e+00  0.000000e+00  1.000000e+00
   outer loop
     vertex  4.525217e+01 -5.252785e+01  5.000000e+00
     vertex  4.520148e+01 -5.262518e+01  5.000000e+00
     vertex  4.515620e+01 -5.272514e+01  5.000000e+00
   endloop
 endfacet
 facet normal  0.000000e+00  0.000000e+00  1.000000e+00
   outer loop
     vertex  4.525217e+01 -5.252785e+01  5.000000e+00
     vertex  4.511648e+01 -5.282743e+01  5.000000e+00
     vertex  4.505414e+01 -5.303778e+01  5.000000e+00
   endloop
 endfacet
 facet normal  0.000000e+00  0.000000e+00  1.000000e+00
   outer loop
     vertex  4.525217e+01 -5.252785e+01  5.000000e+00
     vertex  4.505414e+01 -5.303778e+01  5.000000e+00
     vertex  4.502273e+01 -5.319933e+01  5.000000e+00
   endloop
 endfacet
 facet normal  0.000000e+00  0.000000e+00  1.000000e+00
   outer loop
     vertex  4.525217e+01 -5.252785e+01  5.000000e+00
     vertex  4.515620e+01 -5.272514e+01  5.000000e+00
     vertex  4.511648e+01 -5.282743e+01  5.000000e+00
   endloop
 endfacet
 facet normal  0.000000e+00  0.000000e+00  1.000000e+00
   outer loop
     vertex  4.525217e+01 -5.252785e+01  5.000000e+00
     vertex  4.522615e+01 -5.257616e+01  5.000000e+00
     vertex  4.520148e+01 -5.262518e+01  5.000000e+00
   endloop
 endfacet
 facet normal  0.000000e+00  0.000000e+00  1.000000e+00
   outer loop
     vertex  4.805492e+01 -5.519916e+01  5.000000e+00
     vertex  4.765963e+01 -5.538809e+01  5.000000e+00
     vertex  4.791165e+01 -5.528014e+01  5.000000e+00
   endloop
 endfacet
 facet normal  0.000000e+00  0.000000e+00  1.000000e+00
   outer loop
     vertex  4.805492e+01 -5.519916e+01  5.000000e+00
     vertex  4.791165e+01 -5.528014e+01  5.000000e+00
     vertex  4.796014e+01 -5.525446e+01  5.000000e+00
   endloop
 endfacet
 facet normal  0.000000e+00  0.000000e+00  1.000000e+00
   outer loop
     vertex  4.805492e+01 -5.519916e+01  5.000000e+00
     vertex  4.796014e+01 -5.525446e+01  5.000000e+00
     vertex  4.800791e+01 -5.522746e+01  5.000000e+00
   endloop
 endfacet
 facet normal  0.000000e+00  0.000000e+00  1.000000e+00
   outer loop
     vertex  4.810114e+01 -5.516958e+01  5.000000e+00
     vertex  4.765963e+01 -5.538809e+01  5.000000e+00
     vertex  4.805492e+01 -5.519916e+01  5.000000e+00
   endloop
 endfacet
 facet normal  0.000000e+00  0.000000e+00  1.000000e+00
   outer loop
     vertex  4.533801e+01 -5.238743e+01  5.000000e+00
     vertex  4.530812e+01 -5.243345e+01  5.000000e+00
     vertex  4.527949e+01 -5.248026e+01  5.000000e+00
   endloop
 endfacet
 facet normal  0.000000e+00  0.000000e+00  1.000000e+00
   outer loop
     vertex  4.533801e+01 -5.238743e+01  5.000000e+00
     vertex  4.527949e+01 -5.248026e+01  5.000000e+00
     vertex  4.525217e+01 -5.252785e+01  5.000000e+00
   endloop
 endfacet
 facet normal  0.000000e+00  0.000000e+00  1.000000e+00
   outer loop
     vertex  4.536916e+01 -5.234226e+01  5.000000e+00
     vertex  4.525217e+01 -5.252785e+01  5.000000e+00
     vertex  4.502273e+01 -5.319933e+01  5.000000e+00
   endloop
 endfacet
 facet normal  0.000000e+00  0.000000e+00  1.000000e+00
   outer loop
     vertex  4.536916e+01 -5.234226e+01  5.000000e+00
     vertex  4.533801e+01 -5.238743e+01  5.000000e+00
     vertex  4.525217e+01 -5.252785e+01  5.000000e+00
   endloop
 endfacet
 facet normal  0.000000e+00  0.000000e+00  1.000000e+00
   outer loop
     vertex  4.819105e+01 -5.510667e+01  5.000000e+00
     vertex  4.810114e+01 -5.516958e+01  5.000000e+00
     vertex  4.814653e+01 -5.513874e+01  5.000000e+00
   endloop
 endfacet
 facet normal  0.000000e+00  0.000000e+00  1.000000e+00
   outer loop
     vertex  4.823468e+01 -5.507339e+01  5.000000e+00
     vertex  4.810114e+01 -5.516958e+01  5.000000e+00
     vertex  4.819105e+01 -5.510667e+01  5.000000e+00
   endloop
 endfacet
 facet normal  0.000000e+00  0.000000e+00  1.000000e+00
   outer loop
     vertex  4.543512e+01 -5.225455e+01  5.000000e+00
     vertex  4.540154e+01 -5.229795e+01  5.000000e+00
     vertex  4.536916e+01 -5.234226e+01  5.000000e+00
   endloop
 endfacet
 facet normal  0.000000e+00  0.000000e+00  1.000000e+00
   outer loop
     vertex  4.827738e+01 -5.503893e+01  5.000000e+00
     vertex  4.810114e+01 -5.516958e+01  5.000000e+00
     vertex  4.823468e+01 -5.507339e+01  5.000000e+00
   endloop
 endfacet
 facet normal  0.000000e+00  0.000000e+00  1.000000e+00
   outer loop
     vertex  4.831912e+01 -5.500330e+01  5.000000e+00
     vertex  4.810114e+01 -5.516958e+01  5.000000e+00
     vertex  4.827738e+01 -5.503893e+01  5.000000e+00
   endloop
 endfacet
 facet normal  0.000000e+00  0.000000e+00  1.000000e+00
   outer loop
     vertex  4.550578e+01 -5.217060e+01  5.000000e+00
     vertex  4.546987e+01 -5.221209e+01  5.000000e+00
     vertex  4.543512e+01 -5.225455e+01  5.000000e+00
   endloop
 endfacet
 facet normal  0.000000e+00  0.000000e+00  1.000000e+00
   outer loop
     vertex  4.835987e+01 -5.496655e+01  5.000000e+00
     vertex  4.810114e+01 -5.516958e+01  5.000000e+00
     vertex  4.831912e+01 -5.500330e+01  5.000000e+00
   endloop
 endfacet
 facet normal  0.000000e+00  0.000000e+00  1.000000e+00
   outer loop
     vertex  4.554281e+01 -5.213011e+01  5.000000e+00
     vertex  4.543512e+01 -5.225455e+01  5.000000e+00
     vertex  4.536916e+01 -5.234226e+01  5.000000e+00
   endloop
 endfacet
 facet normal  0.000000e+00  0.000000e+00  1.000000e+00
   outer loop
     vertex  4.554281e+01 -5.213011e+01  5.000000e+00
     vertex  4.550578e+01 -5.217060e+01  5.000000e+00
     vertex  4.543512e+01 -5.225455e+01  5.000000e+00
   endloop
 endfacet
 facet normal  0.000000e+00  0.000000e+00  1.000000e+00
   outer loop
     vertex  4.839959e+01 -5.492869e+01  5.000000e+00
     vertex  4.765963e+01 -5.538809e+01  5.000000e+00
     vertex  4.810114e+01 -5.516958e+01  5.000000e+00
   endloop
 endfacet
 facet normal  0.000000e+00  0.000000e+00  1.000000e+00
   outer loop
     vertex  4.839959e+01 -5.492869e+01  5.000000e+00
     vertex  4.684924e+01 -5.549431e+01  5.000000e+00
     vertex  4.723269e+01 -5.548642e+01  5.000000e+00
   endloop
 endfacet
 facet normal  0.000000e+00  0.000000e+00  1.000000e+00
   outer loop
     vertex  4.839959e+01 -5.492869e+01  5.000000e+00
     vertex  4.723269e+01 -5.548642e+01  5.000000e+00
     vertex  4.765963e+01 -5.538809e+01  5.000000e+00
   endloop
 endfacet
 facet normal  0.000000e+00  0.000000e+00  1.000000e+00
   outer loop
     vertex  4.839959e+01 -5.492869e+01  5.000000e+00
     vertex  4.674008e+01 -5.548304e+01  5.000000e+00
     vertex  4.684924e+01 -5.549431e+01  5.000000e+00
   endloop
 endfacet
 facet normal  0.000000e+00  0.000000e+00  1.000000e+00
   outer loop
     vertex  4.839959e+01 -5.492869e+01  5.000000e+00
     vertex  4.810114e+01 -5.516958e+01  5.000000e+00
     vertex  4.835987e+01 -5.496655e+01  5.000000e+00
   endloop
 endfacet
 facet normal  0.000000e+00  0.000000e+00  1.000000e+00
   outer loop
     vertex  4.562014e+01 -5.205225e+01  5.000000e+00
     vertex  4.500169e+01 -5.358229e+01  5.000000e+00
     vertex  4.500470e+01 -5.363708e+01  5.000000e+00
   endloop
 endfacet
 facet normal  0.000000e+00  0.000000e+00  1.000000e+00
   outer loop
     vertex  4.562014e+01 -5.205225e+01  5.000000e+00
     vertex  4.500470e+01 -5.363708e+01  5.000000e+00
     vertex  4.500921e+01 -5.369177e+01  5.000000e+00
   endloop
 endfacet
 facet normal  0.000000e+00  0.000000e+00  1.000000e+00
   outer loop
     vertex  4.562014e+01 -5.205225e+01  5.000000e+00
     vertex  4.500921e+01 -5.369177e+01  5.000000e+00
     vertex  4.501523e+01 -5.374631e+01  5.000000e+00
   endloop
 endfacet
 facet normal  0.000000e+00  0.000000e+00  1.000000e+00
   outer loop
     vertex  4.562014e+01 -5.205225e+01  5.000000e+00
     vertex  4.501523e+01 -5.374631e+01  5.000000e+00
     vertex  4.502273e+01 -5.380067e+01  5.000000e+00
   endloop
 endfacet
 facet normal  0.000000e+00  0.000000e+00  1.000000e+00
   outer loop
     vertex  4.562014e+01 -5.205225e+01  5.000000e+00
     vertex  4.502273e+01 -5.380067e+01  5.000000e+00
     vertex  4.503172e+01 -5.385480e+01  5.000000e+00
   endloop
 endfacet
 facet normal  0.000000e+00  0.000000e+00  1.000000e+00
   outer loop
     vertex  4.562014e+01 -5.205225e+01  5.000000e+00
     vertex  4.502273e+01 -5.319933e+01  5.000000e+00
     vertex  4.500169e+01 -5.358229e+01  5.000000e+00
   endloop
 endfacet
 facet normal  0.000000e+00  0.000000e+00  1.000000e+00
   outer loop
     vertex  4.562014e+01 -5.205225e+01  5.000000e+00
     vertex  4.554281e+01 -5.213011e+01  5.000000e+00
     vertex  4.536916e+01 -5.234226e+01  5.000000e+00
   endloop
 endfacet
 facet normal  0.000000e+00  0.000000e+00  1.000000e+00
   outer loop
     vertex  4.562014e+01 -5.205225e+01  5.000000e+00
     vertex  4.558094e+01 -5.209065e+01  5.000000e+00
     vertex  4.554281e+01 -5.213011e+01  5.000000e+00
   endloop
 endfacet
 facet normal  0.000000e+00  0.000000e+00  1.000000e+00
   outer loop
     vertex  4.562014e+01 -5.205225e+01  5.000000e+00
     vertex  4.536916e+01 -5.234226e+01  5.000000e+00
     vertex  4.502273e+01 -5.319933e+01  5.000000e+00
   endloop
 endfacet
 facet normal  0.000000e+00  0.000000e+00  1.000000e+00
   outer loop
     vertex  4.854765e+01 -5.476680e+01  5.000000e+00
     vertex  4.843826e+01 -5.488976e+01  5.000000e+00
     vertex  4.847584e+01 -5.484978e+01  5.000000e+00
   endloop
 endfacet
 facet normal  0.000000e+00  0.000000e+00  1.000000e+00
   outer loop
     vertex  4.854765e+01 -5.476680e+01  5.000000e+00
     vertex  4.847584e+01 -5.484978e+01  5.000000e+00
     vertex  4.851232e+01 -5.480878e+01  5.000000e+00
   endloop
 endfacet
 facet normal  0.000000e+00  0.000000e+00  1.000000e+00
   outer loop
     vertex  4.854765e+01 -5.476680e+01  5.000000e+00
     vertex  4.636633e+01 -5.539696e+01  5.000000e+00
     vertex  4.674008e+01 -5.548304e+01  5.000000e+00
   endloop
 endfacet
 facet normal  0.000000e+00  0.000000e+00  1.000000e+00
   outer loop
     vertex  4.854765e+01 -5.476680e+01  5.000000e+00
     vertex  4.674008e+01 -5.548304e+01  5.000000e+00
     vertex  4.839959e+01 -5.492869e+01  5.000000e+00
   endloop
 endfacet
 facet normal  0.000000e+00  0.000000e+00  1.000000e+00
   outer loop
     vertex  4.854765e+01 -5.476680e+01  5.000000e+00
     vertex  4.558094e+01 -5.490935e+01  5.000000e+00
     vertex  4.562014e+01 -5.494775e+01  5.000000e+00
   endloop
 endfacet
 facet normal  0.000000e+00  0.000000e+00  1.000000e+00
   outer loop
     vertex  4.854765e+01 -5.476680e+01  5.000000e+00
     vertex  4.562014e+01 -5.494775e+01  5.000000e+00
     vertex  4.566038e+01 -5.498507e+01  5.000000e+00
   endloop
 endfacet
 facet normal  0.000000e+00  0.000000e+00  1.000000e+00
   outer loop
     vertex  4.854765e+01 -5.476680e+01  5.000000e+00
     vertex  4.566038e+01 -5.498507e+01  5.000000e+00
     vertex  4.578702e+01 -5.509018e+01  5.000000e+00
   endloop
 endfacet
 facet normal  0.000000e+00  0.000000e+00  1.000000e+00
   outer loop
     vertex  4.854765e+01 -5.476680e+01  5.000000e+00
     vertex  4.596849e+01 -5.521347e+01  5.000000e+00
     vertex  4.601588e+01 -5.524112e+01  5.000000e+00
   endloop
 endfacet
 facet normal  0.000000e+00  0.000000e+00  1.000000e+00
   outer loop
     vertex  4.854765e+01 -5.476680e+01  5.000000e+00
     vertex  4.578702e+01 -5.509018e+01  5.000000e+00
     vertex  4.596849e+01 -5.521347e+01  5.000000e+00
   endloop
 endfacet
 facet normal  0.000000e+00  0.000000e+00  1.000000e+00
   outer loop
     vertex  4.854765e+01 -5.476680e+01  5.000000e+00
     vertex  4.601588e+01 -5.524112e+01  5.000000e+00
     vertex  4.636633e+01 -5.539696e+01  5.000000e+00
   endloop
 endfacet
 facet normal  0.000000e+00  0.000000e+00  1.000000e+00
   outer loop
     vertex  4.854765e+01 -5.476680e+01  5.000000e+00
     vertex  4.839959e+01 -5.492869e+01  5.000000e+00
     vertex  4.843826e+01 -5.488976e+01  5.000000e+00
   endloop
 endfacet
 facet normal  0.000000e+00  0.000000e+00  1.000000e+00
   outer loop
     vertex  4.574385e+01 -5.194370e+01  5.000000e+00
     vertex  4.570163e+01 -5.197874e+01  5.000000e+00
     vertex  4.566038e+01 -5.201493e+01  5.000000e+00
   endloop
 endfacet
 facet normal  0.000000e+00  0.000000e+00  1.000000e+00
   outer loop
     vertex  4.583110e+01 -5.187714e+01  5.000000e+00
     vertex  4.574385e+01 -5.194370e+01  5.000000e+00
     vertex  4.566038e+01 -5.201493e+01  5.000000e+00
   endloop
 endfacet
 facet normal  0.000000e+00  0.000000e+00  1.000000e+00
   outer loop
     vertex  4.583110e+01 -5.187714e+01  5.000000e+00
     vertex  4.578702e+01 -5.190982e+01  5.000000e+00
     vertex  4.574385e+01 -5.194370e+01  5.000000e+00
   endloop
 endfacet
 facet normal  0.000000e+00  0.000000e+00  1.000000e+00
   outer loop
     vertex  4.587606e+01 -5.184568e+01  5.000000e+00
     vertex  4.583110e+01 -5.187714e+01  5.000000e+00
     vertex  4.566038e+01 -5.201493e+01  5.000000e+00
   endloop
 endfacet
 facet normal  0.000000e+00  0.000000e+00  1.000000e+00
   outer loop
     vertex  4.867709e+01 -5.458966e+01  5.000000e+00
     vertex  4.858182e+01 -5.472386e+01  5.000000e+00
     vertex  4.861480e+01 -5.468001e+01  5.000000e+00
   endloop
 endfacet
 facet normal  0.000000e+00  0.000000e+00  1.000000e+00
   outer loop
     vertex  4.867709e+01 -5.458966e+01  5.000000e+00
     vertex  4.861480e+01 -5.468001e+01  5.000000e+00
     vertex  4.864657e+01 -5.463526e+01  5.000000e+00
   endloop
 endfacet
 facet normal  0.000000e+00  0.000000e+00  1.000000e+00
   outer loop
     vertex  4.592187e+01 -5.181547e+01  5.000000e+00
     vertex  4.587606e+01 -5.184568e+01  5.000000e+00
     vertex  4.566038e+01 -5.201493e+01  5.000000e+00
   endloop
 endfacet
 facet normal  0.000000e+00  0.000000e+00  1.000000e+00
   outer loop
     vertex  4.870635e+01 -5.454324e+01  5.000000e+00
     vertex  4.854765e+01 -5.476680e+01  5.000000e+00
     vertex  4.858182e+01 -5.472386e+01  5.000000e+00
   endloop
 endfacet
 facet normal  0.000000e+00  0.000000e+00  1.000000e+00
   outer loop
     vertex  4.870635e+01 -5.454324e+01  5.000000e+00
     vertex  4.858182e+01 -5.472386e+01  5.000000e+00
     vertex  4.867709e+01 -5.458966e+01  5.000000e+00
   endloop
 endfacet
 facet normal  0.000000e+00  0.000000e+00  1.000000e+00
   outer loop
     vertex  4.596849e+01 -5.178653e+01  5.000000e+00
     vertex  4.566038e+01 -5.201493e+01  5.000000e+00
     vertex  4.562014e+01 -5.205225e+01  5.000000e+00
   endloop
 endfacet
 facet normal  0.000000e+00  0.000000e+00  1.000000e+00
   outer loop
     vertex  4.596849e+01 -5.178653e+01  5.000000e+00
     vertex  4.592187e+01 -5.181547e+01  5.000000e+00
     vertex  4.566038e+01 -5.201493e+01  5.000000e+00
   endloop
 endfacet
 facet normal  0.000000e+00  0.000000e+00  1.000000e+00
   outer loop
     vertex  4.876101e+01 -5.444808e+01  5.000000e+00
     vertex  4.870635e+01 -5.454324e+01  5.000000e+00
     vertex  4.873433e+01 -5.449604e+01  5.000000e+00
   endloop
 endfacet
 facet normal  0.000000e+00  0.000000e+00  1.000000e+00
   outer loop
     vertex  4.876101e+01 -5.444808e+01  5.000000e+00
     vertex  4.854765e+01 -5.476680e+01  5.000000e+00
     vertex  4.870635e+01 -5.454324e+01  5.000000e+00
   endloop
 endfacet
 facet normal  0.000000e+00  0.000000e+00  1.000000e+00
   outer loop
     vertex  4.878635e+01 -5.439941e+01  5.000000e+00
     vertex  4.854765e+01 -5.476680e+01  5.000000e+00
     vertex  4.876101e+01 -5.444808e+01  5.000000e+00
   endloop
 endfacet
 facet normal  0.000000e+00  0.000000e+00  1.000000e+00
   outer loop
     vertex  4.611286e+01 -5.170752e+01  5.000000e+00
     vertex  4.606402e+01 -5.173253e+01  5.000000e+00
     vertex  4.601588e+01 -5.175888e+01  5.000000e+00
   endloop
 endfacet
 facet normal  0.000000e+00  0.000000e+00  1.000000e+00
   outer loop
     vertex  4.611286e+01 -5.170752e+01  5.000000e+00
     vertex  4.601588e+01 -5.175888e+01  5.000000e+00
     vertex  4.596849e+01 -5.178653e+01  5.000000e+00
   endloop
 endfacet
 facet normal  0.000000e+00  0.000000e+00  1.000000e+00
   outer loop
     vertex  4.611286e+01 -5.170752e+01  5.000000e+00
     vertex  4.596849e+01 -5.178653e+01  5.000000e+00
     vertex  4.562014e+01 -5.205225e+01  5.000000e+00
   endloop
 endfacet
 facet normal  0.000000e+00  0.000000e+00  1.000000e+00
   outer loop
     vertex  4.616237e+01 -5.168386e+01  5.000000e+00
     vertex  4.611286e+01 -5.170752e+01  5.000000e+00
     vertex  4.562014e+01 -5.205225e+01  5.000000e+00
   endloop
 endfacet
 facet normal  0.000000e+00  0.000000e+00  1.000000e+00
   outer loop
     vertex  4.883299e+01 -5.430008e+01  5.000000e+00
     vertex  4.854765e+01 -5.476680e+01  5.000000e+00
     vertex  4.878635e+01 -5.439941e+01  5.000000e+00
   endloop
 endfacet
 facet normal  0.000000e+00  0.000000e+00  1.000000e+00
   outer loop
     vertex  4.883299e+01 -5.430008e+01  5.000000e+00
     vertex  4.878635e+01 -5.439941e+01  5.000000e+00
     vertex  4.881035e+01 -5.435007e+01  5.000000e+00
   endloop
 endfacet
 facet normal  0.000000e+00  0.000000e+00  1.000000e+00
   outer loop
     vertex  4.887412e+01 -5.419834e+01  5.000000e+00
     vertex  4.883299e+01 -5.430008e+01  5.000000e+00
     vertex  4.885425e+01 -5.424950e+01  5.000000e+00
   endloop
 endfacet
 facet normal  0.000000e+00  0.000000e+00  1.000000e+00
   outer loop
     vertex  4.887412e+01 -5.419834e+01  5.000000e+00
     vertex  4.854765e+01 -5.476680e+01  5.000000e+00
     vertex  4.883299e+01 -5.430008e+01  5.000000e+00
   endloop
 endfacet
 facet normal  0.000000e+00  0.000000e+00  1.000000e+00
   outer loop
     vertex  4.889257e+01 -5.414667e+01  5.000000e+00
     vertex  4.854765e+01 -5.476680e+01  5.000000e+00
     vertex  4.887412e+01 -5.419834e+01  5.000000e+00
   endloop
 endfacet
 facet normal  0.000000e+00  0.000000e+00  1.000000e+00
   outer loop
     vertex  4.890960e+01 -5.409450e+01  5.000000e+00
     vertex  4.854765e+01 -5.476680e+01  5.000000e+00
     vertex  4.889257e+01 -5.414667e+01  5.000000e+00
   endloop
 endfacet
 facet normal  0.000000e+00  0.000000e+00  1.000000e+00
   outer loop
     vertex  4.641861e+01 -5.158637e+01  5.000000e+00
     vertex  4.636633e+01 -5.160304e+01  5.000000e+00
     vertex  4.631453e+01 -5.162114e+01  5.000000e+00
   endloop
 endfacet
 facet normal  0.000000e+00  0.000000e+00  1.000000e+00
   outer loop
     vertex  4.641861e+01 -5.158637e+01  5.000000e+00
     vertex  4.631453e+01 -5.162114e+01  5.000000e+00
     vertex  4.626324e+01 -5.164065e+01  5.000000e+00
   endloop
 endfacet
 facet normal  0.000000e+00  0.000000e+00  1.000000e+00
   outer loop
     vertex  4.641861e+01 -5.158637e+01  5.000000e+00
     vertex  4.626324e+01 -5.164065e+01  5.000000e+00
     vertex  4.621251e+01 -5.166156e+01  5.000000e+00
   endloop
 endfacet
 facet normal  0.000000e+00  0.000000e+00  1.000000e+00
   outer loop
     vertex  4.647133e+01 -5.157114e+01  5.000000e+00
     vertex  4.641861e+01 -5.158637e+01  5.000000e+00
     vertex  4.621251e+01 -5.166156e+01  5.000000e+00
   endloop
 endfacet
 facet normal  0.000000e+00  0.000000e+00  1.000000e+00
   outer loop
     vertex  4.647133e+01 -5.157114e+01  5.000000e+00
     vertex  4.621251e+01 -5.166156e+01  5.000000e+00
     vertex  4.616237e+01 -5.168386e+01  5.000000e+00
   endloop
 endfacet
 facet normal  0.000000e+00  0.000000e+00  1.000000e+00
   outer loop
     vertex  4.895201e+01 -5.393548e+01  5.000000e+00
     vertex  4.890960e+01 -5.409450e+01  5.000000e+00
     vertex  4.892519e+01 -5.404189e+01  5.000000e+00
   endloop
 endfacet
 facet normal  0.000000e+00  0.000000e+00  1.000000e+00
   outer loop
     vertex  4.895201e+01 -5.393548e+01  5.000000e+00
     vertex  4.892519e+01 -5.404189e+01  5.000000e+00
     vertex  4.893933e+01 -5.398887e+01  5.000000e+00
   endloop
 endfacet
 facet normal  0.000000e+00  0.000000e+00  1.000000e+00
   outer loop
     vertex  4.895201e+01 -5.393548e+01  5.000000e+00
     vertex  4.854765e+01 -5.476680e+01  5.000000e+00
     vertex  4.890960e+01 -5.409450e+01  5.000000e+00
   endloop
 endfacet
 facet normal  0.000000e+00  0.000000e+00  1.000000e+00
   outer loop
     vertex  4.896323e+01 -5.388177e+01  5.000000e+00
     vertex  4.854765e+01 -5.476680e+01  5.000000e+00
     vertex  4.895201e+01 -5.393548e+01  5.000000e+00
   endloop
 endfacet
 facet normal  0.000000e+00  0.000000e+00  1.000000e+00
   outer loop
     vertex  4.896323e+01 -5.388177e+01  5.000000e+00
     vertex  4.550578e+01 -5.482940e+01  5.000000e+00
     vertex  4.554281e+01 -5.486989e+01  5.000000e+00
   endloop
 endfacet
 facet normal  0.000000e+00  0.000000e+00  1.000000e+00
   outer loop
     vertex  4.896323e+01 -5.388177e+01  5.000000e+00
     vertex  4.554281e+01 -5.486989e+01  5.000000e+00
     vertex  4.558094e+01 -5.490935e+01  5.000000e+00
   endloop
 endfacet
 facet normal  0.000000e+00  0.000000e+00  1.000000e+00
   outer loop
     vertex  4.896323e+01 -5.388177e+01  5.000000e+00
     vertex  4.558094e+01 -5.490935e+01  5.000000e+00
     vertex  4.854765e+01 -5.476680e+01  5.000000e+00
   endloop
 endfacet
 facet normal  0.000000e+00  0.000000e+00  1.000000e+00
   outer loop
     vertex  4.668578e+01 -5.152484e+01  5.000000e+00
     vertex  4.663171e+01 -5.153420e+01  5.000000e+00
     vertex  4.657792e+01 -5.154505e+01  5.000000e+00
   endloop
 endfacet
 facet normal  0.000000e+00  0.000000e+00  1.000000e+00
   outer loop
     vertex  4.668578e+01 -5.152484e+01  5.000000e+00
     vertex  4.657792e+01 -5.154505e+01  5.000000e+00
     vertex  4.652444e+01 -5.155736e+01  5.000000e+00
   endloop
 endfacet
 facet normal  0.000000e+00  0.000000e+00  1.000000e+00
   outer loop
     vertex  4.674008e+01 -5.151696e+01  5.000000e+00
     vertex  4.668578e+01 -5.152484e+01  5.000000e+00
     vertex  4.652444e+01 -5.155736e+01  5.000000e+00
   endloop
 endfacet
 facet normal  0.000000e+00  0.000000e+00  1.000000e+00
   outer loop
     vertex  4.674008e+01 -5.151696e+01  5.000000e+00
     vertex  4.652444e+01 -5.155736e+01  5.000000e+00
     vertex  4.647133e+01 -5.157114e+01  5.000000e+00
   endloop
 endfacet
 facet normal  0.000000e+00  0.000000e+00  1.000000e+00
   outer loop
     vertex  4.899323e+01 -5.366444e+01  5.000000e+00
     vertex  4.896323e+01 -5.388177e+01  5.000000e+00
     vertex  4.897296e+01 -5.382776e+01  5.000000e+00
   endloop
 endfacet
 facet normal  0.000000e+00  0.000000e+00  1.000000e+00
   outer loop
     vertex  4.899323e+01 -5.366444e+01  5.000000e+00
     vertex  4.897296e+01 -5.382776e+01  5.000000e+00
     vertex  4.898121e+01 -5.377352e+01  5.000000e+00
   endloop
 endfacet
 facet normal  0.000000e+00  0.000000e+00  1.000000e+00
   outer loop
     vertex  4.899323e+01 -5.366444e+01  5.000000e+00
     vertex  4.898121e+01 -5.377352e+01  5.000000e+00
     vertex  4.898797e+01 -5.371906e+01  5.000000e+00
   endloop
 endfacet
 facet normal  0.000000e+00  0.000000e+00  1.000000e+00
   outer loop
     vertex  4.684924e+01 -5.150569e+01  5.000000e+00
     vertex  4.679458e+01 -5.151058e+01  5.000000e+00
     vertex  4.674008e+01 -5.151696e+01  5.000000e+00
   endloop
 endfacet
 facet normal  0.000000e+00  0.000000e+00  1.000000e+00
   outer loop
     vertex  4.690401e+01 -5.150231e+01  5.000000e+00
     vertex  4.684924e+01 -5.150569e+01  5.000000e+00
     vertex  4.674008e+01 -5.151696e+01  5.000000e+00
   endloop
 endfacet
 facet normal  0.000000e+00  0.000000e+00  1.000000e+00
   outer loop
     vertex  4.899925e+01 -5.355487e+01  5.000000e+00
     vertex  4.899323e+01 -5.366444e+01  5.000000e+00
     vertex  4.899699e+01 -5.360969e+01  5.000000e+00
   endloop
 endfacet
 facet normal  0.000000e+00  0.000000e+00  1.000000e+00
   outer loop
     vertex  4.899925e+01 -5.355487e+01  5.000000e+00
     vertex  4.896323e+01 -5.388177e+01  5.000000e+00
     vertex  4.899323e+01 -5.366444e+01  5.000000e+00
   endloop
 endfacet
 facet normal  0.000000e+00  0.000000e+00  1.000000e+00
   outer loop
     vertex  4.900000e+01 -5.350000e+01  5.000000e+00
     vertex  4.896323e+01 -5.388177e+01  5.000000e+00
     vertex  4.899925e+01 -5.355487e+01  5.000000e+00
   endloop
 endfacet
 facet normal  0.000000e+00  0.000000e+00  1.000000e+00
   outer loop
     vertex  4.701372e+01 -5.150005e+01  5.000000e+00
     vertex  4.695885e+01 -5.150042e+01  5.000000e+00
     vertex  4.690401e+01 -5.150231e+01  5.000000e+00
   endloop
 endfacet
 facet normal  0.000000e+00  0.000000e+00  1.000000e+00
   outer loop
     vertex  4.701372e+01 -5.150005e+01  5.000000e+00
     vertex  4.690401e+01 -5.150231e+01  5.000000e+00
     vertex  4.674008e+01 -5.151696e+01  5.000000e+00
   endloop
 endfacet
 facet normal  0.000000e+00  0.000000e+00  1.000000e+00
   outer loop
     vertex  4.899699e+01 -5.339031e+01  5.000000e+00
     vertex  4.900000e+01 -5.350000e+01  5.000000e+00
     vertex  4.899925e+01 -5.344513e+01  5.000000e+00
   endloop
 endfacet
 facet normal  0.000000e+00  0.000000e+00  1.000000e+00
   outer loop
     vertex  4.899323e+01 -5.333556e+01  5.000000e+00
     vertex  4.520148e+01 -5.437482e+01  5.000000e+00
     vertex  4.522615e+01 -5.442384e+01  5.000000e+00
   endloop
 endfacet
 facet normal  0.000000e+00  0.000000e+00  1.000000e+00
   outer loop
     vertex  4.899323e+01 -5.333556e+01  5.000000e+00
     vertex  4.550578e+01 -5.482940e+01  5.000000e+00
     vertex  4.896323e+01 -5.388177e+01  5.000000e+00
   endloop
 endfacet
 facet normal  0.000000e+00  0.000000e+00  1.000000e+00
   outer loop
     vertex  4.899323e+01 -5.333556e+01  5.000000e+00
     vertex  4.522615e+01 -5.442384e+01  5.000000e+00
     vertex  4.525217e+01 -5.447215e+01  5.000000e+00
   endloop
 endfacet
 facet normal  0.000000e+00  0.000000e+00  1.000000e+00
   outer loop
     vertex  4.899323e+01 -5.333556e+01  5.000000e+00
     vertex  4.525217e+01 -5.447215e+01  5.000000e+00
     vertex  4.527949e+01 -5.451974e+01  5.000000e+00
   endloop
 endfacet
 facet normal  0.000000e+00  0.000000e+00  1.000000e+00
   outer loop
     vertex  4.899323e+01 -5.333556e+01  5.000000e+00
     vertex  4.527949e+01 -5.451974e+01  5.000000e+00
     vertex  4.530812e+01 -5.456655e+01  5.000000e+00
   endloop
 endfacet
 facet normal  0.000000e+00  0.000000e+00  1.000000e+00
   outer loop
     vertex  4.899323e+01 -5.333556e+01  5.000000e+00
     vertex  4.530812e+01 -5.456655e+01  5.000000e+00
     vertex  4.533801e+01 -5.461257e+01  5.000000e+00
   endloop
 endfacet
 facet normal  0.000000e+00  0.000000e+00  1.000000e+00
   outer loop
     vertex  4.899323e+01 -5.333556e+01  5.000000e+00
     vertex  4.533801e+01 -5.461257e+01  5.000000e+00
     vertex  4.536916e+01 -5.465774e+01  5.000000e+00
   endloop
 endfacet
 facet normal  0.000000e+00  0.000000e+00  1.000000e+00
   outer loop
     vertex  4.899323e+01 -5.333556e+01  5.000000e+00
     vertex  4.536916e+01 -5.465774e+01  5.000000e+00
     vertex  4.550578e+01 -5.482940e+01  5.000000e+00
   endloop
 endfacet
 facet normal  0.000000e+00  0.000000e+00  1.000000e+00
   outer loop
     vertex  4.899323e+01 -5.333556e+01  5.000000e+00
     vertex  4.900000e+01 -5.350000e+01  5.000000e+00
     vertex  4.899699e+01 -5.339031e+01  5.000000e+00
   endloop
 endfacet
 facet normal  0.000000e+00  0.000000e+00  1.000000e+00
   outer loop
     vertex  4.899323e+01 -5.333556e+01  5.000000e+00
     vertex  4.513564e+01 -5.422399e+01  5.000000e+00
     vertex  4.520148e+01 -5.437482e+01  5.000000e+00
   endloop
 endfacet
 facet normal  0.000000e+00  0.000000e+00  1.000000e+00
   outer loop
     vertex  4.899323e+01 -5.333556e+01  5.000000e+00
     vertex  4.896323e+01 -5.388177e+01  5.000000e+00
     vertex  4.900000e+01 -5.350000e+01  5.000000e+00
   endloop
 endfacet
 facet normal  0.000000e+00  0.000000e+00  1.000000e+00
   outer loop
     vertex  4.717811e+01 -5.150795e+01  5.000000e+00
     vertex  4.712339e+01 -5.150381e+01  5.000000e+00
     vertex  4.706858e+01 -5.150118e+01  5.000000e+00
   endloop
 endfacet
 facet normal  0.000000e+00  0.000000e+00  1.000000e+00
   outer loop
     vertex  4.734129e+01 -5.152933e+01  5.000000e+00
     vertex  4.717811e+01 -5.150795e+01  5.000000e+00
     vertex  4.706858e+01 -5.150118e+01  5.000000e+00
   endloop
 endfacet
 facet normal  0.000000e+00  0.000000e+00  1.000000e+00
   outer loop
     vertex  4.734129e+01 -5.152933e+01  5.000000e+00
     vertex  4.728710e+01 -5.152071e+01  5.000000e+00
     vertex  4.723269e+01 -5.151358e+01  5.000000e+00
   endloop
 endfacet
 facet normal  0.000000e+00  0.000000e+00  1.000000e+00
   outer loop
     vertex  4.734129e+01 -5.152933e+01  5.000000e+00
     vertex  4.723269e+01 -5.151358e+01  5.000000e+00
     vertex  4.717811e+01 -5.150795e+01  5.000000e+00
   endloop
 endfacet
 facet normal  0.000000e+00  0.000000e+00  1.000000e+00
   outer loop
     vertex  4.734129e+01 -5.152933e+01  5.000000e+00
     vertex  4.706858e+01 -5.150118e+01  5.000000e+00
     vertex  4.701372e+01 -5.150005e+01  5.000000e+00
   endloop
 endfacet
 facet normal  0.000000e+00  0.000000e+00  1.000000e+00
   outer loop
     vertex  4.896323e+01 -5.311823e+01  5.000000e+00
     vertex  4.898121e+01 -5.322648e+01  5.000000e+00
     vertex  4.897296e+01 -5.317224e+01  5.000000e+00
   endloop
 endfacet
 facet normal  0.000000e+00  0.000000e+00  1.000000e+00
   outer loop
     vertex  4.895201e+01 -5.306452e+01  5.000000e+00
     vertex  4.503172e+01 -5.385480e+01  5.000000e+00
     vertex  4.508243e+01 -5.406825e+01  5.000000e+00
   endloop
 endfacet
 facet normal  0.000000e+00  0.000000e+00  1.000000e+00
   outer loop
     vertex  4.895201e+01 -5.306452e+01  5.000000e+00
     vertex  4.899323e+01 -5.333556e+01  5.000000e+00
     vertex  4.898797e+01 -5.328094e+01  5.000000e+00
   endloop
 endfacet
 facet normal  0.000000e+00  0.000000e+00  1.000000e+00
   outer loop
     vertex  4.895201e+01 -5.306452e+01  5.000000e+00
     vertex  4.898797e+01 -5.328094e+01  5.000000e+00
     vertex  4.898121e+01 -5.322648e+01  5.000000e+00
   endloop
 endfacet
 facet normal  0.000000e+00  0.000000e+00  1.000000e+00
   outer loop
     vertex  4.895201e+01 -5.306452e+01  5.000000e+00
     vertex  4.898121e+01 -5.322648e+01  5.000000e+00
     vertex  4.896323e+01 -5.311823e+01  5.000000e+00
   endloop
 endfacet
 facet normal  0.000000e+00  0.000000e+00  1.000000e+00
   outer loop
     vertex  4.895201e+01 -5.306452e+01  5.000000e+00
     vertex  4.508243e+01 -5.406825e+01  5.000000e+00
     vertex  4.513564e+01 -5.422399e+01  5.000000e+00
   endloop
 endfacet
 facet normal  0.000000e+00  0.000000e+00  1.000000e+00
   outer loop
     vertex  4.895201e+01 -5.306452e+01  5.000000e+00
     vertex  4.513564e+01 -5.422399e+01  5.000000e+00
     vertex  4.899323e+01 -5.333556e+01  5.000000e+00
   endloop
 endfacet
 facet normal  0.000000e+00  0.000000e+00  1.000000e+00
   outer loop
     vertex  4.744886e+01 -5.155102e+01  5.000000e+00
     vertex  4.739523e+01 -5.153944e+01  5.000000e+00
     vertex  4.734129e+01 -5.152933e+01  5.000000e+00
   endloop
 endfacet
 facet normal  0.000000e+00  0.000000e+00  1.000000e+00
   outer loop
     vertex  4.755508e+01 -5.157857e+01  5.000000e+00
     vertex  4.744886e+01 -5.155102e+01  5.000000e+00
     vertex  4.734129e+01 -5.152933e+01  5.000000e+00
   endloop
 endfacet
 facet normal  0.000000e+00  0.000000e+00  1.000000e+00
   outer loop
     vertex  4.755508e+01 -5.157857e+01  5.000000e+00
     vertex  4.750216e+01 -5.156407e+01  5.000000e+00
     vertex  4.744886e+01 -5.155102e+01  5.000000e+00
   endloop
 endfacet
 facet normal  0.000000e+00  0.000000e+00  1.000000e+00
   outer loop
     vertex  4.890960e+01 -5.290550e+01  5.000000e+00
     vertex  4.895201e+01 -5.306452e+01  5.000000e+00
     vertex  4.893933e+01 -5.301113e+01  5.000000e+00
   endloop
 endfacet
 facet normal  0.000000e+00  0.000000e+00  1.000000e+00
   outer loop
     vertex  4.890960e+01 -5.290550e+01  5.000000e+00
     vertex  4.893933e+01 -5.301113e+01  5.000000e+00
     vertex  4.892519e+01 -5.295811e+01  5.000000e+00
   endloop
 endfacet
 facet normal  0.000000e+00  0.000000e+00  1.000000e+00
   outer loop
     vertex  4.887412e+01 -5.280166e+01  5.000000e+00
     vertex  4.890960e+01 -5.290550e+01  5.000000e+00
     vertex  4.889257e+01 -5.285333e+01  5.000000e+00
   endloop
 endfacet
 facet normal  0.000000e+00  0.000000e+00  1.000000e+00
   outer loop
     vertex  4.771118e+01 -5.163072e+01  5.000000e+00
     vertex  4.765963e+01 -5.161191e+01  5.000000e+00
     vertex  4.760759e+01 -5.159452e+01  5.000000e+00
   endloop
 endfacet
 facet normal  0.000000e+00  0.000000e+00  1.000000e+00
   outer loop
     vertex  4.771118e+01 -5.163072e+01  5.000000e+00
     vertex  4.760759e+01 -5.159452e+01  5.000000e+00
     vertex  4.755508e+01 -5.157857e+01  5.000000e+00
   endloop
 endfacet
 facet normal  0.000000e+00  0.000000e+00  1.000000e+00
   outer loop
     vertex  4.885425e+01 -5.275050e+01  5.000000e+00
     vertex  4.895201e+01 -5.306452e+01  5.000000e+00
     vertex  4.890960e+01 -5.290550e+01  5.000000e+00
   endloop
 endfacet
 facet normal  0.000000e+00  0.000000e+00  1.000000e+00
   outer loop
     vertex  4.885425e+01 -5.275050e+01  5.000000e+00
     vertex  4.890960e+01 -5.290550e+01  5.000000e+00
     vertex  4.887412e+01 -5.280166e+01  5.000000e+00
   endloop
 endfacet
 facet normal  0.000000e+00  0.000000e+00  1.000000e+00
   outer loop
     vertex  4.883299e+01 -5.269992e+01  5.000000e+00
     vertex  4.895201e+01 -5.306452e+01  5.000000e+00
     vertex  4.885425e+01 -5.275050e+01  5.000000e+00
   endloop
 endfacet
 facet normal  0.000000e+00  0.000000e+00  1.000000e+00
   outer loop
     vertex  4.781264e+01 -5.167254e+01  5.000000e+00
     vertex  4.776220e+01 -5.165093e+01  5.000000e+00
     vertex  4.771118e+01 -5.163072e+01  5.000000e+00
   endloop
 endfacet
 facet normal  0.000000e+00  0.000000e+00  1.000000e+00
   outer loop
     vertex  4.781264e+01 -5.167254e+01  5.000000e+00
     vertex  4.771118e+01 -5.163072e+01  5.000000e+00
     vertex  4.755508e+01 -5.157857e+01  5.000000e+00
   endloop
 endfacet
 facet normal  0.000000e+00  0.000000e+00  1.000000e+00
   outer loop
     vertex  4.881035e+01 -5.264993e+01  5.000000e+00
     vertex  4.895201e+01 -5.306452e+01  5.000000e+00
     vertex  4.883299e+01 -5.269992e+01  5.000000e+00
   endloop
 endfacet
 facet normal  0.000000e+00  0.000000e+00  1.000000e+00
   outer loop
     vertex  4.786247e+01 -5.169552e+01  5.000000e+00
     vertex  4.755508e+01 -5.157857e+01  5.000000e+00
     vertex  4.734129e+01 -5.152933e+01  5.000000e+00
   endloop
 endfacet
 facet normal  0.000000e+00  0.000000e+00  1.000000e+00
   outer loop
     vertex  4.786247e+01 -5.169552e+01  5.000000e+00
     vertex  4.781264e+01 -5.167254e+01  5.000000e+00
     vertex  4.755508e+01 -5.157857e+01  5.000000e+00
   endloop
 endfacet
 facet normal  0.000000e+00  0.000000e+00  1.000000e+00
   outer loop
     vertex  4.796014e+01 -5.174554e+01  5.000000e+00
     vertex  4.791165e+01 -5.171986e+01  5.000000e+00
     vertex  4.786247e+01 -5.169552e+01  5.000000e+00
   endloop
 endfacet
 facet normal  0.000000e+00  0.000000e+00  1.000000e+00
   outer loop
     vertex  4.873433e+01 -5.250396e+01  5.000000e+00
     vertex  4.881035e+01 -5.264993e+01  5.000000e+00
     vertex  4.878635e+01 -5.260059e+01  5.000000e+00
   endloop
 endfacet
 facet normal  0.000000e+00  0.000000e+00  1.000000e+00
   outer loop
     vertex  4.873433e+01 -5.250396e+01  5.000000e+00
     vertex  4.878635e+01 -5.260059e+01  5.000000e+00
     vertex  4.876101e+01 -5.255192e+01  5.000000e+00
   endloop
 endfacet
 facet normal  0.000000e+00  0.000000e+00  1.000000e+00
   outer loop
     vertex  4.870635e+01 -5.245676e+01  5.000000e+00
     vertex  4.895201e+01 -5.306452e+01  5.000000e+00
     vertex  4.881035e+01 -5.264993e+01  5.000000e+00
   endloop
 endfacet
 facet normal  0.000000e+00  0.000000e+00  1.000000e+00
   outer loop
     vertex  4.870635e+01 -5.245676e+01  5.000000e+00
     vertex  4.881035e+01 -5.264993e+01  5.000000e+00
     vertex  4.873433e+01 -5.250396e+01  5.000000e+00
   endloop
 endfacet
 facet normal  0.000000e+00  0.000000e+00  1.000000e+00
   outer loop
     vertex  4.810114e+01 -5.183042e+01  5.000000e+00
     vertex  4.796014e+01 -5.174554e+01  5.000000e+00
     vertex  4.786247e+01 -5.169552e+01  5.000000e+00
   endloop
 endfacet
 facet normal  0.000000e+00  0.000000e+00  1.000000e+00
   outer loop
     vertex  4.810114e+01 -5.183042e+01  5.000000e+00
     vertex  4.805492e+01 -5.180084e+01  5.000000e+00
     vertex  4.800791e+01 -5.177254e+01  5.000000e+00
   endloop
 endfacet
 facet normal  0.000000e+00  0.000000e+00  1.000000e+00
   outer loop
     vertex  4.810114e+01 -5.183042e+01  5.000000e+00
     vertex  4.800791e+01 -5.177254e+01  5.000000e+00
     vertex  4.796014e+01 -5.174554e+01  5.000000e+00
   endloop
 endfacet
 facet normal  0.000000e+00  0.000000e+00  1.000000e+00
   outer loop
     vertex  4.814653e+01 -5.186126e+01  5.000000e+00
     vertex  4.786247e+01 -5.169552e+01  5.000000e+00
     vertex  4.734129e+01 -5.152933e+01  5.000000e+00
   endloop
 endfacet
 facet normal  0.000000e+00  0.000000e+00  1.000000e+00
   outer loop
     vertex  4.814653e+01 -5.186126e+01  5.000000e+00
     vertex  4.810114e+01 -5.183042e+01  5.000000e+00
     vertex  4.786247e+01 -5.169552e+01  5.000000e+00
   endloop
 endfacet
 facet normal  0.000000e+00  0.000000e+00  1.000000e+00
   outer loop
     vertex  4.814653e+01 -5.186126e+01  5.000000e+00
     vertex  4.734129e+01 -5.152933e+01  5.000000e+00
     vertex  4.701372e+01 -5.150005e+01  5.000000e+00
   endloop
 endfacet
 facet normal  0.000000e+00  0.000000e+00  1.000000e+00
   outer loop
     vertex  4.858182e+01 -5.227614e+01  5.000000e+00
     vertex  4.864657e+01 -5.236474e+01  5.000000e+00
     vertex  4.861480e+01 -5.231999e+01  5.000000e+00
   endloop
 endfacet
 facet normal  0.000000e+00  0.000000e+00  1.000000e+00
   outer loop
     vertex  4.823468e+01 -5.192661e+01  5.000000e+00
     vertex  4.819105e+01 -5.189333e+01  5.000000e+00
     vertex  4.814653e+01 -5.186126e+01  5.000000e+00
   endloop
 endfacet
 facet normal  0.000000e+00  0.000000e+00  1.000000e+00
   outer loop
     vertex  4.854765e+01 -5.223320e+01  5.000000e+00
     vertex  4.867709e+01 -5.241034e+01  5.000000e+00
     vertex  4.864657e+01 -5.236474e+01  5.000000e+00
   endloop
 endfacet
 facet normal  0.000000e+00  0.000000e+00  1.000000e+00
   outer loop
     vertex  4.854765e+01 -5.223320e+01  5.000000e+00
     vertex  4.864657e+01 -5.236474e+01  5.000000e+00
     vertex  4.858182e+01 -5.227614e+01  5.000000e+00
   endloop
 endfacet
 facet normal  0.000000e+00  0.000000e+00  1.000000e+00
   outer loop
     vertex  4.851232e+01 -5.219122e+01  5.000000e+00
     vertex  4.870635e+01 -5.245676e+01  5.000000e+00
     vertex  4.867709e+01 -5.241034e+01  5.000000e+00
   endloop
 endfacet
 facet normal  0.000000e+00  0.000000e+00  1.000000e+00
   outer loop
     vertex  4.851232e+01 -5.219122e+01  5.000000e+00
     vertex  4.867709e+01 -5.241034e+01  5.000000e+00
     vertex  4.854765e+01 -5.223320e+01  5.000000e+00
   endloop
 endfacet
 facet normal  0.000000e+00  0.000000e+00  1.000000e+00
   outer loop
     vertex  4.831912e+01 -5.199670e+01  5.000000e+00
     vertex  4.827738e+01 -5.196107e+01  5.000000e+00
     vertex  4.823468e+01 -5.192661e+01  5.000000e+00
   endloop
 endfacet
 facet normal  0.000000e+00  0.000000e+00  1.000000e+00
   outer loop
     vertex  4.831912e+01 -5.199670e+01  5.000000e+00
     vertex  4.823468e+01 -5.192661e+01  5.000000e+00
     vertex  4.814653e+01 -5.186126e+01  5.000000e+00
   endloop
 endfacet
 facet normal  0.000000e+00  0.000000e+00  1.000000e+00
   outer loop
     vertex  4.835987e+01 -5.203345e+01  5.000000e+00
     vertex  4.831912e+01 -5.199670e+01  5.000000e+00
     vertex  4.814653e+01 -5.186126e+01  5.000000e+00
   endloop
 endfacet
 facet normal  0.000000e+00  0.000000e+00  1.000000e+00
   outer loop
     vertex  4.843826e+01 -5.211024e+01  5.000000e+00
     vertex  4.851232e+01 -5.219122e+01  5.000000e+00
     vertex  4.847584e+01 -5.215022e+01  5.000000e+00
   endloop
 endfacet
 facet normal  0.000000e+00  0.000000e+00  1.000000e+00
   outer loop
     vertex  4.839959e+01 -5.207131e+01  5.000000e+00
     vertex  4.562014e+01 -5.205225e+01  5.000000e+00
     vertex  4.503172e+01 -5.385480e+01  5.000000e+00
   endloop
 endfacet
 facet normal  0.000000e+00  0.000000e+00  1.000000e+00
   outer loop
     vertex  4.839959e+01 -5.207131e+01  5.000000e+00
     vertex  4.647133e+01 -5.157114e+01  5.000000e+00
     vertex  4.616237e+01 -5.168386e+01  5.000000e+00
   endloop
 endfacet
 facet normal  0.000000e+00  0.000000e+00  1.000000e+00
   outer loop
     vertex  4.839959e+01 -5.207131e+01  5.000000e+00
     vertex  4.870635e+01 -5.245676e+01  5.000000e+00
     vertex  4.851232e+01 -5.219122e+01  5.000000e+00
   endloop
 endfacet
 facet normal  0.000000e+00  0.000000e+00  1.000000e+00
   outer loop
     vertex  4.839959e+01 -5.207131e+01  5.000000e+00
     vertex  4.895201e+01 -5.306452e+01  5.000000e+00
     vertex  4.870635e+01 -5.245676e+01  5.000000e+00
   endloop
 endfacet
 facet normal  0.000000e+00  0.000000e+00  1.000000e+00
   outer loop
     vertex  4.839959e+01 -5.207131e+01  5.000000e+00
     vertex  4.674008e+01 -5.151696e+01  5.000000e+00
     vertex  4.647133e+01 -5.157114e+01  5.000000e+00
   endloop
 endfacet
 facet normal  0.000000e+00  0.000000e+00  1.000000e+00
   outer loop
     vertex  4.839959e+01 -5.207131e+01  5.000000e+00
     vertex  4.814653e+01 -5.186126e+01  5.000000e+00
     vertex  4.701372e+01 -5.150005e+01  5.000000e+00
   endloop
 endfacet
 facet normal  0.000000e+00  0.000000e+00  1.000000e+00
   outer loop
     vertex  4.839959e+01 -5.207131e+01  5.000000e+00
     vertex  4.851232e+01 -5.219122e+01  5.000000e+00
     vertex  4.843826e+01 -5.211024e+01  5.000000e+00
   endloop
 endfacet
 facet normal  0.000000e+00  0.000000e+00  1.000000e+00
   outer loop
     vertex  4.839959e+01 -5.207131e+01  5.000000e+00
     vertex  4.701372e+01 -5.150005e+01  5.000000e+00
     vertex  4.674008e+01 -5.151696e+01  5.000000e+00
   endloop
 endfacet
 facet normal  0.000000e+00  0.000000e+00  1.000000e+00
   outer loop
     vertex  4.839959e+01 -5.207131e+01  5.000000e+00
     vertex  4.835987e+01 -5.203345e+01  5.000000e+00
     vertex  4.814653e+01 -5.186126e+01  5.000000e+00
   endloop
 endfacet
 facet normal  0.000000e+00  0.000000e+00  1.000000e+00
   outer loop
     vertex  4.839959e+01 -5.207131e+01  5.000000e+00
     vertex  4.503172e+01 -5.385480e+01  5.000000e+00
     vertex  4.895201e+01 -5.306452e+01  5.000000e+00
   endloop
 endfacet
 facet normal  0.000000e+00  0.000000e+00  1.000000e+00
   outer loop
     vertex  4.839959e+01 -5.207131e+01  5.000000e+00
     vertex  4.616237e+01 -5.168386e+01  5.000000e+00
     vertex  4.562014e+01 -5.205225e+01  5.000000e+00
   endloop
 endfacet
 facet normal  0.000000e+00  0.000000e+00  1.000000e+00
   outer loop
     vertex  1.401537e+00 -3.202047e+00  5.000000e+00
     vertex  1.435116e+00 -3.245447e+00  5.000000e+00
     vertex  1.469873e+00 -3.287909e+00  5.000000e+00
   endloop
 endfacet
 facet normal  0.000000e+00  0.000000e+00  1.000000e+00
   outer loop
     vertex  1.338014e+00 -3.112566e+00  5.000000e+00
     vertex  1.369162e+00 -3.157742e+00  5.000000e+00
     vertex  1.401537e+00 -3.202047e+00  5.000000e+00
   endloop
 endfacet
 facet normal  0.000000e+00  0.000000e+00  1.000000e+00
   outer loop
     vertex  1.338014e+00 -3.112566e+00  5.000000e+00
     vertex  1.469873e+00 -3.287909e+00  5.000000e+00
     vertex  1.505781e+00 -3.329402e+00  5.000000e+00
   endloop
 endfacet
 facet normal  0.000000e+00  0.000000e+00  1.000000e+00
   outer loop
     vertex  1.338014e+00 -3.112566e+00  5.000000e+00
     vertex  1.401537e+00 -3.202047e+00  5.000000e+00
     vertex  1.469873e+00 -3.287909e+00  5.000000e+00
   endloop
 endfacet
 facet normal  0.000000e+00  0.000000e+00  1.000000e+00
   outer loop
     vertex  1.921868e+00 -3.684527e+00  5.000000e+00
     vertex  1.660380e+00 -3.485065e+00  5.000000e+00
     vertex  1.701626e+00 -3.521257e+00  5.000000e+00
   endloop
 endfacet
 facet normal  0.000000e+00  0.000000e+00  1.000000e+00
   outer loop
     vertex  1.921868e+00 -3.684527e+00  5.000000e+00
     vertex  1.701626e+00 -3.521257e+00  5.000000e+00
     vertex  1.743849e+00 -3.556304e+00  5.000000e+00
   endloop
 endfacet
 facet normal  0.000000e+00  0.000000e+00  1.000000e+00
   outer loop
     vertex  1.921868e+00 -3.684527e+00  5.000000e+00
     vertex  1.743849e+00 -3.556304e+00  5.000000e+00
     vertex  1.787017e+00 -3.590180e+00  5.000000e+00
   endloop
 endfacet
 facet normal  0.000000e+00  0.000000e+00  1.000000e+00
   outer loop
     vertex  1.921868e+00 -3.684527e+00  5.000000e+00
     vertex  1.787017e+00 -3.590180e+00  5.000000e+00
     vertex  1.831099e+00 -3.622858e+00  5.000000e+00
   endloop
 endfacet
 facet normal  0.000000e+00  0.000000e+00  1.000000e+00
   outer loop
     vertex  1.921868e+00 -3.684527e+00  5.000000e+00
     vertex  1.831099e+00 -3.622858e+00  5.000000e+00
     vertex  1.876060e+00 -3.654315e+00  5.000000e+00
   endloop
 endfacet
 facet normal  0.000000e+00  0.000000e+00  1.000000e+00
   outer loop
     vertex  1.252167e+00 -2.972151e+00  5.000000e+00
     vertex  1.279494e+00 -3.019736e+00  5.000000e+00
     vertex  1.308117e+00 -3.066552e+00  5.000000e+00
   endloop
 endfacet
 facet normal  0.000000e+00  0.000000e+00  1.000000e+00
   outer loop
     vertex  2.064019e+00 -3.767467e+00  5.000000e+00
     vertex  1.921868e+00 -3.684527e+00  5.000000e+00
     vertex  1.968487e+00 -3.713470e+00  5.000000e+00
   endloop
 endfacet
 facet normal  0.000000e+00  0.000000e+00  1.000000e+00
   outer loop
     vertex  2.064019e+00 -3.767467e+00  5.000000e+00
     vertex  1.968487e+00 -3.713470e+00  5.000000e+00
     vertex  2.015883e+00 -3.741124e+00  5.000000e+00
   endloop
 endfacet
 facet normal  0.000000e+00  0.000000e+00  1.000000e+00
   outer loop
     vertex  2.212508e+00 -3.838439e+00  5.000000e+00
     vertex  2.112860e+00 -3.792480e+00  5.000000e+00
     vertex  2.162369e+00 -3.816143e+00  5.000000e+00
   endloop
 endfacet
 facet normal  0.000000e+00  0.000000e+00  1.000000e+00
   outer loop
     vertex  1.156203e+00 -2.774863e+00  5.000000e+00
     vertex  1.178154e+00 -2.825154e+00  5.000000e+00
     vertex  1.201477e+00 -2.874824e+00  5.000000e+00
   endloop
 endfacet
 facet normal  0.000000e+00  0.000000e+00  1.000000e+00
   outer loop
     vertex  1.135639e+00 -2.723988e+00  5.000000e+00
     vertex  1.201477e+00 -2.874824e+00  5.000000e+00
     vertex  1.226154e+00 -2.923835e+00  5.000000e+00
   endloop
 endfacet
 facet normal  0.000000e+00  0.000000e+00  1.000000e+00
   outer loop
     vertex  1.135639e+00 -2.723988e+00  5.000000e+00
     vertex  1.156203e+00 -2.774863e+00  5.000000e+00
     vertex  1.201477e+00 -2.874824e+00  5.000000e+00
   endloop
 endfacet
 facet normal  0.000000e+00  0.000000e+00  1.000000e+00
   outer loop
     vertex  1.082425e+00 -2.568250e+00  5.000000e+00
     vertex  1.098737e+00 -2.620643e+00  5.000000e+00
     vertex  1.116479e+00 -2.672569e+00  5.000000e+00
   endloop
 endfacet
 facet normal  0.000000e+00  0.000000e+00  1.000000e+00
   outer loop
     vertex  1.054145e+00 -2.462220e+00  5.000000e+00
     vertex  1.067558e+00 -2.515429e+00  5.000000e+00
     vertex  1.082425e+00 -2.568250e+00  5.000000e+00
   endloop
 endfacet
 facet normal  0.000000e+00  0.000000e+00  1.000000e+00
   outer loop
     vertex  1.031722e+00 -2.354800e+00  5.000000e+00
     vertex  1.054145e+00 -2.462220e+00  5.000000e+00
     vertex  1.082425e+00 -2.568250e+00  5.000000e+00
   endloop
 endfacet
 facet normal  0.000000e+00  0.000000e+00  1.000000e+00
   outer loop
     vertex  1.031722e+00 -2.354800e+00  5.000000e+00
     vertex  1.042197e+00 -2.408664e+00  5.000000e+00
     vertex  1.054145e+00 -2.462220e+00  5.000000e+00
   endloop
 endfacet
 facet normal  0.000000e+00  0.000000e+00  1.000000e+00
   outer loop
     vertex  1.031722e+00 -2.354800e+00  5.000000e+00
     vertex  1.116479e+00 -2.672569e+00  5.000000e+00
     vertex  1.135639e+00 -2.723988e+00  5.000000e+00
   endloop
 endfacet
 facet normal  0.000000e+00  0.000000e+00  1.000000e+00
   outer loop
     vertex  1.031722e+00 -2.354800e+00  5.000000e+00
     vertex  1.226154e+00 -2.923835e+00  5.000000e+00
     vertex  1.252167e+00 -2.972151e+00  5.000000e+00
   endloop
 endfacet
 facet normal  0.000000e+00  0.000000e+00  1.000000e+00
   outer loop
     vertex  1.031722e+00 -2.354800e+00  5.000000e+00
     vertex  1.308117e+00 -3.066552e+00  5.000000e+00
     vertex  1.338014e+00 -3.112566e+00  5.000000e+00
   endloop
 endfacet
 facet normal  0.000000e+00  0.000000e+00  1.000000e+00
   outer loop
     vertex  1.031722e+00 -2.354800e+00  5.000000e+00
     vertex  1.505781e+00 -3.329402e+00  5.000000e+00
     vertex  1.542814e+00 -3.369894e+00  5.000000e+00
   endloop
 endfacet
 facet normal  0.000000e+00  0.000000e+00  1.000000e+00
   outer loop
     vertex  1.031722e+00 -2.354800e+00  5.000000e+00
     vertex  1.542814e+00 -3.369894e+00  5.000000e+00
     vertex  1.580944e+00 -3.409355e+00  5.000000e+00
   endloop
 endfacet
 facet normal  0.000000e+00  0.000000e+00  1.000000e+00
   outer loop
     vertex  1.031722e+00 -2.354800e+00  5.000000e+00
     vertex  1.338014e+00 -3.112566e+00  5.000000e+00
     vertex  1.505781e+00 -3.329402e+00  5.000000e+00
   endloop
 endfacet
 facet normal  0.000000e+00  0.000000e+00  1.000000e+00
   outer loop
     vertex  1.031722e+00 -2.354800e+00  5.000000e+00
     vertex  1.252167e+00 -2.972151e+00  5.000000e+00
     vertex  1.308117e+00 -3.066552e+00  5.000000e+00
   endloop
 endfacet
 facet normal  0.000000e+00  0.000000e+00  1.000000e+00
   outer loop
     vertex  1.031722e+00 -2.354800e+00  5.000000e+00
     vertex  1.135639e+00 -2.723988e+00  5.000000e+00
     vertex  1.226154e+00 -2.923835e+00  5.000000e+00
   endloop
 endfacet
 facet normal  0.000000e+00  0.000000e+00  1.000000e+00
   outer loop
     vertex  1.031722e+00 -2.354800e+00  5.000000e+00
     vertex  1.082425e+00 -2.568250e+00  5.000000e+00
     vertex  1.116479e+00 -2.672569e+00  5.000000e+00
   endloop
 endfacet
 facet normal  0.000000e+00  0.000000e+00  1.000000e+00
   outer loop
     vertex  2.685776e+00 -3.975162e+00  5.000000e+00
     vertex  2.577917e+00 -3.954954e+00  5.000000e+00
     vertex  2.631708e+00 -3.965798e+00  5.000000e+00
   endloop
 endfacet
 facet normal  0.000000e+00  0.000000e+00  1.000000e+00
   outer loop
     vertex  2.740081e+00 -3.983039e+00  5.000000e+00
     vertex  2.577917e+00 -3.954954e+00  5.000000e+00
     vertex  2.685776e+00 -3.975162e+00  5.000000e+00
   endloop
 endfacet
 facet normal  0.000000e+00  0.000000e+00  1.000000e+00
   outer loop
     vertex  1.015225e+00 -2.246310e+00  5.000000e+00
     vertex  1.022729e+00 -2.300668e+00  5.000000e+00
     vertex  1.031722e+00 -2.354800e+00  5.000000e+00
   endloop
 endfacet
 facet normal  0.000000e+00  0.000000e+00  1.000000e+00
   outer loop
     vertex  2.849237e+00 -3.994310e+00  5.000000e+00
     vertex  2.740081e+00 -3.983039e+00  5.000000e+00
     vertex  2.794582e+00 -3.989423e+00  5.000000e+00
   endloop
 endfacet
 facet normal  0.000000e+00  0.000000e+00  1.000000e+00
   outer loop
     vertex  1.009215e+00 -1.808233e+00  5.000000e+00
     vertex  1.004703e+00 -1.862920e+00  5.000000e+00
     vertex  1.001694e+00 -1.917711e+00  5.000000e+00
   endloop
 endfacet
 facet normal  0.000000e+00  0.000000e+00  1.000000e+00
   outer loop
     vertex  3.232690e+00 -3.986418e+00  5.000000e+00
     vertex  2.958847e+00 -3.999577e+00  5.000000e+00
     vertex  3.013719e+00 -3.999953e+00  5.000000e+00
   endloop
 endfacet
 facet normal  0.000000e+00  0.000000e+00  1.000000e+00
   outer loop
     vertex  3.232690e+00 -3.986418e+00  5.000000e+00
     vertex  3.013719e+00 -3.999953e+00  5.000000e+00
     vertex  3.068580e+00 -3.998824e+00  5.000000e+00
   endloop
 endfacet
 facet normal  0.000000e+00  0.000000e+00  1.000000e+00
   outer loop
     vertex  3.232690e+00 -3.986418e+00  5.000000e+00
     vertex  3.068580e+00 -3.998824e+00  5.000000e+00
     vertex  3.123390e+00 -3.996190e+00  5.000000e+00
   endloop
 endfacet
 facet normal  0.000000e+00  0.000000e+00  1.000000e+00
   outer loop
     vertex  3.232690e+00 -3.986418e+00  5.000000e+00
     vertex  3.123390e+00 -3.996190e+00  5.000000e+00
     vertex  3.178107e+00 -3.992054e+00  5.000000e+00
   endloop
 endfacet
 facet normal  0.000000e+00  0.000000e+00  1.000000e+00
   outer loop
     vertex  1.022729e+00 -1.699332e+00  5.000000e+00
     vertex  1.015225e+00 -2.246310e+00  5.000000e+00
     vertex  1.031722e+00 -2.354800e+00  5.000000e+00
   endloop
 endfacet
 facet normal  0.000000e+00  0.000000e+00  1.000000e+00
   outer loop
     vertex  1.022729e+00 -1.699332e+00  5.000000e+00
     vertex  1.015225e+00 -1.753690e+00  5.000000e+00
     vertex  1.009215e+00 -1.808233e+00  5.000000e+00
   endloop
 endfacet
 facet normal  0.000000e+00  0.000000e+00  1.000000e+00
   outer loop
     vertex  1.022729e+00 -1.699332e+00  5.000000e+00
     vertex  1.001694e+00 -1.917711e+00  5.000000e+00
     vertex  1.000188e+00 -1.972563e+00  5.000000e+00
   endloop
 endfacet
 facet normal  0.000000e+00  0.000000e+00  1.000000e+00
   outer loop
     vertex  1.022729e+00 -1.699332e+00  5.000000e+00
     vertex  1.000188e+00 -1.972563e+00  5.000000e+00
     vertex  1.000188e+00 -2.027437e+00  5.000000e+00
   endloop
 endfacet
 facet normal  0.000000e+00  0.000000e+00  1.000000e+00
   outer loop
     vertex  1.022729e+00 -1.699332e+00  5.000000e+00
     vertex  1.000188e+00 -2.027437e+00  5.000000e+00
     vertex  1.001694e+00 -2.082289e+00  5.000000e+00
   endloop
 endfacet
 facet normal  0.000000e+00  0.000000e+00  1.000000e+00
   outer loop
     vertex  1.022729e+00 -1.699332e+00  5.000000e+00
     vertex  1.001694e+00 -2.082289e+00  5.000000e+00
     vertex  1.004703e+00 -2.137080e+00  5.000000e+00
   endloop
 endfacet
 facet normal  0.000000e+00  0.000000e+00  1.000000e+00
   outer loop
     vertex  1.022729e+00 -1.699332e+00  5.000000e+00
     vertex  1.004703e+00 -2.137080e+00  5.000000e+00
     vertex  1.009215e+00 -2.191767e+00  5.000000e+00
   endloop
 endfacet
 facet normal  0.000000e+00  0.000000e+00  1.000000e+00
   outer loop
     vertex  1.022729e+00 -1.699332e+00  5.000000e+00
     vertex  1.009215e+00 -2.191767e+00  5.000000e+00
     vertex  1.015225e+00 -2.246310e+00  5.000000e+00
   endloop
 endfacet
 facet normal  0.000000e+00  0.000000e+00  1.000000e+00
   outer loop
     vertex  1.022729e+00 -1.699332e+00  5.000000e+00
     vertex  1.009215e+00 -1.808233e+00  5.000000e+00
     vertex  1.001694e+00 -1.917711e+00  5.000000e+00
   endloop
 endfacet
 facet normal  0.000000e+00  0.000000e+00  1.000000e+00
   outer loop
     vertex  1.022729e+00 -1.699332e+00  5.000000e+00
     vertex  1.580944e+00 -3.409355e+00  5.000000e+00
     vertex  1.620143e+00 -3.447755e+00  5.000000e+00
   endloop
 endfacet
 facet normal  0.000000e+00  0.000000e+00  1.000000e+00
   outer loop
     vertex  1.022729e+00 -1.699332e+00  5.000000e+00
     vertex  1.620143e+00 -3.447755e+00  5.000000e+00
     vertex  1.660380e+00 -3.485065e+00  5.000000e+00
   endloop
 endfacet
 facet normal  0.000000e+00  0.000000e+00  1.000000e+00
   outer loop
     vertex  1.022729e+00 -1.699332e+00  5.000000e+00
     vertex  1.031722e+00 -2.354800e+00  5.000000e+00
     vertex  1.580944e+00 -3.409355e+00  5.000000e+00
   endloop
 endfacet
 facet normal  0.000000e+00  0.000000e+00  1.000000e+00
   outer loop
     vertex  3.395225e+00 -3.960560e+00  5.000000e+00
     vertex  3.232690e+00 -3.986418e+00  5.000000e+00
     vertex  3.287098e+00 -3.979286e+00  5.000000e+00
   endloop
 endfacet
 facet normal  0.000000e+00  0.000000e+00  1.000000e+00
   outer loop
     vertex  3.395225e+00 -3.960560e+00  5.000000e+00
     vertex  3.287098e+00 -3.979286e+00  5.000000e+00
     vertex  3.341290e+00 -3.970665e+00  5.000000e+00
   endloop
 endfacet
 facet normal  0.000000e+00  0.000000e+00  1.000000e+00
   outer loop
     vertex  1.042197e+00 -1.591336e+00  5.000000e+00
     vertex  1.031722e+00 -1.645200e+00  5.000000e+00
     vertex  1.022729e+00 -1.699332e+00  5.000000e+00
   endloop
 endfacet
 facet normal  0.000000e+00  0.000000e+00  1.000000e+00
   outer loop
     vertex  1.054145e+00 -1.537780e+00  5.000000e+00
     vertex  1.042197e+00 -1.591336e+00  5.000000e+00
     vertex  1.022729e+00 -1.699332e+00  5.000000e+00
   endloop
 endfacet
 facet normal  0.000000e+00  0.000000e+00  1.000000e+00
   outer loop
     vertex  3.502162e+00 -3.935932e+00  5.000000e+00
     vertex  3.395225e+00 -3.960560e+00  5.000000e+00
     vertex  3.448862e+00 -3.948980e+00  5.000000e+00
   endloop
 endfacet
 facet normal  0.000000e+00  0.000000e+00  1.000000e+00
   outer loop
     vertex  3.555083e+00 -3.921427e+00  5.000000e+00
     vertex  3.232690e+00 -3.986418e+00  5.000000e+00
     vertex  3.395225e+00 -3.960560e+00  5.000000e+00
   endloop
 endfacet
 facet normal  0.000000e+00  0.000000e+00  1.000000e+00
   outer loop
     vertex  3.555083e+00 -3.921427e+00  5.000000e+00
     vertex  3.395225e+00 -3.960560e+00  5.000000e+00
     vertex  3.502162e+00 -3.935932e+00  5.000000e+00
   endloop
 endfacet
 facet normal  0.000000e+00  0.000000e+00  1.000000e+00
   outer loop
     vertex  1.082425e+00 -1.431750e+00  5.000000e+00
     vertex  1.067558e+00 -1.484571e+00  5.000000e+00
     vertex  1.054145e+00 -1.537780e+00  5.000000e+00
   endloop
 endfacet
 facet normal  0.000000e+00  0.000000e+00  1.000000e+00
   outer loop
     vertex  1.098737e+00 -1.379357e+00  5.000000e+00
     vertex  1.082425e+00 -1.431750e+00  5.000000e+00
     vertex  1.054145e+00 -1.537780e+00  5.000000e+00
   endloop
 endfacet
 facet normal  0.000000e+00  0.000000e+00  1.000000e+00
   outer loop
     vertex  3.659633e+00 -3.888090e+00  5.000000e+00
     vertex  2.958847e+00 -3.999577e+00  5.000000e+00
     vertex  3.232690e+00 -3.986418e+00  5.000000e+00
   endloop
 endfacet
 facet normal  0.000000e+00  0.000000e+00  1.000000e+00
   outer loop
     vertex  3.659633e+00 -3.888090e+00  5.000000e+00
     vertex  2.849237e+00 -3.994310e+00  5.000000e+00
     vertex  2.904006e+00 -3.997695e+00  5.000000e+00
   endloop
 endfacet
 facet normal  0.000000e+00  0.000000e+00  1.000000e+00
   outer loop
     vertex  3.659633e+00 -3.888090e+00  5.000000e+00
     vertex  3.232690e+00 -3.986418e+00  5.000000e+00
     vertex  3.555083e+00 -3.921427e+00  5.000000e+00
   endloop
 endfacet
 facet normal  0.000000e+00  0.000000e+00  1.000000e+00
   outer loop
     vertex  3.659633e+00 -3.888090e+00  5.000000e+00
     vertex  2.904006e+00 -3.997695e+00  5.000000e+00
     vertex  2.958847e+00 -3.999577e+00  5.000000e+00
   endloop
 endfacet
 facet normal  0.000000e+00  0.000000e+00  1.000000e+00
   outer loop
     vertex  3.659633e+00 -3.888090e+00  5.000000e+00
     vertex  3.555083e+00 -3.921427e+00  5.000000e+00
     vertex  3.607587e+00 -3.905476e+00  5.000000e+00
   endloop
 endfacet
 facet normal  0.000000e+00  0.000000e+00  1.000000e+00
   outer loop
     vertex  1.135639e+00 -1.276012e+00  5.000000e+00
     vertex  1.116479e+00 -1.327431e+00  5.000000e+00
     vertex  1.098737e+00 -1.379357e+00  5.000000e+00
   endloop
 endfacet
 facet normal  0.000000e+00  0.000000e+00  1.000000e+00
   outer loop
     vertex  3.762197e+00 -3.849069e+00  5.000000e+00
     vertex  3.659633e+00 -3.888090e+00  5.000000e+00
     vertex  3.711183e+00 -3.869283e+00  5.000000e+00
   endloop
 endfacet
 facet normal  0.000000e+00  0.000000e+00  1.000000e+00
   outer loop
     vertex  1.156203e+00 -1.225137e+00  5.000000e+00
     vertex  1.135639e+00 -1.276012e+00  5.000000e+00
     vertex  1.098737e+00 -1.379357e+00  5.000000e+00
   endloop
 endfacet
 facet normal  0.000000e+00  0.000000e+00  1.000000e+00
   outer loop
     vertex  3.812638e+00 -3.827463e+00  5.000000e+00
     vertex  3.659633e+00 -3.888090e+00  5.000000e+00
     vertex  3.762197e+00 -3.849069e+00  5.000000e+00
   endloop
 endfacet
 facet normal  0.000000e+00  0.000000e+00  1.000000e+00
   outer loop
     vertex  1.201477e+00 -1.125176e+00  5.000000e+00
     vertex  1.156203e+00 -1.225137e+00  5.000000e+00
     vertex  1.098737e+00 -1.379357e+00  5.000000e+00
   endloop
 endfacet
 facet normal  0.000000e+00  0.000000e+00  1.000000e+00
   outer loop
     vertex  1.201477e+00 -1.125176e+00  5.000000e+00
     vertex  1.660380e+00 -3.485065e+00  5.000000e+00
     vertex  1.921868e+00 -3.684527e+00  5.000000e+00
   endloop
 endfacet
 facet normal  0.000000e+00  0.000000e+00  1.000000e+00
   outer loop
     vertex  1.201477e+00 -1.125176e+00  5.000000e+00
     vertex  2.064019e+00 -3.767467e+00  5.000000e+00
     vertex  2.112860e+00 -3.792480e+00  5.000000e+00
   endloop
 endfacet
 facet normal  0.000000e+00  0.000000e+00  1.000000e+00
   outer loop
     vertex  1.201477e+00 -1.125176e+00  5.000000e+00
     vertex  2.212508e+00 -3.838439e+00  5.000000e+00
     vertex  2.263241e+00 -3.859351e+00  5.000000e+00
   endloop
 endfacet
 facet normal  0.000000e+00  0.000000e+00  1.000000e+00
   outer loop
     vertex  1.201477e+00 -1.125176e+00  5.000000e+00
     vertex  2.263241e+00 -3.859351e+00  5.000000e+00
     vertex  2.314528e+00 -3.878863e+00  5.000000e+00
   endloop
 endfacet
 facet normal  0.000000e+00  0.000000e+00  1.000000e+00
   outer loop
     vertex  1.201477e+00 -1.125176e+00  5.000000e+00
     vertex  1.022729e+00 -1.699332e+00  5.000000e+00
     vertex  1.660380e+00 -3.485065e+00  5.000000e+00
   endloop
 endfacet
 facet normal  0.000000e+00  0.000000e+00  1.000000e+00
   outer loop
     vertex  1.201477e+00 -1.125176e+00  5.000000e+00
     vertex  1.921868e+00 -3.684527e+00  5.000000e+00
     vertex  2.064019e+00 -3.767467e+00  5.000000e+00
   endloop
 endfacet
 facet normal  0.000000e+00  0.000000e+00  1.000000e+00
   outer loop
     vertex  1.201477e+00 -1.125176e+00  5.000000e+00
     vertex  1.054145e+00 -1.537780e+00  5.000000e+00
     vertex  1.022729e+00 -1.699332e+00  5.000000e+00
   endloop
 endfacet
 facet normal  0.000000e+00  0.000000e+00  1.000000e+00
   outer loop
     vertex  1.201477e+00 -1.125176e+00  5.000000e+00
     vertex  2.112860e+00 -3.792480e+00  5.000000e+00
     vertex  2.212508e+00 -3.838439e+00  5.000000e+00
   endloop
 endfacet
 facet normal  0.000000e+00  0.000000e+00  1.000000e+00
   outer loop
     vertex  1.201477e+00 -1.125176e+00  5.000000e+00
     vertex  1.098737e+00 -1.379357e+00  5.000000e+00
     vertex  1.054145e+00 -1.537780e+00  5.000000e+00
   endloop
 endfacet
 facet normal  0.000000e+00  0.000000e+00  1.000000e+00
   outer loop
     vertex  1.201477e+00 -1.125176e+00  5.000000e+00
     vertex  1.178154e+00 -1.174846e+00  5.000000e+00
     vertex  1.156203e+00 -1.225137e+00  5.000000e+00
   endloop
 endfacet
 facet normal  0.000000e+00  0.000000e+00  1.000000e+00
   outer loop
     vertex  3.911646e+00 -3.780141e+00  5.000000e+00
     vertex  3.659633e+00 -3.888090e+00  5.000000e+00
     vertex  3.812638e+00 -3.827463e+00  5.000000e+00
   endloop
 endfacet
 facet normal  0.000000e+00  0.000000e+00  1.000000e+00
   outer loop
     vertex  3.911646e+00 -3.780141e+00  5.000000e+00
     vertex  3.812638e+00 -3.827463e+00  5.000000e+00
     vertex  3.862467e+00 -3.804481e+00  5.000000e+00
   endloop
 endfacet
 facet normal  0.000000e+00  0.000000e+00  1.000000e+00
   outer loop
     vertex  3.960139e+00 -3.754461e+00  5.000000e+00
     vertex  3.659633e+00 -3.888090e+00  5.000000e+00
     vertex  3.911646e+00 -3.780141e+00  5.000000e+00
   endloop
 endfacet
 facet normal  0.000000e+00  0.000000e+00  1.000000e+00
   outer loop
     vertex  1.252167e+00 -1.027849e+00  5.000000e+00
     vertex  1.226154e+00 -1.076165e+00  5.000000e+00
     vertex  1.201477e+00 -1.125176e+00  5.000000e+00
   endloop
 endfacet
 facet normal  0.000000e+00  0.000000e+00  1.000000e+00
   outer loop
     vertex  1.279494e+00 -9.802645e-01  5.000000e+00
     vertex  1.252167e+00 -1.027849e+00  5.000000e+00
     vertex  1.201477e+00 -1.125176e+00  5.000000e+00
   endloop
 endfacet
 facet normal  0.000000e+00  0.000000e+00  1.000000e+00
   outer loop
     vertex  4.054922e+00 -3.699159e+00  5.000000e+00
     vertex  3.659633e+00 -3.888090e+00  5.000000e+00
     vertex  3.960139e+00 -3.754461e+00  5.000000e+00
   endloop
 endfacet
 facet normal  0.000000e+00  0.000000e+00  1.000000e+00
   outer loop
     vertex  4.054922e+00 -3.699159e+00  5.000000e+00
     vertex  3.960139e+00 -3.754461e+00  5.000000e+00
     vertex  4.007910e+00 -3.727460e+00  5.000000e+00
   endloop
 endfacet
 facet normal  0.000000e+00  0.000000e+00  1.000000e+00
   outer loop
     vertex  4.101140e+00 -3.669578e+00  5.000000e+00
     vertex  3.659633e+00 -3.888090e+00  5.000000e+00
     vertex  4.054922e+00 -3.699159e+00  5.000000e+00
   endloop
 endfacet
 facet normal  0.000000e+00  0.000000e+00  1.000000e+00
   outer loop
     vertex  1.338014e+00 -8.874341e-01  5.000000e+00
     vertex  1.279494e+00 -9.802645e-01  5.000000e+00
     vertex  1.201477e+00 -1.125176e+00  5.000000e+00
   endloop
 endfacet
 facet normal  0.000000e+00  0.000000e+00  1.000000e+00
   outer loop
     vertex  1.338014e+00 -8.874341e-01  5.000000e+00
     vertex  1.308117e+00 -9.334479e-01  5.000000e+00
     vertex  1.279494e+00 -9.802645e-01  5.000000e+00
   endloop
 endfacet
 facet normal  0.000000e+00  0.000000e+00  1.000000e+00
   outer loop
     vertex  1.401537e+00 -7.979531e-01  5.000000e+00
     vertex  1.338014e+00 -8.874341e-01  5.000000e+00
     vertex  1.201477e+00 -1.125176e+00  5.000000e+00
   endloop
 endfacet
 facet normal  0.000000e+00  0.000000e+00  1.000000e+00
   outer loop
     vertex  1.401537e+00 -7.979531e-01  5.000000e+00
     vertex  1.369162e+00 -8.422579e-01  5.000000e+00
     vertex  1.338014e+00 -8.874341e-01  5.000000e+00
   endloop
 endfacet
 facet normal  0.000000e+00  0.000000e+00  1.000000e+00
   outer loop
     vertex  4.234683e+00 -3.573390e+00  5.000000e+00
     vertex  4.101140e+00 -3.669578e+00  5.000000e+00
     vertex  4.146528e+00 -3.638741e+00  5.000000e+00
   endloop
 endfacet
 facet normal  0.000000e+00  0.000000e+00  1.000000e+00
   outer loop
     vertex  4.234683e+00 -3.573390e+00  5.000000e+00
     vertex  4.146528e+00 -3.638741e+00  5.000000e+00
     vertex  4.191054e+00 -3.606670e+00  5.000000e+00
   endloop
 endfacet
 facet normal  0.000000e+00  0.000000e+00  1.000000e+00
   outer loop
     vertex  4.359867e+00 -3.466548e+00  5.000000e+00
     vertex  4.234683e+00 -3.573390e+00  5.000000e+00
     vertex  4.277383e+00 -3.538926e+00  5.000000e+00
   endloop
 endfacet
 facet normal  0.000000e+00  0.000000e+00  1.000000e+00
   outer loop
     vertex  4.359867e+00 -3.466548e+00  5.000000e+00
     vertex  4.277383e+00 -3.538926e+00  5.000000e+00
     vertex  4.319121e+00 -3.503303e+00  5.000000e+00
   endloop
 endfacet
 facet normal  0.000000e+00  0.000000e+00  1.000000e+00
   outer loop
     vertex  1.542814e+00 -6.301060e-01  5.000000e+00
     vertex  1.505781e+00 -6.705981e-01  5.000000e+00
     vertex  1.469873e+00 -7.120909e-01  5.000000e+00
   endloop
 endfacet
 facet normal  0.000000e+00  0.000000e+00  1.000000e+00
   outer loop
     vertex  1.542814e+00 -6.301060e-01  5.000000e+00
     vertex  1.469873e+00 -7.120909e-01  5.000000e+00
     vertex  1.435116e+00 -7.545532e-01  5.000000e+00
   endloop
 endfacet
 facet normal  0.000000e+00  0.000000e+00  1.000000e+00
   outer loop
     vertex  4.399588e+00 -3.428689e+00  5.000000e+00
     vertex  4.101140e+00 -3.669578e+00  5.000000e+00
     vertex  4.234683e+00 -3.573390e+00  5.000000e+00
   endloop
 endfacet
 facet normal  0.000000e+00  0.000000e+00  1.000000e+00
   outer loop
     vertex  4.399588e+00 -3.428689e+00  5.000000e+00
     vertex  3.659633e+00 -3.888090e+00  5.000000e+00
     vertex  4.101140e+00 -3.669578e+00  5.000000e+00
   endloop
 endfacet
 facet normal  0.000000e+00  0.000000e+00  1.000000e+00
   outer loop
     vertex  4.399588e+00 -3.428689e+00  5.000000e+00
     vertex  2.740081e+00 -3.983039e+00  5.000000e+00
     vertex  2.849237e+00 -3.994310e+00  5.000000e+00
   endloop
 endfacet
 facet normal  0.000000e+00  0.000000e+00  1.000000e+00
   outer loop
     vertex  4.399588e+00 -3.428689e+00  5.000000e+00
     vertex  4.234683e+00 -3.573390e+00  5.000000e+00
     vertex  4.359867e+00 -3.466548e+00  5.000000e+00
   endloop
 endfacet
 facet normal  0.000000e+00  0.000000e+00  1.000000e+00
   outer loop
     vertex  4.399588e+00 -3.428689e+00  5.000000e+00
     vertex  2.366330e+00 -3.896961e+00  5.000000e+00
     vertex  2.418610e+00 -3.913632e+00  5.000000e+00
   endloop
 endfacet
 facet normal  0.000000e+00  0.000000e+00  1.000000e+00
   outer loop
     vertex  4.399588e+00 -3.428689e+00  5.000000e+00
     vertex  2.418610e+00 -3.913632e+00  5.000000e+00
     vertex  2.471328e+00 -3.928861e+00  5.000000e+00
   endloop
 endfacet
 facet normal  0.000000e+00  0.000000e+00  1.000000e+00
   outer loop
     vertex  4.399588e+00 -3.428689e+00  5.000000e+00
     vertex  2.471328e+00 -3.928861e+00  5.000000e+00
     vertex  2.524443e+00 -3.942639e+00  5.000000e+00
   endloop
 endfacet
 facet normal  0.000000e+00  0.000000e+00  1.000000e+00
   outer loop
     vertex  4.399588e+00 -3.428689e+00  5.000000e+00
     vertex  2.524443e+00 -3.942639e+00  5.000000e+00
     vertex  2.577917e+00 -3.954954e+00  5.000000e+00
   endloop
 endfacet
 facet normal  0.000000e+00  0.000000e+00  1.000000e+00
   outer loop
     vertex  4.399588e+00 -3.428689e+00  5.000000e+00
     vertex  2.849237e+00 -3.994310e+00  5.000000e+00
     vertex  3.659633e+00 -3.888090e+00  5.000000e+00
   endloop
 endfacet
 facet normal  0.000000e+00  0.000000e+00  1.000000e+00
   outer loop
     vertex  4.399588e+00 -3.428689e+00  5.000000e+00
     vertex  2.577917e+00 -3.954954e+00  5.000000e+00
     vertex  2.740081e+00 -3.983039e+00  5.000000e+00
   endloop
 endfacet
 facet normal  0.000000e+00  0.000000e+00  1.000000e+00
   outer loop
     vertex  1.580944e+00 -5.906451e-01  5.000000e+00
     vertex  1.542814e+00 -6.301060e-01  5.000000e+00
     vertex  1.435116e+00 -7.545532e-01  5.000000e+00
   endloop
 endfacet
 facet normal  0.000000e+00  0.000000e+00  1.000000e+00
   outer loop
     vertex  1.580944e+00 -5.906451e-01  5.000000e+00
     vertex  1.435116e+00 -7.545532e-01  5.000000e+00
     vertex  1.401537e+00 -7.979531e-01  5.000000e+00
   endloop
 endfacet
 facet normal  0.000000e+00  0.000000e+00  1.000000e+00
   outer loop
     vertex  1.620143e+00 -5.522451e-01  5.000000e+00
     vertex  1.580944e+00 -5.906451e-01  5.000000e+00
     vertex  1.401537e+00 -7.979531e-01  5.000000e+00
   endloop
 endfacet
 facet normal  0.000000e+00  0.000000e+00  1.000000e+00
   outer loop
     vertex  1.660380e+00 -5.149349e-01  5.000000e+00
     vertex  1.620143e+00 -5.522451e-01  5.000000e+00
     vertex  1.401537e+00 -7.979531e-01  5.000000e+00
   endloop
 endfacet
 facet normal  0.000000e+00  0.000000e+00  1.000000e+00
   outer loop
     vertex  4.512316e+00 -3.308779e+00  5.000000e+00
     vertex  4.438256e+00 -3.389755e+00  5.000000e+00
     vertex  4.475841e+00 -3.349775e+00  5.000000e+00
   endloop
 endfacet
 facet normal  0.000000e+00  0.000000e+00  1.000000e+00
   outer loop
     vertex  4.512316e+00 -3.308779e+00  5.000000e+00
     vertex  4.399588e+00 -3.428689e+00  5.000000e+00
     vertex  4.438256e+00 -3.389755e+00  5.000000e+00
   endloop
 endfacet
 facet normal  0.000000e+00  0.000000e+00  1.000000e+00
   outer loop
     vertex  1.701626e+00 -4.787427e-01  5.000000e+00
     vertex  1.660380e+00 -5.149349e-01  5.000000e+00
     vertex  1.401537e+00 -7.979531e-01  5.000000e+00
   endloop
 endfacet
 facet normal  0.000000e+00  0.000000e+00  1.000000e+00
   outer loop
     vertex  4.547651e+00 -3.266797e+00  5.000000e+00
     vertex  4.399588e+00 -3.428689e+00  5.000000e+00
     vertex  4.512316e+00 -3.308779e+00  5.000000e+00
   endloop
 endfacet
 facet normal  0.000000e+00  0.000000e+00  1.000000e+00
   outer loop
     vertex  4.547651e+00 -3.266797e+00  5.000000e+00
     vertex  2.366330e+00 -3.896961e+00  5.000000e+00
     vertex  4.399588e+00 -3.428689e+00  5.000000e+00
   endloop
 endfacet
 facet normal  0.000000e+00  0.000000e+00  1.000000e+00
   outer loop
     vertex  4.547651e+00 -3.266797e+00  5.000000e+00
     vertex  2.314528e+00 -3.878863e+00  5.000000e+00
     vertex  2.366330e+00 -3.896961e+00  5.000000e+00
   endloop
 endfacet
 facet normal  0.000000e+00  0.000000e+00  1.000000e+00
   outer loop
     vertex  4.614802e+00 -3.180006e+00  5.000000e+00
     vertex  4.547651e+00 -3.266797e+00  5.000000e+00
     vertex  4.581822e+00 -3.223862e+00  5.000000e+00
   endloop
 endfacet
 facet normal  0.000000e+00  0.000000e+00  1.000000e+00
   outer loop
     vertex  1.876060e+00 -3.456846e-01  5.000000e+00
     vertex  1.831099e+00 -3.771415e-01  5.000000e+00
     vertex  1.787017e+00 -4.098200e-01  5.000000e+00
   endloop
 endfacet
 facet normal  0.000000e+00  0.000000e+00  1.000000e+00
   outer loop
     vertex  1.876060e+00 -3.456846e-01  5.000000e+00
     vertex  1.787017e+00 -4.098200e-01  5.000000e+00
     vertex  1.743849e+00 -4.436956e-01  5.000000e+00
   endloop
 endfacet
 facet normal  0.000000e+00  0.000000e+00  1.000000e+00
   outer loop
     vertex  1.876060e+00 -3.456846e-01  5.000000e+00
     vertex  1.743849e+00 -4.436956e-01  5.000000e+00
     vertex  1.701626e+00 -4.787427e-01  5.000000e+00
   endloop
 endfacet
 facet normal  0.000000e+00  0.000000e+00  1.000000e+00
   outer loop
     vertex  4.677092e+00 -3.089662e+00  5.000000e+00
     vertex  4.614802e+00 -3.180006e+00  5.000000e+00
     vertex  4.646567e+00 -3.135261e+00  5.000000e+00
   endloop
 endfacet
 facet normal  0.000000e+00  0.000000e+00  1.000000e+00
   outer loop
     vertex  4.677092e+00 -3.089662e+00  5.000000e+00
     vertex  4.547651e+00 -3.266797e+00  5.000000e+00
     vertex  4.614802e+00 -3.180006e+00  5.000000e+00
   endloop
 endfacet
 facet normal  0.000000e+00  0.000000e+00  1.000000e+00
   outer loop
     vertex  1.968487e+00 -2.865296e-01  5.000000e+00
     vertex  1.701626e+00 -4.787427e-01  5.000000e+00
     vertex  1.401537e+00 -7.979531e-01  5.000000e+00
   endloop
 endfacet
 facet normal  0.000000e+00  0.000000e+00  1.000000e+00
   outer loop
     vertex  1.968487e+00 -2.865296e-01  5.000000e+00
     vertex  1.921868e+00 -3.154731e-01  5.000000e+00
     vertex  1.876060e+00 -3.456846e-01  5.000000e+00
   endloop
 endfacet
 facet normal  0.000000e+00  0.000000e+00  1.000000e+00
   outer loop
     vertex  1.968487e+00 -2.865296e-01  5.000000e+00
     vertex  1.876060e+00 -3.456846e-01  5.000000e+00
     vertex  1.701626e+00 -4.787427e-01  5.000000e+00
   endloop
 endfacet
 facet normal  0.000000e+00  0.000000e+00  1.000000e+00
   outer loop
     vertex  4.734333e+00 -2.996037e+00  5.000000e+00
     vertex  4.677092e+00 -3.089662e+00  5.000000e+00
     vertex  4.706355e+00 -3.043242e+00  5.000000e+00
   endloop
 endfacet
 facet normal  0.000000e+00  0.000000e+00  1.000000e+00
   outer loop
     vertex  4.734333e+00 -2.996037e+00  5.000000e+00
     vertex  4.547651e+00 -3.266797e+00  5.000000e+00
     vertex  4.677092e+00 -3.089662e+00  5.000000e+00
   endloop
 endfacet
 facet normal  0.000000e+00  0.000000e+00  1.000000e+00
   outer loop
     vertex  2.064019e+00 -2.325329e-01  5.000000e+00
     vertex  2.015883e+00 -2.588759e-01  5.000000e+00
     vertex  1.968487e+00 -2.865296e-01  5.000000e+00
   endloop
 endfacet
 facet normal  0.000000e+00  0.000000e+00  1.000000e+00
   outer loop
     vertex  2.112860e+00 -2.075204e-01  5.000000e+00
     vertex  2.064019e+00 -2.325329e-01  5.000000e+00
     vertex  1.968487e+00 -2.865296e-01  5.000000e+00
   endloop
 endfacet
 facet normal  0.000000e+00  0.000000e+00  1.000000e+00
   outer loop
     vertex  2.162369e+00 -1.838573e-01  5.000000e+00
     vertex  2.112860e+00 -2.075204e-01  5.000000e+00
     vertex  1.968487e+00 -2.865296e-01  5.000000e+00
   endloop
 endfacet
 facet normal  0.000000e+00  0.000000e+00  1.000000e+00
   outer loop
     vertex  4.832994e+00 -2.800083e+00  5.000000e+00
     vertex  4.734333e+00 -2.996037e+00  5.000000e+00
     vertex  4.761005e+00 -2.948082e+00  5.000000e+00
   endloop
 endfacet
 facet normal  0.000000e+00  0.000000e+00  1.000000e+00
   outer loop
     vertex  4.832994e+00 -2.800083e+00  5.000000e+00
     vertex  4.761005e+00 -2.948082e+00  5.000000e+00
     vertex  4.786352e+00 -2.899414e+00  5.000000e+00
   endloop
 endfacet
 facet normal  0.000000e+00  0.000000e+00  1.000000e+00
   outer loop
     vertex  4.832994e+00 -2.800083e+00  5.000000e+00
     vertex  4.786352e+00 -2.899414e+00  5.000000e+00
     vertex  4.810354e+00 -2.850069e+00  5.000000e+00
   endloop
 endfacet
 facet normal  0.000000e+00  0.000000e+00  1.000000e+00
   outer loop
     vertex  4.854253e+00 -2.749496e+00  5.000000e+00
     vertex  4.734333e+00 -2.996037e+00  5.000000e+00
     vertex  4.832994e+00 -2.800083e+00  5.000000e+00
   endloop
 endfacet
 facet normal  0.000000e+00  0.000000e+00  1.000000e+00
   outer loop
     vertex  2.263241e+00 -1.406491e-01  5.000000e+00
     vertex  2.162369e+00 -1.838573e-01  5.000000e+00
     vertex  1.968487e+00 -2.865296e-01  5.000000e+00
   endloop
 endfacet
 facet normal  0.000000e+00  0.000000e+00  1.000000e+00
   outer loop
     vertex  2.263241e+00 -1.406491e-01  5.000000e+00
     vertex  2.212508e+00 -1.615612e-01  5.000000e+00
     vertex  2.162369e+00 -1.838573e-01  5.000000e+00
   endloop
 endfacet
 facet normal  0.000000e+00  0.000000e+00  1.000000e+00
   outer loop
     vertex  4.874117e+00 -2.698344e+00  5.000000e+00
     vertex  4.734333e+00 -2.996037e+00  5.000000e+00
     vertex  4.854253e+00 -2.749496e+00  5.000000e+00
   endloop
 endfacet
 facet normal  0.000000e+00  0.000000e+00  1.000000e+00
   outer loop
     vertex  4.874117e+00 -2.698344e+00  5.000000e+00
     vertex  4.547651e+00 -3.266797e+00  5.000000e+00
     vertex  4.734333e+00 -2.996037e+00  5.000000e+00
   endloop
 endfacet
 facet normal  0.000000e+00  0.000000e+00  1.000000e+00
   outer loop
     vertex  2.366330e+00 -1.030385e-01  5.000000e+00
     vertex  2.314528e+00 -1.211366e-01  5.000000e+00
     vertex  2.263241e+00 -1.406491e-01  5.000000e+00
   endloop
 endfacet
 facet normal  0.000000e+00  0.000000e+00  1.000000e+00
   outer loop
     vertex  4.925190e+00 -2.541891e+00  5.000000e+00
     vertex  4.874117e+00 -2.698344e+00  5.000000e+00
     vertex  4.892570e+00 -2.646667e+00  5.000000e+00
   endloop
 endfacet
 facet normal  0.000000e+00  0.000000e+00  1.000000e+00
   outer loop
     vertex  4.925190e+00 -2.541891e+00  5.000000e+00
     vertex  4.892570e+00 -2.646667e+00  5.000000e+00
     vertex  4.909599e+00 -2.594502e+00  5.000000e+00
   endloop
 endfacet
 facet normal  0.000000e+00  0.000000e+00  1.000000e+00
   outer loop
     vertex  2.471328e+00 -7.113879e-02  5.000000e+00
     vertex  2.263241e+00 -1.406491e-01  5.000000e+00
     vertex  1.968487e+00 -2.865296e-01  5.000000e+00
   endloop
 endfacet
 facet normal  0.000000e+00  0.000000e+00  1.000000e+00
   outer loop
     vertex  2.471328e+00 -7.113879e-02  5.000000e+00
     vertex  2.366330e+00 -1.030385e-01  5.000000e+00
     vertex  2.263241e+00 -1.406491e-01  5.000000e+00
   endloop
 endfacet
 facet normal  0.000000e+00  0.000000e+00  1.000000e+00
   outer loop
     vertex  2.471328e+00 -7.113879e-02  5.000000e+00
     vertex  2.418610e+00 -8.636840e-02  5.000000e+00
     vertex  2.366330e+00 -1.030385e-01  5.000000e+00
   endloop
 endfacet
 facet normal  0.000000e+00  0.000000e+00  1.000000e+00
   outer loop
     vertex  2.577917e+00 -4.504589e-02  5.000000e+00
     vertex  2.524443e+00 -5.736116e-02  5.000000e+00
     vertex  2.471328e+00 -7.113879e-02  5.000000e+00
   endloop
 endfacet
 facet normal  0.000000e+00  0.000000e+00  1.000000e+00
   outer loop
     vertex  4.963225e+00 -2.381768e+00  5.000000e+00
     vertex  4.925190e+00 -2.541891e+00  5.000000e+00
     vertex  4.939331e+00 -2.488871e+00  5.000000e+00
   endloop
 endfacet
 facet normal  0.000000e+00  0.000000e+00  1.000000e+00
   outer loop
     vertex  4.963225e+00 -2.381768e+00  5.000000e+00
     vertex  4.939331e+00 -2.488871e+00  5.000000e+00
     vertex  4.952013e+00 -2.435483e+00  5.000000e+00
   endloop
 endfacet
 facet normal  0.000000e+00  0.000000e+00  1.000000e+00
   outer loop
     vertex  4.963225e+00 -2.381768e+00  5.000000e+00
     vertex  4.874117e+00 -2.698344e+00  5.000000e+00
     vertex  4.925190e+00 -2.541891e+00  5.000000e+00
   endloop
 endfacet
 facet normal  0.000000e+00  0.000000e+00  1.000000e+00
   outer loop
     vertex  2.631708e+00 -3.420224e-02  5.000000e+00
     vertex  2.577917e+00 -4.504589e-02  5.000000e+00
     vertex  2.471328e+00 -7.113879e-02  5.000000e+00
   endloop
 endfacet
 facet normal  0.000000e+00  0.000000e+00  1.000000e+00
   outer loop
     vertex  2.740081e+00 -1.696138e-02  5.000000e+00
     vertex  2.685776e+00 -2.483839e-02  5.000000e+00
     vertex  2.631708e+00 -3.420224e-02  5.000000e+00
   endloop
 endfacet
 facet normal  0.000000e+00  0.000000e+00  1.000000e+00
   outer loop
     vertex  4.987967e+00 -2.219060e+00  5.000000e+00
     vertex  4.972960e+00 -2.327765e+00  5.000000e+00
     vertex  4.981209e+00 -2.273515e+00  5.000000e+00
   endloop
 endfacet
 facet normal  0.000000e+00  0.000000e+00  1.000000e+00
   outer loop
     vertex  4.993228e+00 -2.164439e+00  5.000000e+00
     vertex  4.972960e+00 -2.327765e+00  5.000000e+00
     vertex  4.987967e+00 -2.219060e+00  5.000000e+00
   endloop
 endfacet
 facet normal  0.000000e+00  0.000000e+00  1.000000e+00
   outer loop
     vertex  2.849237e+00 -5.690470e-03  5.000000e+00
     vertex  2.740081e+00 -1.696138e-02  5.000000e+00
     vertex  2.631708e+00 -3.420224e-02  5.000000e+00
   endloop
 endfacet
 facet normal  0.000000e+00  0.000000e+00  1.000000e+00
   outer loop
     vertex  2.849237e+00 -5.690470e-03  5.000000e+00
     vertex  2.794582e+00 -1.057714e-02  5.000000e+00
     vertex  2.740081e+00 -1.696138e-02  5.000000e+00
   endloop
 endfacet
 facet normal  0.000000e+00  0.000000e+00  1.000000e+00
   outer loop
     vertex  4.999247e+00 -2.054868e+00  5.000000e+00
     vertex  4.963225e+00 -2.381768e+00  5.000000e+00
     vertex  4.972960e+00 -2.327765e+00  5.000000e+00
   endloop
 endfacet
 facet normal  0.000000e+00  0.000000e+00  1.000000e+00
   outer loop
     vertex  4.999247e+00 -2.054868e+00  5.000000e+00
     vertex  4.993228e+00 -2.164439e+00  5.000000e+00
     vertex  4.996989e+00 -2.109695e+00  5.000000e+00
   endloop
 endfacet
 facet normal  0.000000e+00  0.000000e+00  1.000000e+00
   outer loop
     vertex  4.999247e+00 -2.054868e+00  5.000000e+00
     vertex  4.972960e+00 -2.327765e+00  5.000000e+00
     vertex  4.993228e+00 -2.164439e+00  5.000000e+00
   endloop
 endfacet
 facet normal  0.000000e+00  0.000000e+00  1.000000e+00
   outer loop
     vertex  2.958847e+00 -4.234440e-04  5.000000e+00
     vertex  2.904006e+00 -2.305056e-03  5.000000e+00
     vertex  2.849237e+00 -5.690470e-03  5.000000e+00
   endloop
 endfacet
 facet normal  0.000000e+00  0.000000e+00  1.000000e+00
   outer loop
     vertex  4.996989e+00 -1.890305e+00  5.000000e+00
     vertex  5.000000e+00 -2.000000e+00  5.000000e+00
     vertex  4.999247e+00 -1.945132e+00  5.000000e+00
   endloop
 endfacet
 facet normal  0.000000e+00  0.000000e+00  1.000000e+00
   outer loop
     vertex  4.996989e+00 -1.890305e+00  5.000000e+00
     vertex  4.999247e+00 -2.054868e+00  5.000000e+00
     vertex  5.000000e+00 -2.000000e+00  5.000000e+00
   endloop
 endfacet
 facet normal  0.000000e+00  0.000000e+00  1.000000e+00
   outer loop
     vertex  3.123390e+00 -3.809920e-03  5.000000e+00
     vertex  3.068580e+00 -1.176160e-03  5.000000e+00
     vertex  3.013719e+00 -4.705081e-05  5.000000e+00
   endloop
 endfacet
 facet normal  0.000000e+00  0.000000e+00  1.000000e+00
   outer loop
     vertex  4.993228e+00 -1.835561e+00  5.000000e+00
     vertex  4.963225e+00 -2.381768e+00  5.000000e+00
     vertex  4.999247e+00 -2.054868e+00  5.000000e+00
   endloop
 endfacet
 facet normal  0.000000e+00  0.000000e+00  1.000000e+00
   outer loop
     vertex  4.993228e+00 -1.835561e+00  5.000000e+00
     vertex  4.999247e+00 -2.054868e+00  5.000000e+00
     vertex  4.996989e+00 -1.890305e+00  5.000000e+00
   endloop
 endfacet
 facet normal  0.000000e+00  0.000000e+00  1.000000e+00
   outer loop
     vertex  3.178107e+00 -7.946350e-03  5.000000e+00
     vertex  3.123390e+00 -3.809920e-03  5.000000e+00
     vertex  3.013719e+00 -4.705081e-05  5.000000e+00
   endloop
 endfacet
 facet normal  0.000000e+00  0.000000e+00  1.000000e+00
   outer loop
     vertex  4.987967e+00 -1.780940e+00  5.000000e+00
     vertex  4.963225e+00 -2.381768e+00  5.000000e+00
     vertex  4.993228e+00 -1.835561e+00  5.000000e+00
   endloop
 endfacet
 facet normal  0.000000e+00  0.000000e+00  1.000000e+00
   outer loop
     vertex  3.232690e+00 -1.358234e-02  5.000000e+00
     vertex  3.178107e+00 -7.946350e-03  5.000000e+00
     vertex  3.013719e+00 -4.705081e-05  5.000000e+00
   endloop
 endfacet
 facet normal  0.000000e+00  0.000000e+00  1.000000e+00
   outer loop
     vertex  3.232690e+00 -1.358234e-02  5.000000e+00
     vertex  3.013719e+00 -4.705081e-05  5.000000e+00
     vertex  2.958847e+00 -4.234440e-04  5.000000e+00
   endloop
 endfacet
 facet normal  0.000000e+00  0.000000e+00  1.000000e+00
   outer loop
     vertex  4.981209e+00 -1.726485e+00  5.000000e+00
     vertex  4.963225e+00 -2.381768e+00  5.000000e+00
     vertex  4.987967e+00 -1.780940e+00  5.000000e+00
   endloop
 endfacet
 facet normal  0.000000e+00  0.000000e+00  1.000000e+00
   outer loop
     vertex  3.341290e+00 -2.933488e-02  5.000000e+00
     vertex  3.287098e+00 -2.071363e-02  5.000000e+00
     vertex  3.232690e+00 -1.358234e-02  5.000000e+00
   endloop
 endfacet
 facet normal  0.000000e+00  0.000000e+00  1.000000e+00
   outer loop
     vertex  3.341290e+00 -2.933488e-02  5.000000e+00
     vertex  3.232690e+00 -1.358234e-02  5.000000e+00
     vertex  2.958847e+00 -4.234440e-04  5.000000e+00
   endloop
 endfacet
 facet normal  0.000000e+00  0.000000e+00  1.000000e+00
   outer loop
     vertex  3.341290e+00 -2.933488e-02  5.000000e+00
     vertex  2.958847e+00 -4.234440e-04  5.000000e+00
     vertex  2.849237e+00 -5.690470e-03  5.000000e+00
   endloop
 endfacet
 facet normal  0.000000e+00  0.000000e+00  1.000000e+00
   outer loop
     vertex  4.952013e+00 -1.564517e+00  5.000000e+00
     vertex  4.981209e+00 -1.726485e+00  5.000000e+00
     vertex  4.972960e+00 -1.672235e+00  5.000000e+00
   endloop
 endfacet
 facet normal  0.000000e+00  0.000000e+00  1.000000e+00
   outer loop
     vertex  4.952013e+00 -1.564517e+00  5.000000e+00
     vertex  4.972960e+00 -1.672235e+00  5.000000e+00
     vertex  4.963225e+00 -1.618232e+00  5.000000e+00
   endloop
 endfacet
 facet normal  0.000000e+00  0.000000e+00  1.000000e+00
   outer loop
     vertex  3.448862e+00 -5.102012e-02  5.000000e+00
     vertex  3.395225e+00 -3.943958e-02  5.000000e+00
     vertex  3.341290e+00 -2.933488e-02  5.000000e+00
   endloop
 endfacet
 facet normal  0.000000e+00  0.000000e+00  1.000000e+00
   outer loop
     vertex  4.925190e+00 -1.458109e+00  5.000000e+00
     vertex  4.952013e+00 -1.564517e+00  5.000000e+00
     vertex  4.939331e+00 -1.511129e+00  5.000000e+00
   endloop
 endfacet
 facet normal  0.000000e+00  0.000000e+00  1.000000e+00
   outer loop
     vertex  3.555083e+00 -7.857279e-02  5.000000e+00
     vertex  3.448862e+00 -5.102012e-02  5.000000e+00
     vertex  3.341290e+00 -2.933488e-02  5.000000e+00
   endloop
 endfacet
 facet normal  0.000000e+00  0.000000e+00  1.000000e+00
   outer loop
     vertex  3.555083e+00 -7.857279e-02  5.000000e+00
     vertex  3.502162e+00 -6.406780e-02  5.000000e+00
     vertex  3.448862e+00 -5.102012e-02  5.000000e+00
   endloop
 endfacet
 facet normal  0.000000e+00  0.000000e+00  1.000000e+00
   outer loop
     vertex  4.892570e+00 -1.353333e+00  5.000000e+00
     vertex  4.952013e+00 -1.564517e+00  5.000000e+00
     vertex  4.925190e+00 -1.458109e+00  5.000000e+00
   endloop
 endfacet
 facet normal  0.000000e+00  0.000000e+00  1.000000e+00
   outer loop
     vertex  4.892570e+00 -1.353333e+00  5.000000e+00
     vertex  4.925190e+00 -1.458109e+00  5.000000e+00
     vertex  4.909599e+00 -1.405498e+00  5.000000e+00
   endloop
 endfacet
 facet normal  0.000000e+00  0.000000e+00  1.000000e+00
   outer loop
     vertex  3.659633e+00 -1.119099e-01  5.000000e+00
     vertex  3.607587e+00 -9.452416e-02  5.000000e+00
     vertex  3.555083e+00 -7.857279e-02  5.000000e+00
   endloop
 endfacet
 facet normal  0.000000e+00  0.000000e+00  1.000000e+00
   outer loop
     vertex  3.659633e+00 -1.119099e-01  5.000000e+00
     vertex  3.555083e+00 -7.857279e-02  5.000000e+00
     vertex  3.341290e+00 -2.933488e-02  5.000000e+00
   endloop
 endfacet
 facet normal  0.000000e+00  0.000000e+00  1.000000e+00
   outer loop
     vertex  4.854253e+00 -1.250504e+00  5.000000e+00
     vertex  4.892570e+00 -1.353333e+00  5.000000e+00
     vertex  4.874117e+00 -1.301656e+00  5.000000e+00
   endloop
 endfacet
 facet normal  0.000000e+00  0.000000e+00  1.000000e+00
   outer loop
     vertex  4.854253e+00 -1.250504e+00  5.000000e+00
     vertex  4.952013e+00 -1.564517e+00  5.000000e+00
     vertex  4.892570e+00 -1.353333e+00  5.000000e+00
   endloop
 endfacet
 facet normal  0.000000e+00  0.000000e+00  1.000000e+00
   outer loop
     vertex  4.854253e+00 -1.250504e+00  5.000000e+00
     vertex  4.981209e+00 -1.726485e+00  5.000000e+00
     vertex  4.952013e+00 -1.564517e+00  5.000000e+00
   endloop
 endfacet
 facet normal  0.000000e+00  0.000000e+00  1.000000e+00
   outer loop
     vertex  3.812638e+00 -1.725373e-01  5.000000e+00
     vertex  3.762197e+00 -1.509312e-01  5.000000e+00
     vertex  3.711183e+00 -1.307170e-01  5.000000e+00
   endloop
 endfacet
 facet normal  0.000000e+00  0.000000e+00  1.000000e+00
   outer loop
     vertex  3.812638e+00 -1.725373e-01  5.000000e+00
     vertex  3.711183e+00 -1.307170e-01  5.000000e+00
     vertex  3.659633e+00 -1.119099e-01  5.000000e+00
   endloop
 endfacet
 facet normal  0.000000e+00  0.000000e+00  1.000000e+00
   outer loop
     vertex  4.810354e+00 -1.149931e+00  5.000000e+00
     vertex  4.854253e+00 -1.250504e+00  5.000000e+00
     vertex  4.832994e+00 -1.199917e+00  5.000000e+00
   endloop
 endfacet
 facet normal  0.000000e+00  0.000000e+00  1.000000e+00
   outer loop
     vertex  4.761005e+00 -1.051918e+00  5.000000e+00
     vertex  4.810354e+00 -1.149931e+00  5.000000e+00
     vertex  4.786352e+00 -1.100586e+00  5.000000e+00
   endloop
 endfacet
 facet normal  0.000000e+00  0.000000e+00  1.000000e+00
   outer loop
     vertex  3.960139e+00 -2.455393e-01  5.000000e+00
     vertex  3.911646e+00 -2.198592e-01  5.000000e+00
     vertex  3.862467e+00 -1.955191e-01  5.000000e+00
   endloop
 endfacet
 facet normal  0.000000e+00  0.000000e+00  1.000000e+00
   outer loop
     vertex  4.007910e+00 -2.725402e-01  5.000000e+00
     vertex  3.812638e+00 -1.725373e-01  5.000000e+00
     vertex  3.659633e+00 -1.119099e-01  5.000000e+00
   endloop
 endfacet
 facet normal  0.000000e+00  0.000000e+00  1.000000e+00
   outer loop
     vertex  4.007910e+00 -2.725402e-01  5.000000e+00
     vertex  3.960139e+00 -2.455393e-01  5.000000e+00
     vertex  3.862467e+00 -1.955191e-01  5.000000e+00
   endloop
 endfacet
 facet normal  0.000000e+00  0.000000e+00  1.000000e+00
   outer loop
     vertex  4.007910e+00 -2.725402e-01  5.000000e+00
     vertex  3.862467e+00 -1.955191e-01  5.000000e+00
     vertex  3.812638e+00 -1.725373e-01  5.000000e+00
   endloop
 endfacet
 facet normal  0.000000e+00  0.000000e+00  1.000000e+00
   outer loop
     vertex  4.706355e+00 -9.567580e-01  5.000000e+00
     vertex  4.761005e+00 -1.051918e+00  5.000000e+00
     vertex  4.734333e+00 -1.003963e+00  5.000000e+00
   endloop
 endfacet
 facet normal  0.000000e+00  0.000000e+00  1.000000e+00
   outer loop
     vertex  4.706355e+00 -9.567580e-01  5.000000e+00
     vertex  4.810354e+00 -1.149931e+00  5.000000e+00
     vertex  4.761005e+00 -1.051918e+00  5.000000e+00
   endloop
 endfacet
 facet normal  0.000000e+00  0.000000e+00  1.000000e+00
   outer loop
     vertex  4.054922e+00 -3.008414e-01  5.000000e+00
     vertex  4.007910e+00 -2.725402e-01  5.000000e+00
     vertex  3.659633e+00 -1.119099e-01  5.000000e+00
   endloop
 endfacet
 facet normal  0.000000e+00  0.000000e+00  1.000000e+00
   outer loop
     vertex  4.677092e+00 -9.103384e-01  5.000000e+00
     vertex  4.981209e+00 -1.726485e+00  5.000000e+00
     vertex  4.854253e+00 -1.250504e+00  5.000000e+00
   endloop
 endfacet
 facet normal  0.000000e+00  0.000000e+00  1.000000e+00
   outer loop
     vertex  4.677092e+00 -9.103384e-01  5.000000e+00
     vertex  4.854253e+00 -1.250504e+00  5.000000e+00
     vertex  4.810354e+00 -1.149931e+00  5.000000e+00
   endloop
 endfacet
 facet normal  0.000000e+00  0.000000e+00  1.000000e+00
   outer loop
     vertex  4.677092e+00 -9.103384e-01  5.000000e+00
     vertex  4.810354e+00 -1.149931e+00  5.000000e+00
     vertex  4.706355e+00 -9.567580e-01  5.000000e+00
   endloop
 endfacet
 facet normal  0.000000e+00  0.000000e+00  1.000000e+00
   outer loop
     vertex  4.101140e+00 -3.304218e-01  5.000000e+00
     vertex  4.054922e+00 -3.008414e-01  5.000000e+00
     vertex  3.659633e+00 -1.119099e-01  5.000000e+00
   endloop
 endfacet
 facet normal  0.000000e+00  0.000000e+00  1.000000e+00
   outer loop
     vertex  4.191054e+00 -3.933296e-01  5.000000e+00
     vertex  4.146528e+00 -3.612589e-01  5.000000e+00
     vertex  4.101140e+00 -3.304218e-01  5.000000e+00
   endloop
 endfacet
 facet normal  0.000000e+00  0.000000e+00  1.000000e+00
   outer loop
     vertex  4.191054e+00 -3.933296e-01  5.000000e+00
     vertex  4.101140e+00 -3.304218e-01  5.000000e+00
     vertex  3.659633e+00 -1.119099e-01  5.000000e+00
   endloop
 endfacet
 facet normal  0.000000e+00  0.000000e+00  1.000000e+00
   outer loop
     vertex  4.581822e+00 -7.761380e-01  5.000000e+00
     vertex  4.677092e+00 -9.103384e-01  5.000000e+00
     vertex  4.646567e+00 -8.647391e-01  5.000000e+00
   endloop
 endfacet
 facet normal  0.000000e+00  0.000000e+00  1.000000e+00
   outer loop
     vertex  4.581822e+00 -7.761380e-01  5.000000e+00
     vertex  4.646567e+00 -8.647391e-01  5.000000e+00
     vertex  4.614802e+00 -8.199944e-01  5.000000e+00
   endloop
 endfacet
 facet normal  0.000000e+00  0.000000e+00  1.000000e+00
   outer loop
     vertex  4.512316e+00 -6.912213e-01  5.000000e+00
     vertex  4.581822e+00 -7.761380e-01  5.000000e+00
     vertex  4.547651e+00 -7.332029e-01  5.000000e+00
   endloop
 endfacet
 facet normal  0.000000e+00  0.000000e+00  1.000000e+00
   outer loop
     vertex  4.319121e+00 -4.966973e-01  5.000000e+00
     vertex  4.547651e+00 -3.266797e+00  5.000000e+00
     vertex  4.874117e+00 -2.698344e+00  5.000000e+00
   endloop
 endfacet
 facet normal  0.000000e+00  0.000000e+00  1.000000e+00
   outer loop
     vertex  4.319121e+00 -4.966973e-01  5.000000e+00
     vertex  3.659633e+00 -1.119099e-01  5.000000e+00
     vertex  3.341290e+00 -2.933488e-02  5.000000e+00
   endloop
 endfacet
 facet normal  0.000000e+00  0.000000e+00  1.000000e+00
   outer loop
     vertex  4.319121e+00 -4.966973e-01  5.000000e+00
     vertex  2.471328e+00 -7.113879e-02  5.000000e+00
     vertex  1.968487e+00 -2.865296e-01  5.000000e+00
   endloop
 endfacet
 facet normal  0.000000e+00  0.000000e+00  1.000000e+00
   outer loop
     vertex  4.319121e+00 -4.966973e-01  5.000000e+00
     vertex  4.874117e+00 -2.698344e+00  5.000000e+00
     vertex  4.963225e+00 -2.381768e+00  5.000000e+00
   endloop
 endfacet
 facet normal  0.000000e+00  0.000000e+00  1.000000e+00
   outer loop
     vertex  4.319121e+00 -4.966973e-01  5.000000e+00
     vertex  4.277383e+00 -4.610743e-01  5.000000e+00
     vertex  4.234683e+00 -4.266098e-01  5.000000e+00
   endloop
 endfacet
 facet normal  0.000000e+00  0.000000e+00  1.000000e+00
   outer loop
     vertex  4.319121e+00 -4.966973e-01  5.000000e+00
     vertex  2.631708e+00 -3.420224e-02  5.000000e+00
     vertex  2.471328e+00 -7.113879e-02  5.000000e+00
   endloop
 endfacet
 facet normal  0.000000e+00  0.000000e+00  1.000000e+00
   outer loop
     vertex  4.319121e+00 -4.966973e-01  5.000000e+00
     vertex  4.234683e+00 -4.266098e-01  5.000000e+00
     vertex  4.191054e+00 -3.933296e-01  5.000000e+00
   endloop
 endfacet
 facet normal  0.000000e+00  0.000000e+00  1.000000e+00
   outer loop
     vertex  4.319121e+00 -4.966973e-01  5.000000e+00
     vertex  1.401537e+00 -7.979531e-01  5.000000e+00
     vertex  1.201477e+00 -1.125176e+00  5.000000e+00
   endloop
 endfacet
 facet normal  0.000000e+00  0.000000e+00  1.000000e+00
   outer loop
     vertex  4.319121e+00 -4.966973e-01  5.000000e+00
     vertex  2.314528e+00 -3.878863e+00  5.000000e+00
     vertex  4.547651e+00 -3.266797e+00  5.000000e+00
   endloop
 endfacet
 facet normal  0.000000e+00  0.000000e+00  1.000000e+00
   outer loop
     vertex  4.319121e+00 -4.966973e-01  5.000000e+00
     vertex  2.849237e+00 -5.690470e-03  5.000000e+00
     vertex  2.631708e+00 -3.420224e-02  5.000000e+00
   endloop
 endfacet
 facet normal  0.000000e+00  0.000000e+00  1.000000e+00
   outer loop
     vertex  4.319121e+00 -4.966973e-01  5.000000e+00
     vertex  4.191054e+00 -3.933296e-01  5.000000e+00
     vertex  3.659633e+00 -1.119099e-01  5.000000e+00
   endloop
 endfacet
 facet normal  0.000000e+00  0.000000e+00  1.000000e+00
   outer loop
     vertex  4.319121e+00 -4.966973e-01  5.000000e+00
     vertex  3.341290e+00 -2.933488e-02  5.000000e+00
     vertex  2.849237e+00 -5.690470e-03  5.000000e+00
   endloop
 endfacet
 facet normal  0.000000e+00  0.000000e+00  1.000000e+00
   outer loop
     vertex  4.319121e+00 -4.966973e-01  5.000000e+00
     vertex  1.201477e+00 -1.125176e+00  5.000000e+00
     vertex  2.314528e+00 -3.878863e+00  5.000000e+00
   endloop
 endfacet
 facet normal  0.000000e+00  0.000000e+00  1.000000e+00
   outer loop
     vertex  4.319121e+00 -4.966973e-01  5.000000e+00
     vertex  1.968487e+00 -2.865296e-01  5.000000e+00
     vertex  1.401537e+00 -7.979531e-01  5.000000e+00
   endloop
 endfacet
 facet normal  0.000000e+00  0.000000e+00  1.000000e+00
   outer loop
     vertex  4.475841e+00 -6.502250e-01  5.000000e+00
     vertex  4.677092e+00 -9.103384e-01  5.000000e+00
     vertex  4.581822e+00 -7.761380e-01  5.000000e+00
   endloop
 endfacet
 facet normal  0.000000e+00  0.000000e+00  1.000000e+00
   outer loop
     vertex  4.475841e+00 -6.502250e-01  5.000000e+00
     vertex  4.581822e+00 -7.761380e-01  5.000000e+00
     vertex  4.512316e+00 -6.912213e-01  5.000000e+00
   endloop
 endfacet
 facet normal  0.000000e+00  0.000000e+00  1.000000e+00
   outer loop
     vertex  4.399588e+00 -5.713106e-01  5.000000e+00
     vertex  4.981209e+00 -1.726485e+00  5.000000e+00
     vertex  4.677092e+00 -9.103384e-01  5.000000e+00
   endloop
 endfacet
 facet normal  0.000000e+00  0.000000e+00  1.000000e+00
   outer loop
     vertex  4.399588e+00 -5.713106e-01  5.000000e+00
     vertex  4.475841e+00 -6.502250e-01  5.000000e+00
     vertex  4.438256e+00 -6.102447e-01  5.000000e+00
   endloop
 endfacet
 facet normal  0.000000e+00  0.000000e+00  1.000000e+00
   outer loop
     vertex  4.399588e+00 -5.713106e-01  5.000000e+00
     vertex  4.359867e+00 -5.334520e-01  5.000000e+00
     vertex  4.319121e+00 -4.966973e-01  5.000000e+00
   endloop
 endfacet
 facet normal  0.000000e+00  0.000000e+00  1.000000e+00
   outer loop
     vertex  4.399588e+00 -5.713106e-01  5.000000e+00
     vertex  4.319121e+00 -4.966973e-01  5.000000e+00
     vertex  4.963225e+00 -2.381768e+00  5.000000e+00
   endloop
 endfacet
 facet normal  0.000000e+00  0.000000e+00  1.000000e+00
   outer loop
     vertex  4.399588e+00 -5.713106e-01  5.000000e+00
     vertex  4.677092e+00 -9.103384e-01  5.000000e+00
     vertex  4.475841e+00 -6.502250e-01  5.000000e+00
   endloop
 endfacet
 facet normal  0.000000e+00  0.000000e+00  1.000000e+00
   outer loop
     vertex  4.399588e+00 -5.713106e-01  5.000000e+00
     vertex  4.963225e+00 -2.381768e+00  5.000000e+00
     vertex  4.981209e+00 -1.726485e+00  5.000000e+00
   endloop
 endfacet
 facet normal  0.000000e+00  0.000000e+00  1.000000e+00
   outer loop
     vertex  4.533801e+01 -2.912566e+00  5.000000e+00
     vertex  4.536916e+01 -2.957742e+00  5.000000e+00
     vertex  4.540154e+01 -3.002047e+00  5.000000e+00
   endloop
 endfacet
 facet normal  0.000000e+00  0.000000e+00  1.000000e+00
   outer loop
     vertex  4.533801e+01 -2.912566e+00  5.000000e+00
     vertex  4.540154e+01 -3.002047e+00  5.000000e+00
     vertex  4.543512e+01 -3.045447e+00  5.000000e+00
   endloop
 endfacet
 facet normal  0.000000e+00  0.000000e+00  1.000000e+00
   outer loop
     vertex  4.592187e+01 -3.484527e+00  5.000000e+00
     vertex  4.570163e+01 -3.321257e+00  5.000000e+00
     vertex  4.574385e+01 -3.356304e+00  5.000000e+00
   endloop
 endfacet
 facet normal  0.000000e+00  0.000000e+00  1.000000e+00
   outer loop
     vertex  4.592187e+01 -3.484527e+00  5.000000e+00
     vertex  4.574385e+01 -3.356304e+00  5.000000e+00
     vertex  4.578702e+01 -3.390180e+00  5.000000e+00
   endloop
 endfacet
 facet normal  0.000000e+00  0.000000e+00  1.000000e+00
   outer loop
     vertex  4.592187e+01 -3.484527e+00  5.000000e+00
     vertex  4.578702e+01 -3.390180e+00  5.000000e+00
     vertex  4.583110e+01 -3.422858e+00  5.000000e+00
   endloop
 endfacet
 facet normal  0.000000e+00  0.000000e+00  1.000000e+00
   outer loop
     vertex  4.592187e+01 -3.484527e+00  5.000000e+00
     vertex  4.583110e+01 -3.422858e+00  5.000000e+00
     vertex  4.587606e+01 -3.454315e+00  5.000000e+00
   endloop
 endfacet
 facet normal  0.000000e+00  0.000000e+00  1.000000e+00
   outer loop
     vertex  4.601588e+01 -3.541124e+00  5.000000e+00
     vertex  4.592187e+01 -3.484527e+00  5.000000e+00
     vertex  4.596849e+01 -3.513470e+00  5.000000e+00
   endloop
 endfacet
 facet normal  0.000000e+00  0.000000e+00  1.000000e+00
   outer loop
     vertex  4.621251e+01 -3.638439e+00  5.000000e+00
     vertex  4.601588e+01 -3.541124e+00  5.000000e+00
     vertex  4.606402e+01 -3.567467e+00  5.000000e+00
   endloop
 endfacet
 facet normal  0.000000e+00  0.000000e+00  1.000000e+00
   outer loop
     vertex  4.621251e+01 -3.638439e+00  5.000000e+00
     vertex  4.606402e+01 -3.567467e+00  5.000000e+00
     vertex  4.611286e+01 -3.592480e+00  5.000000e+00
   endloop
 endfacet
 facet normal  0.000000e+00  0.000000e+00  1.000000e+00
   outer loop
     vertex  4.621251e+01 -3.638439e+00  5.000000e+00
     vertex  4.611286e+01 -3.592480e+00  5.000000e+00
     vertex  4.616237e+01 -3.616143e+00  5.000000e+00
   endloop
 endfacet
 facet normal  0.000000e+00  0.000000e+00  1.000000e+00
   outer loop
     vertex  4.511648e+01 -2.472569e+00  5.000000e+00
     vertex  4.513564e+01 -2.523988e+00  5.000000e+00
     vertex  4.515620e+01 -2.574863e+00  5.000000e+00
   endloop
 endfacet
 facet normal  0.000000e+00  0.000000e+00  1.000000e+00
   outer loop
     vertex  4.511648e+01 -2.472569e+00  5.000000e+00
     vertex  4.515620e+01 -2.574863e+00  5.000000e+00
     vertex  4.517815e+01 -2.625154e+00  5.000000e+00
   endloop
 endfacet
 facet normal  0.000000e+00  0.000000e+00  1.000000e+00
   outer loop
     vertex  4.511648e+01 -2.472569e+00  5.000000e+00
     vertex  4.517815e+01 -2.625154e+00  5.000000e+00
     vertex  4.520148e+01 -2.674824e+00  5.000000e+00
   endloop
 endfacet
 facet normal  0.000000e+00  0.000000e+00  1.000000e+00
   outer loop
     vertex  4.511648e+01 -2.472569e+00  5.000000e+00
     vertex  4.520148e+01 -2.674824e+00  5.000000e+00
     vertex  4.522615e+01 -2.723835e+00  5.000000e+00
   endloop
 endfacet
 facet normal  0.000000e+00  0.000000e+00  1.000000e+00
   outer loop
     vertex  4.511648e+01 -2.472569e+00  5.000000e+00
     vertex  4.522615e+01 -2.723835e+00  5.000000e+00
     vertex  4.525217e+01 -2.772151e+00  5.000000e+00
   endloop
 endfacet
 facet normal  0.000000e+00  0.000000e+00  1.000000e+00
   outer loop
     vertex  4.511648e+01 -2.472569e+00  5.000000e+00
     vertex  4.525217e+01 -2.772151e+00  5.000000e+00
     vertex  4.527949e+01 -2.819736e+00  5.000000e+00
   endloop
 endfacet
 facet normal  0.000000e+00  0.000000e+00  1.000000e+00
   outer loop
     vertex  4.511648e+01 -2.472569e+00  5.000000e+00
     vertex  4.527949e+01 -2.819736e+00  5.000000e+00
     vertex  4.530812e+01 -2.866552e+00  5.000000e+00
   endloop
 endfacet
 facet normal  0.000000e+00  0.000000e+00  1.000000e+00
   outer loop
     vertex  4.636633e+01 -3.696961e+00  5.000000e+00
     vertex  4.621251e+01 -3.638439e+00  5.000000e+00
     vertex  4.626324e+01 -3.659351e+00  5.000000e+00
   endloop
 endfacet
 facet normal  0.000000e+00  0.000000e+00  1.000000e+00
   outer loop
     vertex  4.636633e+01 -3.696961e+00  5.000000e+00
     vertex  4.626324e+01 -3.659351e+00  5.000000e+00
     vertex  4.631453e+01 -3.678863e+00  5.000000e+00
   endloop
 endfacet
 facet normal  0.000000e+00  0.000000e+00  1.000000e+00
   outer loop
     vertex  4.509874e+01 -2.420643e+00  5.000000e+00
     vertex  4.530812e+01 -2.866552e+00  5.000000e+00
     vertex  4.533801e+01 -2.912566e+00  5.000000e+00
   endloop
 endfacet
 facet normal  0.000000e+00  0.000000e+00  1.000000e+00
   outer loop
     vertex  4.509874e+01 -2.420643e+00  5.000000e+00
     vertex  4.543512e+01 -3.045447e+00  5.000000e+00
     vertex  4.546987e+01 -3.087909e+00  5.000000e+00
   endloop
 endfacet
 facet normal  0.000000e+00  0.000000e+00  1.000000e+00
   outer loop
     vertex  4.509874e+01 -2.420643e+00  5.000000e+00
     vertex  4.546987e+01 -3.087909e+00  5.000000e+00
     vertex  4.550578e+01 -3.129402e+00  5.000000e+00
   endloop
 endfacet
 facet normal  0.000000e+00  0.000000e+00  1.000000e+00
   outer loop
     vertex  4.509874e+01 -2.420643e+00  5.000000e+00
     vertex  4.533801e+01 -2.912566e+00  5.000000e+00
     vertex  4.543512e+01 -3.045447e+00  5.000000e+00
   endloop
 endfacet
 facet normal  0.000000e+00  0.000000e+00  1.000000e+00
   outer loop
     vertex  4.509874e+01 -2.420643e+00  5.000000e+00
     vertex  4.511648e+01 -2.472569e+00  5.000000e+00
     vertex  4.530812e+01 -2.866552e+00  5.000000e+00
   endloop
 endfacet
 facet normal  0.000000e+00  0.000000e+00  1.000000e+00
   outer loop
     vertex  4.652444e+01 -3.742639e+00  5.000000e+00
     vertex  4.641861e+01 -3.713632e+00  5.000000e+00
     vertex  4.647133e+01 -3.728861e+00  5.000000e+00
   endloop
 endfacet
 facet normal  0.000000e+00  0.000000e+00  1.000000e+00
   outer loop
     vertex  4.505414e+01 -2.262220e+00  5.000000e+00
     vertex  4.506756e+01 -2.315429e+00  5.000000e+00
     vertex  4.508243e+01 -2.368250e+00  5.000000e+00
   endloop
 endfacet
 facet normal  0.000000e+00  0.000000e+00  1.000000e+00
   outer loop
     vertex  4.663171e+01 -3.765798e+00  5.000000e+00
     vertex  4.652444e+01 -3.742639e+00  5.000000e+00
     vertex  4.657792e+01 -3.754954e+00  5.000000e+00
   endloop
 endfacet
 facet normal  0.000000e+00  0.000000e+00  1.000000e+00
   outer loop
     vertex  4.668578e+01 -3.775162e+00  5.000000e+00
     vertex  4.641861e+01 -3.713632e+00  5.000000e+00
     vertex  4.652444e+01 -3.742639e+00  5.000000e+00
   endloop
 endfacet
 facet normal  0.000000e+00  0.000000e+00  1.000000e+00
   outer loop
     vertex  4.668578e+01 -3.775162e+00  5.000000e+00
     vertex  4.652444e+01 -3.742639e+00  5.000000e+00
     vertex  4.663171e+01 -3.765798e+00  5.000000e+00
   endloop
 endfacet
 facet normal  0.000000e+00  0.000000e+00  1.000000e+00
   outer loop
     vertex  4.668578e+01 -3.775162e+00  5.000000e+00
     vertex  4.636633e+01 -3.696961e+00  5.000000e+00
     vertex  4.641861e+01 -3.713632e+00  5.000000e+00
   endloop
 endfacet
 facet normal  0.000000e+00  0.000000e+00  1.000000e+00
   outer loop
     vertex  4.501523e+01 -2.046310e+00  5.000000e+00
     vertex  4.502273e+01 -2.100668e+00  5.000000e+00
     vertex  4.503172e+01 -2.154800e+00  5.000000e+00
   endloop
 endfacet
 facet normal  0.000000e+00  0.000000e+00  1.000000e+00
   outer loop
     vertex  4.684924e+01 -3.794310e+00  5.000000e+00
     vertex  4.668578e+01 -3.775162e+00  5.000000e+00
     vertex  4.674008e+01 -3.783039e+00  5.000000e+00
   endloop
 endfacet
 facet normal  0.000000e+00  0.000000e+00  1.000000e+00
   outer loop
     vertex  4.684924e+01 -3.794310e+00  5.000000e+00
     vertex  4.674008e+01 -3.783039e+00  5.000000e+00
     vertex  4.679458e+01 -3.789423e+00  5.000000e+00
   endloop
 endfacet
 facet normal  0.000000e+00  0.000000e+00  1.000000e+00
   outer loop
     vertex  4.500470e+01 -1.937080e+00  5.000000e+00
     vertex  4.500921e+01 -1.991767e+00  5.000000e+00
     vertex  4.501523e+01 -2.046310e+00  5.000000e+00
   endloop
 endfacet
 facet normal  0.000000e+00  0.000000e+00  1.000000e+00
   outer loop
     vertex  4.695885e+01 -3.799577e+00  5.000000e+00
     vertex  4.684924e+01 -3.794310e+00  5.000000e+00
     vertex  4.690401e+01 -3.797695e+00  5.000000e+00
   endloop
 endfacet
 facet normal  0.000000e+00  0.000000e+00  1.000000e+00
   outer loop
     vertex  4.712339e+01 -3.796190e+00  5.000000e+00
     vertex  4.701372e+01 -3.799953e+00  5.000000e+00
     vertex  4.706858e+01 -3.798824e+00  5.000000e+00
   endloop
 endfacet
 facet normal  0.000000e+00  0.000000e+00  1.000000e+00
   outer loop
     vertex  4.717811e+01 -3.792054e+00  5.000000e+00
     vertex  4.701372e+01 -3.799953e+00  5.000000e+00
     vertex  4.712339e+01 -3.796190e+00  5.000000e+00
   endloop
 endfacet
 facet normal  0.000000e+00  0.000000e+00  1.000000e+00
   outer loop
     vertex  4.723269e+01 -3.786418e+00  5.000000e+00
     vertex  4.684924e+01 -3.794310e+00  5.000000e+00
     vertex  4.695885e+01 -3.799577e+00  5.000000e+00
   endloop
 endfacet
 facet normal  0.000000e+00  0.000000e+00  1.000000e+00
   outer loop
     vertex  4.723269e+01 -3.786418e+00  5.000000e+00
     vertex  4.701372e+01 -3.799953e+00  5.000000e+00
     vertex  4.717811e+01 -3.792054e+00  5.000000e+00
   endloop
 endfacet
 facet normal  0.000000e+00  0.000000e+00  1.000000e+00
   outer loop
     vertex  4.723269e+01 -3.786418e+00  5.000000e+00
     vertex  4.695885e+01 -3.799577e+00  5.000000e+00
     vertex  4.701372e+01 -3.799953e+00  5.000000e+00
   endloop
 endfacet
 facet normal  0.000000e+00  0.000000e+00  1.000000e+00
   outer loop
     vertex  4.501523e+01 -1.553690e+00  5.000000e+00
     vertex  4.500921e+01 -1.608233e+00  5.000000e+00
     vertex  4.500470e+01 -1.662920e+00  5.000000e+00
   endloop
 endfacet
 facet normal  0.000000e+00  0.000000e+00  1.000000e+00
   outer loop
     vertex  4.502273e+01 -1.499332e+00  5.000000e+00
     vertex  4.500470e+01 -1.662920e+00  5.000000e+00
     vertex  4.500169e+01 -1.717711e+00  5.000000e+00
   endloop
 endfacet
 facet normal  0.000000e+00  0.000000e+00  1.000000e+00
   outer loop
     vertex  4.502273e+01 -1.499332e+00  5.000000e+00
     vertex  4.500169e+01 -1.717711e+00  5.000000e+00
     vertex  4.500019e+01 -1.772563e+00  5.000000e+00
   endloop
 endfacet
 facet normal  0.000000e+00  0.000000e+00  1.000000e+00
   outer loop
     vertex  4.502273e+01 -1.499332e+00  5.000000e+00
     vertex  4.500019e+01 -1.772563e+00  5.000000e+00
     vertex  4.500019e+01 -1.827437e+00  5.000000e+00
   endloop
 endfacet
 facet normal  0.000000e+00  0.000000e+00  1.000000e+00
   outer loop
     vertex  4.502273e+01 -1.499332e+00  5.000000e+00
     vertex  4.500019e+01 -1.827437e+00  5.000000e+00
     vertex  4.500169e+01 -1.882289e+00  5.000000e+00
   endloop
 endfacet
 facet normal  0.000000e+00  0.000000e+00  1.000000e+00
   outer loop
     vertex  4.502273e+01 -1.499332e+00  5.000000e+00
     vertex  4.500169e+01 -1.882289e+00  5.000000e+00
     vertex  4.500470e+01 -1.937080e+00  5.000000e+00
   endloop
 endfacet
 facet normal  0.000000e+00  0.000000e+00  1.000000e+00
   outer loop
     vertex  4.502273e+01 -1.499332e+00  5.000000e+00
     vertex  4.501523e+01 -1.553690e+00  5.000000e+00
     vertex  4.500470e+01 -1.662920e+00  5.000000e+00
   endloop
 endfacet
 facet normal  0.000000e+00  0.000000e+00  1.000000e+00
   outer loop
     vertex  4.504220e+01 -1.391336e+00  5.000000e+00
     vertex  4.503172e+01 -1.445200e+00  5.000000e+00
     vertex  4.502273e+01 -1.499332e+00  5.000000e+00
   endloop
 endfacet
 facet normal  0.000000e+00  0.000000e+00  1.000000e+00
   outer loop
     vertex  4.744886e+01 -3.748980e+00  5.000000e+00
     vertex  4.723269e+01 -3.786418e+00  5.000000e+00
     vertex  4.728710e+01 -3.779286e+00  5.000000e+00
   endloop
 endfacet
 facet normal  0.000000e+00  0.000000e+00  1.000000e+00
   outer loop
     vertex  4.744886e+01 -3.748980e+00  5.000000e+00
     vertex  4.728710e+01 -3.779286e+00  5.000000e+00
     vertex  4.734129e+01 -3.770665e+00  5.000000e+00
   endloop
 endfacet
 facet normal  0.000000e+00  0.000000e+00  1.000000e+00
   outer loop
     vertex  4.744886e+01 -3.748980e+00  5.000000e+00
     vertex  4.734129e+01 -3.770665e+00  5.000000e+00
     vertex  4.739523e+01 -3.760560e+00  5.000000e+00
   endloop
 endfacet
 facet normal  0.000000e+00  0.000000e+00  1.000000e+00
   outer loop
     vertex  4.505414e+01 -1.337780e+00  5.000000e+00
     vertex  4.504220e+01 -1.391336e+00  5.000000e+00
     vertex  4.502273e+01 -1.499332e+00  5.000000e+00
   endloop
 endfacet
 facet normal  0.000000e+00  0.000000e+00  1.000000e+00
   outer loop
     vertex  4.755508e+01 -3.721427e+00  5.000000e+00
     vertex  4.723269e+01 -3.786418e+00  5.000000e+00
     vertex  4.744886e+01 -3.748980e+00  5.000000e+00
   endloop
 endfacet
 facet normal  0.000000e+00  0.000000e+00  1.000000e+00
   outer loop
     vertex  4.755508e+01 -3.721427e+00  5.000000e+00
     vertex  4.744886e+01 -3.748980e+00  5.000000e+00
     vertex  4.750216e+01 -3.735932e+00  5.000000e+00
   endloop
 endfacet
 facet normal  0.000000e+00  0.000000e+00  1.000000e+00
   outer loop
     vertex  4.760759e+01 -3.705476e+00  5.000000e+00
     vertex  4.723269e+01 -3.786418e+00  5.000000e+00
     vertex  4.755508e+01 -3.721427e+00  5.000000e+00
   endloop
 endfacet
 facet normal  0.000000e+00  0.000000e+00  1.000000e+00
   outer loop
     vertex  4.509874e+01 -1.179357e+00  5.000000e+00
     vertex  4.508243e+01 -1.231750e+00  5.000000e+00
     vertex  4.506756e+01 -1.284571e+00  5.000000e+00
   endloop
 endfacet
 facet normal  0.000000e+00  0.000000e+00  1.000000e+00
   outer loop
     vertex  4.509874e+01 -1.179357e+00  5.000000e+00
     vertex  4.506756e+01 -1.284571e+00  5.000000e+00
     vertex  4.505414e+01 -1.337780e+00  5.000000e+00
   endloop
 endfacet
 facet normal  0.000000e+00  0.000000e+00  1.000000e+00
   outer loop
     vertex  4.765963e+01 -3.688090e+00  5.000000e+00
     vertex  4.723269e+01 -3.786418e+00  5.000000e+00
     vertex  4.760759e+01 -3.705476e+00  5.000000e+00
   endloop
 endfacet
 facet normal  0.000000e+00  0.000000e+00  1.000000e+00
   outer loop
     vertex  4.776220e+01 -3.649069e+00  5.000000e+00
     vertex  4.765963e+01 -3.688090e+00  5.000000e+00
     vertex  4.771118e+01 -3.669283e+00  5.000000e+00
   endloop
 endfacet
 facet normal  0.000000e+00  0.000000e+00  1.000000e+00
   outer loop
     vertex  4.786247e+01 -3.604481e+00  5.000000e+00
     vertex  4.776220e+01 -3.649069e+00  5.000000e+00
     vertex  4.781264e+01 -3.627463e+00  5.000000e+00
   endloop
 endfacet
 facet normal  0.000000e+00  0.000000e+00  1.000000e+00
   outer loop
     vertex  4.520148e+01 -9.251763e-01  5.000000e+00
     vertex  4.515620e+01 -1.025137e+00  5.000000e+00
     vertex  4.513564e+01 -1.076012e+00  5.000000e+00
   endloop
 endfacet
 facet normal  0.000000e+00  0.000000e+00  1.000000e+00
   outer loop
     vertex  4.520148e+01 -9.251763e-01  5.000000e+00
     vertex  4.513564e+01 -1.076012e+00  5.000000e+00
     vertex  4.511648e+01 -1.127431e+00  5.000000e+00
   endloop
 endfacet
 facet normal  0.000000e+00  0.000000e+00  1.000000e+00
   outer loop
     vertex  4.520148e+01 -9.251763e-01  5.000000e+00
     vertex  4.511648e+01 -1.127431e+00  5.000000e+00
     vertex  4.509874e+01 -1.179357e+00  5.000000e+00
   endloop
 endfacet
 facet normal  0.000000e+00  0.000000e+00  1.000000e+00
   outer loop
     vertex  4.520148e+01 -9.251763e-01  5.000000e+00
     vertex  4.517815e+01 -9.748463e-01  5.000000e+00
     vertex  4.515620e+01 -1.025137e+00  5.000000e+00
   endloop
 endfacet
 facet normal  0.000000e+00  0.000000e+00  1.000000e+00
   outer loop
     vertex  4.796014e+01 -3.554461e+00  5.000000e+00
     vertex  4.776220e+01 -3.649069e+00  5.000000e+00
     vertex  4.786247e+01 -3.604481e+00  5.000000e+00
   endloop
 endfacet
 facet normal  0.000000e+00  0.000000e+00  1.000000e+00
   outer loop
     vertex  4.796014e+01 -3.554461e+00  5.000000e+00
     vertex  4.786247e+01 -3.604481e+00  5.000000e+00
     vertex  4.791165e+01 -3.580141e+00  5.000000e+00
   endloop
 endfacet
 facet normal  0.000000e+00  0.000000e+00  1.000000e+00
   outer loop
     vertex  4.525217e+01 -8.278487e-01  5.000000e+00
     vertex  4.522615e+01 -8.761648e-01  5.000000e+00
     vertex  4.520148e+01 -9.251763e-01  5.000000e+00
   endloop
 endfacet
 facet normal  0.000000e+00  0.000000e+00  1.000000e+00
   outer loop
     vertex  4.530812e+01 -7.334479e-01  5.000000e+00
     vertex  4.525217e+01 -8.278487e-01  5.000000e+00
     vertex  4.520148e+01 -9.251763e-01  5.000000e+00
   endloop
 endfacet
 facet normal  0.000000e+00  0.000000e+00  1.000000e+00
   outer loop
     vertex  4.530812e+01 -7.334479e-01  5.000000e+00
     vertex  4.527949e+01 -7.802645e-01  5.000000e+00
     vertex  4.525217e+01 -8.278487e-01  5.000000e+00
   endloop
 endfacet
 facet normal  0.000000e+00  0.000000e+00  1.000000e+00
   outer loop
     vertex  4.810114e+01 -3.469578e+00  5.000000e+00
     vertex  4.765963e+01 -3.688090e+00  5.000000e+00
     vertex  4.776220e+01 -3.649069e+00  5.000000e+00
   endloop
 endfacet
 facet normal  0.000000e+00  0.000000e+00  1.000000e+00
   outer loop
     vertex  4.810114e+01 -3.469578e+00  5.000000e+00
     vertex  4.776220e+01 -3.649069e+00  5.000000e+00
     vertex  4.796014e+01 -3.554461e+00  5.000000e+00
   endloop
 endfacet
 facet normal  0.000000e+00  0.000000e+00  1.000000e+00
   outer loop
     vertex  4.810114e+01 -3.469578e+00  5.000000e+00
     vertex  4.796014e+01 -3.554461e+00  5.000000e+00
     vertex  4.800791e+01 -3.527460e+00  5.000000e+00
   endloop
 endfacet
 facet normal  0.000000e+00  0.000000e+00  1.000000e+00
   outer loop
     vertex  4.810114e+01 -3.469578e+00  5.000000e+00
     vertex  4.800791e+01 -3.527460e+00  5.000000e+00
     vertex  4.805492e+01 -3.499159e+00  5.000000e+00
   endloop
 endfacet
 facet normal  0.000000e+00  0.000000e+00  1.000000e+00
   outer loop
     vertex  4.533801e+01 -6.874341e-01  5.000000e+00
     vertex  4.530812e+01 -7.334479e-01  5.000000e+00
     vertex  4.520148e+01 -9.251763e-01  5.000000e+00
   endloop
 endfacet
 facet normal  0.000000e+00  0.000000e+00  1.000000e+00
   outer loop
     vertex  4.814653e+01 -3.438741e+00  5.000000e+00
     vertex  4.765963e+01 -3.688090e+00  5.000000e+00
     vertex  4.810114e+01 -3.469578e+00  5.000000e+00
   endloop
 endfacet
 facet normal  0.000000e+00  0.000000e+00  1.000000e+00
   outer loop
     vertex  4.536916e+01 -6.422579e-01  5.000000e+00
     vertex  4.533801e+01 -6.874341e-01  5.000000e+00
     vertex  4.520148e+01 -9.251763e-01  5.000000e+00
   endloop
 endfacet
 facet normal  0.000000e+00  0.000000e+00  1.000000e+00
   outer loop
     vertex  4.543512e+01 -5.545532e-01  5.000000e+00
     vertex  4.536916e+01 -6.422579e-01  5.000000e+00
     vertex  4.520148e+01 -9.251763e-01  5.000000e+00
   endloop
 endfacet
 facet normal  0.000000e+00  0.000000e+00  1.000000e+00
   outer loop
     vertex  4.543512e+01 -5.545532e-01  5.000000e+00
     vertex  4.520148e+01 -9.251763e-01  5.000000e+00
     vertex  4.509874e+01 -1.179357e+00  5.000000e+00
   endloop
 endfacet
 facet normal  0.000000e+00  0.000000e+00  1.000000e+00
   outer loop
     vertex  4.543512e+01 -5.545532e-01  5.000000e+00
     vertex  4.509874e+01 -1.179357e+00  5.000000e+00
     vertex  4.505414e+01 -1.337780e+00  5.000000e+00
   endloop
 endfacet
 facet normal  0.000000e+00  0.000000e+00  1.000000e+00
   outer loop
     vertex  4.543512e+01 -5.545532e-01  5.000000e+00
     vertex  4.540154e+01 -5.979531e-01  5.000000e+00
     vertex  4.536916e+01 -6.422579e-01  5.000000e+00
   endloop
 endfacet
 facet normal  0.000000e+00  0.000000e+00  1.000000e+00
   outer loop
     vertex  4.827738e+01 -3.338926e+00  5.000000e+00
     vertex  4.814653e+01 -3.438741e+00  5.000000e+00
     vertex  4.819105e+01 -3.406670e+00  5.000000e+00
   endloop
 endfacet
 facet normal  0.000000e+00  0.000000e+00  1.000000e+00
   outer loop
     vertex  4.827738e+01 -3.338926e+00  5.000000e+00
     vertex  4.819105e+01 -3.406670e+00  5.000000e+00
     vertex  4.823468e+01 -3.373390e+00  5.000000e+00
   endloop
 endfacet
 facet normal  0.000000e+00  0.000000e+00  1.000000e+00
   outer loop
     vertex  4.831912e+01 -3.303303e+00  5.000000e+00
     vertex  4.814653e+01 -3.438741e+00  5.000000e+00
     vertex  4.827738e+01 -3.338926e+00  5.000000e+00
   endloop
 endfacet
 facet normal  0.000000e+00  0.000000e+00  1.000000e+00
   outer loop
     vertex  4.554281e+01 -4.301060e-01  5.000000e+00
     vertex  4.543512e+01 -5.545532e-01  5.000000e+00
     vertex  4.505414e+01 -1.337780e+00  5.000000e+00
   endloop
 endfacet
 facet normal  0.000000e+00  0.000000e+00  1.000000e+00
   outer loop
     vertex  4.554281e+01 -4.301060e-01  5.000000e+00
     vertex  4.550578e+01 -4.705981e-01  5.000000e+00
     vertex  4.546987e+01 -5.120909e-01  5.000000e+00
   endloop
 endfacet
 facet normal  0.000000e+00  0.000000e+00  1.000000e+00
   outer loop
     vertex  4.554281e+01 -4.301060e-01  5.000000e+00
     vertex  4.546987e+01 -5.120909e-01  5.000000e+00
     vertex  4.543512e+01 -5.545532e-01  5.000000e+00
   endloop
 endfacet
 facet normal  0.000000e+00  0.000000e+00  1.000000e+00
   outer loop
     vertex  4.839959e+01 -3.228689e+00  5.000000e+00
     vertex  4.814653e+01 -3.438741e+00  5.000000e+00
     vertex  4.831912e+01 -3.303303e+00  5.000000e+00
   endloop
 endfacet
 facet normal  0.000000e+00  0.000000e+00  1.000000e+00
   outer loop
     vertex  4.839959e+01 -3.228689e+00  5.000000e+00
     vertex  4.831912e+01 -3.303303e+00  5.000000e+00
     vertex  4.835987e+01 -3.266548e+00  5.000000e+00
   endloop
 endfacet
 facet normal  0.000000e+00  0.000000e+00  1.000000e+00
   outer loop
     vertex  4.558094e+01 -3.906451e-01  5.000000e+00
     vertex  4.554281e+01 -4.301060e-01  5.000000e+00
     vertex  4.505414e+01 -1.337780e+00  5.000000e+00
   endloop
 endfacet
 facet normal  0.000000e+00  0.000000e+00  1.000000e+00
   outer loop
     vertex  4.847584e+01 -3.149775e+00  5.000000e+00
     vertex  4.814653e+01 -3.438741e+00  5.000000e+00
     vertex  4.839959e+01 -3.228689e+00  5.000000e+00
   endloop
 endfacet
 facet normal  0.000000e+00  0.000000e+00  1.000000e+00
   outer loop
     vertex  4.847584e+01 -3.149775e+00  5.000000e+00
     vertex  4.839959e+01 -3.228689e+00  5.000000e+00
     vertex  4.843826e+01 -3.189755e+00  5.000000e+00
   endloop
 endfacet
 facet normal  0.000000e+00  0.000000e+00  1.000000e+00
   outer loop
     vertex  4.570163e+01 -2.787427e-01  5.000000e+00
     vertex  4.566038e+01 -3.149349e-01  5.000000e+00
     vertex  4.562014e+01 -3.522451e-01  5.000000e+00
   endloop
 endfacet
 facet normal  0.000000e+00  0.000000e+00  1.000000e+00
   outer loop
     vertex  4.570163e+01 -2.787427e-01  5.000000e+00
     vertex  4.562014e+01 -3.522451e-01  5.000000e+00
     vertex  4.558094e+01 -3.906451e-01  5.000000e+00
   endloop
 endfacet
 facet normal  0.000000e+00  0.000000e+00  1.000000e+00
   outer loop
     vertex  4.854765e+01 -3.066797e+00  5.000000e+00
     vertex  4.847584e+01 -3.149775e+00  5.000000e+00
     vertex  4.851232e+01 -3.108779e+00  5.000000e+00
   endloop
 endfacet
 facet normal  0.000000e+00  0.000000e+00  1.000000e+00
   outer loop
     vertex  4.854765e+01 -3.066797e+00  5.000000e+00
     vertex  4.684924e+01 -3.794310e+00  5.000000e+00
     vertex  4.723269e+01 -3.786418e+00  5.000000e+00
   endloop
 endfacet
 facet normal  0.000000e+00  0.000000e+00  1.000000e+00
   outer loop
     vertex  4.854765e+01 -3.066797e+00  5.000000e+00
     vertex  4.668578e+01 -3.775162e+00  5.000000e+00
     vertex  4.684924e+01 -3.794310e+00  5.000000e+00
   endloop
 endfacet
 facet normal  0.000000e+00  0.000000e+00  1.000000e+00
   outer loop
     vertex  4.854765e+01 -3.066797e+00  5.000000e+00
     vertex  4.558094e+01 -3.209355e+00  5.000000e+00
     vertex  4.562014e+01 -3.247755e+00  5.000000e+00
   endloop
 endfacet
 facet normal  0.000000e+00  0.000000e+00  1.000000e+00
   outer loop
     vertex  4.854765e+01 -3.066797e+00  5.000000e+00
     vertex  4.562014e+01 -3.247755e+00  5.000000e+00
     vertex  4.566038e+01 -3.285065e+00  5.000000e+00
   endloop
 endfacet
 facet normal  0.000000e+00  0.000000e+00  1.000000e+00
   outer loop
     vertex  4.854765e+01 -3.066797e+00  5.000000e+00
     vertex  4.566038e+01 -3.285065e+00  5.000000e+00
     vertex  4.570163e+01 -3.321257e+00  5.000000e+00
   endloop
 endfacet
 facet normal  0.000000e+00  0.000000e+00  1.000000e+00
   outer loop
     vertex  4.854765e+01 -3.066797e+00  5.000000e+00
     vertex  4.570163e+01 -3.321257e+00  5.000000e+00
     vertex  4.592187e+01 -3.484527e+00  5.000000e+00
   endloop
 endfacet
 facet normal  0.000000e+00  0.000000e+00  1.000000e+00
   outer loop
     vertex  4.854765e+01 -3.066797e+00  5.000000e+00
     vertex  4.814653e+01 -3.438741e+00  5.000000e+00
     vertex  4.847584e+01 -3.149775e+00  5.000000e+00
   endloop
 endfacet
 facet normal  0.000000e+00  0.000000e+00  1.000000e+00
   outer loop
     vertex  4.854765e+01 -3.066797e+00  5.000000e+00
     vertex  4.592187e+01 -3.484527e+00  5.000000e+00
     vertex  4.601588e+01 -3.541124e+00  5.000000e+00
   endloop
 endfacet
 facet normal  0.000000e+00  0.000000e+00  1.000000e+00
   outer loop
     vertex  4.854765e+01 -3.066797e+00  5.000000e+00
     vertex  4.601588e+01 -3.541124e+00  5.000000e+00
     vertex  4.621251e+01 -3.638439e+00  5.000000e+00
   endloop
 endfacet
 facet normal  0.000000e+00  0.000000e+00  1.000000e+00
   outer loop
     vertex  4.854765e+01 -3.066797e+00  5.000000e+00
     vertex  4.723269e+01 -3.786418e+00  5.000000e+00
     vertex  4.765963e+01 -3.688090e+00  5.000000e+00
   endloop
 endfacet
 facet normal  0.000000e+00  0.000000e+00  1.000000e+00
   outer loop
     vertex  4.854765e+01 -3.066797e+00  5.000000e+00
     vertex  4.765963e+01 -3.688090e+00  5.000000e+00
     vertex  4.814653e+01 -3.438741e+00  5.000000e+00
   endloop
 endfacet
 facet normal  0.000000e+00  0.000000e+00  1.000000e+00
   outer loop
     vertex  4.854765e+01 -3.066797e+00  5.000000e+00
     vertex  4.621251e+01 -3.638439e+00  5.000000e+00
     vertex  4.636633e+01 -3.696961e+00  5.000000e+00
   endloop
 endfacet
 facet normal  0.000000e+00  0.000000e+00  1.000000e+00
   outer loop
     vertex  4.854765e+01 -3.066797e+00  5.000000e+00
     vertex  4.636633e+01 -3.696961e+00  5.000000e+00
     vertex  4.668578e+01 -3.775162e+00  5.000000e+00
   endloop
 endfacet
 facet normal  0.000000e+00  0.000000e+00  1.000000e+00
   outer loop
     vertex  4.578702e+01 -2.098200e-01  5.000000e+00
     vertex  4.570163e+01 -2.787427e-01  5.000000e+00
     vertex  4.558094e+01 -3.906451e-01  5.000000e+00
   endloop
 endfacet
 facet normal  0.000000e+00  0.000000e+00  1.000000e+00
   outer loop
     vertex  4.578702e+01 -2.098200e-01  5.000000e+00
     vertex  4.574385e+01 -2.436956e-01  5.000000e+00
     vertex  4.570163e+01 -2.787427e-01  5.000000e+00
   endloop
 endfacet
 facet normal  0.000000e+00  0.000000e+00  1.000000e+00
   outer loop
     vertex  4.583110e+01 -1.771415e-01  5.000000e+00
     vertex  4.578702e+01 -2.098200e-01  5.000000e+00
     vertex  4.558094e+01 -3.906451e-01  5.000000e+00
   endloop
 endfacet
 facet normal  0.000000e+00  0.000000e+00  1.000000e+00
   outer loop
     vertex  4.864657e+01 -2.935261e+00  5.000000e+00
     vertex  4.854765e+01 -3.066797e+00  5.000000e+00
     vertex  4.858182e+01 -3.023862e+00  5.000000e+00
   endloop
 endfacet
 facet normal  0.000000e+00  0.000000e+00  1.000000e+00
   outer loop
     vertex  4.864657e+01 -2.935261e+00  5.000000e+00
     vertex  4.858182e+01 -3.023862e+00  5.000000e+00
     vertex  4.861480e+01 -2.980006e+00  5.000000e+00
   endloop
 endfacet
 facet normal  0.000000e+00  0.000000e+00  1.000000e+00
   outer loop
     vertex  4.870635e+01 -2.843242e+00  5.000000e+00
     vertex  4.864657e+01 -2.935261e+00  5.000000e+00
     vertex  4.867709e+01 -2.889662e+00  5.000000e+00
   endloop
 endfacet
 facet normal  0.000000e+00  0.000000e+00  1.000000e+00
   outer loop
     vertex  4.596849e+01 -8.652958e-02  5.000000e+00
     vertex  4.592187e+01 -1.154731e-01  5.000000e+00
     vertex  4.587606e+01 -1.456846e-01  5.000000e+00
   endloop
 endfacet
 facet normal  0.000000e+00  0.000000e+00  1.000000e+00
   outer loop
     vertex  4.596849e+01 -8.652958e-02  5.000000e+00
     vertex  4.587606e+01 -1.456846e-01  5.000000e+00
     vertex  4.583110e+01 -1.771415e-01  5.000000e+00
   endloop
 endfacet
 facet normal  0.000000e+00  0.000000e+00  1.000000e+00
   outer loop
     vertex  4.873433e+01 -2.796037e+00  5.000000e+00
     vertex  4.864657e+01 -2.935261e+00  5.000000e+00
     vertex  4.870635e+01 -2.843242e+00  5.000000e+00
   endloop
 endfacet
 facet normal  0.000000e+00  0.000000e+00  1.000000e+00
   outer loop
     vertex  4.873433e+01 -2.796037e+00  5.000000e+00
     vertex  4.854765e+01 -3.066797e+00  5.000000e+00
     vertex  4.864657e+01 -2.935261e+00  5.000000e+00
   endloop
 endfacet
 facet normal  0.000000e+00  0.000000e+00  1.000000e+00
   outer loop
     vertex  4.878635e+01 -2.699414e+00  5.000000e+00
     vertex  4.873433e+01 -2.796037e+00  5.000000e+00
     vertex  4.876101e+01 -2.748082e+00  5.000000e+00
   endloop
 endfacet
 facet normal  0.000000e+00  0.000000e+00  1.000000e+00
   outer loop
     vertex  4.878635e+01 -2.699414e+00  5.000000e+00
     vertex  4.854765e+01 -3.066797e+00  5.000000e+00
     vertex  4.873433e+01 -2.796037e+00  5.000000e+00
   endloop
 endfacet
 facet normal  0.000000e+00  0.000000e+00  1.000000e+00
   outer loop
     vertex  4.611286e+01 -7.520441e-03  5.000000e+00
     vertex  4.606402e+01 -3.253294e-02  5.000000e+00
     vertex  4.601588e+01 -5.887593e-02  5.000000e+00
   endloop
 endfacet
 facet normal  0.000000e+00  0.000000e+00  1.000000e+00
   outer loop
     vertex  4.616237e+01  1.614273e-02  5.000000e+00
     vertex  4.611286e+01 -7.520441e-03  5.000000e+00
     vertex  4.601588e+01 -5.887593e-02  5.000000e+00
   endloop
 endfacet
 facet normal  0.000000e+00  0.000000e+00  1.000000e+00
   outer loop
     vertex  4.616237e+01  1.614273e-02  5.000000e+00
     vertex  4.601588e+01 -5.887593e-02  5.000000e+00
     vertex  4.596849e+01 -8.652958e-02  5.000000e+00
   endloop
 endfacet
 facet normal  0.000000e+00  0.000000e+00  1.000000e+00
   outer loop
     vertex  4.883299e+01 -2.600083e+00  5.000000e+00
     vertex  4.878635e+01 -2.699414e+00  5.000000e+00
     vertex  4.881035e+01 -2.650069e+00  5.000000e+00
   endloop
 endfacet
 facet normal  0.000000e+00  0.000000e+00  1.000000e+00
   outer loop
     vertex  4.883299e+01 -2.600083e+00  5.000000e+00
     vertex  4.854765e+01 -3.066797e+00  5.000000e+00
     vertex  4.878635e+01 -2.699414e+00  5.000000e+00
   endloop
 endfacet
 facet normal  0.000000e+00  0.000000e+00  1.000000e+00
   outer loop
     vertex  4.621251e+01  3.843877e-02  5.000000e+00
     vertex  4.616237e+01  1.614273e-02  5.000000e+00
     vertex  4.596849e+01 -8.652958e-02  5.000000e+00
   endloop
 endfacet
 facet normal  0.000000e+00  0.000000e+00  1.000000e+00
   outer loop
     vertex  4.621251e+01  3.843877e-02  5.000000e+00
     vertex  4.596849e+01 -8.652958e-02  5.000000e+00
     vertex  4.583110e+01 -1.771415e-01  5.000000e+00
   endloop
 endfacet
 facet normal  0.000000e+00  0.000000e+00  1.000000e+00
   outer loop
     vertex  4.885425e+01 -2.549496e+00  5.000000e+00
     vertex  4.854765e+01 -3.066797e+00  5.000000e+00
     vertex  4.883299e+01 -2.600083e+00  5.000000e+00
   endloop
 endfacet
 facet normal  0.000000e+00  0.000000e+00  1.000000e+00
   outer loop
     vertex  4.631453e+01  7.886335e-02  5.000000e+00
     vertex  4.626324e+01  5.935089e-02  5.000000e+00
     vertex  4.621251e+01  3.843877e-02  5.000000e+00
   endloop
 endfacet
 facet normal  0.000000e+00  0.000000e+00  1.000000e+00
   outer loop
     vertex  4.636633e+01  9.696146e-02  5.000000e+00
     vertex  4.621251e+01  3.843877e-02  5.000000e+00
     vertex  4.583110e+01 -1.771415e-01  5.000000e+00
   endloop
 endfacet
 facet normal  0.000000e+00  0.000000e+00  1.000000e+00
   outer loop
     vertex  4.636633e+01  9.696146e-02  5.000000e+00
     vertex  4.631453e+01  7.886335e-02  5.000000e+00
     vertex  4.621251e+01  3.843877e-02  5.000000e+00
   endloop
 endfacet
 facet normal  0.000000e+00  0.000000e+00  1.000000e+00
   outer loop
     vertex  4.636633e+01  9.696146e-02  5.000000e+00
     vertex  4.558094e+01 -3.906451e-01  5.000000e+00
     vertex  4.505414e+01 -1.337780e+00  5.000000e+00
   endloop
 endfacet
 facet normal  0.000000e+00  0.000000e+00  1.000000e+00
   outer loop
     vertex  4.636633e+01  9.696146e-02  5.000000e+00
     vertex  4.505414e+01 -1.337780e+00  5.000000e+00
     vertex  4.502273e+01 -1.499332e+00  5.000000e+00
   endloop
 endfacet
 facet normal  0.000000e+00  0.000000e+00  1.000000e+00
   outer loop
     vertex  4.636633e+01  9.696146e-02  5.000000e+00
     vertex  4.583110e+01 -1.771415e-01  5.000000e+00
     vertex  4.558094e+01 -3.906451e-01  5.000000e+00
   endloop
 endfacet
 facet normal  0.000000e+00  0.000000e+00  1.000000e+00
   outer loop
     vertex  4.890960e+01 -2.394502e+00  5.000000e+00
     vertex  4.885425e+01 -2.549496e+00  5.000000e+00
     vertex  4.887412e+01 -2.498344e+00  5.000000e+00
   endloop
 endfacet
 facet normal  0.000000e+00  0.000000e+00  1.000000e+00
   outer loop
     vertex  4.890960e+01 -2.394502e+00  5.000000e+00
     vertex  4.887412e+01 -2.498344e+00  5.000000e+00
     vertex  4.889257e+01 -2.446667e+00  5.000000e+00
   endloop
 endfacet
 facet normal  0.000000e+00  0.000000e+00  1.000000e+00
   outer loop
     vertex  4.893933e+01 -2.288871e+00  5.000000e+00
     vertex  4.890960e+01 -2.394502e+00  5.000000e+00
     vertex  4.892519e+01 -2.341891e+00  5.000000e+00
   endloop
 endfacet
 facet normal  0.000000e+00  0.000000e+00  1.000000e+00
   outer loop
     vertex  4.895201e+01 -2.235483e+00  5.000000e+00
     vertex  4.854765e+01 -3.066797e+00  5.000000e+00
     vertex  4.885425e+01 -2.549496e+00  5.000000e+00
   endloop
 endfacet
 facet normal  0.000000e+00  0.000000e+00  1.000000e+00
   outer loop
     vertex  4.895201e+01 -2.235483e+00  5.000000e+00
     vertex  4.885425e+01 -2.549496e+00  5.000000e+00
     vertex  4.890960e+01 -2.394502e+00  5.000000e+00
   endloop
 endfacet
 facet normal  0.000000e+00  0.000000e+00  1.000000e+00
   outer loop
     vertex  4.895201e+01 -2.235483e+00  5.000000e+00
     vertex  4.890960e+01 -2.394502e+00  5.000000e+00
     vertex  4.893933e+01 -2.288871e+00  5.000000e+00
   endloop
 endfacet
 facet normal  0.000000e+00  0.000000e+00  1.000000e+00
   outer loop
     vertex  4.896323e+01 -2.181768e+00  5.000000e+00
     vertex  4.854765e+01 -3.066797e+00  5.000000e+00
     vertex  4.895201e+01 -2.235483e+00  5.000000e+00
   endloop
 endfacet
 facet normal  0.000000e+00  0.000000e+00  1.000000e+00
   outer loop
     vertex  4.663171e+01  1.657978e-01  5.000000e+00
     vertex  4.657792e+01  1.549541e-01  5.000000e+00
     vertex  4.652444e+01  1.426388e-01  5.000000e+00
   endloop
 endfacet
 facet normal  0.000000e+00  0.000000e+00  1.000000e+00
   outer loop
     vertex  4.663171e+01  1.657978e-01  5.000000e+00
     vertex  4.652444e+01  1.426388e-01  5.000000e+00
     vertex  4.647133e+01  1.288612e-01  5.000000e+00
   endloop
 endfacet
 facet normal  0.000000e+00  0.000000e+00  1.000000e+00
   outer loop
     vertex  4.663171e+01  1.657978e-01  5.000000e+00
     vertex  4.647133e+01  1.288612e-01  5.000000e+00
     vertex  4.641861e+01  1.136316e-01  5.000000e+00
   endloop
 endfacet
 facet normal  0.000000e+00  0.000000e+00  1.000000e+00
   outer loop
     vertex  4.897296e+01 -2.127765e+00  5.000000e+00
     vertex  4.854765e+01 -3.066797e+00  5.000000e+00
     vertex  4.896323e+01 -2.181768e+00  5.000000e+00
   endloop
 endfacet
 facet normal  0.000000e+00  0.000000e+00  1.000000e+00
   outer loop
     vertex  4.668578e+01  1.751616e-01  5.000000e+00
     vertex  4.663171e+01  1.657978e-01  5.000000e+00
     vertex  4.641861e+01  1.136316e-01  5.000000e+00
   endloop
 endfacet
 facet normal  0.000000e+00  0.000000e+00  1.000000e+00
   outer loop
     vertex  4.674008e+01  1.830386e-01  5.000000e+00
     vertex  4.668578e+01  1.751616e-01  5.000000e+00
     vertex  4.641861e+01  1.136316e-01  5.000000e+00
   endloop
 endfacet
 facet normal  0.000000e+00  0.000000e+00  1.000000e+00
   outer loop
     vertex  4.674008e+01  1.830386e-01  5.000000e+00
     vertex  4.641861e+01  1.136316e-01  5.000000e+00
     vertex  4.636633e+01  9.696146e-02  5.000000e+00
   endloop
 endfacet
 facet normal  0.000000e+00  0.000000e+00  1.000000e+00
   outer loop
     vertex  4.898797e+01 -2.019060e+00  5.000000e+00
     vertex  4.854765e+01 -3.066797e+00  5.000000e+00
     vertex  4.897296e+01 -2.127765e+00  5.000000e+00
   endloop
 endfacet
 facet normal  0.000000e+00  0.000000e+00  1.000000e+00
   outer loop
     vertex  4.898797e+01 -2.019060e+00  5.000000e+00
     vertex  4.897296e+01 -2.127765e+00  5.000000e+00
     vertex  4.898121e+01 -2.073515e+00  5.000000e+00
   endloop
 endfacet
 facet normal  0.000000e+00  0.000000e+00  1.000000e+00
   outer loop
     vertex  4.684924e+01  1.943095e-01  5.000000e+00
     vertex  4.679458e+01  1.894229e-01  5.000000e+00
     vertex  4.674008e+01  1.830386e-01  5.000000e+00
   endloop
 endfacet
 facet normal  0.000000e+00  0.000000e+00  1.000000e+00
   outer loop
     vertex  4.899699e+01 -1.909695e+00  5.000000e+00
     vertex  4.898797e+01 -2.019060e+00  5.000000e+00
     vertex  4.899323e+01 -1.964439e+00  5.000000e+00
   endloop
 endfacet
 facet normal  0.000000e+00  0.000000e+00  1.000000e+00
   outer loop
     vertex  4.899699e+01 -1.909695e+00  5.000000e+00
     vertex  4.854765e+01 -3.066797e+00  5.000000e+00
     vertex  4.898797e+01 -2.019060e+00  5.000000e+00
   endloop
 endfacet
 facet normal  0.000000e+00  0.000000e+00  1.000000e+00
   outer loop
     vertex  4.899925e+01 -1.854868e+00  5.000000e+00
     vertex  4.854765e+01 -3.066797e+00  5.000000e+00
     vertex  4.899699e+01 -1.909695e+00  5.000000e+00
   endloop
 endfacet
 facet normal  0.000000e+00  0.000000e+00  1.000000e+00
   outer loop
     vertex  4.695885e+01  1.995766e-01  5.000000e+00
     vertex  4.690401e+01  1.976949e-01  5.000000e+00
     vertex  4.684924e+01  1.943095e-01  5.000000e+00
   endloop
 endfacet
 facet normal  0.000000e+00  0.000000e+00  1.000000e+00
   outer loop
     vertex  4.701372e+01  1.999529e-01  5.000000e+00
     vertex  4.695885e+01  1.995766e-01  5.000000e+00
     vertex  4.684924e+01  1.943095e-01  5.000000e+00
   endloop
 endfacet
 facet normal  0.000000e+00  0.000000e+00  1.000000e+00
   outer loop
     vertex  4.899699e+01 -1.690305e+00  5.000000e+00
     vertex  4.900000e+01 -1.800000e+00  5.000000e+00
     vertex  4.899925e+01 -1.745132e+00  5.000000e+00
   endloop
 endfacet
 facet normal  0.000000e+00  0.000000e+00  1.000000e+00
   outer loop
     vertex  4.899699e+01 -1.690305e+00  5.000000e+00
     vertex  4.899925e+01 -1.854868e+00  5.000000e+00
     vertex  4.900000e+01 -1.800000e+00  5.000000e+00
   endloop
 endfacet
 facet normal  0.000000e+00  0.000000e+00  1.000000e+00
   outer loop
     vertex  4.899323e+01 -1.635561e+00  5.000000e+00
     vertex  4.899925e+01 -1.854868e+00  5.000000e+00
     vertex  4.899699e+01 -1.690305e+00  5.000000e+00
   endloop
 endfacet
 facet normal  0.000000e+00  0.000000e+00  1.000000e+00
   outer loop
     vertex  4.717811e+01  1.920536e-01  5.000000e+00
     vertex  4.712339e+01  1.961901e-01  5.000000e+00
     vertex  4.706858e+01  1.988238e-01  5.000000e+00
   endloop
 endfacet
 facet normal  0.000000e+00  0.000000e+00  1.000000e+00
   outer loop
     vertex  4.728710e+01  1.792864e-01  5.000000e+00
     vertex  4.717811e+01  1.920536e-01  5.000000e+00
     vertex  4.706858e+01  1.988238e-01  5.000000e+00
   endloop
 endfacet
 facet normal  0.000000e+00  0.000000e+00  1.000000e+00
   outer loop
     vertex  4.728710e+01  1.792864e-01  5.000000e+00
     vertex  4.723269e+01  1.864177e-01  5.000000e+00
     vertex  4.717811e+01  1.920536e-01  5.000000e+00
   endloop
 endfacet
 facet normal  0.000000e+00  0.000000e+00  1.000000e+00
   outer loop
     vertex  4.728710e+01  1.792864e-01  5.000000e+00
     vertex  4.706858e+01  1.988238e-01  5.000000e+00
     vertex  4.701372e+01  1.999529e-01  5.000000e+00
   endloop
 endfacet
 facet normal  0.000000e+00  0.000000e+00  1.000000e+00
   outer loop
     vertex  4.734129e+01  1.706651e-01  5.000000e+00
     vertex  4.728710e+01  1.792864e-01  5.000000e+00
     vertex  4.701372e+01  1.999529e-01  5.000000e+00
   endloop
 endfacet
 facet normal  0.000000e+00  0.000000e+00  1.000000e+00
   outer loop
     vertex  4.895201e+01 -1.364517e+00  5.000000e+00
     vertex  4.899323e+01 -1.635561e+00  5.000000e+00
     vertex  4.898797e+01 -1.580940e+00  5.000000e+00
   endloop
 endfacet
 facet normal  0.000000e+00  0.000000e+00  1.000000e+00
   outer loop
     vertex  4.895201e+01 -1.364517e+00  5.000000e+00
     vertex  4.898797e+01 -1.580940e+00  5.000000e+00
     vertex  4.898121e+01 -1.526485e+00  5.000000e+00
   endloop
 endfacet
 facet normal  0.000000e+00  0.000000e+00  1.000000e+00
   outer loop
     vertex  4.895201e+01 -1.364517e+00  5.000000e+00
     vertex  4.898121e+01 -1.526485e+00  5.000000e+00
     vertex  4.897296e+01 -1.472235e+00  5.000000e+00
   endloop
 endfacet
 facet normal  0.000000e+00  0.000000e+00  1.000000e+00
   outer loop
     vertex  4.895201e+01 -1.364517e+00  5.000000e+00
     vertex  4.897296e+01 -1.472235e+00  5.000000e+00
     vertex  4.896323e+01 -1.418232e+00  5.000000e+00
   endloop
 endfacet
 facet normal  0.000000e+00  0.000000e+00  1.000000e+00
   outer loop
     vertex  4.895201e+01 -1.364517e+00  5.000000e+00
     vertex  4.558094e+01 -3.209355e+00  5.000000e+00
     vertex  4.854765e+01 -3.066797e+00  5.000000e+00
   endloop
 endfacet
 facet normal  0.000000e+00  0.000000e+00  1.000000e+00
   outer loop
     vertex  4.895201e+01 -1.364517e+00  5.000000e+00
     vertex  4.503172e+01 -2.154800e+00  5.000000e+00
     vertex  4.504220e+01 -2.208664e+00  5.000000e+00
   endloop
 endfacet
 facet normal  0.000000e+00  0.000000e+00  1.000000e+00
   outer loop
     vertex  4.895201e+01 -1.364517e+00  5.000000e+00
     vertex  4.504220e+01 -2.208664e+00  5.000000e+00
     vertex  4.505414e+01 -2.262220e+00  5.000000e+00
   endloop
 endfacet
 facet normal  0.000000e+00  0.000000e+00  1.000000e+00
   outer loop
     vertex  4.895201e+01 -1.364517e+00  5.000000e+00
     vertex  4.508243e+01 -2.368250e+00  5.000000e+00
     vertex  4.509874e+01 -2.420643e+00  5.000000e+00
   endloop
 endfacet
 facet normal  0.000000e+00  0.000000e+00  1.000000e+00
   outer loop
     vertex  4.895201e+01 -1.364517e+00  5.000000e+00
     vertex  4.550578e+01 -3.129402e+00  5.000000e+00
     vertex  4.554281e+01 -3.169894e+00  5.000000e+00
   endloop
 endfacet
 facet normal  0.000000e+00  0.000000e+00  1.000000e+00
   outer loop
     vertex  4.895201e+01 -1.364517e+00  5.000000e+00
     vertex  4.554281e+01 -3.169894e+00  5.000000e+00
     vertex  4.558094e+01 -3.209355e+00  5.000000e+00
   endloop
 endfacet
 facet normal  0.000000e+00  0.000000e+00  1.000000e+00
   outer loop
     vertex  4.895201e+01 -1.364517e+00  5.000000e+00
     vertex  4.501523e+01 -2.046310e+00  5.000000e+00
     vertex  4.503172e+01 -2.154800e+00  5.000000e+00
   endloop
 endfacet
 facet normal  0.000000e+00  0.000000e+00  1.000000e+00
   outer loop
     vertex  4.895201e+01 -1.364517e+00  5.000000e+00
     vertex  4.509874e+01 -2.420643e+00  5.000000e+00
     vertex  4.550578e+01 -3.129402e+00  5.000000e+00
   endloop
 endfacet
 facet normal  0.000000e+00  0.000000e+00  1.000000e+00
   outer loop
     vertex  4.895201e+01 -1.364517e+00  5.000000e+00
     vertex  4.854765e+01 -3.066797e+00  5.000000e+00
     vertex  4.899925e+01 -1.854868e+00  5.000000e+00
   endloop
 endfacet
 facet normal  0.000000e+00  0.000000e+00  1.000000e+00
   outer loop
     vertex  4.895201e+01 -1.364517e+00  5.000000e+00
     vertex  4.899925e+01 -1.854868e+00  5.000000e+00
     vertex  4.899323e+01 -1.635561e+00  5.000000e+00
   endloop
 endfacet
 facet normal  0.000000e+00  0.000000e+00  1.000000e+00
   outer loop
     vertex  4.895201e+01 -1.364517e+00  5.000000e+00
     vertex  4.505414e+01 -2.262220e+00  5.000000e+00
     vertex  4.508243e+01 -2.368250e+00  5.000000e+00
   endloop
 endfacet
 facet normal  0.000000e+00  0.000000e+00  1.000000e+00
   outer loop
     vertex  4.892519e+01 -1.258109e+00  5.000000e+00
     vertex  4.895201e+01 -1.364517e+00  5.000000e+00
     vertex  4.893933e+01 -1.311129e+00  5.000000e+00
   endloop
 endfacet
 facet normal  0.000000e+00  0.000000e+00  1.000000e+00
   outer loop
     vertex  4.892519e+01 -1.258109e+00  5.000000e+00
     vertex  4.501523e+01 -2.046310e+00  5.000000e+00
     vertex  4.895201e+01 -1.364517e+00  5.000000e+00
   endloop
 endfacet
 facet normal  0.000000e+00  0.000000e+00  1.000000e+00
   outer loop
     vertex  4.889257e+01 -1.153333e+00  5.000000e+00
     vertex  4.892519e+01 -1.258109e+00  5.000000e+00
     vertex  4.890960e+01 -1.205498e+00  5.000000e+00
   endloop
 endfacet
 facet normal  0.000000e+00  0.000000e+00  1.000000e+00
   outer loop
     vertex  4.889257e+01 -1.153333e+00  5.000000e+00
     vertex  4.501523e+01 -2.046310e+00  5.000000e+00
     vertex  4.892519e+01 -1.258109e+00  5.000000e+00
   endloop
 endfacet
 facet normal  0.000000e+00  0.000000e+00  1.000000e+00
   outer loop
     vertex  4.765963e+01  8.809008e-02  5.000000e+00
     vertex  4.760759e+01  1.054758e-01  5.000000e+00
     vertex  4.755508e+01  1.214272e-01  5.000000e+00
   endloop
 endfacet
 facet normal  0.000000e+00  0.000000e+00  1.000000e+00
   outer loop
     vertex  4.765963e+01  8.809008e-02  5.000000e+00
     vertex  4.755508e+01  1.214272e-01  5.000000e+00
     vertex  4.750216e+01  1.359322e-01  5.000000e+00
   endloop
 endfacet
 facet normal  0.000000e+00  0.000000e+00  1.000000e+00
   outer loop
     vertex  4.765963e+01  8.809008e-02  5.000000e+00
     vertex  4.750216e+01  1.359322e-01  5.000000e+00
     vertex  4.744886e+01  1.489799e-01  5.000000e+00
   endloop
 endfacet
 facet normal  0.000000e+00  0.000000e+00  1.000000e+00
   outer loop
     vertex  4.765963e+01  8.809008e-02  5.000000e+00
     vertex  4.744886e+01  1.489799e-01  5.000000e+00
     vertex  4.739523e+01  1.605604e-01  5.000000e+00
   endloop
 endfacet
 facet normal  0.000000e+00  0.000000e+00  1.000000e+00
   outer loop
     vertex  4.765963e+01  8.809008e-02  5.000000e+00
     vertex  4.739523e+01  1.605604e-01  5.000000e+00
     vertex  4.734129e+01  1.706651e-01  5.000000e+00
   endloop
 endfacet
 facet normal  0.000000e+00  0.000000e+00  1.000000e+00
   outer loop
     vertex  4.771118e+01  6.928302e-02  5.000000e+00
     vertex  4.765963e+01  8.809008e-02  5.000000e+00
     vertex  4.734129e+01  1.706651e-01  5.000000e+00
   endloop
 endfacet
 facet normal  0.000000e+00  0.000000e+00  1.000000e+00
   outer loop
     vertex  4.771118e+01  6.928302e-02  5.000000e+00
     vertex  4.684924e+01  1.943095e-01  5.000000e+00
     vertex  4.674008e+01  1.830386e-01  5.000000e+00
   endloop
 endfacet
 facet normal  0.000000e+00  0.000000e+00  1.000000e+00
   outer loop
     vertex  4.771118e+01  6.928302e-02  5.000000e+00
     vertex  4.701372e+01  1.999529e-01  5.000000e+00
     vertex  4.684924e+01  1.943095e-01  5.000000e+00
   endloop
 endfacet
 facet normal  0.000000e+00  0.000000e+00  1.000000e+00
   outer loop
     vertex  4.771118e+01  6.928302e-02  5.000000e+00
     vertex  4.734129e+01  1.706651e-01  5.000000e+00
     vertex  4.701372e+01  1.999529e-01  5.000000e+00
   endloop
 endfacet
 facet normal  0.000000e+00  0.000000e+00  1.000000e+00
   outer loop
     vertex  4.885425e+01 -1.050504e+00  5.000000e+00
     vertex  4.889257e+01 -1.153333e+00  5.000000e+00
     vertex  4.887412e+01 -1.101656e+00  5.000000e+00
   endloop
 endfacet
 facet normal  0.000000e+00  0.000000e+00  1.000000e+00
   outer loop
     vertex  4.781264e+01  2.746272e-02  5.000000e+00
     vertex  4.776220e+01  4.906883e-02  5.000000e+00
     vertex  4.771118e+01  6.928302e-02  5.000000e+00
   endloop
 endfacet
 facet normal  0.000000e+00  0.000000e+00  1.000000e+00
   outer loop
     vertex  4.881035e+01 -9.499313e-01  5.000000e+00
     vertex  4.889257e+01 -1.153333e+00  5.000000e+00
     vertex  4.885425e+01 -1.050504e+00  5.000000e+00
   endloop
 endfacet
 facet normal  0.000000e+00  0.000000e+00  1.000000e+00
   outer loop
     vertex  4.881035e+01 -9.499313e-01  5.000000e+00
     vertex  4.885425e+01 -1.050504e+00  5.000000e+00
     vertex  4.883299e+01 -9.999166e-01  5.000000e+00
   endloop
 endfacet
 facet normal  0.000000e+00  0.000000e+00  1.000000e+00
   outer loop
     vertex  4.791165e+01 -1.985918e-02  5.000000e+00
     vertex  4.781264e+01  2.746272e-02  5.000000e+00
     vertex  4.771118e+01  6.928302e-02  5.000000e+00
   endloop
 endfacet
 facet normal  0.000000e+00  0.000000e+00  1.000000e+00
   outer loop
     vertex  4.791165e+01 -1.985918e-02  5.000000e+00
     vertex  4.786247e+01  4.480949e-03  5.000000e+00
     vertex  4.781264e+01  2.746272e-02  5.000000e+00
   endloop
 endfacet
 facet normal  0.000000e+00  0.000000e+00  1.000000e+00
   outer loop
     vertex  4.876101e+01 -8.519175e-01  5.000000e+00
     vertex  4.881035e+01 -9.499313e-01  5.000000e+00
     vertex  4.878635e+01 -9.005859e-01  5.000000e+00
   endloop
 endfacet
 facet normal  0.000000e+00  0.000000e+00  1.000000e+00
   outer loop
     vertex  4.876101e+01 -8.519175e-01  5.000000e+00
     vertex  4.889257e+01 -1.153333e+00  5.000000e+00
     vertex  4.881035e+01 -9.499313e-01  5.000000e+00
   endloop
 endfacet
 facet normal  0.000000e+00  0.000000e+00  1.000000e+00
   outer loop
     vertex  4.796014e+01 -4.553934e-02  5.000000e+00
     vertex  4.791165e+01 -1.985918e-02  5.000000e+00
     vertex  4.771118e+01  6.928302e-02  5.000000e+00
   endloop
 endfacet
 facet normal  0.000000e+00  0.000000e+00  1.000000e+00
   outer loop
     vertex  4.873433e+01 -8.039629e-01  5.000000e+00
     vertex  4.889257e+01 -1.153333e+00  5.000000e+00
     vertex  4.876101e+01 -8.519175e-01  5.000000e+00
   endloop
 endfacet
 facet normal  0.000000e+00  0.000000e+00  1.000000e+00
   outer loop
     vertex  4.867709e+01 -7.103384e-01  5.000000e+00
     vertex  4.873433e+01 -8.039629e-01  5.000000e+00
     vertex  4.870635e+01 -7.567580e-01  5.000000e+00
   endloop
 endfacet
 facet normal  0.000000e+00  0.000000e+00  1.000000e+00
   outer loop
     vertex  4.810114e+01 -1.304218e-01  5.000000e+00
     vertex  4.805492e+01 -1.008414e-01  5.000000e+00
     vertex  4.800791e+01 -7.254020e-02  5.000000e+00
   endloop
 endfacet
 facet normal  0.000000e+00  0.000000e+00  1.000000e+00
   outer loop
     vertex  4.810114e+01 -1.304218e-01  5.000000e+00
     vertex  4.800791e+01 -7.254020e-02  5.000000e+00
     vertex  4.796014e+01 -4.553934e-02  5.000000e+00
   endloop
 endfacet
 facet normal  0.000000e+00  0.000000e+00  1.000000e+00
   outer loop
     vertex  4.814653e+01 -1.612589e-01  5.000000e+00
     vertex  4.796014e+01 -4.553934e-02  5.000000e+00
     vertex  4.771118e+01  6.928302e-02  5.000000e+00
   endloop
 endfacet
 facet normal  0.000000e+00  0.000000e+00  1.000000e+00
   outer loop
     vertex  4.814653e+01 -1.612589e-01  5.000000e+00
     vertex  4.810114e+01 -1.304218e-01  5.000000e+00
     vertex  4.796014e+01 -4.553934e-02  5.000000e+00
   endloop
 endfacet
 facet normal  0.000000e+00  0.000000e+00  1.000000e+00
   outer loop
     vertex  4.858182e+01 -5.761380e-01  5.000000e+00
     vertex  4.867709e+01 -7.103384e-01  5.000000e+00
     vertex  4.864657e+01 -6.647391e-01  5.000000e+00
   endloop
 endfacet
 facet normal  0.000000e+00  0.000000e+00  1.000000e+00
   outer loop
     vertex  4.858182e+01 -5.761380e-01  5.000000e+00
     vertex  4.864657e+01 -6.647391e-01  5.000000e+00
     vertex  4.861480e+01 -6.199944e-01  5.000000e+00
   endloop
 endfacet
 facet normal  0.000000e+00  0.000000e+00  1.000000e+00
   outer loop
     vertex  4.858182e+01 -5.761380e-01  5.000000e+00
     vertex  4.873433e+01 -8.039629e-01  5.000000e+00
     vertex  4.867709e+01 -7.103384e-01  5.000000e+00
   endloop
 endfacet
 facet normal  0.000000e+00  0.000000e+00  1.000000e+00
   outer loop
     vertex  4.823468e+01 -2.266098e-01  5.000000e+00
     vertex  4.819105e+01 -1.933296e-01  5.000000e+00
     vertex  4.814653e+01 -1.612589e-01  5.000000e+00
   endloop
 endfacet
 facet normal  0.000000e+00  0.000000e+00  1.000000e+00
   outer loop
     vertex  4.827738e+01 -2.610743e-01  5.000000e+00
     vertex  4.823468e+01 -2.266098e-01  5.000000e+00
     vertex  4.814653e+01 -1.612589e-01  5.000000e+00
   endloop
 endfacet
 facet normal  0.000000e+00  0.000000e+00  1.000000e+00
   outer loop
     vertex  4.851232e+01 -4.912213e-01  5.000000e+00
     vertex  4.858182e+01 -5.761380e-01  5.000000e+00
     vertex  4.854765e+01 -5.332029e-01  5.000000e+00
   endloop
 endfacet
 facet normal  0.000000e+00  0.000000e+00  1.000000e+00
   outer loop
     vertex  4.851232e+01 -4.912213e-01  5.000000e+00
     vertex  4.873433e+01 -8.039629e-01  5.000000e+00
     vertex  4.858182e+01 -5.761380e-01  5.000000e+00
   endloop
 endfacet
 facet normal  0.000000e+00  0.000000e+00  1.000000e+00
   outer loop
     vertex  4.831912e+01 -2.966973e-01  5.000000e+00
     vertex  4.827738e+01 -2.610743e-01  5.000000e+00
     vertex  4.814653e+01 -1.612589e-01  5.000000e+00
   endloop
 endfacet
 facet normal  0.000000e+00  0.000000e+00  1.000000e+00
   outer loop
     vertex  4.847584e+01 -4.502250e-01  5.000000e+00
     vertex  4.873433e+01 -8.039629e-01  5.000000e+00
     vertex  4.851232e+01 -4.912213e-01  5.000000e+00
   endloop
 endfacet
 facet normal  0.000000e+00  0.000000e+00  1.000000e+00
   outer loop
     vertex  4.835987e+01 -3.334520e-01  5.000000e+00
     vertex  4.831912e+01 -2.966973e-01  5.000000e+00
     vertex  4.814653e+01 -1.612589e-01  5.000000e+00
   endloop
 endfacet
 facet normal  0.000000e+00  0.000000e+00  1.000000e+00
   outer loop
     vertex  4.843826e+01 -4.102447e-01  5.000000e+00
     vertex  4.873433e+01 -8.039629e-01  5.000000e+00
     vertex  4.847584e+01 -4.502250e-01  5.000000e+00
   endloop
 endfacet
 facet normal  0.000000e+00  0.000000e+00  1.000000e+00
   outer loop
     vertex  4.839959e+01 -3.713106e-01  5.000000e+00
     vertex  4.771118e+01  6.928302e-02  5.000000e+00
     vertex  4.674008e+01  1.830386e-01  5.000000e+00
   endloop
 endfacet
 facet normal  0.000000e+00  0.000000e+00  1.000000e+00
   outer loop
     vertex  4.839959e+01 -3.713106e-01  5.000000e+00
     vertex  4.636633e+01  9.696146e-02  5.000000e+00
     vertex  4.502273e+01 -1.499332e+00  5.000000e+00
   endloop
 endfacet
 facet normal  0.000000e+00  0.000000e+00  1.000000e+00
   outer loop
     vertex  4.839959e+01 -3.713106e-01  5.000000e+00
     vertex  4.501523e+01 -2.046310e+00  5.000000e+00
     vertex  4.889257e+01 -1.153333e+00  5.000000e+00
   endloop
 endfacet
 facet normal  0.000000e+00  0.000000e+00  1.000000e+00
   outer loop
     vertex  4.839959e+01 -3.713106e-01  5.000000e+00
     vertex  4.500470e+01 -1.937080e+00  5.000000e+00
     vertex  4.501523e+01 -2.046310e+00  5.000000e+00
   endloop
 endfacet
 facet normal  0.000000e+00  0.000000e+00  1.000000e+00
   outer loop
     vertex  4.839959e+01 -3.713106e-01  5.000000e+00
     vertex  4.502273e+01 -1.499332e+00  5.000000e+00
     vertex  4.500470e+01 -1.937080e+00  5.000000e+00
   endloop
 endfacet
 facet normal  0.000000e+00  0.000000e+00  1.000000e+00
   outer loop
     vertex  4.839959e+01 -3.713106e-01  5.000000e+00
     vertex  4.674008e+01  1.830386e-01  5.000000e+00
     vertex  4.636633e+01  9.696146e-02  5.000000e+00
   endloop
 endfacet
 facet normal  0.000000e+00  0.000000e+00  1.000000e+00
   outer loop
     vertex  4.839959e+01 -3.713106e-01  5.000000e+00
     vertex  4.835987e+01 -3.334520e-01  5.000000e+00
     vertex  4.814653e+01 -1.612589e-01  5.000000e+00
   endloop
 endfacet
 facet normal  0.000000e+00  0.000000e+00  1.000000e+00
   outer loop
     vertex  4.839959e+01 -3.713106e-01  5.000000e+00
     vertex  4.889257e+01 -1.153333e+00  5.000000e+00
     vertex  4.873433e+01 -8.039629e-01  5.000000e+00
   endloop
 endfacet
 facet normal  0.000000e+00  0.000000e+00  1.000000e+00
   outer loop
     vertex  4.839959e+01 -3.713106e-01  5.000000e+00
     vertex  4.814653e+01 -1.612589e-01  5.000000e+00
     vertex  4.771118e+01  6.928302e-02  5.000000e+00
   endloop
 endfacet
 facet normal  0.000000e+00  0.000000e+00  1.000000e+00
   outer loop
     vertex  4.839959e+01 -3.713106e-01  5.000000e+00
     vertex  4.873433e+01 -8.039629e-01  5.000000e+00
     vertex  4.843826e+01 -4.102447e-01  5.000000e+00
   endloop
 endfacet
endsolid
