solid 
 facet normal -1.000000e+00  0.000000e+00  0.000000e+00
   outer loop
     vertex -2.650000e+00 -4.365000e+01  1.500000e+01
     vertex -2.650000e+00  9.950000e+00  1.300000e+01
     vertex -2.650000e+00 -4.365000e+01  1.300000e+01
   endloop
 endfacet
 facet normal -1.000000e+00  0.000000e+00  0.000000e+00
   outer loop
     vertex -2.650000e+00 -4.365000e+01  1.500000e+01
     vertex -2.650000e+00  9.950000e+00  1.500000e+01
     vertex -2.650000e+00  9.950000e+00  1.300000e+01
   endloop
 endfacet
 facet normal  0.000000e+00 -1.000000e+00 -0.000000e+00
   outer loop
     vertex  3.465000e+01 -4.365000e+01  1.500000e+01
     vertex -2.650000e+00 -4.365000e+01  1.300000e+01
     vertex  3.465000e+01 -4.365000e+01  1.300000e+01
   endloop
 endfacet
 facet normal -0.000000e+00 -1.000000e+00  0.000000e+00
   outer loop
     vertex  3.465000e+01 -4.365000e+01  1.500000e+01
     vertex -2.650000e+00 -4.365000e+01  1.500000e+01
     vertex -2.650000e+00 -4.365000e+01  1.300000e+01
   endloop
 endfacet
 facet normal  0.000000e+00  0.000000e+00  1.000000e+00
   outer loop
     vertex  2.353410e+01 -3.551343e+01  1.500000e+01
     vertex  2.350666e+01 -3.548655e+01  1.500000e+01
     vertex -2.650000e+00 -4.365000e+01  1.500000e+01
   endloop
 endfacet
 facet normal  0.000000e+00  0.000000e+00  1.000000e+00
   outer loop
     vertex  2.347997e+01 -3.545893e+01  1.500000e+01
     vertex -2.650000e+00 -4.365000e+01  1.500000e+01
     vertex  2.350666e+01 -3.548655e+01  1.500000e+01
   endloop
 endfacet
 facet normal  0.000000e+00  0.000000e+00  1.000000e+00
   outer loop
     vertex  2.356227e+01 -3.553955e+01  1.500000e+01
     vertex  2.353410e+01 -3.551343e+01  1.500000e+01
     vertex -2.650000e+00 -4.365000e+01  1.500000e+01
   endloop
 endfacet
 facet normal  0.000000e+00  0.000000e+00  1.000000e+00
   outer loop
     vertex  2.345405e+01 -3.543058e+01  1.500000e+01
     vertex -2.650000e+00 -4.365000e+01  1.500000e+01
     vertex  2.347997e+01 -3.545893e+01  1.500000e+01
   endloop
 endfacet
 facet normal  0.000000e+00  0.000000e+00  1.000000e+00
   outer loop
     vertex  2.359114e+01 -3.556488e+01  1.500000e+01
     vertex  2.356227e+01 -3.553955e+01  1.500000e+01
     vertex -2.650000e+00 -4.365000e+01  1.500000e+01
   endloop
 endfacet
 facet normal  0.000000e+00  0.000000e+00  1.000000e+00
   outer loop
     vertex  2.342891e+01 -3.540154e+01  1.500000e+01
     vertex -2.650000e+00 -4.365000e+01  1.500000e+01
     vertex  2.345405e+01 -3.543058e+01  1.500000e+01
   endloop
 endfacet
 facet normal  0.000000e+00  0.000000e+00  1.000000e+00
   outer loop
     vertex  2.362069e+01 -3.558941e+01  1.500000e+01
     vertex  2.359114e+01 -3.556488e+01  1.500000e+01
     vertex -2.650000e+00 -4.365000e+01  1.500000e+01
   endloop
 endfacet
 facet normal  0.000000e+00  0.000000e+00  1.000000e+00
   outer loop
     vertex  2.340458e+01 -3.537181e+01  1.500000e+01
     vertex -2.650000e+00 -4.365000e+01  1.500000e+01
     vertex  2.342891e+01 -3.540154e+01  1.500000e+01
   endloop
 endfacet
 facet normal  0.000000e+00  0.000000e+00  1.000000e+00
   outer loop
     vertex  2.365091e+01 -3.561313e+01  1.500000e+01
     vertex  2.362069e+01 -3.558941e+01  1.500000e+01
     vertex -2.650000e+00 -4.365000e+01  1.500000e+01
   endloop
 endfacet
 facet normal  0.000000e+00  0.000000e+00  1.000000e+00
   outer loop
     vertex  2.338108e+01 -3.534143e+01  1.500000e+01
     vertex -2.650000e+00 -4.365000e+01  1.500000e+01
     vertex  2.340458e+01 -3.537181e+01  1.500000e+01
   endloop
 endfacet
 facet normal  0.000000e+00  0.000000e+00  1.000000e+00
   outer loop
     vertex  2.368177e+01 -3.563600e+01  1.500000e+01
     vertex  2.365091e+01 -3.561313e+01  1.500000e+01
     vertex -2.650000e+00 -4.365000e+01  1.500000e+01
   endloop
 endfacet
 facet normal  0.000000e+00  0.000000e+00  1.000000e+00
   outer loop
     vertex  2.335841e+01 -3.531042e+01  1.500000e+01
     vertex -2.650000e+00 -4.365000e+01  1.500000e+01
     vertex  2.338108e+01 -3.534143e+01  1.500000e+01
   endloop
 endfacet
 facet normal  0.000000e+00  0.000000e+00  1.000000e+00
   outer loop
     vertex  2.371324e+01 -3.565802e+01  1.500000e+01
     vertex  2.368177e+01 -3.563600e+01  1.500000e+01
     vertex -2.650000e+00 -4.365000e+01  1.500000e+01
   endloop
 endfacet
 facet normal  0.000000e+00  0.000000e+00  1.000000e+00
   outer loop
     vertex  2.333661e+01 -3.527880e+01  1.500000e+01
     vertex -2.650000e+00 -4.365000e+01  1.500000e+01
     vertex  2.335841e+01 -3.531042e+01  1.500000e+01
   endloop
 endfacet
 facet normal  0.000000e+00  0.000000e+00  1.000000e+00
   outer loop
     vertex  2.374531e+01 -3.567917e+01  1.500000e+01
     vertex  2.371324e+01 -3.565802e+01  1.500000e+01
     vertex -2.650000e+00 -4.365000e+01  1.500000e+01
   endloop
 endfacet
 facet normal  0.000000e+00  0.000000e+00  1.000000e+00
   outer loop
     vertex  2.331568e+01 -3.524659e+01  1.500000e+01
     vertex -2.650000e+00 -4.365000e+01  1.500000e+01
     vertex  2.333661e+01 -3.527880e+01  1.500000e+01
   endloop
 endfacet
 facet normal  0.000000e+00  0.000000e+00  1.000000e+00
   outer loop
     vertex  2.377794e+01 -3.569943e+01  1.500000e+01
     vertex  2.374531e+01 -3.567917e+01  1.500000e+01
     vertex -2.650000e+00 -4.365000e+01  1.500000e+01
   endloop
 endfacet
 facet normal  0.000000e+00  0.000000e+00  1.000000e+00
   outer loop
     vertex  2.329565e+01 -3.521381e+01  1.500000e+01
     vertex -2.650000e+00 -4.365000e+01  1.500000e+01
     vertex  2.331568e+01 -3.524659e+01  1.500000e+01
   endloop
 endfacet
 facet normal  0.000000e+00  0.000000e+00  1.000000e+00
   outer loop
     vertex  2.381112e+01 -3.571879e+01  1.500000e+01
     vertex  2.377794e+01 -3.569943e+01  1.500000e+01
     vertex -2.650000e+00 -4.365000e+01  1.500000e+01
   endloop
 endfacet
 facet normal  0.000000e+00  0.000000e+00  1.000000e+00
   outer loop
     vertex  2.327652e+01 -3.518051e+01  1.500000e+01
     vertex -2.650000e+00 -4.365000e+01  1.500000e+01
     vertex  2.329565e+01 -3.521381e+01  1.500000e+01
   endloop
 endfacet
 facet normal  0.000000e+00  0.000000e+00  1.000000e+00
   outer loop
     vertex  2.384481e+01 -3.573723e+01  1.500000e+01
     vertex  2.381112e+01 -3.571879e+01  1.500000e+01
     vertex -2.650000e+00 -4.365000e+01  1.500000e+01
   endloop
 endfacet
 facet normal  0.000000e+00  0.000000e+00  1.000000e+00
   outer loop
     vertex  2.325831e+01 -3.514668e+01  1.500000e+01
     vertex -2.650000e+00 -4.365000e+01  1.500000e+01
     vertex  2.327652e+01 -3.518051e+01  1.500000e+01
   endloop
 endfacet
 facet normal  0.000000e+00  0.000000e+00  1.000000e+00
   outer loop
     vertex  2.387900e+01 -3.575474e+01  1.500000e+01
     vertex  2.384481e+01 -3.573723e+01  1.500000e+01
     vertex -2.650000e+00 -4.365000e+01  1.500000e+01
   endloop
 endfacet
 facet normal  0.000000e+00  0.000000e+00  1.000000e+00
   outer loop
     vertex  2.324103e+01 -3.511238e+01  1.500000e+01
     vertex -2.650000e+00 -4.365000e+01  1.500000e+01
     vertex  2.325831e+01 -3.514668e+01  1.500000e+01
   endloop
 endfacet
 facet normal  0.000000e+00  0.000000e+00  1.000000e+00
   outer loop
     vertex  2.391366e+01 -3.577130e+01  1.500000e+01
     vertex  2.387900e+01 -3.575474e+01  1.500000e+01
     vertex -2.650000e+00 -4.365000e+01  1.500000e+01
   endloop
 endfacet
 facet normal  0.000000e+00  0.000000e+00  1.000000e+00
   outer loop
     vertex  2.322471e+01 -3.507761e+01  1.500000e+01
     vertex -2.650000e+00 -4.365000e+01  1.500000e+01
     vertex  2.324103e+01 -3.511238e+01  1.500000e+01
   endloop
 endfacet
 facet normal  0.000000e+00  0.000000e+00  1.000000e+00
   outer loop
     vertex  2.394876e+01 -3.578691e+01  1.500000e+01
     vertex  2.391366e+01 -3.577130e+01  1.500000e+01
     vertex -2.650000e+00 -4.365000e+01  1.500000e+01
   endloop
 endfacet
 facet normal  0.000000e+00  0.000000e+00  1.000000e+00
   outer loop
     vertex  2.320934e+01 -3.504240e+01  1.500000e+01
     vertex -2.650000e+00 -4.365000e+01  1.500000e+01
     vertex  2.322471e+01 -3.507761e+01  1.500000e+01
   endloop
 endfacet
 facet normal  0.000000e+00  0.000000e+00  1.000000e+00
   outer loop
     vertex  2.398427e+01 -3.580155e+01  1.500000e+01
     vertex  2.394876e+01 -3.578691e+01  1.500000e+01
     vertex -2.650000e+00 -4.365000e+01  1.500000e+01
   endloop
 endfacet
 facet normal  0.000000e+00  0.000000e+00  1.000000e+00
   outer loop
     vertex  2.319495e+01 -3.500679e+01  1.500000e+01
     vertex -2.650000e+00 -4.365000e+01  1.500000e+01
     vertex  2.320934e+01 -3.504240e+01  1.500000e+01
   endloop
 endfacet
 facet normal  0.000000e+00  0.000000e+00  1.000000e+00
   outer loop
     vertex  2.402017e+01 -3.581520e+01  1.500000e+01
     vertex  2.398427e+01 -3.580155e+01  1.500000e+01
     vertex -2.650000e+00 -4.365000e+01  1.500000e+01
   endloop
 endfacet
 facet normal  0.000000e+00  0.000000e+00  1.000000e+00
   outer loop
     vertex  2.318154e+01 -3.497080e+01  1.500000e+01
     vertex -2.650000e+00 -4.365000e+01  1.500000e+01
     vertex  2.319495e+01 -3.500679e+01  1.500000e+01
   endloop
 endfacet
 facet normal  0.000000e+00  0.000000e+00  1.000000e+00
   outer loop
     vertex  2.316912e+01 -3.493445e+01  1.500000e+01
     vertex -2.650000e+00 -4.365000e+01  1.500000e+01
     vertex  2.318154e+01 -3.497080e+01  1.500000e+01
   endloop
 endfacet
 facet normal  0.000000e+00  0.000000e+00  1.000000e+00
   outer loop
     vertex  2.315770e+01 -3.489777e+01  1.500000e+01
     vertex -2.650000e+00 -4.365000e+01  1.500000e+01
     vertex  2.316912e+01 -3.493445e+01  1.500000e+01
   endloop
 endfacet
 facet normal  0.000000e+00  0.000000e+00  1.000000e+00
   outer loop
     vertex  2.314729e+01 -3.486080e+01  1.500000e+01
     vertex -2.650000e+00 -4.365000e+01  1.500000e+01
     vertex  2.315770e+01 -3.489777e+01  1.500000e+01
   endloop
 endfacet
 facet normal  0.000000e+00  0.000000e+00  1.000000e+00
   outer loop
     vertex  2.313790e+01 -3.482355e+01  1.500000e+01
     vertex -2.650000e+00 -4.365000e+01  1.500000e+01
     vertex  2.314729e+01 -3.486080e+01  1.500000e+01
   endloop
 endfacet
 facet normal  0.000000e+00  0.000000e+00  1.000000e+00
   outer loop
     vertex  2.312954e+01 -3.478606e+01  1.500000e+01
     vertex -2.650000e+00 -4.365000e+01  1.500000e+01
     vertex  2.313790e+01 -3.482355e+01  1.500000e+01
   endloop
 endfacet
 facet normal  0.000000e+00  0.000000e+00  1.000000e+00
   outer loop
     vertex  2.312221e+01 -3.474836e+01  1.500000e+01
     vertex -2.650000e+00 -4.365000e+01  1.500000e+01
     vertex  2.312954e+01 -3.478606e+01  1.500000e+01
   endloop
 endfacet
 facet normal  0.000000e+00  0.000000e+00  1.000000e+00
   outer loop
     vertex  1.231007e+01 -2.372388e+01  1.500000e+01
     vertex  1.229047e+01 -2.370468e+01  1.500000e+01
     vertex -2.650000e+00 -4.365000e+01  1.500000e+01
   endloop
 endfacet
 facet normal  0.000000e+00  0.000000e+00  1.000000e+00
   outer loop
     vertex  1.227141e+01 -2.368495e+01  1.500000e+01
     vertex -2.650000e+00 -4.365000e+01  1.500000e+01
     vertex  1.229047e+01 -2.370468e+01  1.500000e+01
   endloop
 endfacet
 facet normal  0.000000e+00  0.000000e+00  1.000000e+00
   outer loop
     vertex  1.233019e+01 -2.374253e+01  1.500000e+01
     vertex  1.231007e+01 -2.372388e+01  1.500000e+01
     vertex -2.650000e+00 -4.365000e+01  1.500000e+01
   endloop
 endfacet
 facet normal  0.000000e+00  0.000000e+00  1.000000e+00
   outer loop
     vertex  1.225289e+01 -2.366470e+01  1.500000e+01
     vertex -2.650000e+00 -4.365000e+01  1.500000e+01
     vertex  1.227141e+01 -2.368495e+01  1.500000e+01
   endloop
 endfacet
 facet normal  0.000000e+00  0.000000e+00  1.000000e+00
   outer loop
     vertex  1.235081e+01 -2.376063e+01  1.500000e+01
     vertex  1.233019e+01 -2.374253e+01  1.500000e+01
     vertex -2.650000e+00 -4.365000e+01  1.500000e+01
   endloop
 endfacet
 facet normal  0.000000e+00  0.000000e+00  1.000000e+00
   outer loop
     vertex  1.223494e+01 -2.364395e+01  1.500000e+01
     vertex -2.650000e+00 -4.365000e+01  1.500000e+01
     vertex  1.225289e+01 -2.366470e+01  1.500000e+01
   endloop
 endfacet
 facet normal  0.000000e+00  0.000000e+00  1.000000e+00
   outer loop
     vertex  1.237192e+01 -2.377815e+01  1.500000e+01
     vertex  1.235081e+01 -2.376063e+01  1.500000e+01
     vertex -2.650000e+00 -4.365000e+01  1.500000e+01
   endloop
 endfacet
 facet normal  0.000000e+00  0.000000e+00  1.000000e+00
   outer loop
     vertex  1.221756e+01 -2.362272e+01  1.500000e+01
     vertex -2.650000e+00 -4.365000e+01  1.500000e+01
     vertex  1.223494e+01 -2.364395e+01  1.500000e+01
   endloop
 endfacet
 facet normal  0.000000e+00  0.000000e+00  1.000000e+00
   outer loop
     vertex  1.239351e+01 -2.379509e+01  1.500000e+01
     vertex  1.237192e+01 -2.377815e+01  1.500000e+01
     vertex -2.650000e+00 -4.365000e+01  1.500000e+01
   endloop
 endfacet
 facet normal  0.000000e+00  0.000000e+00  1.000000e+00
   outer loop
     vertex  1.220077e+01 -2.360102e+01  1.500000e+01
     vertex -2.650000e+00 -4.365000e+01  1.500000e+01
     vertex  1.221756e+01 -2.362272e+01  1.500000e+01
   endloop
 endfacet
 facet normal  0.000000e+00  0.000000e+00  1.000000e+00
   outer loop
     vertex  1.241555e+01 -2.381143e+01  1.500000e+01
     vertex  1.239351e+01 -2.379509e+01  1.500000e+01
     vertex -2.650000e+00 -4.365000e+01  1.500000e+01
   endloop
 endfacet
 facet normal  0.000000e+00  0.000000e+00  1.000000e+00
   outer loop
     vertex  1.218458e+01 -2.357887e+01  1.500000e+01
     vertex -2.650000e+00 -4.365000e+01  1.500000e+01
     vertex  1.220077e+01 -2.360102e+01  1.500000e+01
   endloop
 endfacet
 facet normal  0.000000e+00  0.000000e+00  1.000000e+00
   outer loop
     vertex  1.243803e+01 -2.382716e+01  1.500000e+01
     vertex  1.241555e+01 -2.381143e+01  1.500000e+01
     vertex -2.650000e+00 -4.365000e+01  1.500000e+01
   endloop
 endfacet
 facet normal  0.000000e+00  0.000000e+00  1.000000e+00
   outer loop
     vertex  1.216901e+01 -2.355628e+01  1.500000e+01
     vertex -2.650000e+00 -4.365000e+01  1.500000e+01
     vertex  1.218458e+01 -2.357887e+01  1.500000e+01
   endloop
 endfacet
 facet normal  0.000000e+00  0.000000e+00  1.000000e+00
   outer loop
     vertex  1.246093e+01 -2.384226e+01  1.500000e+01
     vertex  1.243803e+01 -2.382716e+01  1.500000e+01
     vertex -2.650000e+00 -4.365000e+01  1.500000e+01
   endloop
 endfacet
 facet normal  0.000000e+00  0.000000e+00  1.000000e+00
   outer loop
     vertex  1.215406e+01 -2.353328e+01  1.500000e+01
     vertex -2.650000e+00 -4.365000e+01  1.500000e+01
     vertex  1.216901e+01 -2.355628e+01  1.500000e+01
   endloop
 endfacet
 facet normal  0.000000e+00  0.000000e+00  1.000000e+00
   outer loop
     vertex  1.248424e+01 -2.385674e+01  1.500000e+01
     vertex  1.246093e+01 -2.384226e+01  1.500000e+01
     vertex -2.650000e+00 -4.365000e+01  1.500000e+01
   endloop
 endfacet
 facet normal  0.000000e+00  0.000000e+00  1.000000e+00
   outer loop
     vertex  1.213975e+01 -2.350987e+01  1.500000e+01
     vertex -2.650000e+00 -4.365000e+01  1.500000e+01
     vertex  1.215406e+01 -2.353328e+01  1.500000e+01
   endloop
 endfacet
 facet normal  0.000000e+00  0.000000e+00  1.000000e+00
   outer loop
     vertex  1.250794e+01 -2.387056e+01  1.500000e+01
     vertex  1.248424e+01 -2.385674e+01  1.500000e+01
     vertex -2.650000e+00 -4.365000e+01  1.500000e+01
   endloop
 endfacet
 facet normal  0.000000e+00  0.000000e+00  1.000000e+00
   outer loop
     vertex  1.212608e+01 -2.348608e+01  1.500000e+01
     vertex -2.650000e+00 -4.365000e+01  1.500000e+01
     vertex  1.213975e+01 -2.350987e+01  1.500000e+01
   endloop
 endfacet
 facet normal  0.000000e+00  0.000000e+00  1.000000e+00
   outer loop
     vertex  1.253201e+01 -2.388373e+01  1.500000e+01
     vertex  1.250794e+01 -2.387056e+01  1.500000e+01
     vertex -2.650000e+00 -4.365000e+01  1.500000e+01
   endloop
 endfacet
 facet normal  0.000000e+00  0.000000e+00  1.000000e+00
   outer loop
     vertex  1.211308e+01 -2.346192e+01  1.500000e+01
     vertex -2.650000e+00 -4.365000e+01  1.500000e+01
     vertex  1.212608e+01 -2.348608e+01  1.500000e+01
   endloop
 endfacet
 facet normal  0.000000e+00  0.000000e+00  1.000000e+00
   outer loop
     vertex  1.255643e+01 -2.389624e+01  1.500000e+01
     vertex  1.253201e+01 -2.388373e+01  1.500000e+01
     vertex -2.650000e+00 -4.365000e+01  1.500000e+01
   endloop
 endfacet
 facet normal  0.000000e+00  0.000000e+00  1.000000e+00
   outer loop
     vertex  1.210074e+01 -2.343741e+01  1.500000e+01
     vertex -2.650000e+00 -4.365000e+01  1.500000e+01
     vertex  1.211308e+01 -2.346192e+01  1.500000e+01
   endloop
 endfacet
 facet normal  0.000000e+00  0.000000e+00  1.000000e+00
   outer loop
     vertex  1.258118e+01 -2.390807e+01  1.500000e+01
     vertex  1.255643e+01 -2.389624e+01  1.500000e+01
     vertex -2.650000e+00 -4.365000e+01  1.500000e+01
   endloop
 endfacet
 facet normal  0.000000e+00  0.000000e+00  1.000000e+00
   outer loop
     vertex  1.208908e+01 -2.341258e+01  1.500000e+01
     vertex -2.650000e+00 -4.365000e+01  1.500000e+01
     vertex  1.210074e+01 -2.343741e+01  1.500000e+01
   endloop
 endfacet
 facet normal  0.000000e+00  0.000000e+00  1.000000e+00
   outer loop
     vertex  1.260625e+01 -2.391922e+01  1.500000e+01
     vertex  1.258118e+01 -2.390807e+01  1.500000e+01
     vertex -2.650000e+00 -4.365000e+01  1.500000e+01
   endloop
 endfacet
 facet normal  0.000000e+00  0.000000e+00  1.000000e+00
   outer loop
     vertex  1.207810e+01 -2.338743e+01  1.500000e+01
     vertex -2.650000e+00 -4.365000e+01  1.500000e+01
     vertex  1.208908e+01 -2.341258e+01  1.500000e+01
   endloop
 endfacet
 facet normal  0.000000e+00  0.000000e+00  1.000000e+00
   outer loop
     vertex  1.263162e+01 -2.392968e+01  1.500000e+01
     vertex  1.260625e+01 -2.391922e+01  1.500000e+01
     vertex -2.650000e+00 -4.365000e+01  1.500000e+01
   endloop
 endfacet
 facet normal  0.000000e+00  0.000000e+00  1.000000e+00
   outer loop
     vertex  1.206782e+01 -2.336199e+01  1.500000e+01
     vertex -2.650000e+00 -4.365000e+01  1.500000e+01
     vertex  1.207810e+01 -2.338743e+01  1.500000e+01
   endloop
 endfacet
 facet normal  0.000000e+00  0.000000e+00  1.000000e+00
   outer loop
     vertex  1.265726e+01 -2.393943e+01  1.500000e+01
     vertex  1.263162e+01 -2.392968e+01  1.500000e+01
     vertex -2.650000e+00 -4.365000e+01  1.500000e+01
   endloop
 endfacet
 facet normal  0.000000e+00  0.000000e+00  1.000000e+00
   outer loop
     vertex  1.205824e+01 -2.333628e+01  1.500000e+01
     vertex -2.650000e+00 -4.365000e+01  1.500000e+01
     vertex  1.206782e+01 -2.336199e+01  1.500000e+01
   endloop
 endfacet
 facet normal  0.000000e+00  0.000000e+00  1.000000e+00
   outer loop
     vertex  1.268317e+01 -2.394848e+01  1.500000e+01
     vertex  1.265726e+01 -2.393943e+01  1.500000e+01
     vertex -2.650000e+00 -4.365000e+01  1.500000e+01
   endloop
 endfacet
 facet normal  0.000000e+00  0.000000e+00  1.000000e+00
   outer loop
     vertex  1.204937e+01 -2.331032e+01  1.500000e+01
     vertex -2.650000e+00 -4.365000e+01  1.500000e+01
     vertex  1.205824e+01 -2.333628e+01  1.500000e+01
   endloop
 endfacet
 facet normal  0.000000e+00  0.000000e+00  1.000000e+00
   outer loop
     vertex  1.270931e+01 -2.395682e+01  1.500000e+01
     vertex  1.268317e+01 -2.394848e+01  1.500000e+01
     vertex -2.650000e+00 -4.365000e+01  1.500000e+01
   endloop
 endfacet
 facet normal  0.000000e+00  0.000000e+00  1.000000e+00
   outer loop
     vertex  1.204121e+01 -2.328412e+01  1.500000e+01
     vertex -2.650000e+00 -4.365000e+01  1.500000e+01
     vertex  1.204937e+01 -2.331032e+01  1.500000e+01
   endloop
 endfacet
 facet normal  0.000000e+00  0.000000e+00  1.000000e+00
   outer loop
     vertex  1.273566e+01 -2.396443e+01  1.500000e+01
     vertex  1.270931e+01 -2.395682e+01  1.500000e+01
     vertex -2.650000e+00 -4.365000e+01  1.500000e+01
   endloop
 endfacet
 facet normal  0.000000e+00  0.000000e+00  1.000000e+00
   outer loop
     vertex  1.203378e+01 -2.325771e+01  1.500000e+01
     vertex -2.650000e+00 -4.365000e+01  1.500000e+01
     vertex  1.204121e+01 -2.328412e+01  1.500000e+01
   endloop
 endfacet
 facet normal  0.000000e+00  0.000000e+00  1.000000e+00
   outer loop
     vertex  1.276222e+01 -2.397132e+01  1.500000e+01
     vertex  1.273566e+01 -2.396443e+01  1.500000e+01
     vertex -2.650000e+00 -4.365000e+01  1.500000e+01
   endloop
 endfacet
 facet normal  0.000000e+00  0.000000e+00  1.000000e+00
   outer loop
     vertex  1.276222e+01 -2.397132e+01  1.500000e+01
     vertex -2.650000e+00 -4.365000e+01  1.500000e+01
     vertex  2.312221e+01 -3.474836e+01  1.500000e+01
   endloop
 endfacet
 facet normal  0.000000e+00  0.000000e+00  1.000000e+00
   outer loop
     vertex  1.202707e+01 -2.323111e+01  1.500000e+01
     vertex -2.650000e+00 -4.365000e+01  1.500000e+01
     vertex  1.203378e+01 -2.325771e+01  1.500000e+01
   endloop
 endfacet
 facet normal  0.000000e+00  0.000000e+00  1.000000e+00
   outer loop
     vertex  1.278896e+01 -2.397748e+01  1.500000e+01
     vertex  1.276222e+01 -2.397132e+01  1.500000e+01
     vertex  2.312221e+01 -3.474836e+01  1.500000e+01
   endloop
 endfacet
 facet normal  0.000000e+00  0.000000e+00  1.000000e+00
   outer loop
     vertex  1.278896e+01 -2.397748e+01  1.500000e+01
     vertex  2.312221e+01 -3.474836e+01  1.500000e+01
     vertex  2.311591e+01 -3.471047e+01  1.500000e+01
   endloop
 endfacet
 facet normal  0.000000e+00  0.000000e+00  1.000000e+00
   outer loop
     vertex  1.202110e+01 -2.320433e+01  1.500000e+01
     vertex -2.650000e+00 -4.365000e+01  1.500000e+01
     vertex  1.202707e+01 -2.323111e+01  1.500000e+01
   endloop
 endfacet
 facet normal  0.000000e+00  0.000000e+00  1.000000e+00
   outer loop
     vertex  1.281585e+01 -2.398290e+01  1.500000e+01
     vertex  2.311591e+01 -3.471047e+01  1.500000e+01
     vertex  2.311066e+01 -3.467242e+01  1.500000e+01
   endloop
 endfacet
 facet normal  0.000000e+00  0.000000e+00  1.000000e+00
   outer loop
     vertex  1.281585e+01 -2.398290e+01  1.500000e+01
     vertex  1.278896e+01 -2.397748e+01  1.500000e+01
     vertex  2.311591e+01 -3.471047e+01  1.500000e+01
   endloop
 endfacet
 facet normal  0.000000e+00  0.000000e+00  1.000000e+00
   outer loop
     vertex  1.201586e+01 -2.317740e+01  1.500000e+01
     vertex -2.650000e+00 -4.365000e+01  1.500000e+01
     vertex  1.202110e+01 -2.320433e+01  1.500000e+01
   endloop
 endfacet
 facet normal  0.000000e+00  0.000000e+00  1.000000e+00
   outer loop
     vertex  1.284289e+01 -2.398758e+01  1.500000e+01
     vertex  1.281585e+01 -2.398290e+01  1.500000e+01
     vertex  2.311066e+01 -3.467242e+01  1.500000e+01
   endloop
 endfacet
 facet normal  0.000000e+00  0.000000e+00  1.000000e+00
   outer loop
     vertex  1.284289e+01 -2.398758e+01  1.500000e+01
     vertex  2.311066e+01 -3.467242e+01  1.500000e+01
     vertex  2.310645e+01 -3.463424e+01  1.500000e+01
   endloop
 endfacet
 facet normal  0.000000e+00  0.000000e+00  1.000000e+00
   outer loop
     vertex  1.201136e+01 -2.315033e+01  1.500000e+01
     vertex -2.650000e+00 -4.365000e+01  1.500000e+01
     vertex  1.201586e+01 -2.317740e+01  1.500000e+01
   endloop
 endfacet
 facet normal  0.000000e+00  0.000000e+00  1.000000e+00
   outer loop
     vertex  1.287004e+01 -2.399152e+01  1.500000e+01
     vertex  1.284289e+01 -2.398758e+01  1.500000e+01
     vertex  2.310645e+01 -3.463424e+01  1.500000e+01
   endloop
 endfacet
 facet normal  0.000000e+00  0.000000e+00  1.000000e+00
   outer loop
     vertex  1.287004e+01 -2.399152e+01  1.500000e+01
     vertex  2.310645e+01 -3.463424e+01  1.500000e+01
     vertex  2.310329e+01 -3.459596e+01  1.500000e+01
   endloop
 endfacet
 facet normal  0.000000e+00  0.000000e+00  1.000000e+00
   outer loop
     vertex  1.200761e+01 -2.312316e+01  1.500000e+01
     vertex -2.650000e+00 -4.365000e+01  1.500000e+01
     vertex  1.201136e+01 -2.315033e+01  1.500000e+01
   endloop
 endfacet
 facet normal  0.000000e+00  0.000000e+00  1.000000e+00
   outer loop
     vertex  1.289729e+01 -2.399471e+01  1.500000e+01
     vertex  2.310329e+01 -3.459596e+01  1.500000e+01
     vertex  2.310119e+01 -3.455760e+01  1.500000e+01
   endloop
 endfacet
 facet normal  0.000000e+00  0.000000e+00  1.000000e+00
   outer loop
     vertex  1.289729e+01 -2.399471e+01  1.500000e+01
     vertex  1.287004e+01 -2.399152e+01  1.500000e+01
     vertex  2.310329e+01 -3.459596e+01  1.500000e+01
   endloop
 endfacet
 facet normal  0.000000e+00  0.000000e+00  1.000000e+00
   outer loop
     vertex  1.200461e+01 -2.309588e+01  1.500000e+01
     vertex -2.650000e+00 -4.365000e+01  1.500000e+01
     vertex  1.200761e+01 -2.312316e+01  1.500000e+01
   endloop
 endfacet
 facet normal  0.000000e+00  0.000000e+00  1.000000e+00
   outer loop
     vertex  1.292462e+01 -2.399715e+01  1.500000e+01
     vertex  2.310119e+01 -3.455760e+01  1.500000e+01
     vertex  2.310013e+01 -3.451921e+01  1.500000e+01
   endloop
 endfacet
 facet normal  0.000000e+00  0.000000e+00  1.000000e+00
   outer loop
     vertex  1.292462e+01 -2.399715e+01  1.500000e+01
     vertex  1.289729e+01 -2.399471e+01  1.500000e+01
     vertex  2.310119e+01 -3.455760e+01  1.500000e+01
   endloop
 endfacet
 facet normal  0.000000e+00  0.000000e+00  1.000000e+00
   outer loop
     vertex  1.200235e+01 -2.306854e+01  1.500000e+01
     vertex -2.650000e+00 -4.365000e+01  1.500000e+01
     vertex  1.200461e+01 -2.309588e+01  1.500000e+01
   endloop
 endfacet
 facet normal  0.000000e+00  0.000000e+00  1.000000e+00
   outer loop
     vertex  1.295200e+01 -2.399885e+01  1.500000e+01
     vertex  2.310013e+01 -3.451921e+01  1.500000e+01
     vertex  2.310013e+01 -3.448079e+01  1.500000e+01
   endloop
 endfacet
 facet normal  0.000000e+00  0.000000e+00  1.000000e+00
   outer loop
     vertex  1.295200e+01 -2.399885e+01  1.500000e+01
     vertex  1.292462e+01 -2.399715e+01  1.500000e+01
     vertex  2.310013e+01 -3.451921e+01  1.500000e+01
   endloop
 endfacet
 facet normal  0.000000e+00  0.000000e+00  1.000000e+00
   outer loop
     vertex  1.200085e+01 -2.304114e+01  1.500000e+01
     vertex -2.650000e+00 -4.365000e+01  1.500000e+01
     vertex  1.200235e+01 -2.306854e+01  1.500000e+01
   endloop
 endfacet
 facet normal  0.000000e+00  0.000000e+00  1.000000e+00
   outer loop
     vertex  1.297942e+01 -2.399979e+01  1.500000e+01
     vertex  2.310013e+01 -3.448079e+01  1.500000e+01
     vertex  2.310119e+01 -3.444240e+01  1.500000e+01
   endloop
 endfacet
 facet normal  0.000000e+00  0.000000e+00  1.000000e+00
   outer loop
     vertex  1.297942e+01 -2.399979e+01  1.500000e+01
     vertex  1.295200e+01 -2.399885e+01  1.500000e+01
     vertex  2.310013e+01 -3.448079e+01  1.500000e+01
   endloop
 endfacet
 facet normal  0.000000e+00  0.000000e+00  1.000000e+00
   outer loop
     vertex  1.200009e+01 -2.301372e+01  1.500000e+01
     vertex -2.650000e+00 -4.365000e+01  1.500000e+01
     vertex  1.200085e+01 -2.304114e+01  1.500000e+01
   endloop
 endfacet
 facet normal  0.000000e+00  0.000000e+00  1.000000e+00
   outer loop
     vertex  1.300686e+01 -2.399998e+01  1.500000e+01
     vertex  1.297942e+01 -2.399979e+01  1.500000e+01
     vertex  2.310119e+01 -3.444240e+01  1.500000e+01
   endloop
 endfacet
 facet normal  0.000000e+00  0.000000e+00  1.000000e+00
   outer loop
     vertex  1.200009e+01 -2.298628e+01  1.500000e+01
     vertex -2.650000e+00 -4.365000e+01  1.500000e+01
     vertex  1.200009e+01 -2.301372e+01  1.500000e+01
   endloop
 endfacet
 facet normal  0.000000e+00  0.000000e+00  1.000000e+00
   outer loop
     vertex  1.303429e+01 -2.399941e+01  1.500000e+01
     vertex  2.310119e+01 -3.444240e+01  1.500000e+01
     vertex  2.310329e+01 -3.440404e+01  1.500000e+01
   endloop
 endfacet
 facet normal  0.000000e+00  0.000000e+00  1.000000e+00
   outer loop
     vertex  1.303429e+01 -2.399941e+01  1.500000e+01
     vertex  1.300686e+01 -2.399998e+01  1.500000e+01
     vertex  2.310119e+01 -3.444240e+01  1.500000e+01
   endloop
 endfacet
 facet normal  0.000000e+00  0.000000e+00  1.000000e+00
   outer loop
     vertex  1.200085e+01 -2.295886e+01  1.500000e+01
     vertex -2.650000e+00 -4.365000e+01  1.500000e+01
     vertex  1.200009e+01 -2.298628e+01  1.500000e+01
   endloop
 endfacet
 facet normal  0.000000e+00  0.000000e+00  1.000000e+00
   outer loop
     vertex  1.306170e+01 -2.399810e+01  1.500000e+01
     vertex  2.310329e+01 -3.440404e+01  1.500000e+01
     vertex  2.310645e+01 -3.436576e+01  1.500000e+01
   endloop
 endfacet
 facet normal  0.000000e+00  0.000000e+00  1.000000e+00
   outer loop
     vertex  1.306170e+01 -2.399810e+01  1.500000e+01
     vertex  1.303429e+01 -2.399941e+01  1.500000e+01
     vertex  2.310329e+01 -3.440404e+01  1.500000e+01
   endloop
 endfacet
 facet normal  0.000000e+00  0.000000e+00  1.000000e+00
   outer loop
     vertex  1.200235e+01 -2.293146e+01  1.500000e+01
     vertex -2.650000e+00 -4.365000e+01  1.500000e+01
     vertex  1.200085e+01 -2.295886e+01  1.500000e+01
   endloop
 endfacet
 facet normal  0.000000e+00  0.000000e+00  1.000000e+00
   outer loop
     vertex  1.308905e+01 -2.399603e+01  1.500000e+01
     vertex  2.310645e+01 -3.436576e+01  1.500000e+01
     vertex  2.311066e+01 -3.432758e+01  1.500000e+01
   endloop
 endfacet
 facet normal  0.000000e+00  0.000000e+00  1.000000e+00
   outer loop
     vertex  1.308905e+01 -2.399603e+01  1.500000e+01
     vertex  1.306170e+01 -2.399810e+01  1.500000e+01
     vertex  2.310645e+01 -3.436576e+01  1.500000e+01
   endloop
 endfacet
 facet normal  0.000000e+00  0.000000e+00  1.000000e+00
   outer loop
     vertex  1.200461e+01 -2.290412e+01  1.500000e+01
     vertex -2.650000e+00 -4.365000e+01  1.500000e+01
     vertex  1.200235e+01 -2.293146e+01  1.500000e+01
   endloop
 endfacet
 facet normal  0.000000e+00  0.000000e+00  1.000000e+00
   outer loop
     vertex  1.311635e+01 -2.399321e+01  1.500000e+01
     vertex  2.311066e+01 -3.432758e+01  1.500000e+01
     vertex  2.311591e+01 -3.428953e+01  1.500000e+01
   endloop
 endfacet
 facet normal  0.000000e+00  0.000000e+00  1.000000e+00
   outer loop
     vertex  1.311635e+01 -2.399321e+01  1.500000e+01
     vertex  1.308905e+01 -2.399603e+01  1.500000e+01
     vertex  2.311066e+01 -3.432758e+01  1.500000e+01
   endloop
 endfacet
 facet normal  0.000000e+00  0.000000e+00  1.000000e+00
   outer loop
     vertex  1.200761e+01 -2.287684e+01  1.500000e+01
     vertex -2.650000e+00 -4.365000e+01  1.500000e+01
     vertex  1.200461e+01 -2.290412e+01  1.500000e+01
   endloop
 endfacet
 facet normal  0.000000e+00  0.000000e+00  1.000000e+00
   outer loop
     vertex  1.314355e+01 -2.398964e+01  1.500000e+01
     vertex  2.311591e+01 -3.428953e+01  1.500000e+01
     vertex  2.312221e+01 -3.425164e+01  1.500000e+01
   endloop
 endfacet
 facet normal  0.000000e+00  0.000000e+00  1.000000e+00
   outer loop
     vertex  1.314355e+01 -2.398964e+01  1.500000e+01
     vertex  1.311635e+01 -2.399321e+01  1.500000e+01
     vertex  2.311591e+01 -3.428953e+01  1.500000e+01
   endloop
 endfacet
 facet normal  0.000000e+00  0.000000e+00  1.000000e+00
   outer loop
     vertex  1.201136e+01 -2.284967e+01  1.500000e+01
     vertex -2.650000e+00 -4.365000e+01  1.500000e+01
     vertex  1.200761e+01 -2.287684e+01  1.500000e+01
   endloop
 endfacet
 facet normal  0.000000e+00  0.000000e+00  1.000000e+00
   outer loop
     vertex  1.317065e+01 -2.398533e+01  1.500000e+01
     vertex  2.312221e+01 -3.425164e+01  1.500000e+01
     vertex  2.312954e+01 -3.421394e+01  1.500000e+01
   endloop
 endfacet
 facet normal  0.000000e+00  0.000000e+00  1.000000e+00
   outer loop
     vertex  1.317065e+01 -2.398533e+01  1.500000e+01
     vertex  1.314355e+01 -2.398964e+01  1.500000e+01
     vertex  2.312221e+01 -3.425164e+01  1.500000e+01
   endloop
 endfacet
 facet normal  0.000000e+00  0.000000e+00  1.000000e+00
   outer loop
     vertex  1.201586e+01 -2.282260e+01  1.500000e+01
     vertex -2.650000e+00 -4.365000e+01  1.500000e+01
     vertex  1.201136e+01 -2.284967e+01  1.500000e+01
   endloop
 endfacet
 facet normal  0.000000e+00  0.000000e+00  1.000000e+00
   outer loop
     vertex  1.319761e+01 -2.398028e+01  1.500000e+01
     vertex  2.312954e+01 -3.421394e+01  1.500000e+01
     vertex  2.313790e+01 -3.417645e+01  1.500000e+01
   endloop
 endfacet
 facet normal  0.000000e+00  0.000000e+00  1.000000e+00
   outer loop
     vertex  1.319761e+01 -2.398028e+01  1.500000e+01
     vertex  1.317065e+01 -2.398533e+01  1.500000e+01
     vertex  2.312954e+01 -3.421394e+01  1.500000e+01
   endloop
 endfacet
 facet normal  0.000000e+00  0.000000e+00  1.000000e+00
   outer loop
     vertex  1.202110e+01 -2.279567e+01  1.500000e+01
     vertex -2.650000e+00 -4.365000e+01  1.500000e+01
     vertex  1.201586e+01 -2.282260e+01  1.500000e+01
   endloop
 endfacet
 facet normal  0.000000e+00  0.000000e+00  1.000000e+00
   outer loop
     vertex  1.322443e+01 -2.397449e+01  1.500000e+01
     vertex  2.313790e+01 -3.417645e+01  1.500000e+01
     vertex  2.314729e+01 -3.413920e+01  1.500000e+01
   endloop
 endfacet
 facet normal  0.000000e+00  0.000000e+00  1.000000e+00
   outer loop
     vertex  1.322443e+01 -2.397449e+01  1.500000e+01
     vertex  1.319761e+01 -2.398028e+01  1.500000e+01
     vertex  2.313790e+01 -3.417645e+01  1.500000e+01
   endloop
 endfacet
 facet normal  0.000000e+00  0.000000e+00  1.000000e+00
   outer loop
     vertex  1.325108e+01 -2.396797e+01  1.500000e+01
     vertex  2.314729e+01 -3.413920e+01  1.500000e+01
     vertex  2.315770e+01 -3.410223e+01  1.500000e+01
   endloop
 endfacet
 facet normal  0.000000e+00  0.000000e+00  1.000000e+00
   outer loop
     vertex  1.325108e+01 -2.396797e+01  1.500000e+01
     vertex  1.322443e+01 -2.397449e+01  1.500000e+01
     vertex  2.314729e+01 -3.413920e+01  1.500000e+01
   endloop
 endfacet
 facet normal  0.000000e+00  0.000000e+00  1.000000e+00
   outer loop
     vertex  1.327754e+01 -2.396071e+01  1.500000e+01
     vertex  1.325108e+01 -2.396797e+01  1.500000e+01
     vertex  2.315770e+01 -3.410223e+01  1.500000e+01
   endloop
 endfacet
 facet normal  0.000000e+00  0.000000e+00  1.000000e+00
   outer loop
     vertex  3.465000e+01 -4.365000e+01  1.500000e+01
     vertex  2.542338e+01 -3.555231e+01  1.500000e+01
     vertex  2.539417e+01 -3.557725e+01  1.500000e+01
   endloop
 endfacet
 facet normal  0.000000e+00  0.000000e+00  1.000000e+00
   outer loop
     vertex  3.465000e+01 -4.365000e+01  1.500000e+01
     vertex  2.545191e+01 -3.552658e+01  1.500000e+01
     vertex  2.542338e+01 -3.555231e+01  1.500000e+01
   endloop
 endfacet
 facet normal  0.000000e+00  0.000000e+00  1.000000e+00
   outer loop
     vertex  3.465000e+01 -4.365000e+01  1.500000e+01
     vertex  2.547971e+01 -3.550008e+01  1.500000e+01
     vertex  2.545191e+01 -3.552658e+01  1.500000e+01
   endloop
 endfacet
 facet normal  0.000000e+00  0.000000e+00  1.000000e+00
   outer loop
     vertex  3.465000e+01 -4.365000e+01  1.500000e+01
     vertex  2.550678e+01 -3.547283e+01  1.500000e+01
     vertex  2.547971e+01 -3.550008e+01  1.500000e+01
   endloop
 endfacet
 facet normal  0.000000e+00  0.000000e+00  1.000000e+00
   outer loop
     vertex  3.465000e+01 -4.365000e+01  1.500000e+01
     vertex  2.553309e+01 -3.544484e+01  1.500000e+01
     vertex  2.550678e+01 -3.547283e+01  1.500000e+01
   endloop
 endfacet
 facet normal  0.000000e+00  0.000000e+00  1.000000e+00
   outer loop
     vertex  3.465000e+01 -4.365000e+01  1.500000e+01
     vertex  2.555862e+01 -3.541615e+01  1.500000e+01
     vertex  2.553309e+01 -3.544484e+01  1.500000e+01
   endloop
 endfacet
 facet normal  0.000000e+00  0.000000e+00  1.000000e+00
   outer loop
     vertex  3.465000e+01 -4.365000e+01  1.500000e+01
     vertex  2.558336e+01 -3.538676e+01  1.500000e+01
     vertex  2.555862e+01 -3.541615e+01  1.500000e+01
   endloop
 endfacet
 facet normal  0.000000e+00  0.000000e+00  1.000000e+00
   outer loop
     vertex  3.465000e+01 -4.365000e+01  1.500000e+01
     vertex  2.560728e+01 -3.535670e+01  1.500000e+01
     vertex  2.558336e+01 -3.538676e+01  1.500000e+01
   endloop
 endfacet
 facet normal  0.000000e+00  0.000000e+00  1.000000e+00
   outer loop
     vertex  3.465000e+01 -4.365000e+01  1.500000e+01
     vertex  2.563036e+01 -3.532600e+01  1.500000e+01
     vertex  2.560728e+01 -3.535670e+01  1.500000e+01
   endloop
 endfacet
 facet normal  0.000000e+00  0.000000e+00  1.000000e+00
   outer loop
     vertex  3.465000e+01 -4.365000e+01  1.500000e+01
     vertex  2.565260e+01 -3.529468e+01  1.500000e+01
     vertex  2.563036e+01 -3.532600e+01  1.500000e+01
   endloop
 endfacet
 facet normal  0.000000e+00  0.000000e+00  1.000000e+00
   outer loop
     vertex  3.465000e+01 -4.365000e+01  1.500000e+01
     vertex  2.567396e+01 -3.526276e+01  1.500000e+01
     vertex  2.565260e+01 -3.529468e+01  1.500000e+01
   endloop
 endfacet
 facet normal  0.000000e+00  0.000000e+00  1.000000e+00
   outer loop
     vertex  3.465000e+01 -4.365000e+01  1.500000e+01
     vertex  2.569445e+01 -3.523027e+01  1.500000e+01
     vertex  2.567396e+01 -3.526276e+01  1.500000e+01
   endloop
 endfacet
 facet normal  0.000000e+00  0.000000e+00  1.000000e+00
   outer loop
     vertex  3.465000e+01 -4.365000e+01  1.500000e+01
     vertex  2.571403e+01 -3.519723e+01  1.500000e+01
     vertex  2.569445e+01 -3.523027e+01  1.500000e+01
   endloop
 endfacet
 facet normal  0.000000e+00  0.000000e+00  1.000000e+00
   outer loop
     vertex  3.465000e+01 -4.365000e+01  1.500000e+01
     vertex  2.573270e+01 -3.516366e+01  1.500000e+01
     vertex  2.571403e+01 -3.519723e+01  1.500000e+01
   endloop
 endfacet
 facet normal  0.000000e+00  0.000000e+00  1.000000e+00
   outer loop
     vertex  3.465000e+01 -4.365000e+01  1.500000e+01
     vertex  2.575045e+01 -3.512959e+01  1.500000e+01
     vertex  2.573270e+01 -3.516366e+01  1.500000e+01
   endloop
 endfacet
 facet normal  0.000000e+00  0.000000e+00  1.000000e+00
   outer loop
     vertex  3.465000e+01 -4.365000e+01  1.500000e+01
     vertex  2.576725e+01 -3.509505e+01  1.500000e+01
     vertex  2.575045e+01 -3.512959e+01  1.500000e+01
   endloop
 endfacet
 facet normal  0.000000e+00  0.000000e+00  1.000000e+00
   outer loop
     vertex  3.465000e+01 -4.365000e+01  1.500000e+01
     vertex  2.578310e+01 -3.506006e+01  1.500000e+01
     vertex  2.576725e+01 -3.509505e+01  1.500000e+01
   endloop
 endfacet
 facet normal  0.000000e+00  0.000000e+00  1.000000e+00
   outer loop
     vertex  3.465000e+01 -4.365000e+01  1.500000e+01
     vertex  2.579798e+01 -3.502465e+01  1.500000e+01
     vertex  2.578310e+01 -3.506006e+01  1.500000e+01
   endloop
 endfacet
 facet normal  0.000000e+00  0.000000e+00  1.000000e+00
   outer loop
     vertex  3.465000e+01 -4.365000e+01  1.500000e+01
     vertex  2.581188e+01 -3.498884e+01  1.500000e+01
     vertex  2.579798e+01 -3.502465e+01  1.500000e+01
   endloop
 endfacet
 facet normal  0.000000e+00  0.000000e+00  1.000000e+00
   outer loop
     vertex  3.465000e+01 -4.365000e+01  1.500000e+01
     vertex  2.582480e+01 -3.495267e+01  1.500000e+01
     vertex  2.581188e+01 -3.498884e+01  1.500000e+01
   endloop
 endfacet
 facet normal  0.000000e+00  0.000000e+00  1.000000e+00
   outer loop
     vertex  3.465000e+01 -4.365000e+01  1.500000e+01
     vertex  2.583672e+01 -3.491615e+01  1.500000e+01
     vertex  2.582480e+01 -3.495267e+01  1.500000e+01
   endloop
 endfacet
 facet normal  0.000000e+00  0.000000e+00  1.000000e+00
   outer loop
     vertex  3.465000e+01 -4.365000e+01  1.500000e+01
     vertex  2.584763e+01 -3.487932e+01  1.500000e+01
     vertex  2.583672e+01 -3.491615e+01  1.500000e+01
   endloop
 endfacet
 facet normal  0.000000e+00  0.000000e+00  1.000000e+00
   outer loop
     vertex  3.465000e+01 -4.365000e+01  1.500000e+01
     vertex  2.402017e+01 -3.581520e+01  1.500000e+01
     vertex -2.650000e+00 -4.365000e+01  1.500000e+01
   endloop
 endfacet
 facet normal  0.000000e+00  0.000000e+00  1.000000e+00
   outer loop
     vertex  3.465000e+01 -4.365000e+01  1.500000e+01
     vertex  2.405643e+01 -3.582787e+01  1.500000e+01
     vertex  2.402017e+01 -3.581520e+01  1.500000e+01
   endloop
 endfacet
 facet normal  0.000000e+00  0.000000e+00  1.000000e+00
   outer loop
     vertex  3.465000e+01 -4.365000e+01  1.500000e+01
     vertex  2.409303e+01 -3.583954e+01  1.500000e+01
     vertex  2.405643e+01 -3.582787e+01  1.500000e+01
   endloop
 endfacet
 facet normal  0.000000e+00  0.000000e+00  1.000000e+00
   outer loop
     vertex  3.465000e+01 -4.365000e+01  1.500000e+01
     vertex  2.412993e+01 -3.585020e+01  1.500000e+01
     vertex  2.409303e+01 -3.583954e+01  1.500000e+01
   endloop
 endfacet
 facet normal  0.000000e+00  0.000000e+00  1.000000e+00
   outer loop
     vertex  3.465000e+01 -4.365000e+01  1.500000e+01
     vertex  2.416711e+01 -3.585985e+01  1.500000e+01
     vertex  2.412993e+01 -3.585020e+01  1.500000e+01
   endloop
 endfacet
 facet normal  0.000000e+00  0.000000e+00  1.000000e+00
   outer loop
     vertex  3.465000e+01 -4.365000e+01  1.500000e+01
     vertex  2.420454e+01 -3.586847e+01  1.500000e+01
     vertex  2.416711e+01 -3.585985e+01  1.500000e+01
   endloop
 endfacet
 facet normal  0.000000e+00  0.000000e+00  1.000000e+00
   outer loop
     vertex  3.465000e+01 -4.365000e+01  1.500000e+01
     vertex  2.424220e+01 -3.587606e+01  1.500000e+01
     vertex  2.420454e+01 -3.586847e+01  1.500000e+01
   endloop
 endfacet
 facet normal  0.000000e+00  0.000000e+00  1.000000e+00
   outer loop
     vertex  3.465000e+01 -4.365000e+01  1.500000e+01
     vertex  2.428004e+01 -3.588261e+01  1.500000e+01
     vertex  2.424220e+01 -3.587606e+01  1.500000e+01
   endloop
 endfacet
 facet normal  0.000000e+00  0.000000e+00  1.000000e+00
   outer loop
     vertex  3.465000e+01 -4.365000e+01  1.500000e+01
     vertex  2.431806e+01 -3.588813e+01  1.500000e+01
     vertex  2.428004e+01 -3.588261e+01  1.500000e+01
   endloop
 endfacet
 facet normal  0.000000e+00  0.000000e+00  1.000000e+00
   outer loop
     vertex  3.465000e+01 -4.365000e+01  1.500000e+01
     vertex  2.435621e+01 -3.589260e+01  1.500000e+01
     vertex  2.431806e+01 -3.588813e+01  1.500000e+01
   endloop
 endfacet
 facet normal  0.000000e+00  0.000000e+00  1.000000e+00
   outer loop
     vertex  3.465000e+01 -4.365000e+01  1.500000e+01
     vertex  2.439447e+01 -3.589602e+01  1.500000e+01
     vertex  2.435621e+01 -3.589260e+01  1.500000e+01
   endloop
 endfacet
 facet normal  0.000000e+00  0.000000e+00  1.000000e+00
   outer loop
     vertex  3.465000e+01 -4.365000e+01  1.500000e+01
     vertex  2.443280e+01 -3.589839e+01  1.500000e+01
     vertex  2.439447e+01 -3.589602e+01  1.500000e+01
   endloop
 endfacet
 facet normal  0.000000e+00  0.000000e+00  1.000000e+00
   outer loop
     vertex  3.465000e+01 -4.365000e+01  1.500000e+01
     vertex  2.447119e+01 -3.589970e+01  1.500000e+01
     vertex  2.443280e+01 -3.589839e+01  1.500000e+01
   endloop
 endfacet
 facet normal  0.000000e+00  0.000000e+00  1.000000e+00
   outer loop
     vertex  3.465000e+01 -4.365000e+01  1.500000e+01
     vertex  2.450960e+01 -3.589997e+01  1.500000e+01
     vertex  2.447119e+01 -3.589970e+01  1.500000e+01
   endloop
 endfacet
 facet normal  0.000000e+00  0.000000e+00  1.000000e+00
   outer loop
     vertex  3.465000e+01 -4.365000e+01  1.500000e+01
     vertex  2.454801e+01 -3.589918e+01  1.500000e+01
     vertex  2.450960e+01 -3.589997e+01  1.500000e+01
   endloop
 endfacet
 facet normal  0.000000e+00  0.000000e+00  1.000000e+00
   outer loop
     vertex  3.465000e+01 -4.365000e+01  1.500000e+01
     vertex  2.458637e+01 -3.589733e+01  1.500000e+01
     vertex  2.454801e+01 -3.589918e+01  1.500000e+01
   endloop
 endfacet
 facet normal  0.000000e+00  0.000000e+00  1.000000e+00
   outer loop
     vertex  3.465000e+01 -4.365000e+01  1.500000e+01
     vertex  2.462468e+01 -3.589444e+01  1.500000e+01
     vertex  2.458637e+01 -3.589733e+01  1.500000e+01
   endloop
 endfacet
 facet normal  0.000000e+00  0.000000e+00  1.000000e+00
   outer loop
     vertex  3.465000e+01 -4.365000e+01  1.500000e+01
     vertex  2.466288e+01 -3.589049e+01  1.500000e+01
     vertex  2.462468e+01 -3.589444e+01  1.500000e+01
   endloop
 endfacet
 facet normal  0.000000e+00  0.000000e+00  1.000000e+00
   outer loop
     vertex  3.465000e+01 -4.365000e+01  1.500000e+01
     vertex  2.470097e+01 -3.588550e+01  1.500000e+01
     vertex  2.466288e+01 -3.589049e+01  1.500000e+01
   endloop
 endfacet
 facet normal  0.000000e+00  0.000000e+00  1.000000e+00
   outer loop
     vertex  3.465000e+01 -4.365000e+01  1.500000e+01
     vertex  2.473890e+01 -3.587947e+01  1.500000e+01
     vertex  2.470097e+01 -3.588550e+01  1.500000e+01
   endloop
 endfacet
 facet normal  0.000000e+00  0.000000e+00  1.000000e+00
   outer loop
     vertex  3.465000e+01 -4.365000e+01  1.500000e+01
     vertex  2.477666e+01 -3.587239e+01  1.500000e+01
     vertex  2.473890e+01 -3.587947e+01  1.500000e+01
   endloop
 endfacet
 facet normal  0.000000e+00  0.000000e+00  1.000000e+00
   outer loop
     vertex  3.465000e+01 -4.365000e+01  1.500000e+01
     vertex  2.481420e+01 -3.586429e+01  1.500000e+01
     vertex  2.477666e+01 -3.587239e+01  1.500000e+01
   endloop
 endfacet
 facet normal  0.000000e+00  0.000000e+00  1.000000e+00
   outer loop
     vertex  3.465000e+01 -4.365000e+01  1.500000e+01
     vertex  2.485151e+01 -3.585515e+01  1.500000e+01
     vertex  2.481420e+01 -3.586429e+01  1.500000e+01
   endloop
 endfacet
 facet normal  0.000000e+00  0.000000e+00  1.000000e+00
   outer loop
     vertex  3.465000e+01 -4.365000e+01  1.500000e+01
     vertex  2.488856e+01 -3.584500e+01  1.500000e+01
     vertex  2.485151e+01 -3.585515e+01  1.500000e+01
   endloop
 endfacet
 facet normal  0.000000e+00  0.000000e+00  1.000000e+00
   outer loop
     vertex  3.465000e+01 -4.365000e+01  1.500000e+01
     vertex  2.492531e+01 -3.583383e+01  1.500000e+01
     vertex  2.488856e+01 -3.584500e+01  1.500000e+01
   endloop
 endfacet
 facet normal  0.000000e+00  0.000000e+00  1.000000e+00
   outer loop
     vertex  3.465000e+01 -4.365000e+01  1.500000e+01
     vertex  2.496174e+01 -3.582166e+01  1.500000e+01
     vertex  2.492531e+01 -3.583383e+01  1.500000e+01
   endloop
 endfacet
 facet normal  0.000000e+00  0.000000e+00  1.000000e+00
   outer loop
     vertex  3.465000e+01 -4.365000e+01  1.500000e+01
     vertex  2.499783e+01 -3.580850e+01  1.500000e+01
     vertex  2.496174e+01 -3.582166e+01  1.500000e+01
   endloop
 endfacet
 facet normal  0.000000e+00  0.000000e+00  1.000000e+00
   outer loop
     vertex  3.465000e+01 -4.365000e+01  1.500000e+01
     vertex  2.503354e+01 -3.579435e+01  1.500000e+01
     vertex  2.499783e+01 -3.580850e+01  1.500000e+01
   endloop
 endfacet
 facet normal  0.000000e+00  0.000000e+00  1.000000e+00
   outer loop
     vertex  3.465000e+01 -4.365000e+01  1.500000e+01
     vertex  2.506885e+01 -3.577922e+01  1.500000e+01
     vertex  2.503354e+01 -3.579435e+01  1.500000e+01
   endloop
 endfacet
 facet normal  0.000000e+00  0.000000e+00  1.000000e+00
   outer loop
     vertex  3.465000e+01 -4.365000e+01  1.500000e+01
     vertex  2.510373e+01 -3.576314e+01  1.500000e+01
     vertex  2.506885e+01 -3.577922e+01  1.500000e+01
   endloop
 endfacet
 facet normal  0.000000e+00  0.000000e+00  1.000000e+00
   outer loop
     vertex  3.465000e+01 -4.365000e+01  1.500000e+01
     vertex  2.513815e+01 -3.574610e+01  1.500000e+01
     vertex  2.510373e+01 -3.576314e+01  1.500000e+01
   endloop
 endfacet
 facet normal  0.000000e+00  0.000000e+00  1.000000e+00
   outer loop
     vertex  3.465000e+01 -4.365000e+01  1.500000e+01
     vertex  2.517210e+01 -3.572812e+01  1.500000e+01
     vertex  2.513815e+01 -3.574610e+01  1.500000e+01
   endloop
 endfacet
 facet normal  0.000000e+00  0.000000e+00  1.000000e+00
   outer loop
     vertex  3.465000e+01 -4.365000e+01  1.500000e+01
     vertex  2.520554e+01 -3.570922e+01  1.500000e+01
     vertex  2.517210e+01 -3.572812e+01  1.500000e+01
   endloop
 endfacet
 facet normal  0.000000e+00  0.000000e+00  1.000000e+00
   outer loop
     vertex  3.465000e+01 -4.365000e+01  1.500000e+01
     vertex  2.523845e+01 -3.568941e+01  1.500000e+01
     vertex  2.520554e+01 -3.570922e+01  1.500000e+01
   endloop
 endfacet
 facet normal  0.000000e+00  0.000000e+00  1.000000e+00
   outer loop
     vertex  3.465000e+01 -4.365000e+01  1.500000e+01
     vertex  2.527080e+01 -3.566870e+01  1.500000e+01
     vertex  2.523845e+01 -3.568941e+01  1.500000e+01
   endloop
 endfacet
 facet normal  0.000000e+00  0.000000e+00  1.000000e+00
   outer loop
     vertex  3.465000e+01 -4.365000e+01  1.500000e+01
     vertex  2.530257e+01 -3.564712e+01  1.500000e+01
     vertex  2.527080e+01 -3.566870e+01  1.500000e+01
   endloop
 endfacet
 facet normal  0.000000e+00  0.000000e+00  1.000000e+00
   outer loop
     vertex  3.465000e+01 -4.365000e+01  1.500000e+01
     vertex  2.533374e+01 -3.562467e+01  1.500000e+01
     vertex  2.530257e+01 -3.564712e+01  1.500000e+01
   endloop
 endfacet
 facet normal  0.000000e+00  0.000000e+00  1.000000e+00
   outer loop
     vertex  3.465000e+01 -4.365000e+01  1.500000e+01
     vertex  2.536428e+01 -3.560137e+01  1.500000e+01
     vertex  2.533374e+01 -3.562467e+01  1.500000e+01
   endloop
 endfacet
 facet normal  0.000000e+00  0.000000e+00  1.000000e+00
   outer loop
     vertex  3.465000e+01 -4.365000e+01  1.500000e+01
     vertex  2.539417e+01 -3.557725e+01  1.500000e+01
     vertex  2.536428e+01 -3.560137e+01  1.500000e+01
   endloop
 endfacet
 facet normal  0.000000e+00  0.000000e+00  1.000000e+00
   outer loop
     vertex  2.585753e+01 -3.484221e+01  1.500000e+01
     vertex  2.584763e+01 -3.487932e+01  1.500000e+01
     vertex  3.465000e+01 -4.365000e+01  1.500000e+01
   endloop
 endfacet
 facet normal  0.000000e+00  0.000000e+00  1.000000e+00
   outer loop
     vertex  2.586641e+01 -3.480484e+01  1.500000e+01
     vertex  2.585753e+01 -3.484221e+01  1.500000e+01
     vertex  3.465000e+01 -4.365000e+01  1.500000e+01
   endloop
 endfacet
 facet normal  0.000000e+00  0.000000e+00  1.000000e+00
   outer loop
     vertex  2.587426e+01 -3.476724e+01  1.500000e+01
     vertex  2.586641e+01 -3.480484e+01  1.500000e+01
     vertex  3.465000e+01 -4.365000e+01  1.500000e+01
   endloop
 endfacet
 facet normal  0.000000e+00  0.000000e+00  1.000000e+00
   outer loop
     vertex  2.588107e+01 -3.472944e+01  1.500000e+01
     vertex  2.587426e+01 -3.476724e+01  1.500000e+01
     vertex  3.465000e+01 -4.365000e+01  1.500000e+01
   endloop
 endfacet
 facet normal  0.000000e+00  0.000000e+00  1.000000e+00
   outer loop
     vertex  2.588685e+01 -3.469146e+01  1.500000e+01
     vertex  2.588107e+01 -3.472944e+01  1.500000e+01
     vertex  3.465000e+01 -4.365000e+01  1.500000e+01
   endloop
 endfacet
 facet normal  0.000000e+00  0.000000e+00  1.000000e+00
   outer loop
     vertex  2.589158e+01 -3.465334e+01  1.500000e+01
     vertex  2.588685e+01 -3.469146e+01  1.500000e+01
     vertex  3.465000e+01 -4.365000e+01  1.500000e+01
   endloop
 endfacet
 facet normal  0.000000e+00  0.000000e+00  1.000000e+00
   outer loop
     vertex  2.589526e+01 -3.461511e+01  1.500000e+01
     vertex  2.589158e+01 -3.465334e+01  1.500000e+01
     vertex  3.465000e+01 -4.365000e+01  1.500000e+01
   endloop
 endfacet
 facet normal  0.000000e+00  0.000000e+00  1.000000e+00
   outer loop
     vertex  2.589789e+01 -3.457679e+01  1.500000e+01
     vertex  2.589526e+01 -3.461511e+01  1.500000e+01
     vertex  3.465000e+01 -4.365000e+01  1.500000e+01
   endloop
 endfacet
 facet normal  0.000000e+00  0.000000e+00  1.000000e+00
   outer loop
     vertex  2.589947e+01 -3.453841e+01  1.500000e+01
     vertex  2.589789e+01 -3.457679e+01  1.500000e+01
     vertex  3.465000e+01 -4.365000e+01  1.500000e+01
   endloop
 endfacet
 facet normal  0.000000e+00  0.000000e+00  1.000000e+00
   outer loop
     vertex  2.590000e+01 -3.450000e+01  1.500000e+01
     vertex  2.589947e+01 -3.453841e+01  1.500000e+01
     vertex  3.465000e+01 -4.365000e+01  1.500000e+01
   endloop
 endfacet
 facet normal  0.000000e+00  0.000000e+00  1.000000e+00
   outer loop
     vertex  2.589947e+01 -3.446159e+01  1.500000e+01
     vertex  2.590000e+01 -3.450000e+01  1.500000e+01
     vertex  3.465000e+01 -4.365000e+01  1.500000e+01
   endloop
 endfacet
 facet normal  0.000000e+00  0.000000e+00  1.000000e+00
   outer loop
     vertex  2.589789e+01 -3.442321e+01  1.500000e+01
     vertex  2.589947e+01 -3.446159e+01  1.500000e+01
     vertex  3.465000e+01 -4.365000e+01  1.500000e+01
   endloop
 endfacet
 facet normal  0.000000e+00  0.000000e+00  1.000000e+00
   outer loop
     vertex  2.589526e+01 -3.438489e+01  1.500000e+01
     vertex  2.589789e+01 -3.442321e+01  1.500000e+01
     vertex  3.465000e+01 -4.365000e+01  1.500000e+01
   endloop
 endfacet
 facet normal  0.000000e+00  0.000000e+00  1.000000e+00
   outer loop
     vertex  2.589158e+01 -3.434666e+01  1.500000e+01
     vertex  2.589526e+01 -3.438489e+01  1.500000e+01
     vertex  3.465000e+01 -4.365000e+01  1.500000e+01
   endloop
 endfacet
 facet normal  0.000000e+00  0.000000e+00  1.000000e+00
   outer loop
     vertex  2.588685e+01 -3.430854e+01  1.500000e+01
     vertex  2.589158e+01 -3.434666e+01  1.500000e+01
     vertex  3.465000e+01 -4.365000e+01  1.500000e+01
   endloop
 endfacet
 facet normal  0.000000e+00  0.000000e+00  1.000000e+00
   outer loop
     vertex  2.588107e+01 -3.427056e+01  1.500000e+01
     vertex  2.588685e+01 -3.430854e+01  1.500000e+01
     vertex  3.465000e+01 -4.365000e+01  1.500000e+01
   endloop
 endfacet
 facet normal  0.000000e+00  0.000000e+00  1.000000e+00
   outer loop
     vertex  2.587426e+01 -3.423276e+01  1.500000e+01
     vertex  2.588107e+01 -3.427056e+01  1.500000e+01
     vertex  3.465000e+01 -4.365000e+01  1.500000e+01
   endloop
 endfacet
 facet normal  0.000000e+00  0.000000e+00  1.000000e+00
   outer loop
     vertex  2.350666e+01 -2.998655e+01  1.500000e+01
     vertex  2.350666e+01 -3.351345e+01  1.500000e+01
     vertex  2.353410e+01 -3.348657e+01  1.500000e+01
   endloop
 endfacet
 facet normal  0.000000e+00  0.000000e+00  1.000000e+00
   outer loop
     vertex  2.353410e+01 -3.001343e+01  1.500000e+01
     vertex  2.353410e+01 -3.348657e+01  1.500000e+01
     vertex  2.356227e+01 -3.346045e+01  1.500000e+01
   endloop
 endfacet
 facet normal  0.000000e+00  0.000000e+00  1.000000e+00
   outer loop
     vertex  2.353410e+01 -3.001343e+01  1.500000e+01
     vertex  2.350666e+01 -2.998655e+01  1.500000e+01
     vertex  2.353410e+01 -3.348657e+01  1.500000e+01
   endloop
 endfacet
 facet normal  0.000000e+00  0.000000e+00  1.000000e+00
   outer loop
     vertex  2.347997e+01 -2.995893e+01  1.500000e+01
     vertex  2.347997e+01 -3.354107e+01  1.500000e+01
     vertex  2.350666e+01 -3.351345e+01  1.500000e+01
   endloop
 endfacet
 facet normal  0.000000e+00  0.000000e+00  1.000000e+00
   outer loop
     vertex  2.347997e+01 -2.995893e+01  1.500000e+01
     vertex  2.345405e+01 -3.356942e+01  1.500000e+01
     vertex  2.347997e+01 -3.354107e+01  1.500000e+01
   endloop
 endfacet
 facet normal  0.000000e+00  0.000000e+00  1.000000e+00
   outer loop
     vertex  2.347997e+01 -2.995893e+01  1.500000e+01
     vertex  2.350666e+01 -3.351345e+01  1.500000e+01
     vertex  2.350666e+01 -2.998655e+01  1.500000e+01
   endloop
 endfacet
 facet normal  0.000000e+00  0.000000e+00  1.000000e+00
   outer loop
     vertex  2.356227e+01 -3.003955e+01  1.500000e+01
     vertex  2.353410e+01 -3.001343e+01  1.500000e+01
     vertex  2.356227e+01 -3.346045e+01  1.500000e+01
   endloop
 endfacet
 facet normal  0.000000e+00  0.000000e+00  1.000000e+00
   outer loop
     vertex  2.345405e+01 -2.993058e+01  1.500000e+01
     vertex  2.345405e+01 -3.356942e+01  1.500000e+01
     vertex  2.347997e+01 -2.995893e+01  1.500000e+01
   endloop
 endfacet
 facet normal  0.000000e+00  0.000000e+00  1.000000e+00
   outer loop
     vertex  2.359114e+01 -3.006488e+01  1.500000e+01
     vertex  2.356227e+01 -3.003955e+01  1.500000e+01
     vertex  2.356227e+01 -3.346045e+01  1.500000e+01
   endloop
 endfacet
 facet normal  0.000000e+00  0.000000e+00  1.000000e+00
   outer loop
     vertex  2.359114e+01 -3.006488e+01  1.500000e+01
     vertex  2.359114e+01 -3.343512e+01  1.500000e+01
     vertex  2.362069e+01 -3.341059e+01  1.500000e+01
   endloop
 endfacet
 facet normal  0.000000e+00  0.000000e+00  1.000000e+00
   outer loop
     vertex  2.359114e+01 -3.006488e+01  1.500000e+01
     vertex  2.356227e+01 -3.346045e+01  1.500000e+01
     vertex  2.359114e+01 -3.343512e+01  1.500000e+01
   endloop
 endfacet
 facet normal  0.000000e+00  0.000000e+00  1.000000e+00
   outer loop
     vertex  2.342891e+01 -2.990154e+01  1.500000e+01
     vertex  2.345405e+01 -3.356942e+01  1.500000e+01
     vertex  2.345405e+01 -2.993058e+01  1.500000e+01
   endloop
 endfacet
 facet normal  0.000000e+00  0.000000e+00  1.000000e+00
   outer loop
     vertex  2.342891e+01 -2.990154e+01  1.500000e+01
     vertex  2.342891e+01 -3.359846e+01  1.500000e+01
     vertex  2.345405e+01 -3.356942e+01  1.500000e+01
   endloop
 endfacet
 facet normal  0.000000e+00  0.000000e+00  1.000000e+00
   outer loop
     vertex  2.362069e+01 -3.008941e+01  1.500000e+01
     vertex  2.359114e+01 -3.006488e+01  1.500000e+01
     vertex  2.362069e+01 -3.341059e+01  1.500000e+01
   endloop
 endfacet
 facet normal  0.000000e+00  0.000000e+00  1.000000e+00
   outer loop
     vertex  2.340458e+01 -2.987181e+01  1.500000e+01
     vertex  2.342891e+01 -3.359846e+01  1.500000e+01
     vertex  2.342891e+01 -2.990154e+01  1.500000e+01
   endloop
 endfacet
 facet normal  0.000000e+00  0.000000e+00  1.000000e+00
   outer loop
     vertex  2.340458e+01 -2.987181e+01  1.500000e+01
     vertex  2.340458e+01 -3.362819e+01  1.500000e+01
     vertex  2.342891e+01 -3.359846e+01  1.500000e+01
   endloop
 endfacet
 facet normal  0.000000e+00  0.000000e+00  1.000000e+00
   outer loop
     vertex  2.365091e+01 -3.011313e+01  1.500000e+01
     vertex  2.365091e+01 -3.338687e+01  1.500000e+01
     vertex  2.368177e+01 -3.336400e+01  1.500000e+01
   endloop
 endfacet
 facet normal  0.000000e+00  0.000000e+00  1.000000e+00
   outer loop
     vertex  2.365091e+01 -3.011313e+01  1.500000e+01
     vertex  2.362069e+01 -3.341059e+01  1.500000e+01
     vertex  2.365091e+01 -3.338687e+01  1.500000e+01
   endloop
 endfacet
 facet normal  0.000000e+00  0.000000e+00  1.000000e+00
   outer loop
     vertex  2.365091e+01 -3.011313e+01  1.500000e+01
     vertex  2.362069e+01 -3.008941e+01  1.500000e+01
     vertex  2.362069e+01 -3.341059e+01  1.500000e+01
   endloop
 endfacet
 facet normal  0.000000e+00  0.000000e+00  1.000000e+00
   outer loop
     vertex  2.338108e+01 -2.984143e+01  1.500000e+01
     vertex  2.340458e+01 -3.362819e+01  1.500000e+01
     vertex  2.340458e+01 -2.987181e+01  1.500000e+01
   endloop
 endfacet
 facet normal  0.000000e+00  0.000000e+00  1.000000e+00
   outer loop
     vertex  2.338108e+01 -2.984143e+01  1.500000e+01
     vertex  2.338108e+01 -3.365857e+01  1.500000e+01
     vertex  2.340458e+01 -3.362819e+01  1.500000e+01
   endloop
 endfacet
 facet normal  0.000000e+00  0.000000e+00  1.000000e+00
   outer loop
     vertex  2.368177e+01 -3.013600e+01  1.500000e+01
     vertex  2.365091e+01 -3.011313e+01  1.500000e+01
     vertex  2.368177e+01 -3.336400e+01  1.500000e+01
   endloop
 endfacet
 facet normal  0.000000e+00  0.000000e+00  1.000000e+00
   outer loop
     vertex  2.368177e+01 -3.013600e+01  1.500000e+01
     vertex  2.368177e+01 -3.336400e+01  1.500000e+01
     vertex  2.371324e+01 -3.334198e+01  1.500000e+01
   endloop
 endfacet
 facet normal  0.000000e+00  0.000000e+00  1.000000e+00
   outer loop
     vertex  2.335841e+01 -2.981042e+01  1.500000e+01
     vertex  2.338108e+01 -3.365857e+01  1.500000e+01
     vertex  2.338108e+01 -2.984143e+01  1.500000e+01
   endloop
 endfacet
 facet normal  0.000000e+00  0.000000e+00  1.000000e+00
   outer loop
     vertex  2.335841e+01 -2.981042e+01  1.500000e+01
     vertex  2.335841e+01 -3.368958e+01  1.500000e+01
     vertex  2.338108e+01 -3.365857e+01  1.500000e+01
   endloop
 endfacet
 facet normal  0.000000e+00  0.000000e+00  1.000000e+00
   outer loop
     vertex  2.371324e+01 -3.015802e+01  1.500000e+01
     vertex  2.368177e+01 -3.013600e+01  1.500000e+01
     vertex  2.371324e+01 -3.334198e+01  1.500000e+01
   endloop
 endfacet
 facet normal  0.000000e+00  0.000000e+00  1.000000e+00
   outer loop
     vertex  2.333661e+01 -2.977880e+01  1.500000e+01
     vertex  2.335841e+01 -3.368958e+01  1.500000e+01
     vertex  2.335841e+01 -2.981042e+01  1.500000e+01
   endloop
 endfacet
 facet normal  0.000000e+00  0.000000e+00  1.000000e+00
   outer loop
     vertex  2.333661e+01 -2.977880e+01  1.500000e+01
     vertex  2.333661e+01 -3.372120e+01  1.500000e+01
     vertex  2.335841e+01 -3.368958e+01  1.500000e+01
   endloop
 endfacet
 facet normal  0.000000e+00  0.000000e+00  1.000000e+00
   outer loop
     vertex  2.333661e+01 -2.977880e+01  1.500000e+01
     vertex  2.331568e+01 -3.375341e+01  1.500000e+01
     vertex  2.333661e+01 -3.372120e+01  1.500000e+01
   endloop
 endfacet
 facet normal  0.000000e+00  0.000000e+00  1.000000e+00
   outer loop
     vertex  2.374531e+01 -3.017917e+01  1.500000e+01
     vertex  2.371324e+01 -3.015802e+01  1.500000e+01
     vertex  2.371324e+01 -3.334198e+01  1.500000e+01
   endloop
 endfacet
 facet normal  0.000000e+00  0.000000e+00  1.000000e+00
   outer loop
     vertex  2.374531e+01 -3.017917e+01  1.500000e+01
     vertex  2.374531e+01 -3.332083e+01  1.500000e+01
     vertex  2.377794e+01 -3.330057e+01  1.500000e+01
   endloop
 endfacet
 facet normal  0.000000e+00  0.000000e+00  1.000000e+00
   outer loop
     vertex  2.374531e+01 -3.017917e+01  1.500000e+01
     vertex  2.371324e+01 -3.334198e+01  1.500000e+01
     vertex  2.374531e+01 -3.332083e+01  1.500000e+01
   endloop
 endfacet
 facet normal  0.000000e+00  0.000000e+00  1.000000e+00
   outer loop
     vertex  2.331568e+01 -2.974659e+01  1.500000e+01
     vertex  2.331568e+01 -3.375341e+01  1.500000e+01
     vertex  2.333661e+01 -2.977880e+01  1.500000e+01
   endloop
 endfacet
 facet normal  0.000000e+00  0.000000e+00  1.000000e+00
   outer loop
     vertex  2.377794e+01 -3.019943e+01  1.500000e+01
     vertex  2.374531e+01 -3.017917e+01  1.500000e+01
     vertex  2.377794e+01 -3.330057e+01  1.500000e+01
   endloop
 endfacet
 facet normal  0.000000e+00  0.000000e+00  1.000000e+00
   outer loop
     vertex  2.377794e+01 -3.019943e+01  1.500000e+01
     vertex  2.377794e+01 -3.330057e+01  1.500000e+01
     vertex  2.381112e+01 -3.328121e+01  1.500000e+01
   endloop
 endfacet
 facet normal  0.000000e+00  0.000000e+00  1.000000e+00
   outer loop
     vertex  2.329565e+01 -2.971381e+01  1.500000e+01
     vertex  2.331568e+01 -3.375341e+01  1.500000e+01
     vertex  2.331568e+01 -2.974659e+01  1.500000e+01
   endloop
 endfacet
 facet normal  0.000000e+00  0.000000e+00  1.000000e+00
   outer loop
     vertex  2.329565e+01 -2.971381e+01  1.500000e+01
     vertex  2.329565e+01 -3.378619e+01  1.500000e+01
     vertex  2.331568e+01 -3.375341e+01  1.500000e+01
   endloop
 endfacet
 facet normal  0.000000e+00  0.000000e+00  1.000000e+00
   outer loop
     vertex  2.329565e+01 -2.971381e+01  1.500000e+01
     vertex  2.327652e+01 -3.381949e+01  1.500000e+01
     vertex  2.329565e+01 -3.378619e+01  1.500000e+01
   endloop
 endfacet
 facet normal  0.000000e+00  0.000000e+00  1.000000e+00
   outer loop
     vertex  2.381112e+01 -3.021879e+01  1.500000e+01
     vertex  2.377794e+01 -3.019943e+01  1.500000e+01
     vertex  2.381112e+01 -3.328121e+01  1.500000e+01
   endloop
 endfacet
 facet normal  0.000000e+00  0.000000e+00  1.000000e+00
   outer loop
     vertex  2.327652e+01 -2.968051e+01  1.500000e+01
     vertex  2.327652e+01 -3.381949e+01  1.500000e+01
     vertex  2.329565e+01 -2.971381e+01  1.500000e+01
   endloop
 endfacet
 facet normal  0.000000e+00  0.000000e+00  1.000000e+00
   outer loop
     vertex  2.384481e+01 -3.023723e+01  1.500000e+01
     vertex  2.381112e+01 -3.328121e+01  1.500000e+01
     vertex  2.384481e+01 -3.326277e+01  1.500000e+01
   endloop
 endfacet
 facet normal  0.000000e+00  0.000000e+00  1.000000e+00
   outer loop
     vertex  2.384481e+01 -3.023723e+01  1.500000e+01
     vertex  2.381112e+01 -3.021879e+01  1.500000e+01
     vertex  2.381112e+01 -3.328121e+01  1.500000e+01
   endloop
 endfacet
 facet normal  0.000000e+00  0.000000e+00  1.000000e+00
   outer loop
     vertex  2.325831e+01 -2.964668e+01  1.500000e+01
     vertex  2.325831e+01 -3.385332e+01  1.500000e+01
     vertex  2.327652e+01 -3.381949e+01  1.500000e+01
   endloop
 endfacet
 facet normal  0.000000e+00  0.000000e+00  1.000000e+00
   outer loop
     vertex  2.325831e+01 -2.964668e+01  1.500000e+01
     vertex  2.327652e+01 -3.381949e+01  1.500000e+01
     vertex  2.327652e+01 -2.968051e+01  1.500000e+01
   endloop
 endfacet
 facet normal  0.000000e+00  0.000000e+00  1.000000e+00
   outer loop
     vertex  2.387900e+01 -3.025474e+01  1.500000e+01
     vertex  2.384481e+01 -3.023723e+01  1.500000e+01
     vertex  2.384481e+01 -3.326277e+01  1.500000e+01
   endloop
 endfacet
 facet normal  0.000000e+00  0.000000e+00  1.000000e+00
   outer loop
     vertex  2.387900e+01 -3.025474e+01  1.500000e+01
     vertex  2.384481e+01 -3.326277e+01  1.500000e+01
     vertex  2.387900e+01 -3.324526e+01  1.500000e+01
   endloop
 endfacet
 facet normal  0.000000e+00  0.000000e+00  1.000000e+00
   outer loop
     vertex  2.324103e+01 -2.961238e+01  1.500000e+01
     vertex  2.324103e+01 -3.388762e+01  1.500000e+01
     vertex  2.325831e+01 -3.385332e+01  1.500000e+01
   endloop
 endfacet
 facet normal  0.000000e+00  0.000000e+00  1.000000e+00
   outer loop
     vertex  2.324103e+01 -2.961238e+01  1.500000e+01
     vertex  2.325831e+01 -3.385332e+01  1.500000e+01
     vertex  2.325831e+01 -2.964668e+01  1.500000e+01
   endloop
 endfacet
 facet normal  0.000000e+00  0.000000e+00  1.000000e+00
   outer loop
     vertex  2.391366e+01 -3.027130e+01  1.500000e+01
     vertex  2.387900e+01 -3.025474e+01  1.500000e+01
     vertex  2.387900e+01 -3.324526e+01  1.500000e+01
   endloop
 endfacet
 facet normal  0.000000e+00  0.000000e+00  1.000000e+00
   outer loop
     vertex  2.391366e+01 -3.027130e+01  1.500000e+01
     vertex  2.387900e+01 -3.324526e+01  1.500000e+01
     vertex  2.391366e+01 -3.322870e+01  1.500000e+01
   endloop
 endfacet
 facet normal  0.000000e+00  0.000000e+00  1.000000e+00
   outer loop
     vertex  2.322471e+01 -2.957761e+01  1.500000e+01
     vertex  2.322471e+01 -3.392239e+01  1.500000e+01
     vertex  2.324103e+01 -3.388762e+01  1.500000e+01
   endloop
 endfacet
 facet normal  0.000000e+00  0.000000e+00  1.000000e+00
   outer loop
     vertex  2.322471e+01 -2.957761e+01  1.500000e+01
     vertex  2.324103e+01 -3.388762e+01  1.500000e+01
     vertex  2.324103e+01 -2.961238e+01  1.500000e+01
   endloop
 endfacet
 facet normal  0.000000e+00  0.000000e+00  1.000000e+00
   outer loop
     vertex  2.394876e+01 -3.028691e+01  1.500000e+01
     vertex  2.391366e+01 -3.027130e+01  1.500000e+01
     vertex  2.391366e+01 -3.322870e+01  1.500000e+01
   endloop
 endfacet
 facet normal  0.000000e+00  0.000000e+00  1.000000e+00
   outer loop
     vertex  2.394876e+01 -3.028691e+01  1.500000e+01
     vertex  2.391366e+01 -3.322870e+01  1.500000e+01
     vertex  2.394876e+01 -3.321309e+01  1.500000e+01
   endloop
 endfacet
 facet normal  0.000000e+00  0.000000e+00  1.000000e+00
   outer loop
     vertex  2.320934e+01 -2.954240e+01  1.500000e+01
     vertex  2.320934e+01 -3.395760e+01  1.500000e+01
     vertex  2.322471e+01 -3.392239e+01  1.500000e+01
   endloop
 endfacet
 facet normal  0.000000e+00  0.000000e+00  1.000000e+00
   outer loop
     vertex  2.320934e+01 -2.954240e+01  1.500000e+01
     vertex  2.322471e+01 -3.392239e+01  1.500000e+01
     vertex  2.322471e+01 -2.957761e+01  1.500000e+01
   endloop
 endfacet
 facet normal  0.000000e+00  0.000000e+00  1.000000e+00
   outer loop
     vertex  2.398427e+01 -3.030155e+01  1.500000e+01
     vertex  2.394876e+01 -3.028691e+01  1.500000e+01
     vertex  2.394876e+01 -3.321309e+01  1.500000e+01
   endloop
 endfacet
 facet normal  0.000000e+00  0.000000e+00  1.000000e+00
   outer loop
     vertex  2.398427e+01 -3.030155e+01  1.500000e+01
     vertex  2.394876e+01 -3.321309e+01  1.500000e+01
     vertex  2.398427e+01 -3.319845e+01  1.500000e+01
   endloop
 endfacet
 facet normal  0.000000e+00  0.000000e+00  1.000000e+00
   outer loop
     vertex  2.319495e+01 -2.950679e+01  1.500000e+01
     vertex  2.319495e+01 -3.399321e+01  1.500000e+01
     vertex  2.320934e+01 -3.395760e+01  1.500000e+01
   endloop
 endfacet
 facet normal  0.000000e+00  0.000000e+00  1.000000e+00
   outer loop
     vertex  2.319495e+01 -2.950679e+01  1.500000e+01
     vertex  2.320934e+01 -3.395760e+01  1.500000e+01
     vertex  2.320934e+01 -2.954240e+01  1.500000e+01
   endloop
 endfacet
 facet normal  0.000000e+00  0.000000e+00  1.000000e+00
   outer loop
     vertex  2.402017e+01 -3.031520e+01  1.500000e+01
     vertex  2.398427e+01 -3.030155e+01  1.500000e+01
     vertex  2.398427e+01 -3.319845e+01  1.500000e+01
   endloop
 endfacet
 facet normal  0.000000e+00  0.000000e+00  1.000000e+00
   outer loop
     vertex  2.402017e+01 -3.031520e+01  1.500000e+01
     vertex  2.402017e+01 -3.318480e+01  1.500000e+01
     vertex  2.405643e+01 -3.317213e+01  1.500000e+01
   endloop
 endfacet
 facet normal  0.000000e+00  0.000000e+00  1.000000e+00
   outer loop
     vertex  2.402017e+01 -3.031520e+01  1.500000e+01
     vertex  2.398427e+01 -3.319845e+01  1.500000e+01
     vertex  2.402017e+01 -3.318480e+01  1.500000e+01
   endloop
 endfacet
 facet normal  0.000000e+00  0.000000e+00  1.000000e+00
   outer loop
     vertex  2.318154e+01 -2.947080e+01  1.500000e+01
     vertex  2.319495e+01 -3.399321e+01  1.500000e+01
     vertex  2.319495e+01 -2.950679e+01  1.500000e+01
   endloop
 endfacet
 facet normal  0.000000e+00  0.000000e+00  1.000000e+00
   outer loop
     vertex  2.318154e+01 -2.947080e+01  1.500000e+01
     vertex  2.318154e+01 -3.402920e+01  1.500000e+01
     vertex  2.319495e+01 -3.399321e+01  1.500000e+01
   endloop
 endfacet
 facet normal  0.000000e+00  0.000000e+00  1.000000e+00
   outer loop
     vertex  2.318154e+01 -2.947080e+01  1.500000e+01
     vertex  2.316912e+01 -3.406555e+01  1.500000e+01
     vertex  2.318154e+01 -3.402920e+01  1.500000e+01
   endloop
 endfacet
 facet normal  0.000000e+00  0.000000e+00  1.000000e+00
   outer loop
     vertex  2.405643e+01 -3.032787e+01  1.500000e+01
     vertex  2.402017e+01 -3.031520e+01  1.500000e+01
     vertex  2.405643e+01 -3.317213e+01  1.500000e+01
   endloop
 endfacet
 facet normal  0.000000e+00  0.000000e+00  1.000000e+00
   outer loop
     vertex  2.316912e+01 -2.943445e+01  1.500000e+01
     vertex  2.315770e+01 -3.410223e+01  1.500000e+01
     vertex  2.316912e+01 -3.406555e+01  1.500000e+01
   endloop
 endfacet
 facet normal  0.000000e+00  0.000000e+00  1.000000e+00
   outer loop
     vertex  2.316912e+01 -2.943445e+01  1.500000e+01
     vertex  2.316912e+01 -3.406555e+01  1.500000e+01
     vertex  2.318154e+01 -2.947080e+01  1.500000e+01
   endloop
 endfacet
 facet normal  0.000000e+00  0.000000e+00  1.000000e+00
   outer loop
     vertex  2.409303e+01 -3.033954e+01  1.500000e+01
     vertex  2.405643e+01 -3.032787e+01  1.500000e+01
     vertex  2.405643e+01 -3.317213e+01  1.500000e+01
   endloop
 endfacet
 facet normal  0.000000e+00  0.000000e+00  1.000000e+00
   outer loop
     vertex  2.409303e+01 -3.033954e+01  1.500000e+01
     vertex  2.405643e+01 -3.317213e+01  1.500000e+01
     vertex  2.409303e+01 -3.316046e+01  1.500000e+01
   endloop
 endfacet
 facet normal  0.000000e+00  0.000000e+00  1.000000e+00
   outer loop
     vertex  2.315770e+01 -2.939777e+01  1.500000e+01
     vertex  2.315770e+01 -3.410223e+01  1.500000e+01
     vertex  2.316912e+01 -2.943445e+01  1.500000e+01
   endloop
 endfacet
 facet normal  0.000000e+00  0.000000e+00  1.000000e+00
   outer loop
     vertex  2.315770e+01 -2.939777e+01  1.500000e+01
     vertex  1.327754e+01 -2.396071e+01  1.500000e+01
     vertex  2.315770e+01 -3.410223e+01  1.500000e+01
   endloop
 endfacet
 facet normal  0.000000e+00  0.000000e+00  1.000000e+00
   outer loop
     vertex  2.412993e+01 -3.035020e+01  1.500000e+01
     vertex  2.409303e+01 -3.316046e+01  1.500000e+01
     vertex  2.412993e+01 -3.314980e+01  1.500000e+01
   endloop
 endfacet
 facet normal  0.000000e+00  0.000000e+00  1.000000e+00
   outer loop
     vertex  2.412993e+01 -3.035020e+01  1.500000e+01
     vertex  2.409303e+01 -3.033954e+01  1.500000e+01
     vertex  2.409303e+01 -3.316046e+01  1.500000e+01
   endloop
 endfacet
 facet normal  0.000000e+00  0.000000e+00  1.000000e+00
   outer loop
     vertex  2.314729e+01 -2.936080e+01  1.500000e+01
     vertex  1.327754e+01 -2.396071e+01  1.500000e+01
     vertex  2.315770e+01 -2.939777e+01  1.500000e+01
   endloop
 endfacet
 facet normal  0.000000e+00  0.000000e+00  1.000000e+00
   outer loop
     vertex  2.314729e+01 -2.936080e+01  1.500000e+01
     vertex  1.330379e+01 -2.395274e+01  1.500000e+01
     vertex  1.327754e+01 -2.396071e+01  1.500000e+01
   endloop
 endfacet
 facet normal  0.000000e+00  0.000000e+00  1.000000e+00
   outer loop
     vertex  2.416711e+01 -3.035985e+01  1.500000e+01
     vertex  2.416711e+01 -3.314015e+01  1.500000e+01
     vertex  2.420454e+01 -3.313153e+01  1.500000e+01
   endloop
 endfacet
 facet normal  0.000000e+00  0.000000e+00  1.000000e+00
   outer loop
     vertex  2.416711e+01 -3.035985e+01  1.500000e+01
     vertex  2.412993e+01 -3.314980e+01  1.500000e+01
     vertex  2.416711e+01 -3.314015e+01  1.500000e+01
   endloop
 endfacet
 facet normal  0.000000e+00  0.000000e+00  1.000000e+00
   outer loop
     vertex  2.416711e+01 -3.035985e+01  1.500000e+01
     vertex  2.412993e+01 -3.035020e+01  1.500000e+01
     vertex  2.412993e+01 -3.314980e+01  1.500000e+01
   endloop
 endfacet
 facet normal  0.000000e+00  0.000000e+00  1.000000e+00
   outer loop
     vertex  2.313790e+01 -2.932355e+01  1.500000e+01
     vertex  1.332982e+01 -2.394405e+01  1.500000e+01
     vertex  1.330379e+01 -2.395274e+01  1.500000e+01
   endloop
 endfacet
 facet normal  0.000000e+00  0.000000e+00  1.000000e+00
   outer loop
     vertex  2.313790e+01 -2.932355e+01  1.500000e+01
     vertex  1.330379e+01 -2.395274e+01  1.500000e+01
     vertex  2.314729e+01 -2.936080e+01  1.500000e+01
   endloop
 endfacet
 facet normal  0.000000e+00  0.000000e+00  1.000000e+00
   outer loop
     vertex  2.420454e+01 -3.036847e+01  1.500000e+01
     vertex  2.416711e+01 -3.035985e+01  1.500000e+01
     vertex  2.420454e+01 -3.313153e+01  1.500000e+01
   endloop
 endfacet
 facet normal  0.000000e+00  0.000000e+00  1.000000e+00
   outer loop
     vertex  2.312954e+01 -2.928606e+01  1.500000e+01
     vertex  1.335559e+01 -2.393464e+01  1.500000e+01
     vertex  1.332982e+01 -2.394405e+01  1.500000e+01
   endloop
 endfacet
 facet normal  0.000000e+00  0.000000e+00  1.000000e+00
   outer loop
     vertex  2.312954e+01 -2.928606e+01  1.500000e+01
     vertex  1.338110e+01 -2.392453e+01  1.500000e+01
     vertex  1.335559e+01 -2.393464e+01  1.500000e+01
   endloop
 endfacet
 facet normal  0.000000e+00  0.000000e+00  1.000000e+00
   outer loop
     vertex  2.312954e+01 -2.928606e+01  1.500000e+01
     vertex  1.332982e+01 -2.394405e+01  1.500000e+01
     vertex  2.313790e+01 -2.932355e+01  1.500000e+01
   endloop
 endfacet
 facet normal  0.000000e+00  0.000000e+00  1.000000e+00
   outer loop
     vertex  2.424220e+01 -3.037606e+01  1.500000e+01
     vertex  2.420454e+01 -3.036847e+01  1.500000e+01
     vertex  2.420454e+01 -3.313153e+01  1.500000e+01
   endloop
 endfacet
 facet normal  0.000000e+00  0.000000e+00  1.000000e+00
   outer loop
     vertex  2.424220e+01 -3.037606e+01  1.500000e+01
     vertex  2.420454e+01 -3.313153e+01  1.500000e+01
     vertex  2.424220e+01 -3.312394e+01  1.500000e+01
   endloop
 endfacet
 facet normal  0.000000e+00  0.000000e+00  1.000000e+00
   outer loop
     vertex  2.312221e+01 -2.924836e+01  1.500000e+01
     vertex  1.340632e+01 -2.391373e+01  1.500000e+01
     vertex  1.338110e+01 -2.392453e+01  1.500000e+01
   endloop
 endfacet
 facet normal  0.000000e+00  0.000000e+00  1.000000e+00
   outer loop
     vertex  2.312221e+01 -2.924836e+01  1.500000e+01
     vertex  1.338110e+01 -2.392453e+01  1.500000e+01
     vertex  2.312954e+01 -2.928606e+01  1.500000e+01
   endloop
 endfacet
 facet normal  0.000000e+00  0.000000e+00  1.000000e+00
   outer loop
     vertex  2.428004e+01 -3.038261e+01  1.500000e+01
     vertex  2.424220e+01 -3.312394e+01  1.500000e+01
     vertex  2.428004e+01 -3.311739e+01  1.500000e+01
   endloop
 endfacet
 facet normal  0.000000e+00  0.000000e+00  1.000000e+00
   outer loop
     vertex  2.428004e+01 -3.038261e+01  1.500000e+01
     vertex  2.424220e+01 -3.037606e+01  1.500000e+01
     vertex  2.424220e+01 -3.312394e+01  1.500000e+01
   endloop
 endfacet
 facet normal  0.000000e+00  0.000000e+00  1.000000e+00
   outer loop
     vertex  2.311591e+01 -2.921047e+01  1.500000e+01
     vertex  1.340632e+01 -2.391373e+01  1.500000e+01
     vertex  2.312221e+01 -2.924836e+01  1.500000e+01
   endloop
 endfacet
 facet normal  0.000000e+00  0.000000e+00  1.000000e+00
   outer loop
     vertex  2.311591e+01 -2.921047e+01  1.500000e+01
     vertex  1.343123e+01 -2.390224e+01  1.500000e+01
     vertex  1.340632e+01 -2.391373e+01  1.500000e+01
   endloop
 endfacet
 facet normal  0.000000e+00  0.000000e+00  1.000000e+00
   outer loop
     vertex  2.431806e+01 -3.038813e+01  1.500000e+01
     vertex  2.428004e+01 -3.311739e+01  1.500000e+01
     vertex  2.431806e+01 -3.311187e+01  1.500000e+01
   endloop
 endfacet
 facet normal  0.000000e+00  0.000000e+00  1.000000e+00
   outer loop
     vertex  2.431806e+01 -3.038813e+01  1.500000e+01
     vertex  2.428004e+01 -3.038261e+01  1.500000e+01
     vertex  2.428004e+01 -3.311739e+01  1.500000e+01
   endloop
 endfacet
 facet normal  0.000000e+00  0.000000e+00  1.000000e+00
   outer loop
     vertex  2.311066e+01 -2.917242e+01  1.500000e+01
     vertex  1.345582e+01 -2.389007e+01  1.500000e+01
     vertex  1.343123e+01 -2.390224e+01  1.500000e+01
   endloop
 endfacet
 facet normal  0.000000e+00  0.000000e+00  1.000000e+00
   outer loop
     vertex  2.311066e+01 -2.917242e+01  1.500000e+01
     vertex  1.343123e+01 -2.390224e+01  1.500000e+01
     vertex  2.311591e+01 -2.921047e+01  1.500000e+01
   endloop
 endfacet
 facet normal  0.000000e+00  0.000000e+00  1.000000e+00
   outer loop
     vertex  2.435621e+01 -3.039260e+01  1.500000e+01
     vertex  2.431806e+01 -3.038813e+01  1.500000e+01
     vertex  2.431806e+01 -3.311187e+01  1.500000e+01
   endloop
 endfacet
 facet normal  0.000000e+00  0.000000e+00  1.000000e+00
   outer loop
     vertex  2.435621e+01 -3.039260e+01  1.500000e+01
     vertex  2.435621e+01 -3.310740e+01  1.500000e+01
     vertex  2.439447e+01 -3.310398e+01  1.500000e+01
   endloop
 endfacet
 facet normal  0.000000e+00  0.000000e+00  1.000000e+00
   outer loop
     vertex  2.435621e+01 -3.039260e+01  1.500000e+01
     vertex  2.431806e+01 -3.311187e+01  1.500000e+01
     vertex  2.435621e+01 -3.310740e+01  1.500000e+01
   endloop
 endfacet
 facet normal  0.000000e+00  0.000000e+00  1.000000e+00
   outer loop
     vertex  2.310645e+01 -2.913424e+01  1.500000e+01
     vertex  1.348007e+01 -2.387723e+01  1.500000e+01
     vertex  1.345582e+01 -2.389007e+01  1.500000e+01
   endloop
 endfacet
 facet normal  0.000000e+00  0.000000e+00  1.000000e+00
   outer loop
     vertex  2.310645e+01 -2.913424e+01  1.500000e+01
     vertex  1.345582e+01 -2.389007e+01  1.500000e+01
     vertex  2.311066e+01 -2.917242e+01  1.500000e+01
   endloop
 endfacet
 facet normal  0.000000e+00  0.000000e+00  1.000000e+00
   outer loop
     vertex  2.439447e+01 -3.039602e+01  1.500000e+01
     vertex  2.435621e+01 -3.039260e+01  1.500000e+01
     vertex  2.439447e+01 -3.310398e+01  1.500000e+01
   endloop
 endfacet
 facet normal  0.000000e+00  0.000000e+00  1.000000e+00
   outer loop
     vertex  2.310329e+01 -2.909596e+01  1.500000e+01
     vertex  1.350396e+01 -2.386373e+01  1.500000e+01
     vertex  1.348007e+01 -2.387723e+01  1.500000e+01
   endloop
 endfacet
 facet normal  0.000000e+00  0.000000e+00  1.000000e+00
   outer loop
     vertex  2.310329e+01 -2.909596e+01  1.500000e+01
     vertex  1.348007e+01 -2.387723e+01  1.500000e+01
     vertex  2.310645e+01 -2.913424e+01  1.500000e+01
   endloop
 endfacet
 facet normal  0.000000e+00  0.000000e+00  1.000000e+00
   outer loop
     vertex  2.443280e+01 -3.039839e+01  1.500000e+01
     vertex  2.439447e+01 -3.310398e+01  1.500000e+01
     vertex  2.443280e+01 -3.310161e+01  1.500000e+01
   endloop
 endfacet
 facet normal  0.000000e+00  0.000000e+00  1.000000e+00
   outer loop
     vertex  2.443280e+01 -3.039839e+01  1.500000e+01
     vertex  2.439447e+01 -3.039602e+01  1.500000e+01
     vertex  2.439447e+01 -3.310398e+01  1.500000e+01
   endloop
 endfacet
 facet normal  0.000000e+00  0.000000e+00  1.000000e+00
   outer loop
     vertex  2.310119e+01 -2.905760e+01  1.500000e+01
     vertex  1.350396e+01 -2.386373e+01  1.500000e+01
     vertex  2.310329e+01 -2.909596e+01  1.500000e+01
   endloop
 endfacet
 facet normal  0.000000e+00  0.000000e+00  1.000000e+00
   outer loop
     vertex  2.310119e+01 -2.905760e+01  1.500000e+01
     vertex  1.352746e+01 -2.384958e+01  1.500000e+01
     vertex  1.350396e+01 -2.386373e+01  1.500000e+01
   endloop
 endfacet
 facet normal  0.000000e+00  0.000000e+00  1.000000e+00
   outer loop
     vertex  2.447119e+01 -3.039970e+01  1.500000e+01
     vertex  2.443280e+01 -3.039839e+01  1.500000e+01
     vertex  2.443280e+01 -3.310161e+01  1.500000e+01
   endloop
 endfacet
 facet normal  0.000000e+00  0.000000e+00  1.000000e+00
   outer loop
     vertex  2.447119e+01 -3.039970e+01  1.500000e+01
     vertex  2.443280e+01 -3.310161e+01  1.500000e+01
     vertex  2.447119e+01 -3.310030e+01  1.500000e+01
   endloop
 endfacet
 facet normal  0.000000e+00  0.000000e+00  1.000000e+00
   outer loop
     vertex  2.310013e+01 -2.901921e+01  1.500000e+01
     vertex  1.352746e+01 -2.384958e+01  1.500000e+01
     vertex  2.310119e+01 -2.905760e+01  1.500000e+01
   endloop
 endfacet
 facet normal  0.000000e+00  0.000000e+00  1.000000e+00
   outer loop
     vertex  2.310013e+01 -2.901921e+01  1.500000e+01
     vertex  1.355057e+01 -2.383479e+01  1.500000e+01
     vertex  1.352746e+01 -2.384958e+01  1.500000e+01
   endloop
 endfacet
 facet normal  0.000000e+00  0.000000e+00  1.000000e+00
   outer loop
     vertex  2.450960e+01 -3.039997e+01  1.500000e+01
     vertex  2.447119e+01 -3.039970e+01  1.500000e+01
     vertex  2.447119e+01 -3.310030e+01  1.500000e+01
   endloop
 endfacet
 facet normal  0.000000e+00  0.000000e+00  1.000000e+00
   outer loop
     vertex  2.450960e+01 -3.039997e+01  1.500000e+01
     vertex  2.447119e+01 -3.310030e+01  1.500000e+01
     vertex  2.450960e+01 -3.310003e+01  1.500000e+01
   endloop
 endfacet
 facet normal  0.000000e+00  0.000000e+00  1.000000e+00
   outer loop
     vertex  2.310013e+01 -2.898079e+01  1.500000e+01
     vertex  1.355057e+01 -2.383479e+01  1.500000e+01
     vertex  2.310013e+01 -2.901921e+01  1.500000e+01
   endloop
 endfacet
 facet normal  0.000000e+00  0.000000e+00  1.000000e+00
   outer loop
     vertex  2.310013e+01 -2.898079e+01  1.500000e+01
     vertex  1.357326e+01 -2.381937e+01  1.500000e+01
     vertex  1.355057e+01 -2.383479e+01  1.500000e+01
   endloop
 endfacet
 facet normal  0.000000e+00  0.000000e+00  1.000000e+00
   outer loop
     vertex  2.454801e+01 -3.039918e+01  1.500000e+01
     vertex  2.450960e+01 -3.039997e+01  1.500000e+01
     vertex  2.450960e+01 -3.310003e+01  1.500000e+01
   endloop
 endfacet
 facet normal  0.000000e+00  0.000000e+00  1.000000e+00
   outer loop
     vertex  2.454801e+01 -3.039918e+01  1.500000e+01
     vertex  2.450960e+01 -3.310003e+01  1.500000e+01
     vertex  2.454801e+01 -3.310082e+01  1.500000e+01
   endloop
 endfacet
 facet normal  0.000000e+00  0.000000e+00  1.000000e+00
   outer loop
     vertex  2.310119e+01 -2.894240e+01  1.500000e+01
     vertex  1.357326e+01 -2.381937e+01  1.500000e+01
     vertex  2.310013e+01 -2.898079e+01  1.500000e+01
   endloop
 endfacet
 facet normal  0.000000e+00  0.000000e+00  1.000000e+00
   outer loop
     vertex  2.310119e+01 -2.894240e+01  1.500000e+01
     vertex  1.359553e+01 -2.380334e+01  1.500000e+01
     vertex  1.357326e+01 -2.381937e+01  1.500000e+01
   endloop
 endfacet
 facet normal  0.000000e+00  0.000000e+00  1.000000e+00
   outer loop
     vertex  2.458637e+01 -3.039733e+01  1.500000e+01
     vertex  2.454801e+01 -3.039918e+01  1.500000e+01
     vertex  2.454801e+01 -3.310082e+01  1.500000e+01
   endloop
 endfacet
 facet normal  0.000000e+00  0.000000e+00  1.000000e+00
   outer loop
     vertex  2.458637e+01 -3.039733e+01  1.500000e+01
     vertex  2.454801e+01 -3.310082e+01  1.500000e+01
     vertex  2.458637e+01 -3.310267e+01  1.500000e+01
   endloop
 endfacet
 facet normal  0.000000e+00  0.000000e+00  1.000000e+00
   outer loop
     vertex  2.310329e+01 -2.890404e+01  1.500000e+01
     vertex  1.359553e+01 -2.380334e+01  1.500000e+01
     vertex  2.310119e+01 -2.894240e+01  1.500000e+01
   endloop
 endfacet
 facet normal  0.000000e+00  0.000000e+00  1.000000e+00
   outer loop
     vertex  2.310329e+01 -2.890404e+01  1.500000e+01
     vertex  1.361734e+01 -2.378670e+01  1.500000e+01
     vertex  1.359553e+01 -2.380334e+01  1.500000e+01
   endloop
 endfacet
 facet normal  0.000000e+00  0.000000e+00  1.000000e+00
   outer loop
     vertex  2.462468e+01 -3.039444e+01  1.500000e+01
     vertex  2.458637e+01 -3.039733e+01  1.500000e+01
     vertex  2.458637e+01 -3.310267e+01  1.500000e+01
   endloop
 endfacet
 facet normal  0.000000e+00  0.000000e+00  1.000000e+00
   outer loop
     vertex  2.462468e+01 -3.039444e+01  1.500000e+01
     vertex  2.458637e+01 -3.310267e+01  1.500000e+01
     vertex  2.462468e+01 -3.310556e+01  1.500000e+01
   endloop
 endfacet
 facet normal  0.000000e+00  0.000000e+00  1.000000e+00
   outer loop
     vertex  2.310645e+01 -2.886576e+01  1.500000e+01
     vertex  1.361734e+01 -2.378670e+01  1.500000e+01
     vertex  2.310329e+01 -2.890404e+01  1.500000e+01
   endloop
 endfacet
 facet normal  0.000000e+00  0.000000e+00  1.000000e+00
   outer loop
     vertex  2.310645e+01 -2.886576e+01  1.500000e+01
     vertex  1.363869e+01 -2.376946e+01  1.500000e+01
     vertex  1.361734e+01 -2.378670e+01  1.500000e+01
   endloop
 endfacet
 facet normal  0.000000e+00  0.000000e+00  1.000000e+00
   outer loop
     vertex  2.466288e+01 -3.039049e+01  1.500000e+01
     vertex  2.462468e+01 -3.039444e+01  1.500000e+01
     vertex  2.462468e+01 -3.310556e+01  1.500000e+01
   endloop
 endfacet
 facet normal  0.000000e+00  0.000000e+00  1.000000e+00
   outer loop
     vertex  2.466288e+01 -3.039049e+01  1.500000e+01
     vertex  2.462468e+01 -3.310556e+01  1.500000e+01
     vertex  2.466288e+01 -3.310951e+01  1.500000e+01
   endloop
 endfacet
 facet normal  0.000000e+00  0.000000e+00  1.000000e+00
   outer loop
     vertex  2.311066e+01 -2.882758e+01  1.500000e+01
     vertex  1.363869e+01 -2.376946e+01  1.500000e+01
     vertex  2.310645e+01 -2.886576e+01  1.500000e+01
   endloop
 endfacet
 facet normal  0.000000e+00  0.000000e+00  1.000000e+00
   outer loop
     vertex  2.311066e+01 -2.882758e+01  1.500000e+01
     vertex  1.365956e+01 -2.375165e+01  1.500000e+01
     vertex  1.363869e+01 -2.376946e+01  1.500000e+01
   endloop
 endfacet
 facet normal  0.000000e+00  0.000000e+00  1.000000e+00
   outer loop
     vertex  2.470097e+01 -3.038550e+01  1.500000e+01
     vertex  2.466288e+01 -3.039049e+01  1.500000e+01
     vertex  2.466288e+01 -3.310951e+01  1.500000e+01
   endloop
 endfacet
 facet normal  0.000000e+00  0.000000e+00  1.000000e+00
   outer loop
     vertex  2.470097e+01 -3.038550e+01  1.500000e+01
     vertex  2.466288e+01 -3.310951e+01  1.500000e+01
     vertex  2.470097e+01 -3.311450e+01  1.500000e+01
   endloop
 endfacet
 facet normal  0.000000e+00  0.000000e+00  1.000000e+00
   outer loop
     vertex  2.311591e+01 -2.878953e+01  1.500000e+01
     vertex  1.365956e+01 -2.375165e+01  1.500000e+01
     vertex  2.311066e+01 -2.882758e+01  1.500000e+01
   endloop
 endfacet
 facet normal  0.000000e+00  0.000000e+00  1.000000e+00
   outer loop
     vertex  2.311591e+01 -2.878953e+01  1.500000e+01
     vertex  1.367993e+01 -2.373327e+01  1.500000e+01
     vertex  1.365956e+01 -2.375165e+01  1.500000e+01
   endloop
 endfacet
 facet normal  0.000000e+00  0.000000e+00  1.000000e+00
   outer loop
     vertex  2.473890e+01 -3.037947e+01  1.500000e+01
     vertex  2.470097e+01 -3.038550e+01  1.500000e+01
     vertex  2.470097e+01 -3.311450e+01  1.500000e+01
   endloop
 endfacet
 facet normal  0.000000e+00  0.000000e+00  1.000000e+00
   outer loop
     vertex  2.473890e+01 -3.037947e+01  1.500000e+01
     vertex  2.473890e+01 -3.312053e+01  1.500000e+01
     vertex  2.477666e+01 -3.312761e+01  1.500000e+01
   endloop
 endfacet
 facet normal  0.000000e+00  0.000000e+00  1.000000e+00
   outer loop
     vertex  2.473890e+01 -3.037947e+01  1.500000e+01
     vertex  2.470097e+01 -3.311450e+01  1.500000e+01
     vertex  2.473890e+01 -3.312053e+01  1.500000e+01
   endloop
 endfacet
 facet normal  0.000000e+00  0.000000e+00  1.000000e+00
   outer loop
     vertex  2.312221e+01 -2.875164e+01  1.500000e+01
     vertex  1.367993e+01 -2.373327e+01  1.500000e+01
     vertex  2.311591e+01 -2.878953e+01  1.500000e+01
   endloop
 endfacet
 facet normal  0.000000e+00  0.000000e+00  1.000000e+00
   outer loop
     vertex  2.312221e+01 -2.875164e+01  1.500000e+01
     vertex  1.369979e+01 -2.371434e+01  1.500000e+01
     vertex  1.367993e+01 -2.373327e+01  1.500000e+01
   endloop
 endfacet
 facet normal  0.000000e+00  0.000000e+00  1.000000e+00
   outer loop
     vertex  2.477666e+01 -3.037239e+01  1.500000e+01
     vertex  2.473890e+01 -3.037947e+01  1.500000e+01
     vertex  2.477666e+01 -3.312761e+01  1.500000e+01
   endloop
 endfacet
 facet normal  0.000000e+00  0.000000e+00  1.000000e+00
   outer loop
     vertex  2.312954e+01 -2.871394e+01  1.500000e+01
     vertex  1.371913e+01 -2.369488e+01  1.500000e+01
     vertex  1.369979e+01 -2.371434e+01  1.500000e+01
   endloop
 endfacet
 facet normal  0.000000e+00  0.000000e+00  1.000000e+00
   outer loop
     vertex  2.312954e+01 -2.871394e+01  1.500000e+01
     vertex  1.369979e+01 -2.371434e+01  1.500000e+01
     vertex  2.312221e+01 -2.875164e+01  1.500000e+01
   endloop
 endfacet
 facet normal  0.000000e+00  0.000000e+00  1.000000e+00
   outer loop
     vertex  2.481420e+01 -3.036429e+01  1.500000e+01
     vertex  2.477666e+01 -3.312761e+01  1.500000e+01
     vertex  2.481420e+01 -3.313571e+01  1.500000e+01
   endloop
 endfacet
 facet normal  0.000000e+00  0.000000e+00  1.000000e+00
   outer loop
     vertex  2.481420e+01 -3.036429e+01  1.500000e+01
     vertex  2.477666e+01 -3.037239e+01  1.500000e+01
     vertex  2.477666e+01 -3.312761e+01  1.500000e+01
   endloop
 endfacet
 facet normal  0.000000e+00  0.000000e+00  1.000000e+00
   outer loop
     vertex  2.313790e+01 -2.867645e+01  1.500000e+01
     vertex  1.371913e+01 -2.369488e+01  1.500000e+01
     vertex  2.312954e+01 -2.871394e+01  1.500000e+01
   endloop
 endfacet
 facet normal  0.000000e+00  0.000000e+00  1.000000e+00
   outer loop
     vertex  2.313790e+01 -2.867645e+01  1.500000e+01
     vertex  1.373792e+01 -2.367489e+01  1.500000e+01
     vertex  1.371913e+01 -2.369488e+01  1.500000e+01
   endloop
 endfacet
 facet normal  0.000000e+00  0.000000e+00  1.000000e+00
   outer loop
     vertex  2.485151e+01 -3.035515e+01  1.500000e+01
     vertex  2.481420e+01 -3.036429e+01  1.500000e+01
     vertex  2.481420e+01 -3.313571e+01  1.500000e+01
   endloop
 endfacet
 facet normal  0.000000e+00  0.000000e+00  1.000000e+00
   outer loop
     vertex  2.485151e+01 -3.035515e+01  1.500000e+01
     vertex  2.481420e+01 -3.313571e+01  1.500000e+01
     vertex  2.485151e+01 -3.314485e+01  1.500000e+01
   endloop
 endfacet
 facet normal  0.000000e+00  0.000000e+00  1.000000e+00
   outer loop
     vertex  2.314729e+01 -2.863920e+01  1.500000e+01
     vertex  1.373792e+01 -2.367489e+01  1.500000e+01
     vertex  2.313790e+01 -2.867645e+01  1.500000e+01
   endloop
 endfacet
 facet normal  0.000000e+00  0.000000e+00  1.000000e+00
   outer loop
     vertex  2.314729e+01 -2.863920e+01  1.500000e+01
     vertex  1.375616e+01 -2.365439e+01  1.500000e+01
     vertex  1.373792e+01 -2.367489e+01  1.500000e+01
   endloop
 endfacet
 facet normal  0.000000e+00  0.000000e+00  1.000000e+00
   outer loop
     vertex  2.488856e+01 -3.034500e+01  1.500000e+01
     vertex  2.485151e+01 -3.035515e+01  1.500000e+01
     vertex  2.485151e+01 -3.314485e+01  1.500000e+01
   endloop
 endfacet
 facet normal  0.000000e+00  0.000000e+00  1.000000e+00
   outer loop
     vertex  2.488856e+01 -3.034500e+01  1.500000e+01
     vertex  2.485151e+01 -3.314485e+01  1.500000e+01
     vertex  2.488856e+01 -3.315500e+01  1.500000e+01
   endloop
 endfacet
 facet normal  0.000000e+00  0.000000e+00  1.000000e+00
   outer loop
     vertex  2.315770e+01 -2.860223e+01  1.500000e+01
     vertex  1.377383e+01 -2.363340e+01  1.500000e+01
     vertex  1.375616e+01 -2.365439e+01  1.500000e+01
   endloop
 endfacet
 facet normal  0.000000e+00  0.000000e+00  1.000000e+00
   outer loop
     vertex  2.315770e+01 -2.860223e+01  1.500000e+01
     vertex  1.379091e+01 -2.361193e+01  1.500000e+01
     vertex  1.377383e+01 -2.363340e+01  1.500000e+01
   endloop
 endfacet
 facet normal  0.000000e+00  0.000000e+00  1.000000e+00
   outer loop
     vertex  2.315770e+01 -2.860223e+01  1.500000e+01
     vertex  1.375616e+01 -2.365439e+01  1.500000e+01
     vertex  2.314729e+01 -2.863920e+01  1.500000e+01
   endloop
 endfacet
 facet normal  0.000000e+00  0.000000e+00  1.000000e+00
   outer loop
     vertex  2.492531e+01 -3.033383e+01  1.500000e+01
     vertex  2.488856e+01 -3.315500e+01  1.500000e+01
     vertex  2.492531e+01 -3.316617e+01  1.500000e+01
   endloop
 endfacet
 facet normal  0.000000e+00  0.000000e+00  1.000000e+00
   outer loop
     vertex  2.492531e+01 -3.033383e+01  1.500000e+01
     vertex  2.488856e+01 -3.034500e+01  1.500000e+01
     vertex  2.488856e+01 -3.315500e+01  1.500000e+01
   endloop
 endfacet
 facet normal  0.000000e+00  0.000000e+00  1.000000e+00
   outer loop
     vertex  2.316912e+01 -2.856555e+01  1.500000e+01
     vertex  1.380740e+01 -2.359000e+01  1.500000e+01
     vertex  1.379091e+01 -2.361193e+01  1.500000e+01
   endloop
 endfacet
 facet normal  0.000000e+00  0.000000e+00  1.000000e+00
   outer loop
     vertex  2.316912e+01 -2.856555e+01  1.500000e+01
     vertex  1.379091e+01 -2.361193e+01  1.500000e+01
     vertex  2.315770e+01 -2.860223e+01  1.500000e+01
   endloop
 endfacet
 facet normal  0.000000e+00  0.000000e+00  1.000000e+00
   outer loop
     vertex  2.496174e+01 -3.032166e+01  1.500000e+01
     vertex  2.492531e+01 -3.316617e+01  1.500000e+01
     vertex  2.496174e+01 -3.317834e+01  1.500000e+01
   endloop
 endfacet
 facet normal  0.000000e+00  0.000000e+00  1.000000e+00
   outer loop
     vertex  2.496174e+01 -3.032166e+01  1.500000e+01
     vertex  2.492531e+01 -3.033383e+01  1.500000e+01
     vertex  2.492531e+01 -3.316617e+01  1.500000e+01
   endloop
 endfacet
 facet normal  0.000000e+00  0.000000e+00  1.000000e+00
   outer loop
     vertex  2.318154e+01 -2.852920e+01  1.500000e+01
     vertex  1.380740e+01 -2.359000e+01  1.500000e+01
     vertex  2.316912e+01 -2.856555e+01  1.500000e+01
   endloop
 endfacet
 facet normal  0.000000e+00  0.000000e+00  1.000000e+00
   outer loop
     vertex  2.318154e+01 -2.852920e+01  1.500000e+01
     vertex  1.382328e+01 -2.356763e+01  1.500000e+01
     vertex  1.380740e+01 -2.359000e+01  1.500000e+01
   endloop
 endfacet
 facet normal  0.000000e+00  0.000000e+00  1.000000e+00
   outer loop
     vertex  2.499783e+01 -3.030850e+01  1.500000e+01
     vertex  2.499783e+01 -3.319150e+01  1.500000e+01
     vertex  2.503354e+01 -3.320565e+01  1.500000e+01
   endloop
 endfacet
 facet normal  0.000000e+00  0.000000e+00  1.000000e+00
   outer loop
     vertex  2.499783e+01 -3.030850e+01  1.500000e+01
     vertex  2.496174e+01 -3.317834e+01  1.500000e+01
     vertex  2.499783e+01 -3.319150e+01  1.500000e+01
   endloop
 endfacet
 facet normal  0.000000e+00  0.000000e+00  1.000000e+00
   outer loop
     vertex  2.499783e+01 -3.030850e+01  1.500000e+01
     vertex  2.496174e+01 -3.032166e+01  1.500000e+01
     vertex  2.496174e+01 -3.317834e+01  1.500000e+01
   endloop
 endfacet
 facet normal  0.000000e+00  0.000000e+00  1.000000e+00
   outer loop
     vertex  2.319495e+01 -2.849321e+01  1.500000e+01
     vertex  1.383855e+01 -2.354483e+01  1.500000e+01
     vertex  1.382328e+01 -2.356763e+01  1.500000e+01
   endloop
 endfacet
 facet normal  0.000000e+00  0.000000e+00  1.000000e+00
   outer loop
     vertex  2.319495e+01 -2.849321e+01  1.500000e+01
     vertex  1.382328e+01 -2.356763e+01  1.500000e+01
     vertex  2.318154e+01 -2.852920e+01  1.500000e+01
   endloop
 endfacet
 facet normal  0.000000e+00  0.000000e+00  1.000000e+00
   outer loop
     vertex  2.503354e+01 -3.029435e+01  1.500000e+01
     vertex  2.499783e+01 -3.030850e+01  1.500000e+01
     vertex  2.503354e+01 -3.320565e+01  1.500000e+01
   endloop
 endfacet
 facet normal  0.000000e+00  0.000000e+00  1.000000e+00
   outer loop
     vertex  2.320934e+01 -2.845760e+01  1.500000e+01
     vertex  1.385318e+01 -2.352162e+01  1.500000e+01
     vertex  1.383855e+01 -2.354483e+01  1.500000e+01
   endloop
 endfacet
 facet normal  0.000000e+00  0.000000e+00  1.000000e+00
   outer loop
     vertex  2.320934e+01 -2.845760e+01  1.500000e+01
     vertex  1.383855e+01 -2.354483e+01  1.500000e+01
     vertex  2.319495e+01 -2.849321e+01  1.500000e+01
   endloop
 endfacet
 facet normal  0.000000e+00  0.000000e+00  1.000000e+00
   outer loop
     vertex  2.506885e+01 -3.027922e+01  1.500000e+01
     vertex  2.503354e+01 -3.029435e+01  1.500000e+01
     vertex  2.503354e+01 -3.320565e+01  1.500000e+01
   endloop
 endfacet
 facet normal  0.000000e+00  0.000000e+00  1.000000e+00
   outer loop
     vertex  2.506885e+01 -3.027922e+01  1.500000e+01
     vertex  2.506885e+01 -3.322078e+01  1.500000e+01
     vertex  2.510373e+01 -3.323686e+01  1.500000e+01
   endloop
 endfacet
 facet normal  0.000000e+00  0.000000e+00  1.000000e+00
   outer loop
     vertex  2.506885e+01 -3.027922e+01  1.500000e+01
     vertex  2.503354e+01 -3.320565e+01  1.500000e+01
     vertex  2.506885e+01 -3.322078e+01  1.500000e+01
   endloop
 endfacet
 facet normal  0.000000e+00  0.000000e+00  1.000000e+00
   outer loop
     vertex  2.322471e+01 -2.842239e+01  1.500000e+01
     vertex  1.385318e+01 -2.352162e+01  1.500000e+01
     vertex  2.320934e+01 -2.845760e+01  1.500000e+01
   endloop
 endfacet
 facet normal  0.000000e+00  0.000000e+00  1.000000e+00
   outer loop
     vertex  2.322471e+01 -2.842239e+01  1.500000e+01
     vertex  1.386717e+01 -2.349802e+01  1.500000e+01
     vertex  1.385318e+01 -2.352162e+01  1.500000e+01
   endloop
 endfacet
 facet normal  0.000000e+00  0.000000e+00  1.000000e+00
   outer loop
     vertex  2.510373e+01 -3.026314e+01  1.500000e+01
     vertex  2.506885e+01 -3.027922e+01  1.500000e+01
     vertex  2.510373e+01 -3.323686e+01  1.500000e+01
   endloop
 endfacet
 facet normal  0.000000e+00  0.000000e+00  1.000000e+00
   outer loop
     vertex  2.324103e+01 -2.838762e+01  1.500000e+01
     vertex  1.386717e+01 -2.349802e+01  1.500000e+01
     vertex  2.322471e+01 -2.842239e+01  1.500000e+01
   endloop
 endfacet
 facet normal  0.000000e+00  0.000000e+00  1.000000e+00
   outer loop
     vertex  2.324103e+01 -2.838762e+01  1.500000e+01
     vertex  1.388050e+01 -2.347404e+01  1.500000e+01
     vertex  1.386717e+01 -2.349802e+01  1.500000e+01
   endloop
 endfacet
 facet normal  0.000000e+00  0.000000e+00  1.000000e+00
   outer loop
     vertex  2.513815e+01 -3.024610e+01  1.500000e+01
     vertex  2.513815e+01 -3.325390e+01  1.500000e+01
     vertex  2.517210e+01 -3.327188e+01  1.500000e+01
   endloop
 endfacet
 facet normal  0.000000e+00  0.000000e+00  1.000000e+00
   outer loop
     vertex  2.513815e+01 -3.024610e+01  1.500000e+01
     vertex  2.510373e+01 -3.323686e+01  1.500000e+01
     vertex  2.513815e+01 -3.325390e+01  1.500000e+01
   endloop
 endfacet
 facet normal  0.000000e+00  0.000000e+00  1.000000e+00
   outer loop
     vertex  2.513815e+01 -3.024610e+01  1.500000e+01
     vertex  2.510373e+01 -3.026314e+01  1.500000e+01
     vertex  2.510373e+01 -3.323686e+01  1.500000e+01
   endloop
 endfacet
 facet normal  0.000000e+00  0.000000e+00  1.000000e+00
   outer loop
     vertex  2.325831e+01 -2.835332e+01  1.500000e+01
     vertex  1.388050e+01 -2.347404e+01  1.500000e+01
     vertex  2.324103e+01 -2.838762e+01  1.500000e+01
   endloop
 endfacet
 facet normal  0.000000e+00  0.000000e+00  1.000000e+00
   outer loop
     vertex  2.325831e+01 -2.835332e+01  1.500000e+01
     vertex  1.389318e+01 -2.344971e+01  1.500000e+01
     vertex  1.388050e+01 -2.347404e+01  1.500000e+01
   endloop
 endfacet
 facet normal  0.000000e+00  0.000000e+00  1.000000e+00
   outer loop
     vertex  2.517210e+01 -3.022812e+01  1.500000e+01
     vertex  2.513815e+01 -3.024610e+01  1.500000e+01
     vertex  2.517210e+01 -3.327188e+01  1.500000e+01
   endloop
 endfacet
 facet normal  0.000000e+00  0.000000e+00  1.000000e+00
   outer loop
     vertex  2.517210e+01 -3.022812e+01  1.500000e+01
     vertex  2.517210e+01 -3.327188e+01  1.500000e+01
     vertex  2.520554e+01 -3.329078e+01  1.500000e+01
   endloop
 endfacet
 facet normal  0.000000e+00  0.000000e+00  1.000000e+00
   outer loop
     vertex  2.327652e+01 -2.831949e+01  1.500000e+01
     vertex  1.390518e+01 -2.342503e+01  1.500000e+01
     vertex  1.389318e+01 -2.344971e+01  1.500000e+01
   endloop
 endfacet
 facet normal  0.000000e+00  0.000000e+00  1.000000e+00
   outer loop
     vertex  2.327652e+01 -2.831949e+01  1.500000e+01
     vertex  1.389318e+01 -2.344971e+01  1.500000e+01
     vertex  2.325831e+01 -2.835332e+01  1.500000e+01
   endloop
 endfacet
 facet normal  0.000000e+00  0.000000e+00  1.000000e+00
   outer loop
     vertex  2.520554e+01 -3.020922e+01  1.500000e+01
     vertex  2.517210e+01 -3.022812e+01  1.500000e+01
     vertex  2.520554e+01 -3.329078e+01  1.500000e+01
   endloop
 endfacet
 facet normal  0.000000e+00  0.000000e+00  1.000000e+00
   outer loop
     vertex  2.329565e+01 -2.828619e+01  1.500000e+01
     vertex  1.390518e+01 -2.342503e+01  1.500000e+01
     vertex  2.327652e+01 -2.831949e+01  1.500000e+01
   endloop
 endfacet
 facet normal  0.000000e+00  0.000000e+00  1.000000e+00
   outer loop
     vertex  2.329565e+01 -2.828619e+01  1.500000e+01
     vertex  1.391650e+01 -2.340004e+01  1.500000e+01
     vertex  1.390518e+01 -2.342503e+01  1.500000e+01
   endloop
 endfacet
 facet normal  0.000000e+00  0.000000e+00  1.000000e+00
   outer loop
     vertex  2.523845e+01 -3.018941e+01  1.500000e+01
     vertex  2.520554e+01 -3.329078e+01  1.500000e+01
     vertex  2.523845e+01 -3.331059e+01  1.500000e+01
   endloop
 endfacet
 facet normal  0.000000e+00  0.000000e+00  1.000000e+00
   outer loop
     vertex  2.523845e+01 -3.018941e+01  1.500000e+01
     vertex  2.520554e+01 -3.020922e+01  1.500000e+01
     vertex  2.520554e+01 -3.329078e+01  1.500000e+01
   endloop
 endfacet
 facet normal  0.000000e+00  0.000000e+00  1.000000e+00
   outer loop
     vertex  2.331568e+01 -2.825341e+01  1.500000e+01
     vertex  1.391650e+01 -2.340004e+01  1.500000e+01
     vertex  2.329565e+01 -2.828619e+01  1.500000e+01
   endloop
 endfacet
 facet normal  0.000000e+00  0.000000e+00  1.000000e+00
   outer loop
     vertex  2.331568e+01 -2.825341e+01  1.500000e+01
     vertex  1.392713e+01 -2.337475e+01  1.500000e+01
     vertex  1.391650e+01 -2.340004e+01  1.500000e+01
   endloop
 endfacet
 facet normal  0.000000e+00  0.000000e+00  1.000000e+00
   outer loop
     vertex  2.527080e+01 -3.016870e+01  1.500000e+01
     vertex  2.523845e+01 -3.018941e+01  1.500000e+01
     vertex  2.523845e+01 -3.331059e+01  1.500000e+01
   endloop
 endfacet
 facet normal  0.000000e+00  0.000000e+00  1.000000e+00
   outer loop
     vertex  2.527080e+01 -3.016870e+01  1.500000e+01
     vertex  2.527080e+01 -3.333130e+01  1.500000e+01
     vertex  2.530257e+01 -3.335288e+01  1.500000e+01
   endloop
 endfacet
 facet normal  0.000000e+00  0.000000e+00  1.000000e+00
   outer loop
     vertex  2.527080e+01 -3.016870e+01  1.500000e+01
     vertex  2.523845e+01 -3.331059e+01  1.500000e+01
     vertex  2.527080e+01 -3.333130e+01  1.500000e+01
   endloop
 endfacet
 facet normal  0.000000e+00  0.000000e+00  1.000000e+00
   outer loop
     vertex  2.333661e+01 -2.822120e+01  1.500000e+01
     vertex  1.392713e+01 -2.337475e+01  1.500000e+01
     vertex  2.331568e+01 -2.825341e+01  1.500000e+01
   endloop
 endfacet
 facet normal  0.000000e+00  0.000000e+00  1.000000e+00
   outer loop
     vertex  2.333661e+01 -2.822120e+01  1.500000e+01
     vertex  1.393706e+01 -2.334917e+01  1.500000e+01
     vertex  1.392713e+01 -2.337475e+01  1.500000e+01
   endloop
 endfacet
 facet normal  0.000000e+00  0.000000e+00  1.000000e+00
   outer loop
     vertex  2.530257e+01 -3.014712e+01  1.500000e+01
     vertex  2.527080e+01 -3.016870e+01  1.500000e+01
     vertex  2.530257e+01 -3.335288e+01  1.500000e+01
   endloop
 endfacet
 facet normal  0.000000e+00  0.000000e+00  1.000000e+00
   outer loop
     vertex  2.530257e+01 -3.014712e+01  1.500000e+01
     vertex  2.530257e+01 -3.335288e+01  1.500000e+01
     vertex  2.533374e+01 -3.337533e+01  1.500000e+01
   endloop
 endfacet
 facet normal  0.000000e+00  0.000000e+00  1.000000e+00
   outer loop
     vertex  2.335841e+01 -2.818958e+01  1.500000e+01
     vertex  1.393706e+01 -2.334917e+01  1.500000e+01
     vertex  2.333661e+01 -2.822120e+01  1.500000e+01
   endloop
 endfacet
 facet normal  0.000000e+00  0.000000e+00  1.000000e+00
   outer loop
     vertex  2.335841e+01 -2.818958e+01  1.500000e+01
     vertex  1.394629e+01 -2.332333e+01  1.500000e+01
     vertex  1.393706e+01 -2.334917e+01  1.500000e+01
   endloop
 endfacet
 facet normal  0.000000e+00  0.000000e+00  1.000000e+00
   outer loop
     vertex  2.533374e+01 -3.012467e+01  1.500000e+01
     vertex  2.530257e+01 -3.014712e+01  1.500000e+01
     vertex  2.533374e+01 -3.337533e+01  1.500000e+01
   endloop
 endfacet
 facet normal  0.000000e+00  0.000000e+00  1.000000e+00
   outer loop
     vertex  2.338108e+01 -2.815857e+01  1.500000e+01
     vertex  1.395480e+01 -2.329725e+01  1.500000e+01
     vertex  1.394629e+01 -2.332333e+01  1.500000e+01
   endloop
 endfacet
 facet normal  0.000000e+00  0.000000e+00  1.000000e+00
   outer loop
     vertex  2.338108e+01 -2.815857e+01  1.500000e+01
     vertex  1.394629e+01 -2.332333e+01  1.500000e+01
     vertex  2.335841e+01 -2.818958e+01  1.500000e+01
   endloop
 endfacet
 facet normal  0.000000e+00  0.000000e+00  1.000000e+00
   outer loop
     vertex  2.536428e+01 -3.010137e+01  1.500000e+01
     vertex  2.536428e+01 -3.339863e+01  1.500000e+01
     vertex  2.539417e+01 -3.342275e+01  1.500000e+01
   endloop
 endfacet
 facet normal  0.000000e+00  0.000000e+00  1.000000e+00
   outer loop
     vertex  2.536428e+01 -3.010137e+01  1.500000e+01
     vertex  2.533374e+01 -3.337533e+01  1.500000e+01
     vertex  2.536428e+01 -3.339863e+01  1.500000e+01
   endloop
 endfacet
 facet normal  0.000000e+00  0.000000e+00  1.000000e+00
   outer loop
     vertex  2.536428e+01 -3.010137e+01  1.500000e+01
     vertex  2.533374e+01 -3.012467e+01  1.500000e+01
     vertex  2.533374e+01 -3.337533e+01  1.500000e+01
   endloop
 endfacet
 facet normal  0.000000e+00  0.000000e+00  1.000000e+00
   outer loop
     vertex  2.340458e+01 -2.812819e+01  1.500000e+01
     vertex  1.395480e+01 -2.329725e+01  1.500000e+01
     vertex  2.338108e+01 -2.815857e+01  1.500000e+01
   endloop
 endfacet
 facet normal  0.000000e+00  0.000000e+00  1.000000e+00
   outer loop
     vertex  2.340458e+01 -2.812819e+01  1.500000e+01
     vertex  1.396259e+01 -2.327095e+01  1.500000e+01
     vertex  1.395480e+01 -2.329725e+01  1.500000e+01
   endloop
 endfacet
 facet normal  0.000000e+00  0.000000e+00  1.000000e+00
   outer loop
     vertex  2.539417e+01 -3.007725e+01  1.500000e+01
     vertex  2.536428e+01 -3.010137e+01  1.500000e+01
     vertex  2.539417e+01 -3.342275e+01  1.500000e+01
   endloop
 endfacet
 facet normal  0.000000e+00  0.000000e+00  1.000000e+00
   outer loop
     vertex  2.342891e+01 -2.809846e+01  1.500000e+01
     vertex  1.396259e+01 -2.327095e+01  1.500000e+01
     vertex  2.340458e+01 -2.812819e+01  1.500000e+01
   endloop
 endfacet
 facet normal  0.000000e+00  0.000000e+00  1.000000e+00
   outer loop
     vertex  2.342891e+01 -2.809846e+01  1.500000e+01
     vertex  1.396967e+01 -2.324444e+01  1.500000e+01
     vertex  1.396259e+01 -2.327095e+01  1.500000e+01
   endloop
 endfacet
 facet normal  0.000000e+00  0.000000e+00  1.000000e+00
   outer loop
     vertex  2.542338e+01 -3.005231e+01  1.500000e+01
     vertex  2.539417e+01 -3.007725e+01  1.500000e+01
     vertex  2.539417e+01 -3.342275e+01  1.500000e+01
   endloop
 endfacet
 facet normal  0.000000e+00  0.000000e+00  1.000000e+00
   outer loop
     vertex  2.542338e+01 -3.005231e+01  1.500000e+01
     vertex  2.542338e+01 -3.344769e+01  1.500000e+01
     vertex  2.545191e+01 -3.347342e+01  1.500000e+01
   endloop
 endfacet
 facet normal  0.000000e+00  0.000000e+00  1.000000e+00
   outer loop
     vertex  2.542338e+01 -3.005231e+01  1.500000e+01
     vertex  2.539417e+01 -3.342275e+01  1.500000e+01
     vertex  2.542338e+01 -3.344769e+01  1.500000e+01
   endloop
 endfacet
 facet normal  0.000000e+00  0.000000e+00  1.000000e+00
   outer loop
     vertex  2.345405e+01 -2.806942e+01  1.500000e+01
     vertex  1.396967e+01 -2.324444e+01  1.500000e+01
     vertex  2.342891e+01 -2.809846e+01  1.500000e+01
   endloop
 endfacet
 facet normal  0.000000e+00  0.000000e+00  1.000000e+00
   outer loop
     vertex  2.345405e+01 -2.806942e+01  1.500000e+01
     vertex  1.397601e+01 -2.321774e+01  1.500000e+01
     vertex  1.396967e+01 -2.324444e+01  1.500000e+01
   endloop
 endfacet
 facet normal  0.000000e+00  0.000000e+00  1.000000e+00
   outer loop
     vertex  2.345405e+01 -2.806942e+01  1.500000e+01
     vertex  1.398161e+01 -2.319088e+01  1.500000e+01
     vertex  1.397601e+01 -2.321774e+01  1.500000e+01
   endloop
 endfacet
 facet normal  0.000000e+00  0.000000e+00  1.000000e+00
   outer loop
     vertex  2.545191e+01 -3.002658e+01  1.500000e+01
     vertex  2.542338e+01 -3.005231e+01  1.500000e+01
     vertex  2.545191e+01 -3.347342e+01  1.500000e+01
   endloop
 endfacet
 facet normal  0.000000e+00  0.000000e+00  1.000000e+00
   outer loop
     vertex  2.347997e+01 -2.804107e+01  1.500000e+01
     vertex  1.398161e+01 -2.319088e+01  1.500000e+01
     vertex  2.345405e+01 -2.806942e+01  1.500000e+01
   endloop
 endfacet
 facet normal  0.000000e+00  0.000000e+00  1.000000e+00
   outer loop
     vertex  2.347997e+01 -2.804107e+01  1.500000e+01
     vertex  1.398648e+01 -2.316388e+01  1.500000e+01
     vertex  1.398161e+01 -2.319088e+01  1.500000e+01
   endloop
 endfacet
 facet normal  0.000000e+00  0.000000e+00  1.000000e+00
   outer loop
     vertex  2.547971e+01 -3.000008e+01  1.500000e+01
     vertex  2.545191e+01 -3.002658e+01  1.500000e+01
     vertex  2.545191e+01 -3.347342e+01  1.500000e+01
   endloop
 endfacet
 facet normal  0.000000e+00  0.000000e+00  1.000000e+00
   outer loop
     vertex  2.547971e+01 -3.000008e+01  1.500000e+01
     vertex  2.547971e+01 -3.349992e+01  1.500000e+01
     vertex  2.550678e+01 -3.352717e+01  1.500000e+01
   endloop
 endfacet
 facet normal  0.000000e+00  0.000000e+00  1.000000e+00
   outer loop
     vertex  2.547971e+01 -3.000008e+01  1.500000e+01
     vertex  2.545191e+01 -3.347342e+01  1.500000e+01
     vertex  2.547971e+01 -3.349992e+01  1.500000e+01
   endloop
 endfacet
 facet normal  0.000000e+00  0.000000e+00  1.000000e+00
   outer loop
     vertex  2.350666e+01 -2.801345e+01  1.500000e+01
     vertex  1.398648e+01 -2.316388e+01  1.500000e+01
     vertex  2.347997e+01 -2.804107e+01  1.500000e+01
   endloop
 endfacet
 facet normal  0.000000e+00  0.000000e+00  1.000000e+00
   outer loop
     vertex  2.350666e+01 -2.801345e+01  1.500000e+01
     vertex  1.399060e+01 -2.313676e+01  1.500000e+01
     vertex  1.398648e+01 -2.316388e+01  1.500000e+01
   endloop
 endfacet
 facet normal  0.000000e+00  0.000000e+00  1.000000e+00
   outer loop
     vertex  2.550678e+01 -2.997283e+01  1.500000e+01
     vertex  2.547971e+01 -3.000008e+01  1.500000e+01
     vertex  2.550678e+01 -3.352717e+01  1.500000e+01
   endloop
 endfacet
 facet normal  0.000000e+00  0.000000e+00  1.000000e+00
   outer loop
     vertex  2.353410e+01 -2.798657e+01  1.500000e+01
     vertex  1.399060e+01 -2.313676e+01  1.500000e+01
     vertex  2.350666e+01 -2.801345e+01  1.500000e+01
   endloop
 endfacet
 facet normal  0.000000e+00  0.000000e+00  1.000000e+00
   outer loop
     vertex  2.353410e+01 -2.798657e+01  1.500000e+01
     vertex  1.399398e+01 -2.310953e+01  1.500000e+01
     vertex  1.399060e+01 -2.313676e+01  1.500000e+01
   endloop
 endfacet
 facet normal  0.000000e+00  0.000000e+00  1.000000e+00
   outer loop
     vertex  2.553309e+01 -2.994484e+01  1.500000e+01
     vertex  2.550678e+01 -3.352717e+01  1.500000e+01
     vertex  2.553309e+01 -3.355516e+01  1.500000e+01
   endloop
 endfacet
 facet normal  0.000000e+00  0.000000e+00  1.000000e+00
   outer loop
     vertex  2.553309e+01 -2.994484e+01  1.500000e+01
     vertex  2.550678e+01 -2.997283e+01  1.500000e+01
     vertex  2.550678e+01 -3.352717e+01  1.500000e+01
   endloop
 endfacet
 facet normal  0.000000e+00  0.000000e+00  1.000000e+00
   outer loop
     vertex  2.356227e+01 -2.796045e+01  1.500000e+01
     vertex  1.399398e+01 -2.310953e+01  1.500000e+01
     vertex  2.353410e+01 -2.798657e+01  1.500000e+01
   endloop
 endfacet
 facet normal  0.000000e+00  0.000000e+00  1.000000e+00
   outer loop
     vertex  2.356227e+01 -2.796045e+01  1.500000e+01
     vertex  1.399661e+01 -2.308222e+01  1.500000e+01
     vertex  1.399398e+01 -2.310953e+01  1.500000e+01
   endloop
 endfacet
 facet normal  0.000000e+00  0.000000e+00  1.000000e+00
   outer loop
     vertex  2.555862e+01 -2.991615e+01  1.500000e+01
     vertex  2.555862e+01 -3.358385e+01  1.500000e+01
     vertex  2.558336e+01 -3.361324e+01  1.500000e+01
   endloop
 endfacet
 facet normal  0.000000e+00  0.000000e+00  1.000000e+00
   outer loop
     vertex  2.555862e+01 -2.991615e+01  1.500000e+01
     vertex  2.553309e+01 -3.355516e+01  1.500000e+01
     vertex  2.555862e+01 -3.358385e+01  1.500000e+01
   endloop
 endfacet
 facet normal  0.000000e+00  0.000000e+00  1.000000e+00
   outer loop
     vertex  2.555862e+01 -2.991615e+01  1.500000e+01
     vertex  2.553309e+01 -2.994484e+01  1.500000e+01
     vertex  2.553309e+01 -3.355516e+01  1.500000e+01
   endloop
 endfacet
 facet normal  0.000000e+00  0.000000e+00  1.000000e+00
   outer loop
     vertex  2.359114e+01 -2.793512e+01  1.500000e+01
     vertex  1.399661e+01 -2.308222e+01  1.500000e+01
     vertex  2.356227e+01 -2.796045e+01  1.500000e+01
   endloop
 endfacet
 facet normal  0.000000e+00  0.000000e+00  1.000000e+00
   outer loop
     vertex  2.359114e+01 -2.793512e+01  1.500000e+01
     vertex  1.399849e+01 -2.305485e+01  1.500000e+01
     vertex  1.399661e+01 -2.308222e+01  1.500000e+01
   endloop
 endfacet
 facet normal  0.000000e+00  0.000000e+00  1.000000e+00
   outer loop
     vertex  2.558336e+01 -2.988676e+01  1.500000e+01
     vertex  2.555862e+01 -2.991615e+01  1.500000e+01
     vertex  2.558336e+01 -3.361324e+01  1.500000e+01
   endloop
 endfacet
 facet normal  0.000000e+00  0.000000e+00  1.000000e+00
   outer loop
     vertex  2.362069e+01 -2.791059e+01  1.500000e+01
     vertex  1.399962e+01 -2.302743e+01  1.500000e+01
     vertex  1.399849e+01 -2.305485e+01  1.500000e+01
   endloop
 endfacet
 facet normal  0.000000e+00  0.000000e+00  1.000000e+00
   outer loop
     vertex  2.362069e+01 -2.791059e+01  1.500000e+01
     vertex  1.399849e+01 -2.305485e+01  1.500000e+01
     vertex  2.359114e+01 -2.793512e+01  1.500000e+01
   endloop
 endfacet
 facet normal  0.000000e+00  0.000000e+00  1.000000e+00
   outer loop
     vertex  2.560728e+01 -2.985670e+01  1.500000e+01
     vertex  2.558336e+01 -3.361324e+01  1.500000e+01
     vertex  2.560728e+01 -3.364330e+01  1.500000e+01
   endloop
 endfacet
 facet normal  0.000000e+00  0.000000e+00  1.000000e+00
   outer loop
     vertex  2.560728e+01 -2.985670e+01  1.500000e+01
     vertex  2.558336e+01 -2.988676e+01  1.500000e+01
     vertex  2.558336e+01 -3.361324e+01  1.500000e+01
   endloop
 endfacet
 facet normal  0.000000e+00  0.000000e+00  1.000000e+00
   outer loop
     vertex  2.365091e+01 -2.788687e+01  1.500000e+01
     vertex  1.399962e+01 -2.302743e+01  1.500000e+01
     vertex  2.362069e+01 -2.791059e+01  1.500000e+01
   endloop
 endfacet
 facet normal  0.000000e+00  0.000000e+00  1.000000e+00
   outer loop
     vertex  2.365091e+01 -2.788687e+01  1.500000e+01
     vertex  1.400000e+01 -2.300000e+01  1.500000e+01
     vertex  1.399962e+01 -2.302743e+01  1.500000e+01
   endloop
 endfacet
 facet normal  0.000000e+00  0.000000e+00  1.000000e+00
   outer loop
     vertex  2.563036e+01 -2.982600e+01  1.500000e+01
     vertex  2.560728e+01 -2.985670e+01  1.500000e+01
     vertex  2.560728e+01 -3.364330e+01  1.500000e+01
   endloop
 endfacet
 facet normal  0.000000e+00  0.000000e+00  1.000000e+00
   outer loop
     vertex  2.563036e+01 -2.982600e+01  1.500000e+01
     vertex  2.560728e+01 -3.364330e+01  1.500000e+01
     vertex  2.563036e+01 -3.367400e+01  1.500000e+01
   endloop
 endfacet
 facet normal  0.000000e+00  0.000000e+00  1.000000e+00
   outer loop
     vertex  2.368177e+01 -2.786400e+01  1.500000e+01
     vertex  1.399962e+01 -2.297257e+01  1.500000e+01
     vertex  1.400000e+01 -2.300000e+01  1.500000e+01
   endloop
 endfacet
 facet normal  0.000000e+00  0.000000e+00  1.000000e+00
   outer loop
     vertex  2.368177e+01 -2.786400e+01  1.500000e+01
     vertex  1.400000e+01 -2.300000e+01  1.500000e+01
     vertex  2.365091e+01 -2.788687e+01  1.500000e+01
   endloop
 endfacet
 facet normal  0.000000e+00  0.000000e+00  1.000000e+00
   outer loop
     vertex  2.565260e+01 -2.979468e+01  1.500000e+01
     vertex  2.563036e+01 -3.367400e+01  1.500000e+01
     vertex  2.565260e+01 -3.370532e+01  1.500000e+01
   endloop
 endfacet
 facet normal  0.000000e+00  0.000000e+00  1.000000e+00
   outer loop
     vertex  2.565260e+01 -2.979468e+01  1.500000e+01
     vertex  2.563036e+01 -2.982600e+01  1.500000e+01
     vertex  2.563036e+01 -3.367400e+01  1.500000e+01
   endloop
 endfacet
 facet normal  0.000000e+00  0.000000e+00  1.000000e+00
   outer loop
     vertex  2.371324e+01 -2.784198e+01  1.500000e+01
     vertex  1.399962e+01 -2.297257e+01  1.500000e+01
     vertex  2.368177e+01 -2.786400e+01  1.500000e+01
   endloop
 endfacet
 facet normal  0.000000e+00  0.000000e+00  1.000000e+00
   outer loop
     vertex  2.371324e+01 -2.784198e+01  1.500000e+01
     vertex  1.399849e+01 -2.294515e+01  1.500000e+01
     vertex  1.399962e+01 -2.297257e+01  1.500000e+01
   endloop
 endfacet
 facet normal  0.000000e+00  0.000000e+00  1.000000e+00
   outer loop
     vertex  2.567396e+01 -2.976276e+01  1.500000e+01
     vertex  2.567396e+01 -3.373724e+01  1.500000e+01
     vertex  2.569445e+01 -3.376973e+01  1.500000e+01
   endloop
 endfacet
 facet normal  0.000000e+00  0.000000e+00  1.000000e+00
   outer loop
     vertex  2.567396e+01 -2.976276e+01  1.500000e+01
     vertex  2.565260e+01 -3.370532e+01  1.500000e+01
     vertex  2.567396e+01 -3.373724e+01  1.500000e+01
   endloop
 endfacet
 facet normal  0.000000e+00  0.000000e+00  1.000000e+00
   outer loop
     vertex  2.567396e+01 -2.976276e+01  1.500000e+01
     vertex  2.565260e+01 -2.979468e+01  1.500000e+01
     vertex  2.565260e+01 -3.370532e+01  1.500000e+01
   endloop
 endfacet
 facet normal  0.000000e+00  0.000000e+00  1.000000e+00
   outer loop
     vertex  2.374531e+01 -2.782083e+01  1.500000e+01
     vertex  1.399849e+01 -2.294515e+01  1.500000e+01
     vertex  2.371324e+01 -2.784198e+01  1.500000e+01
   endloop
 endfacet
 facet normal  0.000000e+00  0.000000e+00  1.000000e+00
   outer loop
     vertex  2.374531e+01 -2.782083e+01  1.500000e+01
     vertex  1.399661e+01 -2.291778e+01  1.500000e+01
     vertex  1.399849e+01 -2.294515e+01  1.500000e+01
   endloop
 endfacet
 facet normal  0.000000e+00  0.000000e+00  1.000000e+00
   outer loop
     vertex  2.569445e+01 -2.973027e+01  1.500000e+01
     vertex  2.567396e+01 -2.976276e+01  1.500000e+01
     vertex  2.569445e+01 -3.376973e+01  1.500000e+01
   endloop
 endfacet
 facet normal  0.000000e+00  0.000000e+00  1.000000e+00
   outer loop
     vertex  2.377794e+01 -2.780057e+01  1.500000e+01
     vertex  1.399661e+01 -2.291778e+01  1.500000e+01
     vertex  2.374531e+01 -2.782083e+01  1.500000e+01
   endloop
 endfacet
 facet normal  0.000000e+00  0.000000e+00  1.000000e+00
   outer loop
     vertex  2.377794e+01 -2.780057e+01  1.500000e+01
     vertex  1.399398e+01 -2.289047e+01  1.500000e+01
     vertex  1.399661e+01 -2.291778e+01  1.500000e+01
   endloop
 endfacet
 facet normal  0.000000e+00  0.000000e+00  1.000000e+00
   outer loop
     vertex  2.571403e+01 -2.969723e+01  1.500000e+01
     vertex  2.569445e+01 -2.973027e+01  1.500000e+01
     vertex  2.569445e+01 -3.376973e+01  1.500000e+01
   endloop
 endfacet
 facet normal  0.000000e+00  0.000000e+00  1.000000e+00
   outer loop
     vertex  2.571403e+01 -2.969723e+01  1.500000e+01
     vertex  2.569445e+01 -3.376973e+01  1.500000e+01
     vertex  2.571403e+01 -3.380277e+01  1.500000e+01
   endloop
 endfacet
 facet normal  0.000000e+00  0.000000e+00  1.000000e+00
   outer loop
     vertex  2.381112e+01 -2.778121e+01  1.500000e+01
     vertex  1.399398e+01 -2.289047e+01  1.500000e+01
     vertex  2.377794e+01 -2.780057e+01  1.500000e+01
   endloop
 endfacet
 facet normal  0.000000e+00  0.000000e+00  1.000000e+00
   outer loop
     vertex  2.381112e+01 -2.778121e+01  1.500000e+01
     vertex  1.399060e+01 -2.286324e+01  1.500000e+01
     vertex  1.399398e+01 -2.289047e+01  1.500000e+01
   endloop
 endfacet
 facet normal  0.000000e+00  0.000000e+00  1.000000e+00
   outer loop
     vertex  2.573270e+01 -2.966366e+01  1.500000e+01
     vertex  2.573270e+01 -3.383634e+01  1.500000e+01
     vertex  2.575045e+01 -3.387041e+01  1.500000e+01
   endloop
 endfacet
 facet normal  0.000000e+00  0.000000e+00  1.000000e+00
   outer loop
     vertex  2.573270e+01 -2.966366e+01  1.500000e+01
     vertex  2.571403e+01 -3.380277e+01  1.500000e+01
     vertex  2.573270e+01 -3.383634e+01  1.500000e+01
   endloop
 endfacet
 facet normal  0.000000e+00  0.000000e+00  1.000000e+00
   outer loop
     vertex  2.573270e+01 -2.966366e+01  1.500000e+01
     vertex  2.571403e+01 -2.969723e+01  1.500000e+01
     vertex  2.571403e+01 -3.380277e+01  1.500000e+01
   endloop
 endfacet
 facet normal  0.000000e+00  0.000000e+00  1.000000e+00
   outer loop
     vertex  2.384481e+01 -2.776277e+01  1.500000e+01
     vertex  1.399060e+01 -2.286324e+01  1.500000e+01
     vertex  2.381112e+01 -2.778121e+01  1.500000e+01
   endloop
 endfacet
 facet normal  0.000000e+00  0.000000e+00  1.000000e+00
   outer loop
     vertex  2.384481e+01 -2.776277e+01  1.500000e+01
     vertex  1.398648e+01 -2.283612e+01  1.500000e+01
     vertex  1.399060e+01 -2.286324e+01  1.500000e+01
   endloop
 endfacet
 facet normal  0.000000e+00  0.000000e+00  1.000000e+00
   outer loop
     vertex  2.575045e+01 -2.962959e+01  1.500000e+01
     vertex  2.575045e+01 -3.387041e+01  1.500000e+01
     vertex  2.576725e+01 -3.390495e+01  1.500000e+01
   endloop
 endfacet
 facet normal  0.000000e+00  0.000000e+00  1.000000e+00
   outer loop
     vertex  2.575045e+01 -2.962959e+01  1.500000e+01
     vertex  2.573270e+01 -2.966366e+01  1.500000e+01
     vertex  2.575045e+01 -3.387041e+01  1.500000e+01
   endloop
 endfacet
 facet normal  0.000000e+00  0.000000e+00  1.000000e+00
   outer loop
     vertex  2.387900e+01 -2.774526e+01  1.500000e+01
     vertex  1.398648e+01 -2.283612e+01  1.500000e+01
     vertex  2.384481e+01 -2.776277e+01  1.500000e+01
   endloop
 endfacet
 facet normal  0.000000e+00  0.000000e+00  1.000000e+00
   outer loop
     vertex  2.387900e+01 -2.774526e+01  1.500000e+01
     vertex  1.398161e+01 -2.280912e+01  1.500000e+01
     vertex  1.398648e+01 -2.283612e+01  1.500000e+01
   endloop
 endfacet
 facet normal  0.000000e+00  0.000000e+00  1.000000e+00
   outer loop
     vertex  2.576725e+01 -2.959505e+01  1.500000e+01
     vertex  2.575045e+01 -2.962959e+01  1.500000e+01
     vertex  2.576725e+01 -3.390495e+01  1.500000e+01
   endloop
 endfacet
 facet normal  0.000000e+00  0.000000e+00  1.000000e+00
   outer loop
     vertex  2.391366e+01 -2.772870e+01  1.500000e+01
     vertex  1.398161e+01 -2.280912e+01  1.500000e+01
     vertex  2.387900e+01 -2.774526e+01  1.500000e+01
   endloop
 endfacet
 facet normal  0.000000e+00  0.000000e+00  1.000000e+00
   outer loop
     vertex  2.391366e+01 -2.772870e+01  1.500000e+01
     vertex  1.397601e+01 -2.278226e+01  1.500000e+01
     vertex  1.398161e+01 -2.280912e+01  1.500000e+01
   endloop
 endfacet
 facet normal  0.000000e+00  0.000000e+00  1.000000e+00
   outer loop
     vertex  2.578310e+01 -2.956006e+01  1.500000e+01
     vertex  2.578310e+01 -3.393994e+01  1.500000e+01
     vertex  2.579798e+01 -3.397535e+01  1.500000e+01
   endloop
 endfacet
 facet normal  0.000000e+00  0.000000e+00  1.000000e+00
   outer loop
     vertex  2.578310e+01 -2.956006e+01  1.500000e+01
     vertex  2.576725e+01 -3.390495e+01  1.500000e+01
     vertex  2.578310e+01 -3.393994e+01  1.500000e+01
   endloop
 endfacet
 facet normal  0.000000e+00  0.000000e+00  1.000000e+00
   outer loop
     vertex  2.578310e+01 -2.956006e+01  1.500000e+01
     vertex  2.576725e+01 -2.959505e+01  1.500000e+01
     vertex  2.576725e+01 -3.390495e+01  1.500000e+01
   endloop
 endfacet
 facet normal  0.000000e+00  0.000000e+00  1.000000e+00
   outer loop
     vertex  2.394876e+01 -2.771309e+01  1.500000e+01
     vertex  1.397601e+01 -2.278226e+01  1.500000e+01
     vertex  2.391366e+01 -2.772870e+01  1.500000e+01
   endloop
 endfacet
 facet normal  0.000000e+00  0.000000e+00  1.000000e+00
   outer loop
     vertex  2.394876e+01 -2.771309e+01  1.500000e+01
     vertex  1.396967e+01 -2.275556e+01  1.500000e+01
     vertex  1.397601e+01 -2.278226e+01  1.500000e+01
   endloop
 endfacet
 facet normal  0.000000e+00  0.000000e+00  1.000000e+00
   outer loop
     vertex  2.579798e+01 -2.952465e+01  1.500000e+01
     vertex  2.579798e+01 -3.397535e+01  1.500000e+01
     vertex  2.581188e+01 -3.401116e+01  1.500000e+01
   endloop
 endfacet
 facet normal  0.000000e+00  0.000000e+00  1.000000e+00
   outer loop
     vertex  2.579798e+01 -2.952465e+01  1.500000e+01
     vertex  2.578310e+01 -2.956006e+01  1.500000e+01
     vertex  2.579798e+01 -3.397535e+01  1.500000e+01
   endloop
 endfacet
 facet normal  0.000000e+00  0.000000e+00  1.000000e+00
   outer loop
     vertex  2.398427e+01 -2.769845e+01  1.500000e+01
     vertex  1.396967e+01 -2.275556e+01  1.500000e+01
     vertex  2.394876e+01 -2.771309e+01  1.500000e+01
   endloop
 endfacet
 facet normal  0.000000e+00  0.000000e+00  1.000000e+00
   outer loop
     vertex  2.398427e+01 -2.769845e+01  1.500000e+01
     vertex  1.396259e+01 -2.272905e+01  1.500000e+01
     vertex  1.396967e+01 -2.275556e+01  1.500000e+01
   endloop
 endfacet
 facet normal  0.000000e+00  0.000000e+00  1.000000e+00
   outer loop
     vertex  2.581188e+01 -2.948884e+01  1.500000e+01
     vertex  2.579798e+01 -2.952465e+01  1.500000e+01
     vertex  2.581188e+01 -3.401116e+01  1.500000e+01
   endloop
 endfacet
 facet normal  0.000000e+00  0.000000e+00  1.000000e+00
   outer loop
     vertex  2.402017e+01 -2.768480e+01  1.500000e+01
     vertex  1.396259e+01 -2.272905e+01  1.500000e+01
     vertex  2.398427e+01 -2.769845e+01  1.500000e+01
   endloop
 endfacet
 facet normal  0.000000e+00  0.000000e+00  1.000000e+00
   outer loop
     vertex  2.402017e+01 -2.768480e+01  1.500000e+01
     vertex  1.395480e+01 -2.270275e+01  1.500000e+01
     vertex  1.396259e+01 -2.272905e+01  1.500000e+01
   endloop
 endfacet
 facet normal  0.000000e+00  0.000000e+00  1.000000e+00
   outer loop
     vertex  2.402017e+01 -2.768480e+01  1.500000e+01
     vertex  1.394629e+01 -2.267667e+01  1.500000e+01
     vertex  1.395480e+01 -2.270275e+01  1.500000e+01
   endloop
 endfacet
 facet normal  0.000000e+00  0.000000e+00  1.000000e+00
   outer loop
     vertex  2.582480e+01 -2.945267e+01  1.500000e+01
     vertex  2.581188e+01 -2.948884e+01  1.500000e+01
     vertex  2.581188e+01 -3.401116e+01  1.500000e+01
   endloop
 endfacet
 facet normal  0.000000e+00  0.000000e+00  1.000000e+00
   outer loop
     vertex  2.582480e+01 -2.945267e+01  1.500000e+01
     vertex  2.582480e+01 -3.404733e+01  1.500000e+01
     vertex  2.583672e+01 -3.408385e+01  1.500000e+01
   endloop
 endfacet
 facet normal  0.000000e+00  0.000000e+00  1.000000e+00
   outer loop
     vertex  2.582480e+01 -2.945267e+01  1.500000e+01
     vertex  2.581188e+01 -3.401116e+01  1.500000e+01
     vertex  2.582480e+01 -3.404733e+01  1.500000e+01
   endloop
 endfacet
 facet normal  0.000000e+00  0.000000e+00  1.000000e+00
   outer loop
     vertex  2.405643e+01 -2.767213e+01  1.500000e+01
     vertex  1.393706e+01 -2.265083e+01  1.500000e+01
     vertex  1.394629e+01 -2.267667e+01  1.500000e+01
   endloop
 endfacet
 facet normal  0.000000e+00  0.000000e+00  1.000000e+00
   outer loop
     vertex  2.405643e+01 -2.767213e+01  1.500000e+01
     vertex  1.394629e+01 -2.267667e+01  1.500000e+01
     vertex  2.402017e+01 -2.768480e+01  1.500000e+01
   endloop
 endfacet
 facet normal  0.000000e+00  0.000000e+00  1.000000e+00
   outer loop
     vertex  2.583672e+01 -2.941615e+01  1.500000e+01
     vertex  2.582480e+01 -2.945267e+01  1.500000e+01
     vertex  2.583672e+01 -3.408385e+01  1.500000e+01
   endloop
 endfacet
 facet normal  0.000000e+00  0.000000e+00  1.000000e+00
   outer loop
     vertex  2.409303e+01 -2.766046e+01  1.500000e+01
     vertex  1.393706e+01 -2.265083e+01  1.500000e+01
     vertex  2.405643e+01 -2.767213e+01  1.500000e+01
   endloop
 endfacet
 facet normal  0.000000e+00  0.000000e+00  1.000000e+00
   outer loop
     vertex  2.409303e+01 -2.766046e+01  1.500000e+01
     vertex  1.392713e+01 -2.262525e+01  1.500000e+01
     vertex  1.393706e+01 -2.265083e+01  1.500000e+01
   endloop
 endfacet
 facet normal  0.000000e+00  0.000000e+00  1.000000e+00
   outer loop
     vertex  2.584763e+01 -2.937932e+01  1.500000e+01
     vertex  2.584763e+01 -3.412068e+01  1.500000e+01
     vertex  2.585753e+01 -3.415779e+01  1.500000e+01
   endloop
 endfacet
 facet normal  0.000000e+00  0.000000e+00  1.000000e+00
   outer loop
     vertex  2.584763e+01 -2.937932e+01  1.500000e+01
     vertex  2.583672e+01 -3.408385e+01  1.500000e+01
     vertex  2.584763e+01 -3.412068e+01  1.500000e+01
   endloop
 endfacet
 facet normal  0.000000e+00  0.000000e+00  1.000000e+00
   outer loop
     vertex  2.584763e+01 -2.937932e+01  1.500000e+01
     vertex  2.583672e+01 -2.941615e+01  1.500000e+01
     vertex  2.583672e+01 -3.408385e+01  1.500000e+01
   endloop
 endfacet
 facet normal  0.000000e+00  0.000000e+00  1.000000e+00
   outer loop
     vertex  2.412993e+01 -2.764980e+01  1.500000e+01
     vertex  1.392713e+01 -2.262525e+01  1.500000e+01
     vertex  2.409303e+01 -2.766046e+01  1.500000e+01
   endloop
 endfacet
 facet normal  0.000000e+00  0.000000e+00  1.000000e+00
   outer loop
     vertex  2.412993e+01 -2.764980e+01  1.500000e+01
     vertex  1.391650e+01 -2.259996e+01  1.500000e+01
     vertex  1.392713e+01 -2.262525e+01  1.500000e+01
   endloop
 endfacet
 facet normal  0.000000e+00  0.000000e+00  1.000000e+00
   outer loop
     vertex  2.585753e+01 -2.934221e+01  1.500000e+01
     vertex  2.585753e+01 -3.415779e+01  1.500000e+01
     vertex  2.586641e+01 -3.419516e+01  1.500000e+01
   endloop
 endfacet
 facet normal  0.000000e+00  0.000000e+00  1.000000e+00
   outer loop
     vertex  2.585753e+01 -2.934221e+01  1.500000e+01
     vertex  2.584763e+01 -2.937932e+01  1.500000e+01
     vertex  2.585753e+01 -3.415779e+01  1.500000e+01
   endloop
 endfacet
 facet normal  0.000000e+00  0.000000e+00  1.000000e+00
   outer loop
     vertex  2.416711e+01 -2.764015e+01  1.500000e+01
     vertex  1.390518e+01 -2.257497e+01  1.500000e+01
     vertex  1.391650e+01 -2.259996e+01  1.500000e+01
   endloop
 endfacet
 facet normal  0.000000e+00  0.000000e+00  1.000000e+00
   outer loop
     vertex  2.416711e+01 -2.764015e+01  1.500000e+01
     vertex  1.391650e+01 -2.259996e+01  1.500000e+01
     vertex  2.412993e+01 -2.764980e+01  1.500000e+01
   endloop
 endfacet
 facet normal  0.000000e+00  0.000000e+00  1.000000e+00
   outer loop
     vertex  2.586641e+01 -2.930484e+01  1.500000e+01
     vertex  2.585753e+01 -2.934221e+01  1.500000e+01
     vertex  2.586641e+01 -3.419516e+01  1.500000e+01
   endloop
 endfacet
 facet normal  0.000000e+00  0.000000e+00  1.000000e+00
   outer loop
     vertex  2.586641e+01 -2.930484e+01  1.500000e+01
     vertex  2.586641e+01 -3.419516e+01  1.500000e+01
     vertex  2.587426e+01 -3.423276e+01  1.500000e+01
   endloop
 endfacet
 facet normal  0.000000e+00  0.000000e+00  1.000000e+00
   outer loop
     vertex  2.420454e+01 -2.763153e+01  1.500000e+01
     vertex  1.390518e+01 -2.257497e+01  1.500000e+01
     vertex  2.416711e+01 -2.764015e+01  1.500000e+01
   endloop
 endfacet
 facet normal  0.000000e+00  0.000000e+00  1.000000e+00
   outer loop
     vertex  2.420454e+01 -2.763153e+01  1.500000e+01
     vertex  1.389318e+01 -2.255029e+01  1.500000e+01
     vertex  1.390518e+01 -2.257497e+01  1.500000e+01
   endloop
 endfacet
 facet normal  0.000000e+00  0.000000e+00  1.000000e+00
   outer loop
     vertex  2.587426e+01 -2.926724e+01  1.500000e+01
     vertex  2.587426e+01 -3.423276e+01  1.500000e+01
     vertex  3.465000e+01 -4.365000e+01  1.500000e+01
   endloop
 endfacet
 facet normal  0.000000e+00  0.000000e+00  1.000000e+00
   outer loop
     vertex  2.587426e+01 -2.926724e+01  1.500000e+01
     vertex  2.586641e+01 -2.930484e+01  1.500000e+01
     vertex  2.587426e+01 -3.423276e+01  1.500000e+01
   endloop
 endfacet
 facet normal  0.000000e+00  0.000000e+00  1.000000e+00
   outer loop
     vertex  2.424220e+01 -2.762394e+01  1.500000e+01
     vertex  1.389318e+01 -2.255029e+01  1.500000e+01
     vertex  2.420454e+01 -2.763153e+01  1.500000e+01
   endloop
 endfacet
 facet normal  0.000000e+00  0.000000e+00  1.000000e+00
   outer loop
     vertex  2.424220e+01 -2.762394e+01  1.500000e+01
     vertex  1.388050e+01 -2.252596e+01  1.500000e+01
     vertex  1.389318e+01 -2.255029e+01  1.500000e+01
   endloop
 endfacet
 facet normal  0.000000e+00  0.000000e+00  1.000000e+00
   outer loop
     vertex  2.588107e+01 -2.922944e+01  1.500000e+01
     vertex  2.587426e+01 -2.926724e+01  1.500000e+01
     vertex  3.465000e+01 -4.365000e+01  1.500000e+01
   endloop
 endfacet
 facet normal  0.000000e+00  0.000000e+00  1.000000e+00
   outer loop
     vertex  2.428004e+01 -2.761739e+01  1.500000e+01
     vertex  1.386717e+01 -2.250198e+01  1.500000e+01
     vertex  1.388050e+01 -2.252596e+01  1.500000e+01
   endloop
 endfacet
 facet normal  0.000000e+00  0.000000e+00  1.000000e+00
   outer loop
     vertex  2.428004e+01 -2.761739e+01  1.500000e+01
     vertex  1.388050e+01 -2.252596e+01  1.500000e+01
     vertex  2.424220e+01 -2.762394e+01  1.500000e+01
   endloop
 endfacet
 facet normal  0.000000e+00  0.000000e+00  1.000000e+00
   outer loop
     vertex  2.588685e+01 -2.919146e+01  1.500000e+01
     vertex  2.588107e+01 -2.922944e+01  1.500000e+01
     vertex  3.465000e+01 -4.365000e+01  1.500000e+01
   endloop
 endfacet
 facet normal  0.000000e+00  0.000000e+00  1.000000e+00
   outer loop
     vertex  2.431806e+01 -2.761187e+01  1.500000e+01
     vertex  1.386717e+01 -2.250198e+01  1.500000e+01
     vertex  2.428004e+01 -2.761739e+01  1.500000e+01
   endloop
 endfacet
 facet normal  0.000000e+00  0.000000e+00  1.000000e+00
   outer loop
     vertex  2.431806e+01 -2.761187e+01  1.500000e+01
     vertex  1.385318e+01 -2.247838e+01  1.500000e+01
     vertex  1.386717e+01 -2.250198e+01  1.500000e+01
   endloop
 endfacet
 facet normal  0.000000e+00  0.000000e+00  1.000000e+00
   outer loop
     vertex  2.589158e+01 -2.915334e+01  1.500000e+01
     vertex  2.588685e+01 -2.919146e+01  1.500000e+01
     vertex  3.465000e+01 -4.365000e+01  1.500000e+01
   endloop
 endfacet
 facet normal  0.000000e+00  0.000000e+00  1.000000e+00
   outer loop
     vertex  2.435621e+01 -2.760740e+01  1.500000e+01
     vertex  1.385318e+01 -2.247838e+01  1.500000e+01
     vertex  2.431806e+01 -2.761187e+01  1.500000e+01
   endloop
 endfacet
 facet normal  0.000000e+00  0.000000e+00  1.000000e+00
   outer loop
     vertex  2.435621e+01 -2.760740e+01  1.500000e+01
     vertex  1.383855e+01 -2.245517e+01  1.500000e+01
     vertex  1.385318e+01 -2.247838e+01  1.500000e+01
   endloop
 endfacet
 facet normal  0.000000e+00  0.000000e+00  1.000000e+00
   outer loop
     vertex  2.589526e+01 -2.911511e+01  1.500000e+01
     vertex  2.589158e+01 -2.915334e+01  1.500000e+01
     vertex  3.465000e+01 -4.365000e+01  1.500000e+01
   endloop
 endfacet
 facet normal  0.000000e+00  0.000000e+00  1.000000e+00
   outer loop
     vertex  2.439447e+01 -2.760398e+01  1.500000e+01
     vertex  1.383855e+01 -2.245517e+01  1.500000e+01
     vertex  2.435621e+01 -2.760740e+01  1.500000e+01
   endloop
 endfacet
 facet normal  0.000000e+00  0.000000e+00  1.000000e+00
   outer loop
     vertex  2.439447e+01 -2.760398e+01  1.500000e+01
     vertex  1.382328e+01 -2.243237e+01  1.500000e+01
     vertex  1.383855e+01 -2.245517e+01  1.500000e+01
   endloop
 endfacet
 facet normal  0.000000e+00  0.000000e+00  1.000000e+00
   outer loop
     vertex  2.589789e+01 -2.907679e+01  1.500000e+01
     vertex  2.589526e+01 -2.911511e+01  1.500000e+01
     vertex  3.465000e+01 -4.365000e+01  1.500000e+01
   endloop
 endfacet
 facet normal  0.000000e+00  0.000000e+00  1.000000e+00
   outer loop
     vertex  2.443280e+01 -2.760161e+01  1.500000e+01
     vertex  1.380740e+01 -2.241000e+01  1.500000e+01
     vertex  1.382328e+01 -2.243237e+01  1.500000e+01
   endloop
 endfacet
 facet normal  0.000000e+00  0.000000e+00  1.000000e+00
   outer loop
     vertex  2.443280e+01 -2.760161e+01  1.500000e+01
     vertex  1.382328e+01 -2.243237e+01  1.500000e+01
     vertex  2.439447e+01 -2.760398e+01  1.500000e+01
   endloop
 endfacet
 facet normal  0.000000e+00  0.000000e+00  1.000000e+00
   outer loop
     vertex  2.589947e+01 -2.903841e+01  1.500000e+01
     vertex  2.589789e+01 -2.907679e+01  1.500000e+01
     vertex  3.465000e+01 -4.365000e+01  1.500000e+01
   endloop
 endfacet
 facet normal  0.000000e+00  0.000000e+00  1.000000e+00
   outer loop
     vertex  2.447119e+01 -2.760030e+01  1.500000e+01
     vertex  1.380740e+01 -2.241000e+01  1.500000e+01
     vertex  2.443280e+01 -2.760161e+01  1.500000e+01
   endloop
 endfacet
 facet normal  0.000000e+00  0.000000e+00  1.000000e+00
   outer loop
     vertex  2.447119e+01 -2.760030e+01  1.500000e+01
     vertex  1.379091e+01 -2.238807e+01  1.500000e+01
     vertex  1.380740e+01 -2.241000e+01  1.500000e+01
   endloop
 endfacet
 facet normal  0.000000e+00  0.000000e+00  1.000000e+00
   outer loop
     vertex  2.590000e+01 -2.900000e+01  1.500000e+01
     vertex  2.589947e+01 -2.903841e+01  1.500000e+01
     vertex  3.465000e+01 -4.365000e+01  1.500000e+01
   endloop
 endfacet
 facet normal  0.000000e+00  0.000000e+00  1.000000e+00
   outer loop
     vertex  2.450960e+01 -2.760003e+01  1.500000e+01
     vertex  1.379091e+01 -2.238807e+01  1.500000e+01
     vertex  2.447119e+01 -2.760030e+01  1.500000e+01
   endloop
 endfacet
 facet normal  0.000000e+00  0.000000e+00  1.000000e+00
   outer loop
     vertex  2.450960e+01 -2.760003e+01  1.500000e+01
     vertex  1.377383e+01 -2.236660e+01  1.500000e+01
     vertex  1.379091e+01 -2.238807e+01  1.500000e+01
   endloop
 endfacet
 facet normal  0.000000e+00  0.000000e+00  1.000000e+00
   outer loop
     vertex  2.589947e+01 -2.896159e+01  1.500000e+01
     vertex  2.590000e+01 -2.900000e+01  1.500000e+01
     vertex  3.465000e+01 -4.365000e+01  1.500000e+01
   endloop
 endfacet
 facet normal  0.000000e+00  0.000000e+00  1.000000e+00
   outer loop
     vertex  2.454801e+01 -2.760082e+01  1.500000e+01
     vertex  1.377383e+01 -2.236660e+01  1.500000e+01
     vertex  2.450960e+01 -2.760003e+01  1.500000e+01
   endloop
 endfacet
 facet normal  0.000000e+00  0.000000e+00  1.000000e+00
   outer loop
     vertex  2.454801e+01 -2.760082e+01  1.500000e+01
     vertex  1.375616e+01 -2.234561e+01  1.500000e+01
     vertex  1.377383e+01 -2.236660e+01  1.500000e+01
   endloop
 endfacet
 facet normal  0.000000e+00  0.000000e+00  1.000000e+00
   outer loop
     vertex  2.589789e+01 -2.892321e+01  1.500000e+01
     vertex  2.589947e+01 -2.896159e+01  1.500000e+01
     vertex  3.465000e+01 -4.365000e+01  1.500000e+01
   endloop
 endfacet
 facet normal  0.000000e+00  0.000000e+00  1.000000e+00
   outer loop
     vertex  2.458637e+01 -2.760267e+01  1.500000e+01
     vertex  1.375616e+01 -2.234561e+01  1.500000e+01
     vertex  2.454801e+01 -2.760082e+01  1.500000e+01
   endloop
 endfacet
 facet normal  0.000000e+00  0.000000e+00  1.000000e+00
   outer loop
     vertex  2.458637e+01 -2.760267e+01  1.500000e+01
     vertex  1.373792e+01 -2.232511e+01  1.500000e+01
     vertex  1.375616e+01 -2.234561e+01  1.500000e+01
   endloop
 endfacet
 facet normal  0.000000e+00  0.000000e+00  1.000000e+00
   outer loop
     vertex  2.589526e+01 -2.888489e+01  1.500000e+01
     vertex  2.589789e+01 -2.892321e+01  1.500000e+01
     vertex  3.465000e+01 -4.365000e+01  1.500000e+01
   endloop
 endfacet
 facet normal  0.000000e+00  0.000000e+00  1.000000e+00
   outer loop
     vertex  2.462468e+01 -2.760556e+01  1.500000e+01
     vertex  1.373792e+01 -2.232511e+01  1.500000e+01
     vertex  2.458637e+01 -2.760267e+01  1.500000e+01
   endloop
 endfacet
 facet normal  0.000000e+00  0.000000e+00  1.000000e+00
   outer loop
     vertex  2.462468e+01 -2.760556e+01  1.500000e+01
     vertex  1.371913e+01 -2.230512e+01  1.500000e+01
     vertex  1.373792e+01 -2.232511e+01  1.500000e+01
   endloop
 endfacet
 facet normal  0.000000e+00  0.000000e+00  1.000000e+00
   outer loop
     vertex  2.589158e+01 -2.884666e+01  1.500000e+01
     vertex  2.589526e+01 -2.888489e+01  1.500000e+01
     vertex  3.465000e+01 -4.365000e+01  1.500000e+01
   endloop
 endfacet
 facet normal  0.000000e+00  0.000000e+00  1.000000e+00
   outer loop
     vertex  2.466288e+01 -2.760951e+01  1.500000e+01
     vertex  1.371913e+01 -2.230512e+01  1.500000e+01
     vertex  2.462468e+01 -2.760556e+01  1.500000e+01
   endloop
 endfacet
 facet normal  0.000000e+00  0.000000e+00  1.000000e+00
   outer loop
     vertex  2.466288e+01 -2.760951e+01  1.500000e+01
     vertex  1.369979e+01 -2.228566e+01  1.500000e+01
     vertex  1.371913e+01 -2.230512e+01  1.500000e+01
   endloop
 endfacet
 facet normal  0.000000e+00  0.000000e+00  1.000000e+00
   outer loop
     vertex  2.588685e+01 -2.880854e+01  1.500000e+01
     vertex  2.589158e+01 -2.884666e+01  1.500000e+01
     vertex  3.465000e+01 -4.365000e+01  1.500000e+01
   endloop
 endfacet
 facet normal  0.000000e+00  0.000000e+00  1.000000e+00
   outer loop
     vertex  2.470097e+01 -2.761450e+01  1.500000e+01
     vertex  1.369979e+01 -2.228566e+01  1.500000e+01
     vertex  2.466288e+01 -2.760951e+01  1.500000e+01
   endloop
 endfacet
 facet normal  0.000000e+00  0.000000e+00  1.000000e+00
   outer loop
     vertex  2.588107e+01 -2.877056e+01  1.500000e+01
     vertex  2.588685e+01 -2.880854e+01  1.500000e+01
     vertex  3.465000e+01 -4.365000e+01  1.500000e+01
   endloop
 endfacet
 facet normal  0.000000e+00  0.000000e+00  1.000000e+00
   outer loop
     vertex  2.587426e+01 -2.873276e+01  1.500000e+01
     vertex  2.588107e+01 -2.877056e+01  1.500000e+01
     vertex  3.465000e+01 -4.365000e+01  1.500000e+01
   endloop
 endfacet
 facet normal  0.000000e+00  0.000000e+00  1.000000e+00
   outer loop
     vertex  2.586641e+01 -2.869516e+01  1.500000e+01
     vertex  2.587426e+01 -2.873276e+01  1.500000e+01
     vertex  3.465000e+01 -4.365000e+01  1.500000e+01
   endloop
 endfacet
 facet normal  0.000000e+00  0.000000e+00  1.000000e+00
   outer loop
     vertex  2.585753e+01 -2.865779e+01  1.500000e+01
     vertex  2.586641e+01 -2.869516e+01  1.500000e+01
     vertex  3.465000e+01 -4.365000e+01  1.500000e+01
   endloop
 endfacet
 facet normal  0.000000e+00  0.000000e+00  1.000000e+00
   outer loop
     vertex  2.584763e+01 -2.862068e+01  1.500000e+01
     vertex  2.585753e+01 -2.865779e+01  1.500000e+01
     vertex  3.465000e+01 -4.365000e+01  1.500000e+01
   endloop
 endfacet
 facet normal  0.000000e+00  0.000000e+00  1.000000e+00
   outer loop
     vertex  2.583672e+01 -2.858385e+01  1.500000e+01
     vertex  2.584763e+01 -2.862068e+01  1.500000e+01
     vertex  3.465000e+01 -4.365000e+01  1.500000e+01
   endloop
 endfacet
 facet normal  0.000000e+00  0.000000e+00  1.000000e+00
   outer loop
     vertex -2.650000e+00  9.950000e+00  1.500000e+01
     vertex -2.650000e+00 -4.365000e+01  1.500000e+01
     vertex  1.202110e+01 -2.279567e+01  1.500000e+01
   endloop
 endfacet
 facet normal  0.000000e+00  0.000000e+00  1.000000e+00
   outer loop
     vertex -2.650000e+00  9.950000e+00  1.500000e+01
     vertex  1.311635e+01 -2.200679e+01  1.500000e+01
     vertex  1.314355e+01 -2.201036e+01  1.500000e+01
   endloop
 endfacet
 facet normal  0.000000e+00  0.000000e+00  1.000000e+00
   outer loop
     vertex -2.650000e+00  9.950000e+00  1.500000e+01
     vertex  1.308905e+01 -2.200397e+01  1.500000e+01
     vertex  1.311635e+01 -2.200679e+01  1.500000e+01
   endloop
 endfacet
 facet normal  0.000000e+00  0.000000e+00  1.000000e+00
   outer loop
     vertex -2.650000e+00  9.950000e+00  1.500000e+01
     vertex  1.306170e+01 -2.200190e+01  1.500000e+01
     vertex  1.308905e+01 -2.200397e+01  1.500000e+01
   endloop
 endfacet
 facet normal  0.000000e+00  0.000000e+00  1.000000e+00
   outer loop
     vertex -2.650000e+00  9.950000e+00  1.500000e+01
     vertex  1.303429e+01 -2.200059e+01  1.500000e+01
     vertex  1.306170e+01 -2.200190e+01  1.500000e+01
   endloop
 endfacet
 facet normal  0.000000e+00  0.000000e+00  1.000000e+00
   outer loop
     vertex -2.650000e+00  9.950000e+00  1.500000e+01
     vertex  1.300686e+01 -2.200002e+01  1.500000e+01
     vertex  1.303429e+01 -2.200059e+01  1.500000e+01
   endloop
 endfacet
 facet normal  0.000000e+00  0.000000e+00  1.000000e+00
   outer loop
     vertex -2.650000e+00  9.950000e+00  1.500000e+01
     vertex  1.297942e+01 -2.200021e+01  1.500000e+01
     vertex  1.300686e+01 -2.200002e+01  1.500000e+01
   endloop
 endfacet
 facet normal  0.000000e+00  0.000000e+00  1.000000e+00
   outer loop
     vertex -2.650000e+00  9.950000e+00  1.500000e+01
     vertex  1.295200e+01 -2.200115e+01  1.500000e+01
     vertex  1.297942e+01 -2.200021e+01  1.500000e+01
   endloop
 endfacet
 facet normal  0.000000e+00  0.000000e+00  1.000000e+00
   outer loop
     vertex -2.650000e+00  9.950000e+00  1.500000e+01
     vertex  1.292462e+01 -2.200285e+01  1.500000e+01
     vertex  1.295200e+01 -2.200115e+01  1.500000e+01
   endloop
 endfacet
 facet normal  0.000000e+00  0.000000e+00  1.000000e+00
   outer loop
     vertex -2.650000e+00  9.950000e+00  1.500000e+01
     vertex  1.289729e+01 -2.200529e+01  1.500000e+01
     vertex  1.292462e+01 -2.200285e+01  1.500000e+01
   endloop
 endfacet
 facet normal  0.000000e+00  0.000000e+00  1.000000e+00
   outer loop
     vertex -2.650000e+00  9.950000e+00  1.500000e+01
     vertex  1.287004e+01 -2.200848e+01  1.500000e+01
     vertex  1.289729e+01 -2.200529e+01  1.500000e+01
   endloop
 endfacet
 facet normal  0.000000e+00  0.000000e+00  1.000000e+00
   outer loop
     vertex -2.650000e+00  9.950000e+00  1.500000e+01
     vertex  1.284289e+01 -2.201242e+01  1.500000e+01
     vertex  1.287004e+01 -2.200848e+01  1.500000e+01
   endloop
 endfacet
 facet normal  0.000000e+00  0.000000e+00  1.000000e+00
   outer loop
     vertex -2.650000e+00  9.950000e+00  1.500000e+01
     vertex  1.281585e+01 -2.201710e+01  1.500000e+01
     vertex  1.284289e+01 -2.201242e+01  1.500000e+01
   endloop
 endfacet
 facet normal  0.000000e+00  0.000000e+00  1.000000e+00
   outer loop
     vertex -2.650000e+00  9.950000e+00  1.500000e+01
     vertex  1.278896e+01 -2.202252e+01  1.500000e+01
     vertex  1.281585e+01 -2.201710e+01  1.500000e+01
   endloop
 endfacet
 facet normal  0.000000e+00  0.000000e+00  1.000000e+00
   outer loop
     vertex -2.650000e+00  9.950000e+00  1.500000e+01
     vertex  1.276222e+01 -2.202868e+01  1.500000e+01
     vertex  1.278896e+01 -2.202252e+01  1.500000e+01
   endloop
 endfacet
 facet normal  0.000000e+00  0.000000e+00  1.000000e+00
   outer loop
     vertex -2.650000e+00  9.950000e+00  1.500000e+01
     vertex  1.273566e+01 -2.203557e+01  1.500000e+01
     vertex  1.276222e+01 -2.202868e+01  1.500000e+01
   endloop
 endfacet
 facet normal  0.000000e+00  0.000000e+00  1.000000e+00
   outer loop
     vertex -2.650000e+00  9.950000e+00  1.500000e+01
     vertex  1.270931e+01 -2.204318e+01  1.500000e+01
     vertex  1.273566e+01 -2.203557e+01  1.500000e+01
   endloop
 endfacet
 facet normal  0.000000e+00  0.000000e+00  1.000000e+00
   outer loop
     vertex -2.650000e+00  9.950000e+00  1.500000e+01
     vertex  1.268317e+01 -2.205152e+01  1.500000e+01
     vertex  1.270931e+01 -2.204318e+01  1.500000e+01
   endloop
 endfacet
 facet normal  0.000000e+00  0.000000e+00  1.000000e+00
   outer loop
     vertex -2.650000e+00  9.950000e+00  1.500000e+01
     vertex  1.265726e+01 -2.206057e+01  1.500000e+01
     vertex  1.268317e+01 -2.205152e+01  1.500000e+01
   endloop
 endfacet
 facet normal  0.000000e+00  0.000000e+00  1.000000e+00
   outer loop
     vertex -2.650000e+00  9.950000e+00  1.500000e+01
     vertex  1.263162e+01 -2.207032e+01  1.500000e+01
     vertex  1.265726e+01 -2.206057e+01  1.500000e+01
   endloop
 endfacet
 facet normal  0.000000e+00  0.000000e+00  1.000000e+00
   outer loop
     vertex -2.650000e+00  9.950000e+00  1.500000e+01
     vertex  1.260625e+01 -2.208078e+01  1.500000e+01
     vertex  1.263162e+01 -2.207032e+01  1.500000e+01
   endloop
 endfacet
 facet normal  0.000000e+00  0.000000e+00  1.000000e+00
   outer loop
     vertex -2.650000e+00  9.950000e+00  1.500000e+01
     vertex  1.258118e+01 -2.209193e+01  1.500000e+01
     vertex  1.260625e+01 -2.208078e+01  1.500000e+01
   endloop
 endfacet
 facet normal  0.000000e+00  0.000000e+00  1.000000e+00
   outer loop
     vertex -2.650000e+00  9.950000e+00  1.500000e+01
     vertex  1.255643e+01 -2.210376e+01  1.500000e+01
     vertex  1.258118e+01 -2.209193e+01  1.500000e+01
   endloop
 endfacet
 facet normal  0.000000e+00  0.000000e+00  1.000000e+00
   outer loop
     vertex -2.650000e+00  9.950000e+00  1.500000e+01
     vertex  1.253201e+01 -2.211627e+01  1.500000e+01
     vertex  1.255643e+01 -2.210376e+01  1.500000e+01
   endloop
 endfacet
 facet normal  0.000000e+00  0.000000e+00  1.000000e+00
   outer loop
     vertex -2.650000e+00  9.950000e+00  1.500000e+01
     vertex  1.250794e+01 -2.212944e+01  1.500000e+01
     vertex  1.253201e+01 -2.211627e+01  1.500000e+01
   endloop
 endfacet
 facet normal  0.000000e+00  0.000000e+00  1.000000e+00
   outer loop
     vertex -2.650000e+00  9.950000e+00  1.500000e+01
     vertex  1.248424e+01 -2.214326e+01  1.500000e+01
     vertex  1.250794e+01 -2.212944e+01  1.500000e+01
   endloop
 endfacet
 facet normal  0.000000e+00  0.000000e+00  1.000000e+00
   outer loop
     vertex -2.650000e+00  9.950000e+00  1.500000e+01
     vertex  1.246093e+01 -2.215774e+01  1.500000e+01
     vertex  1.248424e+01 -2.214326e+01  1.500000e+01
   endloop
 endfacet
 facet normal  0.000000e+00  0.000000e+00  1.000000e+00
   outer loop
     vertex -2.650000e+00  9.950000e+00  1.500000e+01
     vertex  1.243803e+01 -2.217284e+01  1.500000e+01
     vertex  1.246093e+01 -2.215774e+01  1.500000e+01
   endloop
 endfacet
 facet normal  0.000000e+00  0.000000e+00  1.000000e+00
   outer loop
     vertex -2.650000e+00  9.950000e+00  1.500000e+01
     vertex  1.241555e+01 -2.218857e+01  1.500000e+01
     vertex  1.243803e+01 -2.217284e+01  1.500000e+01
   endloop
 endfacet
 facet normal  0.000000e+00  0.000000e+00  1.000000e+00
   outer loop
     vertex -2.650000e+00  9.950000e+00  1.500000e+01
     vertex  1.239351e+01 -2.220491e+01  1.500000e+01
     vertex  1.241555e+01 -2.218857e+01  1.500000e+01
   endloop
 endfacet
 facet normal  0.000000e+00  0.000000e+00  1.000000e+00
   outer loop
     vertex -2.650000e+00  9.950000e+00  1.500000e+01
     vertex  1.237192e+01 -2.222185e+01  1.500000e+01
     vertex  1.239351e+01 -2.220491e+01  1.500000e+01
   endloop
 endfacet
 facet normal  0.000000e+00  0.000000e+00  1.000000e+00
   outer loop
     vertex -2.650000e+00  9.950000e+00  1.500000e+01
     vertex  1.235081e+01 -2.223937e+01  1.500000e+01
     vertex  1.237192e+01 -2.222185e+01  1.500000e+01
   endloop
 endfacet
 facet normal  0.000000e+00  0.000000e+00  1.000000e+00
   outer loop
     vertex -2.650000e+00  9.950000e+00  1.500000e+01
     vertex  1.233019e+01 -2.225747e+01  1.500000e+01
     vertex  1.235081e+01 -2.223937e+01  1.500000e+01
   endloop
 endfacet
 facet normal  0.000000e+00  0.000000e+00  1.000000e+00
   outer loop
     vertex -2.650000e+00  9.950000e+00  1.500000e+01
     vertex  1.231007e+01 -2.227612e+01  1.500000e+01
     vertex  1.233019e+01 -2.225747e+01  1.500000e+01
   endloop
 endfacet
 facet normal  0.000000e+00  0.000000e+00  1.000000e+00
   outer loop
     vertex -2.650000e+00  9.950000e+00  1.500000e+01
     vertex  1.229047e+01 -2.229532e+01  1.500000e+01
     vertex  1.231007e+01 -2.227612e+01  1.500000e+01
   endloop
 endfacet
 facet normal  0.000000e+00  0.000000e+00  1.000000e+00
   outer loop
     vertex -2.650000e+00  9.950000e+00  1.500000e+01
     vertex  1.227141e+01 -2.231505e+01  1.500000e+01
     vertex  1.229047e+01 -2.229532e+01  1.500000e+01
   endloop
 endfacet
 facet normal  0.000000e+00  0.000000e+00  1.000000e+00
   outer loop
     vertex -2.650000e+00  9.950000e+00  1.500000e+01
     vertex  1.225289e+01 -2.233530e+01  1.500000e+01
     vertex  1.227141e+01 -2.231505e+01  1.500000e+01
   endloop
 endfacet
 facet normal  0.000000e+00  0.000000e+00  1.000000e+00
   outer loop
     vertex -2.650000e+00  9.950000e+00  1.500000e+01
     vertex  1.223494e+01 -2.235605e+01  1.500000e+01
     vertex  1.225289e+01 -2.233530e+01  1.500000e+01
   endloop
 endfacet
 facet normal  0.000000e+00  0.000000e+00  1.000000e+00
   outer loop
     vertex -2.650000e+00  9.950000e+00  1.500000e+01
     vertex  1.221756e+01 -2.237728e+01  1.500000e+01
     vertex  1.223494e+01 -2.235605e+01  1.500000e+01
   endloop
 endfacet
 facet normal  0.000000e+00  0.000000e+00  1.000000e+00
   outer loop
     vertex -2.650000e+00  9.950000e+00  1.500000e+01
     vertex  1.220077e+01 -2.239898e+01  1.500000e+01
     vertex  1.221756e+01 -2.237728e+01  1.500000e+01
   endloop
 endfacet
 facet normal  0.000000e+00  0.000000e+00  1.000000e+00
   outer loop
     vertex -2.650000e+00  9.950000e+00  1.500000e+01
     vertex  1.218458e+01 -2.242113e+01  1.500000e+01
     vertex  1.220077e+01 -2.239898e+01  1.500000e+01
   endloop
 endfacet
 facet normal  0.000000e+00  0.000000e+00  1.000000e+00
   outer loop
     vertex -2.650000e+00  9.950000e+00  1.500000e+01
     vertex  1.216901e+01 -2.244372e+01  1.500000e+01
     vertex  1.218458e+01 -2.242113e+01  1.500000e+01
   endloop
 endfacet
 facet normal  0.000000e+00  0.000000e+00  1.000000e+00
   outer loop
     vertex -2.650000e+00  9.950000e+00  1.500000e+01
     vertex  1.215406e+01 -2.246672e+01  1.500000e+01
     vertex  1.216901e+01 -2.244372e+01  1.500000e+01
   endloop
 endfacet
 facet normal  0.000000e+00  0.000000e+00  1.000000e+00
   outer loop
     vertex -2.650000e+00  9.950000e+00  1.500000e+01
     vertex  1.213975e+01 -2.249013e+01  1.500000e+01
     vertex  1.215406e+01 -2.246672e+01  1.500000e+01
   endloop
 endfacet
 facet normal  0.000000e+00  0.000000e+00  1.000000e+00
   outer loop
     vertex -2.650000e+00  9.950000e+00  1.500000e+01
     vertex  1.212608e+01 -2.251392e+01  1.500000e+01
     vertex  1.213975e+01 -2.249013e+01  1.500000e+01
   endloop
 endfacet
 facet normal  0.000000e+00  0.000000e+00  1.000000e+00
   outer loop
     vertex -2.650000e+00  9.950000e+00  1.500000e+01
     vertex  1.211308e+01 -2.253808e+01  1.500000e+01
     vertex  1.212608e+01 -2.251392e+01  1.500000e+01
   endloop
 endfacet
 facet normal  0.000000e+00  0.000000e+00  1.000000e+00
   outer loop
     vertex -2.650000e+00  9.950000e+00  1.500000e+01
     vertex  1.210074e+01 -2.256259e+01  1.500000e+01
     vertex  1.211308e+01 -2.253808e+01  1.500000e+01
   endloop
 endfacet
 facet normal  0.000000e+00  0.000000e+00  1.000000e+00
   outer loop
     vertex -2.650000e+00  9.950000e+00  1.500000e+01
     vertex  1.208908e+01 -2.258742e+01  1.500000e+01
     vertex  1.210074e+01 -2.256259e+01  1.500000e+01
   endloop
 endfacet
 facet normal  0.000000e+00  0.000000e+00  1.000000e+00
   outer loop
     vertex -2.650000e+00  9.950000e+00  1.500000e+01
     vertex  1.207810e+01 -2.261257e+01  1.500000e+01
     vertex  1.208908e+01 -2.258742e+01  1.500000e+01
   endloop
 endfacet
 facet normal  0.000000e+00  0.000000e+00  1.000000e+00
   outer loop
     vertex -2.650000e+00  9.950000e+00  1.500000e+01
     vertex  1.206782e+01 -2.263801e+01  1.500000e+01
     vertex  1.207810e+01 -2.261257e+01  1.500000e+01
   endloop
 endfacet
 facet normal  0.000000e+00  0.000000e+00  1.000000e+00
   outer loop
     vertex -2.650000e+00  9.950000e+00  1.500000e+01
     vertex  1.205824e+01 -2.266372e+01  1.500000e+01
     vertex  1.206782e+01 -2.263801e+01  1.500000e+01
   endloop
 endfacet
 facet normal  0.000000e+00  0.000000e+00  1.000000e+00
   outer loop
     vertex -2.650000e+00  9.950000e+00  1.500000e+01
     vertex  1.204937e+01 -2.268968e+01  1.500000e+01
     vertex  1.205824e+01 -2.266372e+01  1.500000e+01
   endloop
 endfacet
 facet normal  0.000000e+00  0.000000e+00  1.000000e+00
   outer loop
     vertex -2.650000e+00  9.950000e+00  1.500000e+01
     vertex  1.204121e+01 -2.271588e+01  1.500000e+01
     vertex  1.204937e+01 -2.268968e+01  1.500000e+01
   endloop
 endfacet
 facet normal  0.000000e+00  0.000000e+00  1.000000e+00
   outer loop
     vertex -2.650000e+00  9.950000e+00  1.500000e+01
     vertex  1.203378e+01 -2.274229e+01  1.500000e+01
     vertex  1.204121e+01 -2.271588e+01  1.500000e+01
   endloop
 endfacet
 facet normal  0.000000e+00  0.000000e+00  1.000000e+00
   outer loop
     vertex -2.650000e+00  9.950000e+00  1.500000e+01
     vertex  1.202707e+01 -2.276889e+01  1.500000e+01
     vertex  1.203378e+01 -2.274229e+01  1.500000e+01
   endloop
 endfacet
 facet normal  0.000000e+00  0.000000e+00  1.000000e+00
   outer loop
     vertex -2.650000e+00  9.950000e+00  1.500000e+01
     vertex  1.202110e+01 -2.279567e+01  1.500000e+01
     vertex  1.202707e+01 -2.276889e+01  1.500000e+01
   endloop
 endfacet
 facet normal  0.000000e+00  0.000000e+00  1.000000e+00
   outer loop
     vertex  3.465000e+01  9.950000e+00  1.500000e+01
     vertex  1.338110e+01 -2.207547e+01  1.500000e+01
     vertex  1.340632e+01 -2.208627e+01  1.500000e+01
   endloop
 endfacet
 facet normal  0.000000e+00  0.000000e+00  1.000000e+00
   outer loop
     vertex  3.465000e+01  9.950000e+00  1.500000e+01
     vertex  1.335559e+01 -2.206536e+01  1.500000e+01
     vertex  1.338110e+01 -2.207547e+01  1.500000e+01
   endloop
 endfacet
 facet normal  0.000000e+00  0.000000e+00  1.000000e+00
   outer loop
     vertex  3.465000e+01  9.950000e+00  1.500000e+01
     vertex  1.332982e+01 -2.205595e+01  1.500000e+01
     vertex  1.335559e+01 -2.206536e+01  1.500000e+01
   endloop
 endfacet
 facet normal  0.000000e+00  0.000000e+00  1.000000e+00
   outer loop
     vertex  3.465000e+01  9.950000e+00  1.500000e+01
     vertex  1.330379e+01 -2.204726e+01  1.500000e+01
     vertex  1.332982e+01 -2.205595e+01  1.500000e+01
   endloop
 endfacet
 facet normal  0.000000e+00  0.000000e+00  1.000000e+00
   outer loop
     vertex  3.465000e+01  9.950000e+00  1.500000e+01
     vertex  1.327754e+01 -2.203929e+01  1.500000e+01
     vertex  1.330379e+01 -2.204726e+01  1.500000e+01
   endloop
 endfacet
 facet normal  0.000000e+00  0.000000e+00  1.000000e+00
   outer loop
     vertex  3.465000e+01  9.950000e+00  1.500000e+01
     vertex  1.325108e+01 -2.203203e+01  1.500000e+01
     vertex  1.327754e+01 -2.203929e+01  1.500000e+01
   endloop
 endfacet
 facet normal  0.000000e+00  0.000000e+00  1.000000e+00
   outer loop
     vertex  3.465000e+01  9.950000e+00  1.500000e+01
     vertex  1.322443e+01 -2.202551e+01  1.500000e+01
     vertex  1.325108e+01 -2.203203e+01  1.500000e+01
   endloop
 endfacet
 facet normal  0.000000e+00  0.000000e+00  1.000000e+00
   outer loop
     vertex  3.465000e+01  9.950000e+00  1.500000e+01
     vertex  1.319761e+01 -2.201972e+01  1.500000e+01
     vertex  1.322443e+01 -2.202551e+01  1.500000e+01
   endloop
 endfacet
 facet normal  0.000000e+00  0.000000e+00  1.000000e+00
   outer loop
     vertex  3.465000e+01  9.950000e+00  1.500000e+01
     vertex  1.317065e+01 -2.201467e+01  1.500000e+01
     vertex  1.319761e+01 -2.201972e+01  1.500000e+01
   endloop
 endfacet
 facet normal  0.000000e+00  0.000000e+00  1.000000e+00
   outer loop
     vertex  3.465000e+01  9.950000e+00  1.500000e+01
     vertex  1.314355e+01 -2.201036e+01  1.500000e+01
     vertex  1.317065e+01 -2.201467e+01  1.500000e+01
   endloop
 endfacet
 facet normal  0.000000e+00  0.000000e+00  1.000000e+00
   outer loop
     vertex  3.465000e+01  9.950000e+00  1.500000e+01
     vertex -2.650000e+00  9.950000e+00  1.500000e+01
     vertex  1.314355e+01 -2.201036e+01  1.500000e+01
   endloop
 endfacet
 facet normal  0.000000e+00  0.000000e+00  1.000000e+00
   outer loop
     vertex  3.465000e+01  9.950000e+00  1.500000e+01
     vertex  2.582480e+01 -2.854733e+01  1.500000e+01
     vertex  2.583672e+01 -2.858385e+01  1.500000e+01
   endloop
 endfacet
 facet normal  0.000000e+00  0.000000e+00  1.000000e+00
   outer loop
     vertex  3.465000e+01  9.950000e+00  1.500000e+01
     vertex  2.581188e+01 -2.851116e+01  1.500000e+01
     vertex  2.582480e+01 -2.854733e+01  1.500000e+01
   endloop
 endfacet
 facet normal  0.000000e+00  0.000000e+00  1.000000e+00
   outer loop
     vertex  3.465000e+01  9.950000e+00  1.500000e+01
     vertex  2.579798e+01 -2.847535e+01  1.500000e+01
     vertex  2.581188e+01 -2.851116e+01  1.500000e+01
   endloop
 endfacet
 facet normal  0.000000e+00  0.000000e+00  1.000000e+00
   outer loop
     vertex  3.465000e+01  9.950000e+00  1.500000e+01
     vertex  2.578310e+01 -2.843994e+01  1.500000e+01
     vertex  2.579798e+01 -2.847535e+01  1.500000e+01
   endloop
 endfacet
 facet normal  0.000000e+00  0.000000e+00  1.000000e+00
   outer loop
     vertex  3.465000e+01  9.950000e+00  1.500000e+01
     vertex  2.576725e+01 -2.840495e+01  1.500000e+01
     vertex  2.578310e+01 -2.843994e+01  1.500000e+01
   endloop
 endfacet
 facet normal  0.000000e+00  0.000000e+00  1.000000e+00
   outer loop
     vertex  3.465000e+01  9.950000e+00  1.500000e+01
     vertex  2.575045e+01 -2.837041e+01  1.500000e+01
     vertex  2.576725e+01 -2.840495e+01  1.500000e+01
   endloop
 endfacet
 facet normal  0.000000e+00  0.000000e+00  1.000000e+00
   outer loop
     vertex  3.465000e+01  9.950000e+00  1.500000e+01
     vertex  2.573270e+01 -2.833634e+01  1.500000e+01
     vertex  2.575045e+01 -2.837041e+01  1.500000e+01
   endloop
 endfacet
 facet normal  0.000000e+00  0.000000e+00  1.000000e+00
   outer loop
     vertex  3.465000e+01  9.950000e+00  1.500000e+01
     vertex  2.571403e+01 -2.830277e+01  1.500000e+01
     vertex  2.573270e+01 -2.833634e+01  1.500000e+01
   endloop
 endfacet
 facet normal  0.000000e+00  0.000000e+00  1.000000e+00
   outer loop
     vertex  3.465000e+01  9.950000e+00  1.500000e+01
     vertex  2.569445e+01 -2.826973e+01  1.500000e+01
     vertex  2.571403e+01 -2.830277e+01  1.500000e+01
   endloop
 endfacet
 facet normal  0.000000e+00  0.000000e+00  1.000000e+00
   outer loop
     vertex  3.465000e+01  9.950000e+00  1.500000e+01
     vertex  2.567396e+01 -2.823724e+01  1.500000e+01
     vertex  2.569445e+01 -2.826973e+01  1.500000e+01
   endloop
 endfacet
 facet normal  0.000000e+00  0.000000e+00  1.000000e+00
   outer loop
     vertex  3.465000e+01  9.950000e+00  1.500000e+01
     vertex  2.565260e+01 -2.820532e+01  1.500000e+01
     vertex  2.567396e+01 -2.823724e+01  1.500000e+01
   endloop
 endfacet
 facet normal  0.000000e+00  0.000000e+00  1.000000e+00
   outer loop
     vertex  3.465000e+01  9.950000e+00  1.500000e+01
     vertex  1.369979e+01 -2.228566e+01  1.500000e+01
     vertex  2.470097e+01 -2.761450e+01  1.500000e+01
   endloop
 endfacet
 facet normal  0.000000e+00  0.000000e+00  1.000000e+00
   outer loop
     vertex  3.465000e+01  9.950000e+00  1.500000e+01
     vertex  2.563036e+01 -2.817400e+01  1.500000e+01
     vertex  2.565260e+01 -2.820532e+01  1.500000e+01
   endloop
 endfacet
 facet normal  0.000000e+00  0.000000e+00  1.000000e+00
   outer loop
     vertex  3.465000e+01  9.950000e+00  1.500000e+01
     vertex  2.560728e+01 -2.814330e+01  1.500000e+01
     vertex  2.563036e+01 -2.817400e+01  1.500000e+01
   endloop
 endfacet
 facet normal  0.000000e+00  0.000000e+00  1.000000e+00
   outer loop
     vertex  3.465000e+01  9.950000e+00  1.500000e+01
     vertex  2.558336e+01 -2.811324e+01  1.500000e+01
     vertex  2.560728e+01 -2.814330e+01  1.500000e+01
   endloop
 endfacet
 facet normal  0.000000e+00  0.000000e+00  1.000000e+00
   outer loop
     vertex  3.465000e+01  9.950000e+00  1.500000e+01
     vertex  2.555862e+01 -2.808385e+01  1.500000e+01
     vertex  2.558336e+01 -2.811324e+01  1.500000e+01
   endloop
 endfacet
 facet normal  0.000000e+00  0.000000e+00  1.000000e+00
   outer loop
     vertex  3.465000e+01  9.950000e+00  1.500000e+01
     vertex  2.553309e+01 -2.805516e+01  1.500000e+01
     vertex  2.555862e+01 -2.808385e+01  1.500000e+01
   endloop
 endfacet
 facet normal  0.000000e+00  0.000000e+00  1.000000e+00
   outer loop
     vertex  3.465000e+01  9.950000e+00  1.500000e+01
     vertex  2.550678e+01 -2.802717e+01  1.500000e+01
     vertex  2.553309e+01 -2.805516e+01  1.500000e+01
   endloop
 endfacet
 facet normal  0.000000e+00  0.000000e+00  1.000000e+00
   outer loop
     vertex  3.465000e+01  9.950000e+00  1.500000e+01
     vertex  2.547971e+01 -2.799992e+01  1.500000e+01
     vertex  2.550678e+01 -2.802717e+01  1.500000e+01
   endloop
 endfacet
 facet normal  0.000000e+00  0.000000e+00  1.000000e+00
   outer loop
     vertex  3.465000e+01  9.950000e+00  1.500000e+01
     vertex  2.545191e+01 -2.797342e+01  1.500000e+01
     vertex  2.547971e+01 -2.799992e+01  1.500000e+01
   endloop
 endfacet
 facet normal  0.000000e+00  0.000000e+00  1.000000e+00
   outer loop
     vertex  3.465000e+01  9.950000e+00  1.500000e+01
     vertex  2.542338e+01 -2.794769e+01  1.500000e+01
     vertex  2.545191e+01 -2.797342e+01  1.500000e+01
   endloop
 endfacet
 facet normal  0.000000e+00  0.000000e+00  1.000000e+00
   outer loop
     vertex  3.465000e+01  9.950000e+00  1.500000e+01
     vertex  2.539417e+01 -2.792275e+01  1.500000e+01
     vertex  2.542338e+01 -2.794769e+01  1.500000e+01
   endloop
 endfacet
 facet normal  0.000000e+00  0.000000e+00  1.000000e+00
   outer loop
     vertex  3.465000e+01  9.950000e+00  1.500000e+01
     vertex  2.536428e+01 -2.789863e+01  1.500000e+01
     vertex  2.539417e+01 -2.792275e+01  1.500000e+01
   endloop
 endfacet
 facet normal  0.000000e+00  0.000000e+00  1.000000e+00
   outer loop
     vertex  3.465000e+01  9.950000e+00  1.500000e+01
     vertex  2.533374e+01 -2.787533e+01  1.500000e+01
     vertex  2.536428e+01 -2.789863e+01  1.500000e+01
   endloop
 endfacet
 facet normal  0.000000e+00  0.000000e+00  1.000000e+00
   outer loop
     vertex  3.465000e+01  9.950000e+00  1.500000e+01
     vertex  2.530257e+01 -2.785288e+01  1.500000e+01
     vertex  2.533374e+01 -2.787533e+01  1.500000e+01
   endloop
 endfacet
 facet normal  0.000000e+00  0.000000e+00  1.000000e+00
   outer loop
     vertex  3.465000e+01  9.950000e+00  1.500000e+01
     vertex  2.527080e+01 -2.783130e+01  1.500000e+01
     vertex  2.530257e+01 -2.785288e+01  1.500000e+01
   endloop
 endfacet
 facet normal  0.000000e+00  0.000000e+00  1.000000e+00
   outer loop
     vertex  3.465000e+01  9.950000e+00  1.500000e+01
     vertex  2.523845e+01 -2.781059e+01  1.500000e+01
     vertex  2.527080e+01 -2.783130e+01  1.500000e+01
   endloop
 endfacet
 facet normal  0.000000e+00  0.000000e+00  1.000000e+00
   outer loop
     vertex  3.465000e+01  9.950000e+00  1.500000e+01
     vertex  2.520554e+01 -2.779078e+01  1.500000e+01
     vertex  2.523845e+01 -2.781059e+01  1.500000e+01
   endloop
 endfacet
 facet normal  0.000000e+00  0.000000e+00  1.000000e+00
   outer loop
     vertex  3.465000e+01  9.950000e+00  1.500000e+01
     vertex  2.517210e+01 -2.777188e+01  1.500000e+01
     vertex  2.520554e+01 -2.779078e+01  1.500000e+01
   endloop
 endfacet
 facet normal  0.000000e+00  0.000000e+00  1.000000e+00
   outer loop
     vertex  3.465000e+01  9.950000e+00  1.500000e+01
     vertex  2.513815e+01 -2.775390e+01  1.500000e+01
     vertex  2.517210e+01 -2.777188e+01  1.500000e+01
   endloop
 endfacet
 facet normal  0.000000e+00  0.000000e+00  1.000000e+00
   outer loop
     vertex  3.465000e+01  9.950000e+00  1.500000e+01
     vertex  2.510373e+01 -2.773686e+01  1.500000e+01
     vertex  2.513815e+01 -2.775390e+01  1.500000e+01
   endloop
 endfacet
 facet normal  0.000000e+00  0.000000e+00  1.000000e+00
   outer loop
     vertex  3.465000e+01  9.950000e+00  1.500000e+01
     vertex  2.506885e+01 -2.772078e+01  1.500000e+01
     vertex  2.510373e+01 -2.773686e+01  1.500000e+01
   endloop
 endfacet
 facet normal  0.000000e+00  0.000000e+00  1.000000e+00
   outer loop
     vertex  3.465000e+01  9.950000e+00  1.500000e+01
     vertex  2.503354e+01 -2.770565e+01  1.500000e+01
     vertex  2.506885e+01 -2.772078e+01  1.500000e+01
   endloop
 endfacet
 facet normal  0.000000e+00  0.000000e+00  1.000000e+00
   outer loop
     vertex  3.465000e+01  9.950000e+00  1.500000e+01
     vertex  2.499783e+01 -2.769150e+01  1.500000e+01
     vertex  2.503354e+01 -2.770565e+01  1.500000e+01
   endloop
 endfacet
 facet normal  0.000000e+00  0.000000e+00  1.000000e+00
   outer loop
     vertex  3.465000e+01  9.950000e+00  1.500000e+01
     vertex  2.583672e+01 -2.858385e+01  1.500000e+01
     vertex  3.465000e+01 -4.365000e+01  1.500000e+01
   endloop
 endfacet
 facet normal  0.000000e+00  0.000000e+00  1.000000e+00
   outer loop
     vertex  3.465000e+01  9.950000e+00  1.500000e+01
     vertex  2.496174e+01 -2.767834e+01  1.500000e+01
     vertex  2.499783e+01 -2.769150e+01  1.500000e+01
   endloop
 endfacet
 facet normal  0.000000e+00  0.000000e+00  1.000000e+00
   outer loop
     vertex  3.465000e+01  9.950000e+00  1.500000e+01
     vertex  2.492531e+01 -2.766617e+01  1.500000e+01
     vertex  2.496174e+01 -2.767834e+01  1.500000e+01
   endloop
 endfacet
 facet normal  0.000000e+00  0.000000e+00  1.000000e+00
   outer loop
     vertex  3.465000e+01  9.950000e+00  1.500000e+01
     vertex  2.488856e+01 -2.765500e+01  1.500000e+01
     vertex  2.492531e+01 -2.766617e+01  1.500000e+01
   endloop
 endfacet
 facet normal  0.000000e+00  0.000000e+00  1.000000e+00
   outer loop
     vertex  3.465000e+01  9.950000e+00  1.500000e+01
     vertex  2.485151e+01 -2.764485e+01  1.500000e+01
     vertex  2.488856e+01 -2.765500e+01  1.500000e+01
   endloop
 endfacet
 facet normal  0.000000e+00  0.000000e+00  1.000000e+00
   outer loop
     vertex  3.465000e+01  9.950000e+00  1.500000e+01
     vertex  2.481420e+01 -2.763571e+01  1.500000e+01
     vertex  2.485151e+01 -2.764485e+01  1.500000e+01
   endloop
 endfacet
 facet normal  0.000000e+00  0.000000e+00  1.000000e+00
   outer loop
     vertex  3.465000e+01  9.950000e+00  1.500000e+01
     vertex  2.477666e+01 -2.762761e+01  1.500000e+01
     vertex  2.481420e+01 -2.763571e+01  1.500000e+01
   endloop
 endfacet
 facet normal  0.000000e+00  0.000000e+00  1.000000e+00
   outer loop
     vertex  3.465000e+01  9.950000e+00  1.500000e+01
     vertex  2.473890e+01 -2.762053e+01  1.500000e+01
     vertex  2.477666e+01 -2.762761e+01  1.500000e+01
   endloop
 endfacet
 facet normal  0.000000e+00  0.000000e+00  1.000000e+00
   outer loop
     vertex  3.465000e+01  9.950000e+00  1.500000e+01
     vertex  2.470097e+01 -2.761450e+01  1.500000e+01
     vertex  2.473890e+01 -2.762053e+01  1.500000e+01
   endloop
 endfacet
 facet normal  0.000000e+00  0.000000e+00  1.000000e+00
   outer loop
     vertex  3.465000e+01  9.950000e+00  1.500000e+01
     vertex  1.367993e+01 -2.226673e+01  1.500000e+01
     vertex  1.369979e+01 -2.228566e+01  1.500000e+01
   endloop
 endfacet
 facet normal  0.000000e+00  0.000000e+00  1.000000e+00
   outer loop
     vertex  3.465000e+01  9.950000e+00  1.500000e+01
     vertex  1.365956e+01 -2.224835e+01  1.500000e+01
     vertex  1.367993e+01 -2.226673e+01  1.500000e+01
   endloop
 endfacet
 facet normal  0.000000e+00  0.000000e+00  1.000000e+00
   outer loop
     vertex  3.465000e+01  9.950000e+00  1.500000e+01
     vertex  1.363869e+01 -2.223054e+01  1.500000e+01
     vertex  1.365956e+01 -2.224835e+01  1.500000e+01
   endloop
 endfacet
 facet normal  0.000000e+00  0.000000e+00  1.000000e+00
   outer loop
     vertex  3.465000e+01  9.950000e+00  1.500000e+01
     vertex  1.361734e+01 -2.221330e+01  1.500000e+01
     vertex  1.363869e+01 -2.223054e+01  1.500000e+01
   endloop
 endfacet
 facet normal  0.000000e+00  0.000000e+00  1.000000e+00
   outer loop
     vertex  3.465000e+01  9.950000e+00  1.500000e+01
     vertex  1.359553e+01 -2.219666e+01  1.500000e+01
     vertex  1.361734e+01 -2.221330e+01  1.500000e+01
   endloop
 endfacet
 facet normal  0.000000e+00  0.000000e+00  1.000000e+00
   outer loop
     vertex  3.465000e+01  9.950000e+00  1.500000e+01
     vertex  1.357326e+01 -2.218063e+01  1.500000e+01
     vertex  1.359553e+01 -2.219666e+01  1.500000e+01
   endloop
 endfacet
 facet normal  0.000000e+00  0.000000e+00  1.000000e+00
   outer loop
     vertex  3.465000e+01  9.950000e+00  1.500000e+01
     vertex  1.355057e+01 -2.216521e+01  1.500000e+01
     vertex  1.357326e+01 -2.218063e+01  1.500000e+01
   endloop
 endfacet
 facet normal  0.000000e+00  0.000000e+00  1.000000e+00
   outer loop
     vertex  3.465000e+01  9.950000e+00  1.500000e+01
     vertex  1.352746e+01 -2.215042e+01  1.500000e+01
     vertex  1.355057e+01 -2.216521e+01  1.500000e+01
   endloop
 endfacet
 facet normal  0.000000e+00  0.000000e+00  1.000000e+00
   outer loop
     vertex  3.465000e+01  9.950000e+00  1.500000e+01
     vertex  1.350396e+01 -2.213627e+01  1.500000e+01
     vertex  1.352746e+01 -2.215042e+01  1.500000e+01
   endloop
 endfacet
 facet normal  0.000000e+00  0.000000e+00  1.000000e+00
   outer loop
     vertex  3.465000e+01  9.950000e+00  1.500000e+01
     vertex  1.348007e+01 -2.212277e+01  1.500000e+01
     vertex  1.350396e+01 -2.213627e+01  1.500000e+01
   endloop
 endfacet
 facet normal  0.000000e+00  0.000000e+00  1.000000e+00
   outer loop
     vertex  3.465000e+01  9.950000e+00  1.500000e+01
     vertex  1.345582e+01 -2.210993e+01  1.500000e+01
     vertex  1.348007e+01 -2.212277e+01  1.500000e+01
   endloop
 endfacet
 facet normal  0.000000e+00  0.000000e+00  1.000000e+00
   outer loop
     vertex  3.465000e+01  9.950000e+00  1.500000e+01
     vertex  1.343123e+01 -2.209776e+01  1.500000e+01
     vertex  1.345582e+01 -2.210993e+01  1.500000e+01
   endloop
 endfacet
 facet normal  0.000000e+00  0.000000e+00  1.000000e+00
   outer loop
     vertex  3.465000e+01  9.950000e+00  1.500000e+01
     vertex  1.340632e+01 -2.208627e+01  1.500000e+01
     vertex  1.343123e+01 -2.209776e+01  1.500000e+01
   endloop
 endfacet
 facet normal  0.000000e+00  1.000000e+00  0.000000e+00
   outer loop
     vertex  3.465000e+01  9.950000e+00  1.500000e+01
     vertex  3.465000e+01  9.950000e+00  1.300000e+01
     vertex -2.650000e+00  9.950000e+00  1.300000e+01
   endloop
 endfacet
 facet normal  0.000000e+00  1.000000e+00  0.000000e+00
   outer loop
     vertex  3.465000e+01  9.950000e+00  1.500000e+01
     vertex -2.650000e+00  9.950000e+00  1.300000e+01
     vertex -2.650000e+00  9.950000e+00  1.500000e+01
   endloop
 endfacet
 facet normal  0.000000e+00 -0.000000e+00 -1.000000e+00
   outer loop
     vertex  3.245000e+01 -4.145000e+01  1.300000e+01
     vertex  3.465000e+01 -4.365000e+01  1.300000e+01
     vertex -2.650000e+00 -4.365000e+01  1.300000e+01
   endloop
 endfacet
 facet normal -0.000000e+00  0.000000e+00 -1.000000e+00
   outer loop
     vertex  3.245000e+01 -4.145000e+01  1.300000e+01
     vertex -2.650000e+00 -4.365000e+01  1.300000e+01
     vertex -4.500000e-01 -4.145000e+01  1.300000e+01
   endloop
 endfacet
 facet normal -0.000000e+00  0.000000e+00 -1.000000e+00
   outer loop
     vertex -4.500000e-01  7.750000e+00  1.300000e+01
     vertex -2.650000e+00 -4.365000e+01  1.300000e+01
     vertex -2.650000e+00  9.950000e+00  1.300000e+01
   endloop
 endfacet
 facet normal  0.000000e+00 -0.000000e+00 -1.000000e+00
   outer loop
     vertex -4.500000e-01  7.750000e+00  1.300000e+01
     vertex -4.500000e-01 -4.145000e+01  1.300000e+01
     vertex -2.650000e+00 -4.365000e+01  1.300000e+01
   endloop
 endfacet
 facet normal  0.000000e+00  0.000000e+00 -1.000000e+00
   outer loop
     vertex  3.465000e+01  9.950000e+00  1.300000e+01
     vertex  3.245000e+01  7.750000e+00  1.300000e+01
     vertex -4.500000e-01  7.750000e+00  1.300000e+01
   endloop
 endfacet
 facet normal  0.000000e+00  0.000000e+00 -1.000000e+00
   outer loop
     vertex  3.465000e+01  9.950000e+00  1.300000e+01
     vertex  3.245000e+01 -4.145000e+01  1.300000e+01
     vertex  3.245000e+01  7.750000e+00  1.300000e+01
   endloop
 endfacet
 facet normal -0.000000e+00  0.000000e+00 -1.000000e+00
   outer loop
     vertex  3.465000e+01  9.950000e+00  1.300000e+01
     vertex -4.500000e-01  7.750000e+00  1.300000e+01
     vertex -2.650000e+00  9.950000e+00  1.300000e+01
   endloop
 endfacet
 facet normal  0.000000e+00 -0.000000e+00 -1.000000e+00
   outer loop
     vertex  3.465000e+01  9.950000e+00  1.300000e+01
     vertex  3.465000e+01 -4.365000e+01  1.300000e+01
     vertex  3.245000e+01 -4.145000e+01  1.300000e+01
   endloop
 endfacet
 facet normal  1.000000e+00  0.000000e+00  0.000000e+00
   outer loop
     vertex  3.465000e+01 -4.365000e+01  1.500000e+01
     vertex  3.465000e+01 -4.365000e+01  1.300000e+01
     vertex  3.465000e+01  9.950000e+00  1.300000e+01
   endloop
 endfacet
 facet normal  1.000000e+00 -0.000000e+00  0.000000e+00
   outer loop
     vertex  3.465000e+01 -4.365000e+01  1.500000e+01
     vertex  3.465000e+01  9.950000e+00  1.300000e+01
     vertex  3.465000e+01  9.950000e+00  1.500000e+01
   endloop
 endfacet
 facet normal -9.999059e-01 -1.371831e-02  0.000000e+00
   outer loop
     vertex  2.589947e+01 -3.446159e+01  1.500000e+01
     vertex  2.590000e+01 -3.450000e+01  1.300000e+01
     vertex  2.590000e+01 -3.450000e+01  1.500000e+01
   endloop
 endfacet
 facet normal -9.999059e-01 -1.371831e-02 -0.000000e+00
   outer loop
     vertex  2.589947e+01 -3.446159e+01  1.500000e+01
     vertex  2.589947e+01 -3.446159e+01  1.300000e+01
     vertex  2.590000e+01 -3.450000e+01  1.300000e+01
   endloop
 endfacet
 facet normal -9.991532e-01 -4.114462e-02 -0.000000e+00
   outer loop
     vertex  2.589789e+01 -3.442321e+01  1.500000e+01
     vertex  2.589789e+01 -3.442321e+01  1.300000e+01
     vertex  2.589947e+01 -3.446159e+01  1.300000e+01
   endloop
 endfacet
 facet normal -9.991532e-01 -4.114462e-02  0.000000e+00
   outer loop
     vertex  2.589789e+01 -3.442321e+01  1.500000e+01
     vertex  2.589947e+01 -3.446159e+01  1.300000e+01
     vertex  2.589947e+01 -3.446159e+01  1.500000e+01
   endloop
 endfacet
 facet normal -9.976484e-01 -6.853995e-02 -0.000000e+00
   outer loop
     vertex  2.589526e+01 -3.438489e+01  1.500000e+01
     vertex  2.589526e+01 -3.438489e+01  1.300000e+01
     vertex  2.589789e+01 -3.442321e+01  1.300000e+01
   endloop
 endfacet
 facet normal -9.976484e-01 -6.853995e-02  0.000000e+00
   outer loop
     vertex  2.589526e+01 -3.438489e+01  1.500000e+01
     vertex  2.589789e+01 -3.442321e+01  1.300000e+01
     vertex  2.589789e+01 -3.442321e+01  1.500000e+01
   endloop
 endfacet
 facet normal -9.953925e-01 -9.588368e-02 -0.000000e+00
   outer loop
     vertex  2.589158e+01 -3.434666e+01  1.500000e+01
     vertex  2.589158e+01 -3.434666e+01  1.300000e+01
     vertex  2.589526e+01 -3.438489e+01  1.300000e+01
   endloop
 endfacet
 facet normal -9.953925e-01 -9.588368e-02  0.000000e+00
   outer loop
     vertex  2.589158e+01 -3.434666e+01  1.500000e+01
     vertex  2.589526e+01 -3.438489e+01  1.300000e+01
     vertex  2.589526e+01 -3.438489e+01  1.500000e+01
   endloop
 endfacet
 facet normal -9.923874e-01 -1.231552e-01 -0.000000e+00
   outer loop
     vertex  2.588685e+01 -3.430854e+01  1.500000e+01
     vertex  2.588685e+01 -3.430854e+01  1.300000e+01
     vertex  2.589158e+01 -3.434666e+01  1.300000e+01
   endloop
 endfacet
 facet normal -9.923874e-01 -1.231552e-01  0.000000e+00
   outer loop
     vertex  2.588685e+01 -3.430854e+01  1.500000e+01
     vertex  2.589158e+01 -3.434666e+01  1.300000e+01
     vertex  2.589158e+01 -3.434666e+01  1.500000e+01
   endloop
 endfacet
 facet normal -9.886353e-01 -1.503341e-01 -0.000000e+00
   outer loop
     vertex  2.588107e+01 -3.427056e+01  1.500000e+01
     vertex  2.588107e+01 -3.427056e+01  1.300000e+01
     vertex  2.588685e+01 -3.430854e+01  1.300000e+01
   endloop
 endfacet
 facet normal -9.886353e-01 -1.503341e-01  0.000000e+00
   outer loop
     vertex  2.588107e+01 -3.427056e+01  1.500000e+01
     vertex  2.588685e+01 -3.430854e+01  1.300000e+01
     vertex  2.588685e+01 -3.430854e+01  1.500000e+01
   endloop
 endfacet
 facet normal -9.841389e-01 -1.773998e-01 -0.000000e+00
   outer loop
     vertex  2.587426e+01 -3.423276e+01  1.500000e+01
     vertex  2.587426e+01 -3.423276e+01  1.300000e+01
     vertex  2.588107e+01 -3.427056e+01  1.300000e+01
   endloop
 endfacet
 facet normal -9.841389e-01 -1.773998e-01  0.000000e+00
   outer loop
     vertex  2.587426e+01 -3.423276e+01  1.500000e+01
     vertex  2.588107e+01 -3.427056e+01  1.300000e+01
     vertex  2.588107e+01 -3.427056e+01  1.500000e+01
   endloop
 endfacet
 facet normal -9.789017e-01 -2.043319e-01 -0.000000e+00
   outer loop
     vertex  2.586641e+01 -3.419516e+01  1.500000e+01
     vertex  2.586641e+01 -3.419516e+01  1.300000e+01
     vertex  2.587426e+01 -3.423276e+01  1.300000e+01
   endloop
 endfacet
 facet normal -9.789017e-01 -2.043319e-01  0.000000e+00
   outer loop
     vertex  2.586641e+01 -3.419516e+01  1.500000e+01
     vertex  2.587426e+01 -3.423276e+01  1.300000e+01
     vertex  2.587426e+01 -3.423276e+01  1.500000e+01
   endloop
 endfacet
 facet normal -9.729276e-01 -2.311102e-01 -0.000000e+00
   outer loop
     vertex  2.585753e+01 -3.415779e+01  1.500000e+01
     vertex  2.585753e+01 -3.415779e+01  1.300000e+01
     vertex  2.586641e+01 -3.419516e+01  1.300000e+01
   endloop
 endfacet
 facet normal -9.662211e-01 -2.577146e-01 -0.000000e+00
   outer loop
     vertex  2.585753e+01 -3.415779e+01  1.500000e+01
     vertex  2.584763e+01 -3.412068e+01  1.300000e+01
     vertex  2.585753e+01 -3.415779e+01  1.300000e+01
   endloop
 endfacet
 facet normal -9.729276e-01 -2.311102e-01  0.000000e+00
   outer loop
     vertex  2.585753e+01 -3.415779e+01  1.500000e+01
     vertex  2.586641e+01 -3.419516e+01  1.300000e+01
     vertex  2.586641e+01 -3.419516e+01  1.500000e+01
   endloop
 endfacet
 facet normal -9.662211e-01 -2.577146e-01 -0.000000e+00
   outer loop
     vertex  2.584763e+01 -3.412068e+01  1.500000e+01
     vertex  2.584763e+01 -3.412068e+01  1.300000e+01
     vertex  2.585753e+01 -3.415779e+01  1.500000e+01
   endloop
 endfacet
 facet normal -9.587873e-01 -2.841250e-01  0.000000e+00
   outer loop
     vertex  2.583672e+01 -3.408385e+01  1.500000e+01
     vertex  2.584763e+01 -3.412068e+01  1.300000e+01
     vertex  2.584763e+01 -3.412068e+01  1.500000e+01
   endloop
 endfacet
 facet normal -9.587873e-01 -2.841250e-01 -0.000000e+00
   outer loop
     vertex  2.583672e+01 -3.408385e+01  1.500000e+01
     vertex  2.583672e+01 -3.408385e+01  1.300000e+01
     vertex  2.584763e+01 -3.412068e+01  1.300000e+01
   endloop
 endfacet
 facet normal -9.506317e-01 -3.103214e-01  0.000000e+00
   outer loop
     vertex  2.582480e+01 -3.404733e+01  1.500000e+01
     vertex  2.583672e+01 -3.408385e+01  1.300000e+01
     vertex  2.583672e+01 -3.408385e+01  1.500000e+01
   endloop
 endfacet
 facet normal -9.506317e-01 -3.103214e-01 -0.000000e+00
   outer loop
     vertex  2.582480e+01 -3.404733e+01  1.500000e+01
     vertex  2.582480e+01 -3.404733e+01  1.300000e+01
     vertex  2.583672e+01 -3.408385e+01  1.300000e+01
   endloop
 endfacet
 facet normal -9.417605e-01 -3.362843e-01  0.000000e+00
   outer loop
     vertex  2.581188e+01 -3.401116e+01  1.500000e+01
     vertex  2.582480e+01 -3.404733e+01  1.300000e+01
     vertex  2.582480e+01 -3.404733e+01  1.500000e+01
   endloop
 endfacet
 facet normal -9.417605e-01 -3.362843e-01 -0.000000e+00
   outer loop
     vertex  2.581188e+01 -3.401116e+01  1.500000e+01
     vertex  2.581188e+01 -3.401116e+01  1.300000e+01
     vertex  2.582480e+01 -3.404733e+01  1.300000e+01
   endloop
 endfacet
 facet normal -9.321804e-01 -3.619940e-01  0.000000e+00
   outer loop
     vertex  2.579798e+01 -3.397535e+01  1.500000e+01
     vertex  2.581188e+01 -3.401116e+01  1.300000e+01
     vertex  2.581188e+01 -3.401116e+01  1.500000e+01
   endloop
 endfacet
 facet normal -9.321804e-01 -3.619940e-01 -0.000000e+00
   outer loop
     vertex  2.579798e+01 -3.397535e+01  1.500000e+01
     vertex  2.579798e+01 -3.397535e+01  1.300000e+01
     vertex  2.581188e+01 -3.401116e+01  1.300000e+01
   endloop
 endfacet
 facet normal -9.218986e-01 -3.874313e-01 -0.000000e+00
   outer loop
     vertex  2.579798e+01 -3.397535e+01  1.500000e+01
     vertex  2.578310e+01 -3.393994e+01  1.300000e+01
     vertex  2.579798e+01 -3.397535e+01  1.300000e+01
   endloop
 endfacet
 facet normal -9.218986e-01 -3.874313e-01 -0.000000e+00
   outer loop
     vertex  2.578310e+01 -3.393994e+01  1.500000e+01
     vertex  2.578310e+01 -3.393994e+01  1.300000e+01
     vertex  2.579798e+01 -3.397535e+01  1.500000e+01
   endloop
 endfacet
 facet normal -9.109228e-01 -4.125769e-01 -0.000000e+00
   outer loop
     vertex  2.578310e+01 -3.393994e+01  1.500000e+01
     vertex  2.576725e+01 -3.390495e+01  1.300000e+01
     vertex  2.578310e+01 -3.393994e+01  1.300000e+01
   endloop
 endfacet
 facet normal -9.109228e-01 -4.125769e-01 -0.000000e+00
   outer loop
     vertex  2.576725e+01 -3.390495e+01  1.500000e+01
     vertex  2.576725e+01 -3.390495e+01  1.300000e+01
     vertex  2.578310e+01 -3.393994e+01  1.500000e+01
   endloop
 endfacet
 facet normal -8.992613e-01 -4.374119e-01  0.000000e+00
   outer loop
     vertex  2.575045e+01 -3.387041e+01  1.500000e+01
     vertex  2.576725e+01 -3.390495e+01  1.300000e+01
     vertex  2.576725e+01 -3.390495e+01  1.500000e+01
   endloop
 endfacet
 facet normal -8.992613e-01 -4.374119e-01 -0.000000e+00
   outer loop
     vertex  2.575045e+01 -3.387041e+01  1.500000e+01
     vertex  2.575045e+01 -3.387041e+01  1.300000e+01
     vertex  2.576725e+01 -3.390495e+01  1.300000e+01
   endloop
 endfacet
 facet normal -8.869228e-01 -4.619176e-01  0.000000e+00
   outer loop
     vertex  2.573270e+01 -3.383634e+01  1.500000e+01
     vertex  2.575045e+01 -3.387041e+01  1.300000e+01
     vertex  2.575045e+01 -3.387041e+01  1.500000e+01
   endloop
 endfacet
 facet normal -8.869228e-01 -4.619176e-01 -0.000000e+00
   outer loop
     vertex  2.573270e+01 -3.383634e+01  1.500000e+01
     vertex  2.573270e+01 -3.383634e+01  1.300000e+01
     vertex  2.575045e+01 -3.387041e+01  1.300000e+01
   endloop
 endfacet
 facet normal -8.739167e-01 -4.860756e-01 -0.000000e+00
   outer loop
     vertex  2.573270e+01 -3.383634e+01  1.500000e+01
     vertex  2.571403e+01 -3.380277e+01  1.300000e+01
     vertex  2.573270e+01 -3.383634e+01  1.300000e+01
   endloop
 endfacet
 facet normal -8.739167e-01 -4.860756e-01 -0.000000e+00
   outer loop
     vertex  2.571403e+01 -3.380277e+01  1.500000e+01
     vertex  2.571403e+01 -3.380277e+01  1.300000e+01
     vertex  2.573270e+01 -3.383634e+01  1.500000e+01
   endloop
 endfacet
 facet normal -8.602528e-01 -5.098678e-01  0.000000e+00
   outer loop
     vertex  2.569445e+01 -3.376973e+01  1.500000e+01
     vertex  2.571403e+01 -3.380277e+01  1.300000e+01
     vertex  2.571403e+01 -3.380277e+01  1.500000e+01
   endloop
 endfacet
 facet normal -8.602528e-01 -5.098678e-01 -0.000000e+00
   outer loop
     vertex  2.569445e+01 -3.376973e+01  1.500000e+01
     vertex  2.569445e+01 -3.376973e+01  1.300000e+01
     vertex  2.571403e+01 -3.380277e+01  1.300000e+01
   endloop
 endfacet
 facet normal -8.459413e-01 -5.332761e-01  0.000000e+00
   outer loop
     vertex  2.567396e+01 -3.373724e+01  1.500000e+01
     vertex  2.569445e+01 -3.376973e+01  1.300000e+01
     vertex  2.569445e+01 -3.376973e+01  1.500000e+01
   endloop
 endfacet
 facet normal -8.459413e-01 -5.332761e-01 -0.000000e+00
   outer loop
     vertex  2.567396e+01 -3.373724e+01  1.500000e+01
     vertex  2.567396e+01 -3.373724e+01  1.300000e+01
     vertex  2.569445e+01 -3.376973e+01  1.300000e+01
   endloop
 endfacet
 facet normal -8.309929e-01 -5.562829e-01 -0.000000e+00
   outer loop
     vertex  2.565260e+01 -3.370532e+01  1.500000e+01
     vertex  2.565260e+01 -3.370532e+01  1.300000e+01
     vertex  2.567396e+01 -3.373724e+01  1.300000e+01
   endloop
 endfacet
 facet normal -8.309929e-01 -5.562829e-01  0.000000e+00
   outer loop
     vertex  2.565260e+01 -3.370532e+01  1.500000e+01
     vertex  2.567396e+01 -3.373724e+01  1.300000e+01
     vertex  2.567396e+01 -3.373724e+01  1.500000e+01
   endloop
 endfacet
 facet normal -8.154191e-01 -5.788711e-01 -0.000000e+00
   outer loop
     vertex  2.565260e+01 -3.370532e+01  1.500000e+01
     vertex  2.563036e+01 -3.367400e+01  1.300000e+01
     vertex  2.565260e+01 -3.370532e+01  1.300000e+01
   endloop
 endfacet
 facet normal -8.154191e-01 -5.788711e-01 -0.000000e+00
   outer loop
     vertex  2.563036e+01 -3.367400e+01  1.500000e+01
     vertex  2.563036e+01 -3.367400e+01  1.300000e+01
     vertex  2.565260e+01 -3.370532e+01  1.500000e+01
   endloop
 endfacet
 facet normal -7.992314e-01 -6.010234e-01  0.000000e+00
   outer loop
     vertex  2.560728e+01 -3.364330e+01  1.500000e+01
     vertex  2.563036e+01 -3.367400e+01  1.300000e+01
     vertex  2.563036e+01 -3.367400e+01  1.500000e+01
   endloop
 endfacet
 facet normal -7.992314e-01 -6.010234e-01 -0.000000e+00
   outer loop
     vertex  2.560728e+01 -3.364330e+01  1.500000e+01
     vertex  2.560728e+01 -3.364330e+01  1.300000e+01
     vertex  2.563036e+01 -3.367400e+01  1.300000e+01
   endloop
 endfacet
 facet normal -7.824421e-01 -6.227234e-01 -0.000000e+00
   outer loop
     vertex  2.558336e+01 -3.361324e+01  1.500000e+01
     vertex  2.558336e+01 -3.361324e+01  1.300000e+01
     vertex  2.560728e+01 -3.364330e+01  1.300000e+01
   endloop
 endfacet
 facet normal -7.824421e-01 -6.227234e-01  0.000000e+00
   outer loop
     vertex  2.558336e+01 -3.361324e+01  1.500000e+01
     vertex  2.560728e+01 -3.364330e+01  1.300000e+01
     vertex  2.560728e+01 -3.364330e+01  1.500000e+01
   endloop
 endfacet
 facet normal -7.650637e-01 -6.439545e-01 -0.000000e+00
   outer loop
     vertex  2.555862e+01 -3.358385e+01  1.500000e+01
     vertex  2.555862e+01 -3.358385e+01  1.300000e+01
     vertex  2.558336e+01 -3.361324e+01  1.300000e+01
   endloop
 endfacet
 facet normal -7.650637e-01 -6.439545e-01  0.000000e+00
   outer loop
     vertex  2.555862e+01 -3.358385e+01  1.500000e+01
     vertex  2.558336e+01 -3.361324e+01  1.300000e+01
     vertex  2.558336e+01 -3.361324e+01  1.500000e+01
   endloop
 endfacet
 facet normal -7.471095e-01 -6.647010e-01 -0.000000e+00
   outer loop
     vertex  2.553309e+01 -3.355516e+01  1.500000e+01
     vertex  2.553309e+01 -3.355516e+01  1.300000e+01
     vertex  2.555862e+01 -3.358385e+01  1.300000e+01
   endloop
 endfacet
 facet normal -7.471095e-01 -6.647010e-01  0.000000e+00
   outer loop
     vertex  2.553309e+01 -3.355516e+01  1.500000e+01
     vertex  2.555862e+01 -3.358385e+01  1.300000e+01
     vertex  2.555862e+01 -3.358385e+01  1.500000e+01
   endloop
 endfacet
 facet normal -7.285929e-01 -6.849470e-01 -0.000000e+00
   outer loop
     vertex  2.550678e+01 -3.352717e+01  1.500000e+01
     vertex  2.550678e+01 -3.352717e+01  1.300000e+01
     vertex  2.553309e+01 -3.355516e+01  1.300000e+01
   endloop
 endfacet
 facet normal -7.285929e-01 -6.849470e-01  0.000000e+00
   outer loop
     vertex  2.550678e+01 -3.352717e+01  1.500000e+01
     vertex  2.553309e+01 -3.355516e+01  1.300000e+01
     vertex  2.553309e+01 -3.355516e+01  1.500000e+01
   endloop
 endfacet
 facet normal -7.095278e-01 -7.046775e-01 -0.000000e+00
   outer loop
     vertex  2.547971e+01 -3.349992e+01  1.500000e+01
     vertex  2.547971e+01 -3.349992e+01  1.300000e+01
     vertex  2.550678e+01 -3.352717e+01  1.300000e+01
   endloop
 endfacet
 facet normal -7.095278e-01 -7.046775e-01  0.000000e+00
   outer loop
     vertex  2.547971e+01 -3.349992e+01  1.500000e+01
     vertex  2.550678e+01 -3.352717e+01  1.300000e+01
     vertex  2.550678e+01 -3.352717e+01  1.500000e+01
   endloop
 endfacet
 facet normal -6.899286e-01 -7.238775e-01 -0.000000e+00
   outer loop
     vertex  2.545191e+01 -3.347342e+01  1.500000e+01
     vertex  2.545191e+01 -3.347342e+01  1.300000e+01
     vertex  2.547971e+01 -3.349992e+01  1.300000e+01
   endloop
 endfacet
 facet normal -6.899286e-01 -7.238775e-01  0.000000e+00
   outer loop
     vertex  2.545191e+01 -3.347342e+01  1.500000e+01
     vertex  2.547971e+01 -3.349992e+01  1.300000e+01
     vertex  2.547971e+01 -3.349992e+01  1.500000e+01
   endloop
 endfacet
 facet normal -6.698100e-01 -7.425325e-01 -0.000000e+00
   outer loop
     vertex  2.542338e+01 -3.344769e+01  1.500000e+01
     vertex  2.542338e+01 -3.344769e+01  1.300000e+01
     vertex  2.545191e+01 -3.347342e+01  1.300000e+01
   endloop
 endfacet
 facet normal -6.698100e-01 -7.425325e-01  0.000000e+00
   outer loop
     vertex  2.542338e+01 -3.344769e+01  1.500000e+01
     vertex  2.545191e+01 -3.347342e+01  1.300000e+01
     vertex  2.545191e+01 -3.347342e+01  1.500000e+01
   endloop
 endfacet
 facet normal -6.491872e-01 -7.606287e-01 -0.000000e+00
   outer loop
     vertex  2.539417e+01 -3.342275e+01  1.500000e+01
     vertex  2.539417e+01 -3.342275e+01  1.300000e+01
     vertex  2.542338e+01 -3.344769e+01  1.300000e+01
   endloop
 endfacet
 facet normal -6.491872e-01 -7.606287e-01  0.000000e+00
   outer loop
     vertex  2.539417e+01 -3.342275e+01  1.500000e+01
     vertex  2.542338e+01 -3.344769e+01  1.300000e+01
     vertex  2.542338e+01 -3.344769e+01  1.500000e+01
   endloop
 endfacet
 facet normal -6.280757e-01 -7.781522e-01 -0.000000e+00
   outer loop
     vertex  2.536428e+01 -3.339863e+01  1.500000e+01
     vertex  2.536428e+01 -3.339863e+01  1.300000e+01
     vertex  2.539417e+01 -3.342275e+01  1.300000e+01
   endloop
 endfacet
 facet normal -6.280757e-01 -7.781522e-01  0.000000e+00
   outer loop
     vertex  2.536428e+01 -3.339863e+01  1.500000e+01
     vertex  2.539417e+01 -3.342275e+01  1.300000e+01
     vertex  2.539417e+01 -3.342275e+01  1.500000e+01
   endloop
 endfacet
 facet normal -6.064915e-01 -7.950900e-01 -0.000000e+00
   outer loop
     vertex  2.533374e+01 -3.337533e+01  1.500000e+01
     vertex  2.533374e+01 -3.337533e+01  1.300000e+01
     vertex  2.536428e+01 -3.339863e+01  1.300000e+01
   endloop
 endfacet
 facet normal -5.844507e-01 -8.114292e-01 -0.000000e+00
   outer loop
     vertex  2.533374e+01 -3.337533e+01  1.500000e+01
     vertex  2.530257e+01 -3.335288e+01  1.300000e+01
     vertex  2.533374e+01 -3.337533e+01  1.300000e+01
   endloop
 endfacet
 facet normal -6.064915e-01 -7.950900e-01  0.000000e+00
   outer loop
     vertex  2.533374e+01 -3.337533e+01  1.500000e+01
     vertex  2.536428e+01 -3.339863e+01  1.300000e+01
     vertex  2.536428e+01 -3.339863e+01  1.500000e+01
   endloop
 endfacet
 facet normal -5.844507e-01 -8.114292e-01 -0.000000e+00
   outer loop
     vertex  2.530257e+01 -3.335288e+01  1.500000e+01
     vertex  2.530257e+01 -3.335288e+01  1.300000e+01
     vertex  2.533374e+01 -3.337533e+01  1.500000e+01
   endloop
 endfacet
 facet normal -5.619699e-01 -8.271577e-01  0.000000e+00
   outer loop
     vertex  2.527080e+01 -3.333130e+01  1.500000e+01
     vertex  2.530257e+01 -3.335288e+01  1.300000e+01
     vertex  2.530257e+01 -3.335288e+01  1.500000e+01
   endloop
 endfacet
 facet normal -5.619699e-01 -8.271577e-01 -0.000000e+00
   outer loop
     vertex  2.527080e+01 -3.333130e+01  1.500000e+01
     vertex  2.527080e+01 -3.333130e+01  1.300000e+01
     vertex  2.530257e+01 -3.335288e+01  1.300000e+01
   endloop
 endfacet
 facet normal -5.390661e-01 -8.422635e-01  0.000000e+00
   outer loop
     vertex  2.523845e+01 -3.331059e+01  1.500000e+01
     vertex  2.527080e+01 -3.333130e+01  1.300000e+01
     vertex  2.527080e+01 -3.333130e+01  1.500000e+01
   endloop
 endfacet
 facet normal -5.390661e-01 -8.422635e-01 -0.000000e+00
   outer loop
     vertex  2.523845e+01 -3.331059e+01  1.500000e+01
     vertex  2.523845e+01 -3.331059e+01  1.300000e+01
     vertex  2.527080e+01 -3.333130e+01  1.300000e+01
   endloop
 endfacet
 facet normal -5.157565e-01 -8.567352e-01 -0.000000e+00
   outer loop
     vertex  2.523845e+01 -3.331059e+01  1.500000e+01
     vertex  2.520554e+01 -3.329078e+01  1.300000e+01
     vertex  2.523845e+01 -3.331059e+01  1.300000e+01
   endloop
 endfacet
 facet normal -5.157565e-01 -8.567352e-01 -0.000000e+00
   outer loop
     vertex  2.520554e+01 -3.329078e+01  1.500000e+01
     vertex  2.520554e+01 -3.329078e+01  1.300000e+01
     vertex  2.523845e+01 -3.331059e+01  1.500000e+01
   endloop
 endfacet
 facet normal -4.920587e-01 -8.705620e-01  0.000000e+00
   outer loop
     vertex  2.517210e+01 -3.327188e+01  1.500000e+01
     vertex  2.520554e+01 -3.329078e+01  1.300000e+01
     vertex  2.520554e+01 -3.329078e+01  1.500000e+01
   endloop
 endfacet
 facet normal -4.920587e-01 -8.705620e-01 -0.000000e+00
   outer loop
     vertex  2.517210e+01 -3.327188e+01  1.500000e+01
     vertex  2.517210e+01 -3.327188e+01  1.300000e+01
     vertex  2.520554e+01 -3.329078e+01  1.300000e+01
   endloop
 endfacet
 facet normal -4.679904e-01 -8.837335e-01  0.000000e+00
   outer loop
     vertex  2.513815e+01 -3.325390e+01  1.500000e+01
     vertex  2.517210e+01 -3.327188e+01  1.300000e+01
     vertex  2.517210e+01 -3.327188e+01  1.500000e+01
   endloop
 endfacet
 facet normal -4.679904e-01 -8.837335e-01 -0.000000e+00
   outer loop
     vertex  2.513815e+01 -3.325390e+01  1.500000e+01
     vertex  2.513815e+01 -3.325390e+01  1.300000e+01
     vertex  2.517210e+01 -3.327188e+01  1.300000e+01
   endloop
 endfacet
 facet normal -4.435699e-01 -8.962398e-01  0.000000e+00
   outer loop
     vertex  2.510373e+01 -3.323686e+01  1.500000e+01
     vertex  2.513815e+01 -3.325390e+01  1.300000e+01
     vertex  2.513815e+01 -3.325390e+01  1.500000e+01
   endloop
 endfacet
 facet normal -4.435699e-01 -8.962398e-01 -0.000000e+00
   outer loop
     vertex  2.510373e+01 -3.323686e+01  1.500000e+01
     vertex  2.510373e+01 -3.323686e+01  1.300000e+01
     vertex  2.513815e+01 -3.325390e+01  1.300000e+01
   endloop
 endfacet
 facet normal -4.188155e-01 -9.080714e-01  0.000000e+00
   outer loop
     vertex  2.506885e+01 -3.322078e+01  1.500000e+01
     vertex  2.510373e+01 -3.323686e+01  1.300000e+01
     vertex  2.510373e+01 -3.323686e+01  1.500000e+01
   endloop
 endfacet
 facet normal -4.188155e-01 -9.080714e-01 -0.000000e+00
   outer loop
     vertex  2.506885e+01 -3.322078e+01  1.500000e+01
     vertex  2.506885e+01 -3.322078e+01  1.300000e+01
     vertex  2.510373e+01 -3.323686e+01  1.300000e+01
   endloop
 endfacet
 facet normal -3.937458e-01 -9.192194e-01  0.000000e+00
   outer loop
     vertex  2.503354e+01 -3.320565e+01  1.500000e+01
     vertex  2.506885e+01 -3.322078e+01  1.300000e+01
     vertex  2.506885e+01 -3.322078e+01  1.500000e+01
   endloop
 endfacet
 facet normal -3.937458e-01 -9.192194e-01 -0.000000e+00
   outer loop
     vertex  2.503354e+01 -3.320565e+01  1.500000e+01
     vertex  2.503354e+01 -3.320565e+01  1.300000e+01
     vertex  2.506885e+01 -3.322078e+01  1.300000e+01
   endloop
 endfacet
 facet normal -3.683796e-01 -9.296754e-01  0.000000e+00
   outer loop
     vertex  2.499783e+01 -3.319150e+01  1.500000e+01
     vertex  2.503354e+01 -3.320565e+01  1.300000e+01
     vertex  2.503354e+01 -3.320565e+01  1.500000e+01
   endloop
 endfacet
 facet normal -3.683796e-01 -9.296754e-01 -0.000000e+00
   outer loop
     vertex  2.499783e+01 -3.319150e+01  1.500000e+01
     vertex  2.499783e+01 -3.319150e+01  1.300000e+01
     vertex  2.503354e+01 -3.320565e+01  1.300000e+01
   endloop
 endfacet
 facet normal -3.427362e-01 -9.394317e-01  0.000000e+00
   outer loop
     vertex  2.496174e+01 -3.317834e+01  1.500000e+01
     vertex  2.499783e+01 -3.319150e+01  1.300000e+01
     vertex  2.499783e+01 -3.319150e+01  1.500000e+01
   endloop
 endfacet
 facet normal -3.427362e-01 -9.394317e-01 -0.000000e+00
   outer loop
     vertex  2.496174e+01 -3.317834e+01  1.500000e+01
     vertex  2.496174e+01 -3.317834e+01  1.300000e+01
     vertex  2.499783e+01 -3.319150e+01  1.300000e+01
   endloop
 endfacet
 facet normal -3.168348e-01 -9.484807e-01 -0.000000e+00
   outer loop
     vertex  2.496174e+01 -3.317834e+01  1.500000e+01
     vertex  2.492531e+01 -3.316617e+01  1.300000e+01
     vertex  2.496174e+01 -3.317834e+01  1.300000e+01
   endloop
 endfacet
 facet normal -3.168348e-01 -9.484807e-01 -0.000000e+00
   outer loop
     vertex  2.492531e+01 -3.316617e+01  1.500000e+01
     vertex  2.492531e+01 -3.316617e+01  1.300000e+01
     vertex  2.496174e+01 -3.317834e+01  1.500000e+01
   endloop
 endfacet
 facet normal -2.906949e-01 -9.568158e-01  0.000000e+00
   outer loop
     vertex  2.488856e+01 -3.315500e+01  1.500000e+01
     vertex  2.492531e+01 -3.316617e+01  1.300000e+01
     vertex  2.492531e+01 -3.316617e+01  1.500000e+01
   endloop
 endfacet
 facet normal -2.906949e-01 -9.568158e-01 -0.000000e+00
   outer loop
     vertex  2.488856e+01 -3.315500e+01  1.500000e+01
     vertex  2.488856e+01 -3.315500e+01  1.300000e+01
     vertex  2.492531e+01 -3.316617e+01  1.300000e+01
   endloop
 endfacet
 facet normal -2.643362e-01 -9.644306e-01  0.000000e+00
   outer loop
     vertex  2.485151e+01 -3.314485e+01  1.500000e+01
     vertex  2.488856e+01 -3.315500e+01  1.300000e+01
     vertex  2.488856e+01 -3.315500e+01  1.500000e+01
   endloop
 endfacet
 facet normal -2.643362e-01 -9.644306e-01 -0.000000e+00
   outer loop
     vertex  2.485151e+01 -3.314485e+01  1.500000e+01
     vertex  2.485151e+01 -3.314485e+01  1.300000e+01
     vertex  2.488856e+01 -3.315500e+01  1.300000e+01
   endloop
 endfacet
 facet normal -2.377784e-01 -9.713194e-01 -0.000000e+00
   outer loop
     vertex  2.485151e+01 -3.314485e+01  1.500000e+01
     vertex  2.481420e+01 -3.313571e+01  1.300000e+01
     vertex  2.485151e+01 -3.314485e+01  1.300000e+01
   endloop
 endfacet
 facet normal -2.377784e-01 -9.713194e-01 -0.000000e+00
   outer loop
     vertex  2.481420e+01 -3.313571e+01  1.500000e+01
     vertex  2.481420e+01 -3.313571e+01  1.300000e+01
     vertex  2.485151e+01 -3.314485e+01  1.500000e+01
   endloop
 endfacet
 facet normal -2.110417e-01 -9.774771e-01 -0.000000e+00
   outer loop
     vertex  2.481420e+01 -3.313571e+01  1.500000e+01
     vertex  2.477666e+01 -3.312761e+01  1.300000e+01
     vertex  2.481420e+01 -3.313571e+01  1.300000e+01
   endloop
 endfacet
 facet normal -2.110417e-01 -9.774771e-01 -0.000000e+00
   outer loop
     vertex  2.477666e+01 -3.312761e+01  1.500000e+01
     vertex  2.477666e+01 -3.312761e+01  1.300000e+01
     vertex  2.481420e+01 -3.313571e+01  1.500000e+01
   endloop
 endfacet
 facet normal -1.841461e-01 -9.828989e-01  0.000000e+00
   outer loop
     vertex  2.473890e+01 -3.312053e+01  1.500000e+01
     vertex  2.477666e+01 -3.312761e+01  1.300000e+01
     vertex  2.477666e+01 -3.312761e+01  1.500000e+01
   endloop
 endfacet
 facet normal -1.841461e-01 -9.828989e-01 -0.000000e+00
   outer loop
     vertex  2.473890e+01 -3.312053e+01  1.500000e+01
     vertex  2.473890e+01 -3.312053e+01  1.300000e+01
     vertex  2.477666e+01 -3.312761e+01  1.300000e+01
   endloop
 endfacet
 facet normal -1.571119e-01 -9.875808e-01  0.000000e+00
   outer loop
     vertex  2.470097e+01 -3.311450e+01  1.500000e+01
     vertex  2.473890e+01 -3.312053e+01  1.300000e+01
     vertex  2.473890e+01 -3.312053e+01  1.500000e+01
   endloop
 endfacet
 facet normal -1.571119e-01 -9.875808e-01 -0.000000e+00
   outer loop
     vertex  2.470097e+01 -3.311450e+01  1.500000e+01
     vertex  2.470097e+01 -3.311450e+01  1.300000e+01
     vertex  2.473890e+01 -3.312053e+01  1.300000e+01
   endloop
 endfacet
 facet normal -1.299594e-01 -9.915193e-01  0.000000e+00
   outer loop
     vertex  2.466288e+01 -3.310951e+01  1.500000e+01
     vertex  2.470097e+01 -3.311450e+01  1.300000e+01
     vertex  2.470097e+01 -3.311450e+01  1.500000e+01
   endloop
 endfacet
 facet normal -1.299594e-01 -9.915193e-01 -0.000000e+00
   outer loop
     vertex  2.466288e+01 -3.310951e+01  1.500000e+01
     vertex  2.466288e+01 -3.310951e+01  1.300000e+01
     vertex  2.470097e+01 -3.311450e+01  1.300000e+01
   endloop
 endfacet
 facet normal -1.027091e-01 -9.947114e-01  0.000000e+00
   outer loop
     vertex  2.462468e+01 -3.310556e+01  1.500000e+01
     vertex  2.466288e+01 -3.310951e+01  1.300000e+01
     vertex  2.466288e+01 -3.310951e+01  1.500000e+01
   endloop
 endfacet
 facet normal -1.027091e-01 -9.947114e-01 -0.000000e+00
   outer loop
     vertex  2.462468e+01 -3.310556e+01  1.500000e+01
     vertex  2.462468e+01 -3.310556e+01  1.300000e+01
     vertex  2.466288e+01 -3.310951e+01  1.300000e+01
   endloop
 endfacet
 facet normal -7.538152e-02 -9.971548e-01 -0.000000e+00
   outer loop
     vertex  2.462468e+01 -3.310556e+01  1.500000e+01
     vertex  2.458637e+01 -3.310267e+01  1.300000e+01
     vertex  2.462468e+01 -3.310556e+01  1.300000e+01
   endloop
 endfacet
 facet normal -7.538152e-02 -9.971548e-01 -0.000000e+00
   outer loop
     vertex  2.458637e+01 -3.310267e+01  1.500000e+01
     vertex  2.458637e+01 -3.310267e+01  1.300000e+01
     vertex  2.462468e+01 -3.310556e+01  1.500000e+01
   endloop
 endfacet
 facet normal -4.799716e-02 -9.988475e-01  0.000000e+00
   outer loop
     vertex  2.454801e+01 -3.310082e+01  1.500000e+01
     vertex  2.458637e+01 -3.310267e+01  1.300000e+01
     vertex  2.458637e+01 -3.310267e+01  1.500000e+01
   endloop
 endfacet
 facet normal -4.799716e-02 -9.988475e-01 -0.000000e+00
   outer loop
     vertex  2.454801e+01 -3.310082e+01  1.500000e+01
     vertex  2.454801e+01 -3.310082e+01  1.300000e+01
     vertex  2.458637e+01 -3.310267e+01  1.300000e+01
   endloop
 endfacet
 facet normal -2.057667e-02 -9.997883e-01 -0.000000e+00
   outer loop
     vertex  2.450960e+01 -3.310003e+01  1.500000e+01
     vertex  2.450960e+01 -3.310003e+01  1.300000e+01
     vertex  2.454801e+01 -3.310082e+01  1.300000e+01
   endloop
 endfacet
 facet normal -2.057667e-02 -9.997883e-01  0.000000e+00
   outer loop
     vertex  2.450960e+01 -3.310003e+01  1.500000e+01
     vertex  2.454801e+01 -3.310082e+01  1.300000e+01
     vertex  2.454801e+01 -3.310082e+01  1.500000e+01
   endloop
 endfacet
 facet normal  6.859319e-03 -9.999765e-01  0.000000e+00
   outer loop
     vertex  2.450960e+01 -3.310003e+01  1.500000e+01
     vertex  2.447119e+01 -3.310030e+01  1.300000e+01
     vertex  2.450960e+01 -3.310003e+01  1.300000e+01
   endloop
 endfacet
 facet normal  6.859319e-03 -9.999765e-01  0.000000e+00
   outer loop
     vertex  2.447119e+01 -3.310030e+01  1.500000e+01
     vertex  2.447119e+01 -3.310030e+01  1.300000e+01
     vertex  2.450960e+01 -3.310003e+01  1.500000e+01
   endloop
 endfacet
 facet normal  3.429014e-02 -9.994119e-01  0.000000e+00
   outer loop
     vertex  2.443280e+01 -3.310161e+01  1.500000e+01
     vertex  2.443280e+01 -3.310161e+01  1.300000e+01
     vertex  2.447119e+01 -3.310030e+01  1.300000e+01
   endloop
 endfacet
 facet normal  6.169515e-02 -9.980950e-01  0.000000e+00
   outer loop
     vertex  2.443280e+01 -3.310161e+01  1.500000e+01
     vertex  2.439447e+01 -3.310398e+01  1.300000e+01
     vertex  2.443280e+01 -3.310161e+01  1.300000e+01
   endloop
 endfacet
 facet normal  3.429014e-02 -9.994119e-01  0.000000e+00
   outer loop
     vertex  2.443280e+01 -3.310161e+01  1.500000e+01
     vertex  2.447119e+01 -3.310030e+01  1.300000e+01
     vertex  2.447119e+01 -3.310030e+01  1.500000e+01
   endloop
 endfacet
 facet normal  8.905371e-02 -9.960268e-01  0.000000e+00
   outer loop
     vertex  2.439447e+01 -3.310398e+01  1.500000e+01
     vertex  2.435621e+01 -3.310740e+01  1.300000e+01
     vertex  2.439447e+01 -3.310398e+01  1.300000e+01
   endloop
 endfacet
 facet normal  6.169515e-02 -9.980950e-01  0.000000e+00
   outer loop
     vertex  2.439447e+01 -3.310398e+01  1.500000e+01
     vertex  2.439447e+01 -3.310398e+01  1.300000e+01
     vertex  2.443280e+01 -3.310161e+01  1.500000e+01
   endloop
 endfacet
 facet normal  8.905371e-02 -9.960268e-01  0.000000e+00
   outer loop
     vertex  2.435621e+01 -3.310740e+01  1.500000e+01
     vertex  2.435621e+01 -3.310740e+01  1.300000e+01
     vertex  2.439447e+01 -3.310398e+01  1.500000e+01
   endloop
 endfacet
 facet normal  1.163452e-01 -9.932088e-01  0.000000e+00
   outer loop
     vertex  2.431806e+01 -3.311187e+01  1.500000e+01
     vertex  2.435621e+01 -3.310740e+01  1.300000e+01
     vertex  2.435621e+01 -3.310740e+01  1.500000e+01
   endloop
 endfacet
 facet normal  1.163452e-01 -9.932088e-01  0.000000e+00
   outer loop
     vertex  2.431806e+01 -3.311187e+01  1.500000e+01
     vertex  2.431806e+01 -3.311187e+01  1.300000e+01
     vertex  2.435621e+01 -3.310740e+01  1.300000e+01
   endloop
 endfacet
 facet normal  1.435492e-01 -9.896432e-01  0.000000e+00
   outer loop
     vertex  2.431806e+01 -3.311187e+01  1.500000e+01
     vertex  2.428004e+01 -3.311739e+01  1.300000e+01
     vertex  2.431806e+01 -3.311187e+01  1.300000e+01
   endloop
 endfacet
 facet normal  1.435492e-01 -9.896432e-01  0.000000e+00
   outer loop
     vertex  2.428004e+01 -3.311739e+01  1.500000e+01
     vertex  2.428004e+01 -3.311739e+01  1.300000e+01
     vertex  2.431806e+01 -3.311187e+01  1.500000e+01
   endloop
 endfacet
 facet normal  1.706451e-01 -9.853326e-01  0.000000e+00
   outer loop
     vertex  2.424220e+01 -3.312394e+01  1.500000e+01
     vertex  2.428004e+01 -3.311739e+01  1.300000e+01
     vertex  2.428004e+01 -3.311739e+01  1.500000e+01
   endloop
 endfacet
 facet normal  1.706451e-01 -9.853326e-01  0.000000e+00
   outer loop
     vertex  2.424220e+01 -3.312394e+01  1.500000e+01
     vertex  2.424220e+01 -3.312394e+01  1.300000e+01
     vertex  2.428004e+01 -3.311739e+01  1.300000e+01
   endloop
 endfacet
 facet normal  1.976125e-01 -9.802802e-01  0.000000e+00
   outer loop
     vertex  2.424220e+01 -3.312394e+01  1.500000e+01
     vertex  2.420454e+01 -3.313153e+01  1.300000e+01
     vertex  2.424220e+01 -3.312394e+01  1.300000e+01
   endloop
 endfacet
 facet normal  1.976125e-01 -9.802802e-01  0.000000e+00
   outer loop
     vertex  2.420454e+01 -3.313153e+01  1.500000e+01
     vertex  2.420454e+01 -3.313153e+01  1.300000e+01
     vertex  2.424220e+01 -3.312394e+01  1.500000e+01
   endloop
 endfacet
 facet normal  2.244312e-01 -9.744899e-01  0.000000e+00
   outer loop
     vertex  2.416711e+01 -3.314015e+01  1.500000e+01
     vertex  2.420454e+01 -3.313153e+01  1.300000e+01
     vertex  2.420454e+01 -3.313153e+01  1.500000e+01
   endloop
 endfacet
 facet normal  2.244312e-01 -9.744899e-01  0.000000e+00
   outer loop
     vertex  2.416711e+01 -3.314015e+01  1.500000e+01
     vertex  2.416711e+01 -3.314015e+01  1.300000e+01
     vertex  2.420454e+01 -3.313153e+01  1.300000e+01
   endloop
 endfacet
 facet normal  2.510809e-01 -9.679661e-01  0.000000e+00
   outer loop
     vertex  2.416711e+01 -3.314015e+01  1.500000e+01
     vertex  2.412993e+01 -3.314980e+01  1.300000e+01
     vertex  2.416711e+01 -3.314015e+01  1.300000e+01
   endloop
 endfacet
 facet normal  2.510809e-01 -9.679661e-01  0.000000e+00
   outer loop
     vertex  2.412993e+01 -3.314980e+01  1.500000e+01
     vertex  2.412993e+01 -3.314980e+01  1.300000e+01
     vertex  2.416711e+01 -3.314015e+01  1.500000e+01
   endloop
 endfacet
 facet normal  2.775416e-01 -9.607136e-01  0.000000e+00
   outer loop
     vertex  2.409303e+01 -3.316046e+01  1.500000e+01
     vertex  2.412993e+01 -3.314980e+01  1.300000e+01
     vertex  2.412993e+01 -3.314980e+01  1.500000e+01
   endloop
 endfacet
 facet normal  2.775416e-01 -9.607136e-01  0.000000e+00
   outer loop
     vertex  2.409303e+01 -3.316046e+01  1.500000e+01
     vertex  2.409303e+01 -3.316046e+01  1.300000e+01
     vertex  2.412993e+01 -3.314980e+01  1.300000e+01
   endloop
 endfacet
 facet normal  3.037934e-01 -9.527379e-01  0.000000e+00
   outer loop
     vertex  2.405643e+01 -3.317213e+01  1.500000e+01
     vertex  2.409303e+01 -3.316046e+01  1.300000e+01
     vertex  2.409303e+01 -3.316046e+01  1.500000e+01
   endloop
 endfacet
 facet normal  3.037934e-01 -9.527379e-01  0.000000e+00
   outer loop
     vertex  2.405643e+01 -3.317213e+01  1.500000e+01
     vertex  2.405643e+01 -3.317213e+01  1.300000e+01
     vertex  2.409303e+01 -3.316046e+01  1.300000e+01
   endloop
 endfacet
 facet normal  3.298166e-01 -9.440450e-01  0.000000e+00
   outer loop
     vertex  2.405643e+01 -3.317213e+01  1.500000e+01
     vertex  2.402017e+01 -3.318480e+01  1.300000e+01
     vertex  2.405643e+01 -3.317213e+01  1.300000e+01
   endloop
 endfacet
 facet normal  3.298166e-01 -9.440450e-01  0.000000e+00
   outer loop
     vertex  2.402017e+01 -3.318480e+01  1.500000e+01
     vertex  2.402017e+01 -3.318480e+01  1.300000e+01
     vertex  2.405643e+01 -3.317213e+01  1.500000e+01
   endloop
 endfacet
 facet normal  3.555914e-01 -9.346415e-01  0.000000e+00
   outer loop
     vertex  2.398427e+01 -3.319845e+01  1.500000e+01
     vertex  2.402017e+01 -3.318480e+01  1.300000e+01
     vertex  2.402017e+01 -3.318480e+01  1.500000e+01
   endloop
 endfacet
 facet normal  3.555914e-01 -9.346415e-01  0.000000e+00
   outer loop
     vertex  2.398427e+01 -3.319845e+01  1.500000e+01
     vertex  2.398427e+01 -3.319845e+01  1.300000e+01
     vertex  2.402017e+01 -3.318480e+01  1.300000e+01
   endloop
 endfacet
 facet normal  3.810986e-01 -9.245344e-01  0.000000e+00
   outer loop
     vertex  2.394876e+01 -3.321309e+01  1.500000e+01
     vertex  2.398427e+01 -3.319845e+01  1.300000e+01
     vertex  2.398427e+01 -3.319845e+01  1.500000e+01
   endloop
 endfacet
 facet normal  3.810986e-01 -9.245344e-01  0.000000e+00
   outer loop
     vertex  2.394876e+01 -3.321309e+01  1.500000e+01
     vertex  2.394876e+01 -3.321309e+01  1.300000e+01
     vertex  2.398427e+01 -3.319845e+01  1.300000e+01
   endloop
 endfacet
 facet normal  4.063188e-01 -9.137314e-01  0.000000e+00
   outer loop
     vertex  2.391366e+01 -3.322870e+01  1.500000e+01
     vertex  2.391366e+01 -3.322870e+01  1.300000e+01
     vertex  2.394876e+01 -3.321309e+01  1.300000e+01
   endloop
 endfacet
 facet normal  4.063188e-01 -9.137314e-01  0.000000e+00
   outer loop
     vertex  2.391366e+01 -3.322870e+01  1.500000e+01
     vertex  2.394876e+01 -3.321309e+01  1.300000e+01
     vertex  2.394876e+01 -3.321309e+01  1.500000e+01
   endloop
 endfacet
 facet normal  4.312333e-01 -9.022405e-01  0.000000e+00
   outer loop
     vertex  2.387900e+01 -3.324526e+01  1.500000e+01
     vertex  2.387900e+01 -3.324526e+01  1.300000e+01
     vertex  2.391366e+01 -3.322870e+01  1.300000e+01
   endloop
 endfacet
 facet normal  4.312333e-01 -9.022405e-01  0.000000e+00
   outer loop
     vertex  2.387900e+01 -3.324526e+01  1.500000e+01
     vertex  2.391366e+01 -3.322870e+01  1.300000e+01
     vertex  2.391366e+01 -3.322870e+01  1.500000e+01
   endloop
 endfacet
 facet normal  4.558231e-01 -8.900704e-01  0.000000e+00
   outer loop
     vertex  2.384481e+01 -3.326277e+01  1.500000e+01
     vertex  2.384481e+01 -3.326277e+01  1.300000e+01
     vertex  2.387900e+01 -3.324526e+01  1.300000e+01
   endloop
 endfacet
 facet normal  4.800697e-01 -8.772303e-01  0.000000e+00
   outer loop
     vertex  2.384481e+01 -3.326277e+01  1.500000e+01
     vertex  2.381112e+01 -3.328121e+01  1.300000e+01
     vertex  2.384481e+01 -3.326277e+01  1.300000e+01
   endloop
 endfacet
 facet normal  4.558231e-01 -8.900704e-01  0.000000e+00
   outer loop
     vertex  2.384481e+01 -3.326277e+01  1.500000e+01
     vertex  2.387900e+01 -3.324526e+01  1.300000e+01
     vertex  2.387900e+01 -3.324526e+01  1.500000e+01
   endloop
 endfacet
 facet normal  5.039550e-01 -8.637299e-01  0.000000e+00
   outer loop
     vertex  2.381112e+01 -3.328121e+01  1.500000e+01
     vertex  2.377794e+01 -3.330057e+01  1.300000e+01
     vertex  2.381112e+01 -3.328121e+01  1.300000e+01
   endloop
 endfacet
 facet normal  4.800697e-01 -8.772303e-01  0.000000e+00
   outer loop
     vertex  2.381112e+01 -3.328121e+01  1.500000e+01
     vertex  2.381112e+01 -3.328121e+01  1.300000e+01
     vertex  2.384481e+01 -3.326277e+01  1.500000e+01
   endloop
 endfacet
 facet normal  5.274609e-01 -8.495793e-01  0.000000e+00
   outer loop
     vertex  2.377794e+01 -3.330057e+01  1.500000e+01
     vertex  2.374531e+01 -3.332083e+01  1.300000e+01
     vertex  2.377794e+01 -3.330057e+01  1.300000e+01
   endloop
 endfacet
 facet normal  5.039550e-01 -8.637299e-01  0.000000e+00
   outer loop
     vertex  2.377794e+01 -3.330057e+01  1.500000e+01
     vertex  2.377794e+01 -3.330057e+01  1.300000e+01
     vertex  2.381112e+01 -3.328121e+01  1.500000e+01
   endloop
 endfacet
 facet normal  5.274609e-01 -8.495793e-01  0.000000e+00
   outer loop
     vertex  2.374531e+01 -3.332083e+01  1.500000e+01
     vertex  2.374531e+01 -3.332083e+01  1.300000e+01
     vertex  2.377794e+01 -3.330057e+01  1.500000e+01
   endloop
 endfacet
 facet normal  5.505698e-01 -8.347891e-01  0.000000e+00
   outer loop
     vertex  2.371324e+01 -3.334198e+01  1.500000e+01
     vertex  2.371324e+01 -3.334198e+01  1.300000e+01
     vertex  2.374531e+01 -3.332083e+01  1.300000e+01
   endloop
 endfacet
 facet normal  5.505698e-01 -8.347891e-01  0.000000e+00
   outer loop
     vertex  2.371324e+01 -3.334198e+01  1.500000e+01
     vertex  2.374531e+01 -3.332083e+01  1.300000e+01
     vertex  2.374531e+01 -3.332083e+01  1.500000e+01
   endloop
 endfacet
 facet normal  5.732642e-01 -8.193706e-01  0.000000e+00
   outer loop
     vertex  2.368177e+01 -3.336400e+01  1.500000e+01
     vertex  2.368177e+01 -3.336400e+01  1.300000e+01
     vertex  2.371324e+01 -3.334198e+01  1.300000e+01
   endloop
 endfacet
 facet normal  5.955271e-01 -8.033352e-01  0.000000e+00
   outer loop
     vertex  2.368177e+01 -3.336400e+01  1.500000e+01
     vertex  2.365091e+01 -3.338687e+01  1.300000e+01
     vertex  2.368177e+01 -3.336400e+01  1.300000e+01
   endloop
 endfacet
 facet normal  5.732642e-01 -8.193706e-01  0.000000e+00
   outer loop
     vertex  2.368177e+01 -3.336400e+01  1.500000e+01
     vertex  2.371324e+01 -3.334198e+01  1.300000e+01
     vertex  2.371324e+01 -3.334198e+01  1.500000e+01
   endloop
 endfacet
 facet normal  5.955271e-01 -8.033352e-01  0.000000e+00
   outer loop
     vertex  2.365091e+01 -3.338687e+01  1.500000e+01
     vertex  2.365091e+01 -3.338687e+01  1.300000e+01
     vertex  2.368177e+01 -3.336400e+01  1.500000e+01
   endloop
 endfacet
 facet normal  6.173417e-01 -7.866951e-01  0.000000e+00
   outer loop
     vertex  2.362069e+01 -3.341059e+01  1.500000e+01
     vertex  2.362069e+01 -3.341059e+01  1.300000e+01
     vertex  2.365091e+01 -3.338687e+01  1.300000e+01
   endloop
 endfacet
 facet normal  6.386916e-01 -7.694628e-01  0.000000e+00
   outer loop
     vertex  2.362069e+01 -3.341059e+01  1.500000e+01
     vertex  2.359114e+01 -3.343512e+01  1.300000e+01
     vertex  2.362069e+01 -3.341059e+01  1.300000e+01
   endloop
 endfacet
 facet normal  6.173417e-01 -7.866951e-01  0.000000e+00
   outer loop
     vertex  2.362069e+01 -3.341059e+01  1.500000e+01
     vertex  2.365091e+01 -3.338687e+01  1.300000e+01
     vertex  2.365091e+01 -3.338687e+01  1.500000e+01
   endloop
 endfacet
 facet normal  6.386916e-01 -7.694628e-01  0.000000e+00
   outer loop
     vertex  2.359114e+01 -3.343512e+01  1.500000e+01
     vertex  2.359114e+01 -3.343512e+01  1.300000e+01
     vertex  2.362069e+01 -3.341059e+01  1.500000e+01
   endloop
 endfacet
 facet normal  6.595607e-01 -7.516513e-01  0.000000e+00
   outer loop
     vertex  2.356227e+01 -3.346045e+01  1.500000e+01
     vertex  2.356227e+01 -3.346045e+01  1.300000e+01
     vertex  2.359114e+01 -3.343512e+01  1.300000e+01
   endloop
 endfacet
 facet normal  6.595607e-01 -7.516513e-01  0.000000e+00
   outer loop
     vertex  2.356227e+01 -3.346045e+01  1.500000e+01
     vertex  2.359114e+01 -3.343512e+01  1.300000e+01
     vertex  2.359114e+01 -3.343512e+01  1.500000e+01
   endloop
 endfacet
 facet normal  6.799333e-01 -7.332740e-01  0.000000e+00
   outer loop
     vertex  2.353410e+01 -3.348657e+01  1.500000e+01
     vertex  2.353410e+01 -3.348657e+01  1.300000e+01
     vertex  2.356227e+01 -3.346045e+01  1.300000e+01
   endloop
 endfacet
 facet normal  6.997940e-01 -7.143447e-01  0.000000e+00
   outer loop
     vertex  2.353410e+01 -3.348657e+01  1.500000e+01
     vertex  2.350666e+01 -3.351345e+01  1.300000e+01
     vertex  2.353410e+01 -3.348657e+01  1.300000e+01
   endloop
 endfacet
 facet normal  6.799333e-01 -7.332740e-01  0.000000e+00
   outer loop
     vertex  2.353410e+01 -3.348657e+01  1.500000e+01
     vertex  2.356227e+01 -3.346045e+01  1.300000e+01
     vertex  2.356227e+01 -3.346045e+01  1.500000e+01
   endloop
 endfacet
 facet normal  6.997940e-01 -7.143447e-01  0.000000e+00
   outer loop
     vertex  2.350666e+01 -3.351345e+01  1.500000e+01
     vertex  2.350666e+01 -3.351345e+01  1.300000e+01
     vertex  2.353410e+01 -3.348657e+01  1.500000e+01
   endloop
 endfacet
 facet normal  7.191280e-01 -6.948776e-01  0.000000e+00
   outer loop
     vertex  2.350666e+01 -3.351345e+01  1.500000e+01
     vertex  2.347997e+01 -3.354107e+01  1.300000e+01
     vertex  2.350666e+01 -3.351345e+01  1.300000e+01
   endloop
 endfacet
 facet normal  7.191280e-01 -6.948776e-01  0.000000e+00
   outer loop
     vertex  2.347997e+01 -3.354107e+01  1.500000e+01
     vertex  2.347997e+01 -3.354107e+01  1.300000e+01
     vertex  2.350666e+01 -3.351345e+01  1.500000e+01
   endloop
 endfacet
 facet normal  7.379206e-01 -6.748875e-01  0.000000e+00
   outer loop
     vertex  2.347997e+01 -3.354107e+01  1.500000e+01
     vertex  2.345405e+01 -3.356942e+01  1.300000e+01
     vertex  2.347997e+01 -3.354107e+01  1.300000e+01
   endloop
 endfacet
 facet normal  7.379206e-01 -6.748875e-01  0.000000e+00
   outer loop
     vertex  2.345405e+01 -3.356942e+01  1.500000e+01
     vertex  2.345405e+01 -3.356942e+01  1.300000e+01
     vertex  2.347997e+01 -3.354107e+01  1.500000e+01
   endloop
 endfacet
 facet normal  7.561578e-01 -6.543893e-01  0.000000e+00
   outer loop
     vertex  2.342891e+01 -3.359846e+01  1.500000e+01
     vertex  2.345405e+01 -3.356942e+01  1.300000e+01
     vertex  2.345405e+01 -3.356942e+01  1.500000e+01
   endloop
 endfacet
 facet normal  7.561578e-01 -6.543893e-01  0.000000e+00
   outer loop
     vertex  2.342891e+01 -3.359846e+01  1.500000e+01
     vertex  2.342891e+01 -3.359846e+01  1.300000e+01
     vertex  2.345405e+01 -3.356942e+01  1.300000e+01
   endloop
 endfacet
 facet normal  7.738257e-01 -6.333986e-01  0.000000e+00
   outer loop
     vertex  2.342891e+01 -3.359846e+01  1.500000e+01
     vertex  2.340458e+01 -3.362819e+01  1.300000e+01
     vertex  2.342891e+01 -3.359846e+01  1.300000e+01
   endloop
 endfacet
 facet normal  7.738257e-01 -6.333986e-01  0.000000e+00
   outer loop
     vertex  2.340458e+01 -3.362819e+01  1.500000e+01
     vertex  2.340458e+01 -3.362819e+01  1.300000e+01
     vertex  2.342891e+01 -3.359846e+01  1.500000e+01
   endloop
 endfacet
 facet normal  7.909112e-01 -6.119310e-01  0.000000e+00
   outer loop
     vertex  2.338108e+01 -3.365857e+01  1.500000e+01
     vertex  2.338108e+01 -3.365857e+01  1.300000e+01
     vertex  2.340458e+01 -3.362819e+01  1.300000e+01
   endloop
 endfacet
 facet normal  8.074012e-01 -5.900028e-01  0.000000e+00
   outer loop
     vertex  2.338108e+01 -3.365857e+01  1.500000e+01
     vertex  2.335841e+01 -3.368958e+01  1.300000e+01
     vertex  2.338108e+01 -3.365857e+01  1.300000e+01
   endloop
 endfacet
 facet normal  7.909112e-01 -6.119310e-01  0.000000e+00
   outer loop
     vertex  2.338108e+01 -3.365857e+01  1.500000e+01
     vertex  2.340458e+01 -3.362819e+01  1.300000e+01
     vertex  2.340458e+01 -3.362819e+01  1.500000e+01
   endloop
 endfacet
 facet normal  8.074012e-01 -5.900028e-01  0.000000e+00
   outer loop
     vertex  2.335841e+01 -3.368958e+01  1.500000e+01
     vertex  2.335841e+01 -3.368958e+01  1.300000e+01
     vertex  2.338108e+01 -3.365857e+01  1.500000e+01
   endloop
 endfacet
 facet normal  8.232835e-01 -5.676304e-01  0.000000e+00
   outer loop
     vertex  2.333661e+01 -3.372120e+01  1.500000e+01
     vertex  2.333661e+01 -3.372120e+01  1.300000e+01
     vertex  2.335841e+01 -3.368958e+01  1.300000e+01
   endloop
 endfacet
 facet normal  8.232835e-01 -5.676304e-01  0.000000e+00
   outer loop
     vertex  2.333661e+01 -3.372120e+01  1.500000e+01
     vertex  2.335841e+01 -3.368958e+01  1.300000e+01
     vertex  2.335841e+01 -3.368958e+01  1.500000e+01
   endloop
 endfacet
 facet normal  8.385460e-01 -5.448308e-01  0.000000e+00
   outer loop
     vertex  2.331568e+01 -3.375341e+01  1.500000e+01
     vertex  2.331568e+01 -3.375341e+01  1.300000e+01
     vertex  2.333661e+01 -3.372120e+01  1.300000e+01
   endloop
 endfacet
 facet normal  8.385460e-01 -5.448308e-01  0.000000e+00
   outer loop
     vertex  2.331568e+01 -3.375341e+01  1.500000e+01
     vertex  2.333661e+01 -3.372120e+01  1.300000e+01
     vertex  2.333661e+01 -3.372120e+01  1.500000e+01
   endloop
 endfacet
 facet normal  8.531773e-01 -5.216210e-01  0.000000e+00
   outer loop
     vertex  2.329565e+01 -3.378619e+01  1.500000e+01
     vertex  2.329565e+01 -3.378619e+01  1.300000e+01
     vertex  2.331568e+01 -3.375341e+01  1.300000e+01
   endloop
 endfacet
 facet normal  8.531773e-01 -5.216210e-01  0.000000e+00
   outer loop
     vertex  2.329565e+01 -3.378619e+01  1.500000e+01
     vertex  2.331568e+01 -3.375341e+01  1.300000e+01
     vertex  2.331568e+01 -3.375341e+01  1.500000e+01
   endloop
 endfacet
 facet normal  8.671664e-01 -4.980186e-01  0.000000e+00
   outer loop
     vertex  2.327652e+01 -3.381949e+01  1.500000e+01
     vertex  2.327652e+01 -3.381949e+01  1.300000e+01
     vertex  2.329565e+01 -3.378619e+01  1.300000e+01
   endloop
 endfacet
 facet normal  8.671664e-01 -4.980186e-01  0.000000e+00
   outer loop
     vertex  2.327652e+01 -3.381949e+01  1.500000e+01
     vertex  2.329565e+01 -3.378619e+01  1.300000e+01
     vertex  2.329565e+01 -3.378619e+01  1.500000e+01
   endloop
 endfacet
 facet normal  8.805026e-01 -4.740412e-01  0.000000e+00
   outer loop
     vertex  2.325831e+01 -3.385332e+01  1.500000e+01
     vertex  2.325831e+01 -3.385332e+01  1.300000e+01
     vertex  2.327652e+01 -3.381949e+01  1.300000e+01
   endloop
 endfacet
 facet normal  8.805026e-01 -4.740412e-01  0.000000e+00
   outer loop
     vertex  2.325831e+01 -3.385332e+01  1.500000e+01
     vertex  2.327652e+01 -3.381949e+01  1.300000e+01
     vertex  2.327652e+01 -3.381949e+01  1.500000e+01
   endloop
 endfacet
 facet normal  8.931761e-01 -4.497071e-01  0.000000e+00
   outer loop
     vertex  2.324103e+01 -3.388762e+01  1.500000e+01
     vertex  2.324103e+01 -3.388762e+01  1.300000e+01
     vertex  2.325831e+01 -3.385332e+01  1.300000e+01
   endloop
 endfacet
 facet normal  9.051772e-01 -4.250344e-01  0.000000e+00
   outer loop
     vertex  2.324103e+01 -3.388762e+01  1.500000e+01
     vertex  2.322471e+01 -3.392239e+01  1.300000e+01
     vertex  2.324103e+01 -3.388762e+01  1.300000e+01
   endloop
 endfacet
 facet normal  8.931761e-01 -4.497071e-01  0.000000e+00
   outer loop
     vertex  2.324103e+01 -3.388762e+01  1.500000e+01
     vertex  2.325831e+01 -3.385332e+01  1.300000e+01
     vertex  2.325831e+01 -3.385332e+01  1.500000e+01
   endloop
 endfacet
 facet normal  9.051772e-01 -4.250344e-01  0.000000e+00
   outer loop
     vertex  2.322471e+01 -3.392239e+01  1.500000e+01
     vertex  2.322471e+01 -3.392239e+01  1.300000e+01
     vertex  2.324103e+01 -3.388762e+01  1.500000e+01
   endloop
 endfacet
 facet normal  9.164969e-01 -4.000417e-01  0.000000e+00
   outer loop
     vertex  2.320934e+01 -3.395760e+01  1.500000e+01
     vertex  2.320934e+01 -3.395760e+01  1.300000e+01
     vertex  2.322471e+01 -3.392239e+01  1.300000e+01
   endloop
 endfacet
 facet normal  9.271267e-01 -3.747479e-01  0.000000e+00
   outer loop
     vertex  2.320934e+01 -3.395760e+01  1.500000e+01
     vertex  2.319495e+01 -3.399321e+01  1.300000e+01
     vertex  2.320934e+01 -3.395760e+01  1.300000e+01
   endloop
 endfacet
 facet normal  9.164969e-01 -4.000417e-01  0.000000e+00
   outer loop
     vertex  2.320934e+01 -3.395760e+01  1.500000e+01
     vertex  2.322471e+01 -3.392239e+01  1.300000e+01
     vertex  2.322471e+01 -3.392239e+01  1.500000e+01
   endloop
 endfacet
 facet normal  9.271267e-01 -3.747479e-01  0.000000e+00
   outer loop
     vertex  2.319495e+01 -3.399321e+01  1.500000e+01
     vertex  2.319495e+01 -3.399321e+01  1.300000e+01
     vertex  2.320934e+01 -3.395760e+01  1.500000e+01
   endloop
 endfacet
 facet normal  9.370586e-01 -3.491720e-01  0.000000e+00
   outer loop
     vertex  2.318154e+01 -3.402920e+01  1.500000e+01
     vertex  2.318154e+01 -3.402920e+01  1.300000e+01
     vertex  2.319495e+01 -3.399321e+01  1.300000e+01
   endloop
 endfacet
 facet normal  9.370586e-01 -3.491720e-01  0.000000e+00
   outer loop
     vertex  2.318154e+01 -3.402920e+01  1.500000e+01
     vertex  2.319495e+01 -3.399321e+01  1.300000e+01
     vertex  2.319495e+01 -3.399321e+01  1.500000e+01
   endloop
 endfacet
 facet normal  9.462851e-01 -3.233333e-01  0.000000e+00
   outer loop
     vertex  2.316912e+01 -3.406555e+01  1.500000e+01
     vertex  2.316912e+01 -3.406555e+01  1.300000e+01
     vertex  2.318154e+01 -3.402920e+01  1.300000e+01
   endloop
 endfacet
 facet normal  9.462851e-01 -3.233333e-01  0.000000e+00
   outer loop
     vertex  2.316912e+01 -3.406555e+01  1.500000e+01
     vertex  2.318154e+01 -3.402920e+01  1.300000e+01
     vertex  2.318154e+01 -3.402920e+01  1.500000e+01
   endloop
 endfacet
 facet normal  9.547993e-01 -2.972512e-01  0.000000e+00
   outer loop
     vertex  2.315770e+01 -3.410223e+01  1.500000e+01
     vertex  2.315770e+01 -3.410223e+01  1.300000e+01
     vertex  2.316912e+01 -3.406555e+01  1.300000e+01
   endloop
 endfacet
 facet normal  9.625948e-01 -2.709453e-01  0.000000e+00
   outer loop
     vertex  2.315770e+01 -3.410223e+01  1.500000e+01
     vertex  2.314729e+01 -3.413920e+01  1.300000e+01
     vertex  2.315770e+01 -3.410223e+01  1.300000e+01
   endloop
 endfacet
 facet normal  9.547993e-01 -2.972512e-01  0.000000e+00
   outer loop
     vertex  2.315770e+01 -3.410223e+01  1.500000e+01
     vertex  2.316912e+01 -3.406555e+01  1.300000e+01
     vertex  2.316912e+01 -3.406555e+01  1.500000e+01
   endloop
 endfacet
 facet normal  9.625948e-01 -2.709453e-01  0.000000e+00
   outer loop
     vertex  2.314729e+01 -3.413920e+01  1.500000e+01
     vertex  2.314729e+01 -3.413920e+01  1.300000e+01
     vertex  2.315770e+01 -3.410223e+01  1.500000e+01
   endloop
 endfacet
 facet normal  9.696656e-01 -2.444354e-01  0.000000e+00
   outer loop
     vertex  2.313790e+01 -3.417645e+01  1.500000e+01
     vertex  2.313790e+01 -3.417645e+01  1.300000e+01
     vertex  2.314729e+01 -3.413920e+01  1.300000e+01
   endloop
 endfacet
 facet normal  9.696656e-01 -2.444354e-01  0.000000e+00
   outer loop
     vertex  2.313790e+01 -3.417645e+01  1.500000e+01
     vertex  2.314729e+01 -3.413920e+01  1.300000e+01
     vertex  2.314729e+01 -3.413920e+01  1.500000e+01
   endloop
 endfacet
 facet normal  9.760065e-01 -2.177416e-01  0.000000e+00
   outer loop
     vertex  2.312954e+01 -3.421394e+01  1.500000e+01
     vertex  2.312954e+01 -3.421394e+01  1.300000e+01
     vertex  2.313790e+01 -3.417645e+01  1.300000e+01
   endloop
 endfacet
 facet normal  9.760065e-01 -2.177416e-01  0.000000e+00
   outer loop
     vertex  2.312954e+01 -3.421394e+01  1.500000e+01
     vertex  2.313790e+01 -3.417645e+01  1.300000e+01
     vertex  2.313790e+01 -3.417645e+01  1.500000e+01
   endloop
 endfacet
 facet normal  9.816126e-01 -1.908838e-01  0.000000e+00
   outer loop
     vertex  2.312221e+01 -3.425164e+01  1.500000e+01
     vertex  2.312221e+01 -3.425164e+01  1.300000e+01
     vertex  2.312954e+01 -3.421394e+01  1.300000e+01
   endloop
 endfacet
 facet normal  9.864799e-01 -1.638824e-01  0.000000e+00
   outer loop
     vertex  2.312221e+01 -3.425164e+01  1.500000e+01
     vertex  2.311591e+01 -3.428953e+01  1.300000e+01
     vertex  2.312221e+01 -3.425164e+01  1.300000e+01
   endloop
 endfacet
 facet normal  9.816126e-01 -1.908838e-01  0.000000e+00
   outer loop
     vertex  2.312221e+01 -3.425164e+01  1.500000e+01
     vertex  2.312954e+01 -3.421394e+01  1.300000e+01
     vertex  2.312954e+01 -3.421394e+01  1.500000e+01
   endloop
 endfacet
 facet normal  9.906046e-01 -1.367575e-01  0.000000e+00
   outer loop
     vertex  2.311591e+01 -3.428953e+01  1.500000e+01
     vertex  2.311066e+01 -3.432758e+01  1.300000e+01
     vertex  2.311591e+01 -3.428953e+01  1.300000e+01
   endloop
 endfacet
 facet normal  9.864799e-01 -1.638824e-01  0.000000e+00
   outer loop
     vertex  2.311591e+01 -3.428953e+01  1.500000e+01
     vertex  2.311591e+01 -3.428953e+01  1.300000e+01
     vertex  2.312221e+01 -3.425164e+01  1.500000e+01
   endloop
 endfacet
 facet normal  9.906046e-01 -1.367575e-01  0.000000e+00
   outer loop
     vertex  2.311066e+01 -3.432758e+01  1.500000e+01
     vertex  2.311066e+01 -3.432758e+01  1.300000e+01
     vertex  2.311591e+01 -3.428953e+01  1.500000e+01
   endloop
 endfacet
 facet normal  9.939835e-01 -1.095298e-01  0.000000e+00
   outer loop
     vertex  2.310645e+01 -3.436576e+01  1.500000e+01
     vertex  2.311066e+01 -3.432758e+01  1.300000e+01
     vertex  2.311066e+01 -3.432758e+01  1.500000e+01
   endloop
 endfacet
 facet normal  9.939835e-01 -1.095298e-01  0.000000e+00
   outer loop
     vertex  2.310645e+01 -3.436576e+01  1.500000e+01
     vertex  2.310645e+01 -3.436576e+01  1.300000e+01
     vertex  2.311066e+01 -3.432758e+01  1.300000e+01
   endloop
 endfacet
 facet normal  9.966142e-01 -8.221955e-02  0.000000e+00
   outer loop
     vertex  2.310329e+01 -3.440404e+01  1.500000e+01
     vertex  2.310645e+01 -3.436576e+01  1.300000e+01
     vertex  2.310645e+01 -3.436576e+01  1.500000e+01
   endloop
 endfacet
 facet normal  9.966142e-01 -8.221955e-02  0.000000e+00
   outer loop
     vertex  2.310329e+01 -3.440404e+01  1.500000e+01
     vertex  2.310329e+01 -3.440404e+01  1.300000e+01
     vertex  2.310645e+01 -3.436576e+01  1.300000e+01
   endloop
 endfacet
 facet normal  9.984947e-01 -5.484744e-02  0.000000e+00
   outer loop
     vertex  2.310329e+01 -3.440404e+01  1.500000e+01
     vertex  2.310119e+01 -3.444240e+01  1.300000e+01
     vertex  2.310329e+01 -3.440404e+01  1.300000e+01
   endloop
 endfacet
 facet normal  9.984947e-01 -5.484744e-02  0.000000e+00
   outer loop
     vertex  2.310119e+01 -3.444240e+01  1.500000e+01
     vertex  2.310119e+01 -3.444240e+01  1.300000e+01
     vertex  2.310329e+01 -3.440404e+01  1.500000e+01
   endloop
 endfacet
 facet normal  9.996236e-01 -2.743405e-02  0.000000e+00
   outer loop
     vertex  2.310119e+01 -3.444240e+01  1.500000e+01
     vertex  2.310013e+01 -3.448079e+01  1.300000e+01
     vertex  2.310119e+01 -3.444240e+01  1.300000e+01
   endloop
 endfacet
 facet normal  9.996236e-01 -2.743405e-02  0.000000e+00
   outer loop
     vertex  2.310013e+01 -3.448079e+01  1.500000e+01
     vertex  2.310013e+01 -3.448079e+01  1.300000e+01
     vertex  2.310119e+01 -3.444240e+01  1.500000e+01
   endloop
 endfacet
 facet normal  1.000000e+00 -0.000000e+00  0.000000e+00
   outer loop
     vertex  2.310013e+01 -3.451921e+01  1.500000e+01
     vertex  2.310013e+01 -3.448079e+01  1.300000e+01
     vertex  2.310013e+01 -3.448079e+01  1.500000e+01
   endloop
 endfacet
 facet normal  1.000000e+00  0.000000e+00  0.000000e+00
   outer loop
     vertex  2.310013e+01 -3.451921e+01  1.500000e+01
     vertex  2.310013e+01 -3.451921e+01  1.300000e+01
     vertex  2.310013e+01 -3.448079e+01  1.300000e+01
   endloop
 endfacet
 facet normal  9.996236e-01  2.743405e-02  0.000000e+00
   outer loop
     vertex  2.310013e+01 -3.451921e+01  1.500000e+01
     vertex  2.310119e+01 -3.455760e+01  1.300000e+01
     vertex  2.310013e+01 -3.451921e+01  1.300000e+01
   endloop
 endfacet
 facet normal  9.996236e-01  2.743405e-02  0.000000e+00
   outer loop
     vertex  2.310119e+01 -3.455760e+01  1.500000e+01
     vertex  2.310119e+01 -3.455760e+01  1.300000e+01
     vertex  2.310013e+01 -3.451921e+01  1.500000e+01
   endloop
 endfacet
 facet normal  9.984947e-01  5.484744e-02  0.000000e+00
   outer loop
     vertex  2.310329e+01 -3.459596e+01  1.500000e+01
     vertex  2.310119e+01 -3.455760e+01  1.300000e+01
     vertex  2.310119e+01 -3.455760e+01  1.500000e+01
   endloop
 endfacet
 facet normal  9.984947e-01  5.484744e-02  0.000000e+00
   outer loop
     vertex  2.310329e+01 -3.459596e+01  1.500000e+01
     vertex  2.310329e+01 -3.459596e+01  1.300000e+01
     vertex  2.310119e+01 -3.455760e+01  1.300000e+01
   endloop
 endfacet
 facet normal  9.966142e-01  8.221955e-02  0.000000e+00
   outer loop
     vertex  2.310329e+01 -3.459596e+01  1.500000e+01
     vertex  2.310645e+01 -3.463424e+01  1.300000e+01
     vertex  2.310329e+01 -3.459596e+01  1.300000e+01
   endloop
 endfacet
 facet normal  9.966142e-01  8.221955e-02  0.000000e+00
   outer loop
     vertex  2.310645e+01 -3.463424e+01  1.500000e+01
     vertex  2.310645e+01 -3.463424e+01  1.300000e+01
     vertex  2.310329e+01 -3.459596e+01  1.500000e+01
   endloop
 endfacet
 facet normal  9.939835e-01  1.095298e-01  0.000000e+00
   outer loop
     vertex  2.310645e+01 -3.463424e+01  1.500000e+01
     vertex  2.311066e+01 -3.467242e+01  1.300000e+01
     vertex  2.310645e+01 -3.463424e+01  1.300000e+01
   endloop
 endfacet
 facet normal  9.939835e-01  1.095298e-01  0.000000e+00
   outer loop
     vertex  2.311066e+01 -3.467242e+01  1.500000e+01
     vertex  2.311066e+01 -3.467242e+01  1.300000e+01
     vertex  2.310645e+01 -3.463424e+01  1.500000e+01
   endloop
 endfacet
 facet normal  9.906046e-01  1.367575e-01  0.000000e+00
   outer loop
     vertex  2.311591e+01 -3.471047e+01  1.500000e+01
     vertex  2.311066e+01 -3.467242e+01  1.300000e+01
     vertex  2.311066e+01 -3.467242e+01  1.500000e+01
   endloop
 endfacet
 facet normal  9.906046e-01  1.367575e-01  0.000000e+00
   outer loop
     vertex  2.311591e+01 -3.471047e+01  1.500000e+01
     vertex  2.311591e+01 -3.471047e+01  1.300000e+01
     vertex  2.311066e+01 -3.467242e+01  1.300000e+01
   endloop
 endfacet
 facet normal  9.864799e-01  1.638824e-01  0.000000e+00
   outer loop
     vertex  2.312221e+01 -3.474836e+01  1.500000e+01
     vertex  2.311591e+01 -3.471047e+01  1.300000e+01
     vertex  2.311591e+01 -3.471047e+01  1.500000e+01
   endloop
 endfacet
 facet normal  9.864799e-01  1.638824e-01  0.000000e+00
   outer loop
     vertex  2.312221e+01 -3.474836e+01  1.500000e+01
     vertex  2.312221e+01 -3.474836e+01  1.300000e+01
     vertex  2.311591e+01 -3.471047e+01  1.300000e+01
   endloop
 endfacet
 facet normal  9.816126e-01  1.908838e-01  0.000000e+00
   outer loop
     vertex  2.312221e+01 -3.474836e+01  1.500000e+01
     vertex  2.312954e+01 -3.478606e+01  1.300000e+01
     vertex  2.312221e+01 -3.474836e+01  1.300000e+01
   endloop
 endfacet
 facet normal  9.816126e-01  1.908838e-01  0.000000e+00
   outer loop
     vertex  2.312954e+01 -3.478606e+01  1.500000e+01
     vertex  2.312954e+01 -3.478606e+01  1.300000e+01
     vertex  2.312221e+01 -3.474836e+01  1.500000e+01
   endloop
 endfacet
 facet normal  9.760065e-01  2.177416e-01  0.000000e+00
   outer loop
     vertex  2.313790e+01 -3.482355e+01  1.500000e+01
     vertex  2.313790e+01 -3.482355e+01  1.300000e+01
     vertex  2.312954e+01 -3.478606e+01  1.300000e+01
   endloop
 endfacet
 facet normal  9.760065e-01  2.177416e-01  0.000000e+00
   outer loop
     vertex  2.313790e+01 -3.482355e+01  1.500000e+01
     vertex  2.312954e+01 -3.478606e+01  1.300000e+01
     vertex  2.312954e+01 -3.478606e+01  1.500000e+01
   endloop
 endfacet
 facet normal  9.696656e-01  2.444354e-01  0.000000e+00
   outer loop
     vertex  2.314729e+01 -3.486080e+01  1.500000e+01
     vertex  2.314729e+01 -3.486080e+01  1.300000e+01
     vertex  2.313790e+01 -3.482355e+01  1.300000e+01
   endloop
 endfacet
 facet normal  9.625948e-01  2.709453e-01  0.000000e+00
   outer loop
     vertex  2.314729e+01 -3.486080e+01  1.500000e+01
     vertex  2.315770e+01 -3.489777e+01  1.300000e+01
     vertex  2.314729e+01 -3.486080e+01  1.300000e+01
   endloop
 endfacet
 facet normal  9.696656e-01  2.444354e-01  0.000000e+00
   outer loop
     vertex  2.314729e+01 -3.486080e+01  1.500000e+01
     vertex  2.313790e+01 -3.482355e+01  1.300000e+01
     vertex  2.313790e+01 -3.482355e+01  1.500000e+01
   endloop
 endfacet
 facet normal  9.625948e-01  2.709453e-01  0.000000e+00
   outer loop
     vertex  2.315770e+01 -3.489777e+01  1.500000e+01
     vertex  2.315770e+01 -3.489777e+01  1.300000e+01
     vertex  2.314729e+01 -3.486080e+01  1.500000e+01
   endloop
 endfacet
 facet normal  9.547993e-01  2.972512e-01  0.000000e+00
   outer loop
     vertex  2.316912e+01 -3.493445e+01  1.500000e+01
     vertex  2.316912e+01 -3.493445e+01  1.300000e+01
     vertex  2.315770e+01 -3.489777e+01  1.300000e+01
   endloop
 endfacet
 facet normal  9.547993e-01  2.972512e-01  0.000000e+00
   outer loop
     vertex  2.316912e+01 -3.493445e+01  1.500000e+01
     vertex  2.315770e+01 -3.489777e+01  1.300000e+01
     vertex  2.315770e+01 -3.489777e+01  1.500000e+01
   endloop
 endfacet
 facet normal  9.462851e-01  3.233333e-01  0.000000e+00
   outer loop
     vertex  2.318154e+01 -3.497080e+01  1.500000e+01
     vertex  2.318154e+01 -3.497080e+01  1.300000e+01
     vertex  2.316912e+01 -3.493445e+01  1.300000e+01
   endloop
 endfacet
 facet normal  9.462851e-01  3.233333e-01  0.000000e+00
   outer loop
     vertex  2.318154e+01 -3.497080e+01  1.500000e+01
     vertex  2.316912e+01 -3.493445e+01  1.300000e+01
     vertex  2.316912e+01 -3.493445e+01  1.500000e+01
   endloop
 endfacet
 facet normal  9.370586e-01  3.491720e-01  0.000000e+00
   outer loop
     vertex  2.319495e+01 -3.500679e+01  1.500000e+01
     vertex  2.319495e+01 -3.500679e+01  1.300000e+01
     vertex  2.318154e+01 -3.497080e+01  1.300000e+01
   endloop
 endfacet
 facet normal  9.271267e-01  3.747479e-01  0.000000e+00
   outer loop
     vertex  2.319495e+01 -3.500679e+01  1.500000e+01
     vertex  2.320934e+01 -3.504240e+01  1.300000e+01
     vertex  2.319495e+01 -3.500679e+01  1.300000e+01
   endloop
 endfacet
 facet normal  9.370586e-01  3.491720e-01  0.000000e+00
   outer loop
     vertex  2.319495e+01 -3.500679e+01  1.500000e+01
     vertex  2.318154e+01 -3.497080e+01  1.300000e+01
     vertex  2.318154e+01 -3.497080e+01  1.500000e+01
   endloop
 endfacet
 facet normal  9.271267e-01  3.747479e-01  0.000000e+00
   outer loop
     vertex  2.320934e+01 -3.504240e+01  1.500000e+01
     vertex  2.320934e+01 -3.504240e+01  1.300000e+01
     vertex  2.319495e+01 -3.500679e+01  1.500000e+01
   endloop
 endfacet
 facet normal  9.164969e-01  4.000417e-01  0.000000e+00
   outer loop
     vertex  2.322471e+01 -3.507761e+01  1.500000e+01
     vertex  2.322471e+01 -3.507761e+01  1.300000e+01
     vertex  2.320934e+01 -3.504240e+01  1.300000e+01
   endloop
 endfacet
 facet normal  9.164969e-01  4.000417e-01  0.000000e+00
   outer loop
     vertex  2.322471e+01 -3.507761e+01  1.500000e+01
     vertex  2.320934e+01 -3.504240e+01  1.300000e+01
     vertex  2.320934e+01 -3.504240e+01  1.500000e+01
   endloop
 endfacet
 facet normal  9.051772e-01  4.250344e-01  0.000000e+00
   outer loop
     vertex  2.324103e+01 -3.511238e+01  1.500000e+01
     vertex  2.324103e+01 -3.511238e+01  1.300000e+01
     vertex  2.322471e+01 -3.507761e+01  1.300000e+01
   endloop
 endfacet
 facet normal  9.051772e-01  4.250344e-01  0.000000e+00
   outer loop
     vertex  2.324103e+01 -3.511238e+01  1.500000e+01
     vertex  2.322471e+01 -3.507761e+01  1.300000e+01
     vertex  2.322471e+01 -3.507761e+01  1.500000e+01
   endloop
 endfacet
 facet normal  8.931761e-01  4.497071e-01  0.000000e+00
   outer loop
     vertex  2.325831e+01 -3.514668e+01  1.500000e+01
     vertex  2.325831e+01 -3.514668e+01  1.300000e+01
     vertex  2.324103e+01 -3.511238e+01  1.300000e+01
   endloop
 endfacet
 facet normal  8.805026e-01  4.740412e-01  0.000000e+00
   outer loop
     vertex  2.325831e+01 -3.514668e+01  1.500000e+01
     vertex  2.327652e+01 -3.518051e+01  1.300000e+01
     vertex  2.325831e+01 -3.514668e+01  1.300000e+01
   endloop
 endfacet
 facet normal  8.931761e-01  4.497071e-01  0.000000e+00
   outer loop
     vertex  2.325831e+01 -3.514668e+01  1.500000e+01
     vertex  2.324103e+01 -3.511238e+01  1.300000e+01
     vertex  2.324103e+01 -3.511238e+01  1.500000e+01
   endloop
 endfacet
 facet normal  8.671664e-01  4.980186e-01  0.000000e+00
   outer loop
     vertex  2.327652e+01 -3.518051e+01  1.500000e+01
     vertex  2.329565e+01 -3.521381e+01  1.300000e+01
     vertex  2.327652e+01 -3.518051e+01  1.300000e+01
   endloop
 endfacet
 facet normal  8.805026e-01  4.740412e-01  0.000000e+00
   outer loop
     vertex  2.327652e+01 -3.518051e+01  1.500000e+01
     vertex  2.327652e+01 -3.518051e+01  1.300000e+01
     vertex  2.325831e+01 -3.514668e+01  1.500000e+01
   endloop
 endfacet
 facet normal  8.671664e-01  4.980186e-01  0.000000e+00
   outer loop
     vertex  2.329565e+01 -3.521381e+01  1.500000e+01
     vertex  2.329565e+01 -3.521381e+01  1.300000e+01
     vertex  2.327652e+01 -3.518051e+01  1.500000e+01
   endloop
 endfacet
 facet normal  8.531773e-01  5.216210e-01  0.000000e+00
   outer loop
     vertex  2.331568e+01 -3.524659e+01  1.500000e+01
     vertex  2.331568e+01 -3.524659e+01  1.300000e+01
     vertex  2.329565e+01 -3.521381e+01  1.300000e+01
   endloop
 endfacet
 facet normal  8.385460e-01  5.448308e-01  0.000000e+00
   outer loop
     vertex  2.331568e+01 -3.524659e+01  1.500000e+01
     vertex  2.333661e+01 -3.527880e+01  1.300000e+01
     vertex  2.331568e+01 -3.524659e+01  1.300000e+01
   endloop
 endfacet
 facet normal  8.531773e-01  5.216210e-01  0.000000e+00
   outer loop
     vertex  2.331568e+01 -3.524659e+01  1.500000e+01
     vertex  2.329565e+01 -3.521381e+01  1.300000e+01
     vertex  2.329565e+01 -3.521381e+01  1.500000e+01
   endloop
 endfacet
 facet normal  8.385460e-01  5.448308e-01  0.000000e+00
   outer loop
     vertex  2.333661e+01 -3.527880e+01  1.500000e+01
     vertex  2.333661e+01 -3.527880e+01  1.300000e+01
     vertex  2.331568e+01 -3.524659e+01  1.500000e+01
   endloop
 endfacet
 facet normal  8.232835e-01  5.676304e-01  0.000000e+00
   outer loop
     vertex  2.335841e+01 -3.531042e+01  1.500000e+01
     vertex  2.333661e+01 -3.527880e+01  1.300000e+01
     vertex  2.333661e+01 -3.527880e+01  1.500000e+01
   endloop
 endfacet
 facet normal  8.232835e-01  5.676304e-01  0.000000e+00
   outer loop
     vertex  2.335841e+01 -3.531042e+01  1.500000e+01
     vertex  2.335841e+01 -3.531042e+01  1.300000e+01
     vertex  2.333661e+01 -3.527880e+01  1.300000e+01
   endloop
 endfacet
 facet normal  8.074012e-01  5.900028e-01  0.000000e+00
   outer loop
     vertex  2.335841e+01 -3.531042e+01  1.500000e+01
     vertex  2.338108e+01 -3.534143e+01  1.300000e+01
     vertex  2.335841e+01 -3.531042e+01  1.300000e+01
   endloop
 endfacet
 facet normal  8.074012e-01  5.900028e-01  0.000000e+00
   outer loop
     vertex  2.338108e+01 -3.534143e+01  1.500000e+01
     vertex  2.338108e+01 -3.534143e+01  1.300000e+01
     vertex  2.335841e+01 -3.531042e+01  1.500000e+01
   endloop
 endfacet
 facet normal  7.909112e-01  6.119310e-01  0.000000e+00
   outer loop
     vertex  2.340458e+01 -3.537181e+01  1.500000e+01
     vertex  2.338108e+01 -3.534143e+01  1.300000e+01
     vertex  2.338108e+01 -3.534143e+01  1.500000e+01
   endloop
 endfacet
 facet normal  7.909112e-01  6.119310e-01  0.000000e+00
   outer loop
     vertex  2.340458e+01 -3.537181e+01  1.500000e+01
     vertex  2.340458e+01 -3.537181e+01  1.300000e+01
     vertex  2.338108e+01 -3.534143e+01  1.300000e+01
   endloop
 endfacet
 facet normal  7.738257e-01  6.333986e-01  0.000000e+00
   outer loop
     vertex  2.340458e+01 -3.537181e+01  1.500000e+01
     vertex  2.342891e+01 -3.540154e+01  1.300000e+01
     vertex  2.340458e+01 -3.537181e+01  1.300000e+01
   endloop
 endfacet
 facet normal  7.738257e-01  6.333986e-01  0.000000e+00
   outer loop
     vertex  2.342891e+01 -3.540154e+01  1.500000e+01
     vertex  2.342891e+01 -3.540154e+01  1.300000e+01
     vertex  2.340458e+01 -3.537181e+01  1.500000e+01
   endloop
 endfacet
 facet normal  7.561578e-01  6.543893e-01  0.000000e+00
   outer loop
     vertex  2.345405e+01 -3.543058e+01  1.500000e+01
     vertex  2.342891e+01 -3.540154e+01  1.300000e+01
     vertex  2.342891e+01 -3.540154e+01  1.500000e+01
   endloop
 endfacet
 facet normal  7.561578e-01  6.543893e-01  0.000000e+00
   outer loop
     vertex  2.345405e+01 -3.543058e+01  1.500000e+01
     vertex  2.345405e+01 -3.543058e+01  1.300000e+01
     vertex  2.342891e+01 -3.540154e+01  1.300000e+01
   endloop
 endfacet
 facet normal  7.379206e-01  6.748875e-01  0.000000e+00
   outer loop
     vertex  2.347997e+01 -3.545893e+01  1.500000e+01
     vertex  2.345405e+01 -3.543058e+01  1.300000e+01
     vertex  2.345405e+01 -3.543058e+01  1.500000e+01
   endloop
 endfacet
 facet normal  7.379206e-01  6.748875e-01  0.000000e+00
   outer loop
     vertex  2.347997e+01 -3.545893e+01  1.500000e+01
     vertex  2.347997e+01 -3.545893e+01  1.300000e+01
     vertex  2.345405e+01 -3.543058e+01  1.300000e+01
   endloop
 endfacet
 facet normal  7.191280e-01  6.948776e-01  0.000000e+00
   outer loop
     vertex  2.350666e+01 -3.548655e+01  1.500000e+01
     vertex  2.347997e+01 -3.545893e+01  1.300000e+01
     vertex  2.347997e+01 -3.545893e+01  1.500000e+01
   endloop
 endfacet
 facet normal  7.191280e-01  6.948776e-01  0.000000e+00
   outer loop
     vertex  2.350666e+01 -3.548655e+01  1.500000e+01
     vertex  2.350666e+01 -3.548655e+01  1.300000e+01
     vertex  2.347997e+01 -3.545893e+01  1.300000e+01
   endloop
 endfacet
 facet normal  6.997940e-01  7.143447e-01  0.000000e+00
   outer loop
     vertex  2.353410e+01 -3.551343e+01  1.500000e+01
     vertex  2.350666e+01 -3.548655e+01  1.300000e+01
     vertex  2.350666e+01 -3.548655e+01  1.500000e+01
   endloop
 endfacet
 facet normal  6.997940e-01  7.143447e-01  0.000000e+00
   outer loop
     vertex  2.353410e+01 -3.551343e+01  1.500000e+01
     vertex  2.353410e+01 -3.551343e+01  1.300000e+01
     vertex  2.350666e+01 -3.548655e+01  1.300000e+01
   endloop
 endfacet
 facet normal  6.799333e-01  7.332740e-01  0.000000e+00
   outer loop
     vertex  2.353410e+01 -3.551343e+01  1.500000e+01
     vertex  2.356227e+01 -3.553955e+01  1.300000e+01
     vertex  2.353410e+01 -3.551343e+01  1.300000e+01
   endloop
 endfacet
 facet normal  6.799333e-01  7.332740e-01  0.000000e+00
   outer loop
     vertex  2.356227e+01 -3.553955e+01  1.500000e+01
     vertex  2.356227e+01 -3.553955e+01  1.300000e+01
     vertex  2.353410e+01 -3.551343e+01  1.500000e+01
   endloop
 endfacet
 facet normal  6.595607e-01  7.516513e-01  0.000000e+00
   outer loop
     vertex  2.356227e+01 -3.553955e+01  1.500000e+01
     vertex  2.359114e+01 -3.556488e+01  1.300000e+01
     vertex  2.356227e+01 -3.553955e+01  1.300000e+01
   endloop
 endfacet
 facet normal  6.595607e-01  7.516513e-01  0.000000e+00
   outer loop
     vertex  2.359114e+01 -3.556488e+01  1.500000e+01
     vertex  2.359114e+01 -3.556488e+01  1.300000e+01
     vertex  2.356227e+01 -3.553955e+01  1.500000e+01
   endloop
 endfacet
 facet normal  6.386916e-01  7.694628e-01  0.000000e+00
   outer loop
     vertex  2.362069e+01 -3.558941e+01  1.500000e+01
     vertex  2.359114e+01 -3.556488e+01  1.300000e+01
     vertex  2.359114e+01 -3.556488e+01  1.500000e+01
   endloop
 endfacet
 facet normal  6.386916e-01  7.694628e-01  0.000000e+00
   outer loop
     vertex  2.362069e+01 -3.558941e+01  1.500000e+01
     vertex  2.362069e+01 -3.558941e+01  1.300000e+01
     vertex  2.359114e+01 -3.556488e+01  1.300000e+01
   endloop
 endfacet
 facet normal  6.173417e-01  7.866951e-01  0.000000e+00
   outer loop
     vertex  2.365091e+01 -3.561313e+01  1.500000e+01
     vertex  2.362069e+01 -3.558941e+01  1.300000e+01
     vertex  2.362069e+01 -3.558941e+01  1.500000e+01
   endloop
 endfacet
 facet normal  6.173417e-01  7.866951e-01  0.000000e+00
   outer loop
     vertex  2.365091e+01 -3.561313e+01  1.500000e+01
     vertex  2.365091e+01 -3.561313e+01  1.300000e+01
     vertex  2.362069e+01 -3.558941e+01  1.300000e+01
   endloop
 endfacet
 facet normal  5.955271e-01  8.033352e-01  0.000000e+00
   outer loop
     vertex  2.368177e+01 -3.563600e+01  1.500000e+01
     vertex  2.365091e+01 -3.561313e+01  1.300000e+01
     vertex  2.365091e+01 -3.561313e+01  1.500000e+01
   endloop
 endfacet
 facet normal  5.955271e-01  8.033352e-01  0.000000e+00
   outer loop
     vertex  2.368177e+01 -3.563600e+01  1.500000e+01
     vertex  2.368177e+01 -3.563600e+01  1.300000e+01
     vertex  2.365091e+01 -3.561313e+01  1.300000e+01
   endloop
 endfacet
 facet normal  5.732642e-01  8.193706e-01  0.000000e+00
   outer loop
     vertex  2.371324e+01 -3.565802e+01  1.500000e+01
     vertex  2.368177e+01 -3.563600e+01  1.300000e+01
     vertex  2.368177e+01 -3.563600e+01  1.500000e+01
   endloop
 endfacet
 facet normal  5.732642e-01  8.193706e-01  0.000000e+00
   outer loop
     vertex  2.371324e+01 -3.565802e+01  1.500000e+01
     vertex  2.371324e+01 -3.565802e+01  1.300000e+01
     vertex  2.368177e+01 -3.563600e+01  1.300000e+01
   endloop
 endfacet
 facet normal  5.505698e-01  8.347891e-01  0.000000e+00
   outer loop
     vertex  2.374531e+01 -3.567917e+01  1.500000e+01
     vertex  2.371324e+01 -3.565802e+01  1.300000e+01
     vertex  2.371324e+01 -3.565802e+01  1.500000e+01
   endloop
 endfacet
 facet normal  5.505698e-01  8.347891e-01  0.000000e+00
   outer loop
     vertex  2.374531e+01 -3.567917e+01  1.500000e+01
     vertex  2.374531e+01 -3.567917e+01  1.300000e+01
     vertex  2.371324e+01 -3.565802e+01  1.300000e+01
   endloop
 endfacet
 facet normal  5.274609e-01  8.495793e-01  0.000000e+00
   outer loop
     vertex  2.374531e+01 -3.567917e+01  1.500000e+01
     vertex  2.377794e+01 -3.569943e+01  1.300000e+01
     vertex  2.374531e+01 -3.567917e+01  1.300000e+01
   endloop
 endfacet
 facet normal  5.274609e-01  8.495793e-01  0.000000e+00
   outer loop
     vertex  2.377794e+01 -3.569943e+01  1.500000e+01
     vertex  2.377794e+01 -3.569943e+01  1.300000e+01
     vertex  2.374531e+01 -3.567917e+01  1.500000e+01
   endloop
 endfacet
 facet normal  5.039550e-01  8.637299e-01  0.000000e+00
   outer loop
     vertex  2.381112e+01 -3.571879e+01  1.500000e+01
     vertex  2.377794e+01 -3.569943e+01  1.300000e+01
     vertex  2.377794e+01 -3.569943e+01  1.500000e+01
   endloop
 endfacet
 facet normal  5.039550e-01  8.637299e-01  0.000000e+00
   outer loop
     vertex  2.381112e+01 -3.571879e+01  1.500000e+01
     vertex  2.381112e+01 -3.571879e+01  1.300000e+01
     vertex  2.377794e+01 -3.569943e+01  1.300000e+01
   endloop
 endfacet
 facet normal  4.800697e-01  8.772303e-01  0.000000e+00
   outer loop
     vertex  2.384481e+01 -3.573723e+01  1.500000e+01
     vertex  2.381112e+01 -3.571879e+01  1.300000e+01
     vertex  2.381112e+01 -3.571879e+01  1.500000e+01
   endloop
 endfacet
 facet normal  4.800697e-01  8.772303e-01  0.000000e+00
   outer loop
     vertex  2.384481e+01 -3.573723e+01  1.500000e+01
     vertex  2.384481e+01 -3.573723e+01  1.300000e+01
     vertex  2.381112e+01 -3.571879e+01  1.300000e+01
   endloop
 endfacet
 facet normal  4.558231e-01  8.900704e-01  0.000000e+00
   outer loop
     vertex  2.387900e+01 -3.575474e+01  1.500000e+01
     vertex  2.384481e+01 -3.573723e+01  1.300000e+01
     vertex  2.384481e+01 -3.573723e+01  1.500000e+01
   endloop
 endfacet
 facet normal  4.558231e-01  8.900704e-01  0.000000e+00
   outer loop
     vertex  2.387900e+01 -3.575474e+01  1.500000e+01
     vertex  2.387900e+01 -3.575474e+01  1.300000e+01
     vertex  2.384481e+01 -3.573723e+01  1.300000e+01
   endloop
 endfacet
 facet normal  4.312333e-01  9.022405e-01  0.000000e+00
   outer loop
     vertex  2.391366e+01 -3.577130e+01  1.500000e+01
     vertex  2.387900e+01 -3.575474e+01  1.300000e+01
     vertex  2.387900e+01 -3.575474e+01  1.500000e+01
   endloop
 endfacet
 facet normal  4.312333e-01  9.022405e-01  0.000000e+00
   outer loop
     vertex  2.391366e+01 -3.577130e+01  1.500000e+01
     vertex  2.391366e+01 -3.577130e+01  1.300000e+01
     vertex  2.387900e+01 -3.575474e+01  1.300000e+01
   endloop
 endfacet
 facet normal  4.063188e-01  9.137314e-01  0.000000e+00
   outer loop
     vertex  2.394876e+01 -3.578691e+01  1.500000e+01
     vertex  2.391366e+01 -3.577130e+01  1.300000e+01
     vertex  2.391366e+01 -3.577130e+01  1.500000e+01
   endloop
 endfacet
 facet normal  4.063188e-01  9.137314e-01  0.000000e+00
   outer loop
     vertex  2.394876e+01 -3.578691e+01  1.500000e+01
     vertex  2.394876e+01 -3.578691e+01  1.300000e+01
     vertex  2.391366e+01 -3.577130e+01  1.300000e+01
   endloop
 endfacet
 facet normal  3.810986e-01  9.245344e-01  0.000000e+00
   outer loop
     vertex  2.394876e+01 -3.578691e+01  1.500000e+01
     vertex  2.398427e+01 -3.580155e+01  1.300000e+01
     vertex  2.394876e+01 -3.578691e+01  1.300000e+01
   endloop
 endfacet
 facet normal  3.810986e-01  9.245344e-01  0.000000e+00
   outer loop
     vertex  2.398427e+01 -3.580155e+01  1.500000e+01
     vertex  2.398427e+01 -3.580155e+01  1.300000e+01
     vertex  2.394876e+01 -3.578691e+01  1.500000e+01
   endloop
 endfacet
 facet normal  3.555914e-01  9.346415e-01  0.000000e+00
   outer loop
     vertex  2.402017e+01 -3.581520e+01  1.500000e+01
     vertex  2.402017e+01 -3.581520e+01  1.300000e+01
     vertex  2.398427e+01 -3.580155e+01  1.300000e+01
   endloop
 endfacet
 facet normal  3.555914e-01  9.346415e-01  0.000000e+00
   outer loop
     vertex  2.402017e+01 -3.581520e+01  1.500000e+01
     vertex  2.398427e+01 -3.580155e+01  1.300000e+01
     vertex  2.398427e+01 -3.580155e+01  1.500000e+01
   endloop
 endfacet
 facet normal  3.298166e-01  9.440450e-01  0.000000e+00
   outer loop
     vertex  2.405643e+01 -3.582787e+01  1.500000e+01
     vertex  2.405643e+01 -3.582787e+01  1.300000e+01
     vertex  2.402017e+01 -3.581520e+01  1.300000e+01
   endloop
 endfacet
 facet normal  3.298166e-01  9.440450e-01  0.000000e+00
   outer loop
     vertex  2.405643e+01 -3.582787e+01  1.500000e+01
     vertex  2.402017e+01 -3.581520e+01  1.300000e+01
     vertex  2.402017e+01 -3.581520e+01  1.500000e+01
   endloop
 endfacet
 facet normal  3.037934e-01  9.527379e-01  0.000000e+00
   outer loop
     vertex  2.409303e+01 -3.583954e+01  1.500000e+01
     vertex  2.409303e+01 -3.583954e+01  1.300000e+01
     vertex  2.405643e+01 -3.582787e+01  1.300000e+01
   endloop
 endfacet
 facet normal  3.037934e-01  9.527379e-01  0.000000e+00
   outer loop
     vertex  2.409303e+01 -3.583954e+01  1.500000e+01
     vertex  2.405643e+01 -3.582787e+01  1.300000e+01
     vertex  2.405643e+01 -3.582787e+01  1.500000e+01
   endloop
 endfacet
 facet normal  2.775416e-01  9.607136e-01  0.000000e+00
   outer loop
     vertex  2.412993e+01 -3.585020e+01  1.500000e+01
     vertex  2.409303e+01 -3.583954e+01  1.300000e+01
     vertex  2.409303e+01 -3.583954e+01  1.500000e+01
   endloop
 endfacet
 facet normal  2.775416e-01  9.607136e-01  0.000000e+00
   outer loop
     vertex  2.412993e+01 -3.585020e+01  1.500000e+01
     vertex  2.412993e+01 -3.585020e+01  1.300000e+01
     vertex  2.409303e+01 -3.583954e+01  1.300000e+01
   endloop
 endfacet
 facet normal  2.510809e-01  9.679661e-01  0.000000e+00
   outer loop
     vertex  2.412993e+01 -3.585020e+01  1.500000e+01
     vertex  2.416711e+01 -3.585985e+01  1.300000e+01
     vertex  2.412993e+01 -3.585020e+01  1.300000e+01
   endloop
 endfacet
 facet normal  2.510809e-01  9.679661e-01  0.000000e+00
   outer loop
     vertex  2.416711e+01 -3.585985e+01  1.500000e+01
     vertex  2.416711e+01 -3.585985e+01  1.300000e+01
     vertex  2.412993e+01 -3.585020e+01  1.500000e+01
   endloop
 endfacet
 facet normal  2.244312e-01  9.744899e-01  0.000000e+00
   outer loop
     vertex  2.420454e+01 -3.586847e+01  1.500000e+01
     vertex  2.416711e+01 -3.585985e+01  1.300000e+01
     vertex  2.416711e+01 -3.585985e+01  1.500000e+01
   endloop
 endfacet
 facet normal  2.244312e-01  9.744899e-01  0.000000e+00
   outer loop
     vertex  2.420454e+01 -3.586847e+01  1.500000e+01
     vertex  2.420454e+01 -3.586847e+01  1.300000e+01
     vertex  2.416711e+01 -3.585985e+01  1.300000e+01
   endloop
 endfacet
 facet normal  1.976125e-01  9.802802e-01  0.000000e+00
   outer loop
     vertex  2.420454e+01 -3.586847e+01  1.500000e+01
     vertex  2.424220e+01 -3.587606e+01  1.300000e+01
     vertex  2.420454e+01 -3.586847e+01  1.300000e+01
   endloop
 endfacet
 facet normal  1.976125e-01  9.802802e-01  0.000000e+00
   outer loop
     vertex  2.424220e+01 -3.587606e+01  1.500000e+01
     vertex  2.424220e+01 -3.587606e+01  1.300000e+01
     vertex  2.420454e+01 -3.586847e+01  1.500000e+01
   endloop
 endfacet
 facet normal  1.706451e-01  9.853326e-01  0.000000e+00
   outer loop
     vertex  2.428004e+01 -3.588261e+01  1.500000e+01
     vertex  2.424220e+01 -3.587606e+01  1.300000e+01
     vertex  2.424220e+01 -3.587606e+01  1.500000e+01
   endloop
 endfacet
 facet normal  1.706451e-01  9.853326e-01  0.000000e+00
   outer loop
     vertex  2.428004e+01 -3.588261e+01  1.500000e+01
     vertex  2.428004e+01 -3.588261e+01  1.300000e+01
     vertex  2.424220e+01 -3.587606e+01  1.300000e+01
   endloop
 endfacet
 facet normal  1.435492e-01  9.896432e-01  0.000000e+00
   outer loop
     vertex  2.428004e+01 -3.588261e+01  1.500000e+01
     vertex  2.431806e+01 -3.588813e+01  1.300000e+01
     vertex  2.428004e+01 -3.588261e+01  1.300000e+01
   endloop
 endfacet
 facet normal  1.435492e-01  9.896432e-01  0.000000e+00
   outer loop
     vertex  2.431806e+01 -3.588813e+01  1.500000e+01
     vertex  2.431806e+01 -3.588813e+01  1.300000e+01
     vertex  2.428004e+01 -3.588261e+01  1.500000e+01
   endloop
 endfacet
 facet normal  1.163452e-01  9.932088e-01  0.000000e+00
   outer loop
     vertex  2.435621e+01 -3.589260e+01  1.500000e+01
     vertex  2.431806e+01 -3.588813e+01  1.300000e+01
     vertex  2.431806e+01 -3.588813e+01  1.500000e+01
   endloop
 endfacet
 facet normal  1.163452e-01  9.932088e-01  0.000000e+00
   outer loop
     vertex  2.435621e+01 -3.589260e+01  1.500000e+01
     vertex  2.435621e+01 -3.589260e+01  1.300000e+01
     vertex  2.431806e+01 -3.588813e+01  1.300000e+01
   endloop
 endfacet
 facet normal  8.905371e-02  9.960268e-01  0.000000e+00
   outer loop
     vertex  2.439447e+01 -3.589602e+01  1.500000e+01
     vertex  2.435621e+01 -3.589260e+01  1.300000e+01
     vertex  2.435621e+01 -3.589260e+01  1.500000e+01
   endloop
 endfacet
 facet normal  8.905371e-02  9.960268e-01  0.000000e+00
   outer loop
     vertex  2.439447e+01 -3.589602e+01  1.500000e+01
     vertex  2.439447e+01 -3.589602e+01  1.300000e+01
     vertex  2.435621e+01 -3.589260e+01  1.300000e+01
   endloop
 endfacet
 facet normal  6.169515e-02  9.980950e-01  0.000000e+00
   outer loop
     vertex  2.443280e+01 -3.589839e+01  1.500000e+01
     vertex  2.439447e+01 -3.589602e+01  1.300000e+01
     vertex  2.439447e+01 -3.589602e+01  1.500000e+01
   endloop
 endfacet
 facet normal  6.169515e-02  9.980950e-01  0.000000e+00
   outer loop
     vertex  2.443280e+01 -3.589839e+01  1.500000e+01
     vertex  2.443280e+01 -3.589839e+01  1.300000e+01
     vertex  2.439447e+01 -3.589602e+01  1.300000e+01
   endloop
 endfacet
 facet normal  3.429014e-02  9.994119e-01  0.000000e+00
   outer loop
     vertex  2.447119e+01 -3.589970e+01  1.500000e+01
     vertex  2.443280e+01 -3.589839e+01  1.300000e+01
     vertex  2.443280e+01 -3.589839e+01  1.500000e+01
   endloop
 endfacet
 facet normal  3.429014e-02  9.994119e-01  0.000000e+00
   outer loop
     vertex  2.447119e+01 -3.589970e+01  1.500000e+01
     vertex  2.447119e+01 -3.589970e+01  1.300000e+01
     vertex  2.443280e+01 -3.589839e+01  1.300000e+01
   endloop
 endfacet
 facet normal  6.859319e-03  9.999765e-01  0.000000e+00
   outer loop
     vertex  2.447119e+01 -3.589970e+01  1.500000e+01
     vertex  2.450960e+01 -3.589997e+01  1.300000e+01
     vertex  2.447119e+01 -3.589970e+01  1.300000e+01
   endloop
 endfacet
 facet normal  6.859319e-03  9.999765e-01  0.000000e+00
   outer loop
     vertex  2.450960e+01 -3.589997e+01  1.500000e+01
     vertex  2.450960e+01 -3.589997e+01  1.300000e+01
     vertex  2.447119e+01 -3.589970e+01  1.500000e+01
   endloop
 endfacet
 facet normal -2.057667e-02  9.997883e-01  0.000000e+00
   outer loop
     vertex  2.454801e+01 -3.589918e+01  1.500000e+01
     vertex  2.450960e+01 -3.589997e+01  1.300000e+01
     vertex  2.450960e+01 -3.589997e+01  1.500000e+01
   endloop
 endfacet
 facet normal -2.057667e-02  9.997883e-01  0.000000e+00
   outer loop
     vertex  2.454801e+01 -3.589918e+01  1.500000e+01
     vertex  2.454801e+01 -3.589918e+01  1.300000e+01
     vertex  2.450960e+01 -3.589997e+01  1.300000e+01
   endloop
 endfacet
 facet normal -4.799716e-02  9.988475e-01  0.000000e+00
   outer loop
     vertex  2.458637e+01 -3.589733e+01  1.500000e+01
     vertex  2.458637e+01 -3.589733e+01  1.300000e+01
     vertex  2.454801e+01 -3.589918e+01  1.300000e+01
   endloop
 endfacet
 facet normal -7.538152e-02  9.971548e-01  0.000000e+00
   outer loop
     vertex  2.458637e+01 -3.589733e+01  1.500000e+01
     vertex  2.462468e+01 -3.589444e+01  1.300000e+01
     vertex  2.458637e+01 -3.589733e+01  1.300000e+01
   endloop
 endfacet
 facet normal -4.799716e-02  9.988475e-01  0.000000e+00
   outer loop
     vertex  2.458637e+01 -3.589733e+01  1.500000e+01
     vertex  2.454801e+01 -3.589918e+01  1.300000e+01
     vertex  2.454801e+01 -3.589918e+01  1.500000e+01
   endloop
 endfacet
 facet normal -7.538152e-02  9.971548e-01  0.000000e+00
   outer loop
     vertex  2.462468e+01 -3.589444e+01  1.500000e+01
     vertex  2.462468e+01 -3.589444e+01  1.300000e+01
     vertex  2.458637e+01 -3.589733e+01  1.500000e+01
   endloop
 endfacet
 facet normal -1.027091e-01  9.947114e-01  0.000000e+00
   outer loop
     vertex  2.466288e+01 -3.589049e+01  1.500000e+01
     vertex  2.466288e+01 -3.589049e+01  1.300000e+01
     vertex  2.462468e+01 -3.589444e+01  1.300000e+01
   endloop
 endfacet
 facet normal -1.027091e-01  9.947114e-01  0.000000e+00
   outer loop
     vertex  2.466288e+01 -3.589049e+01  1.500000e+01
     vertex  2.462468e+01 -3.589444e+01  1.300000e+01
     vertex  2.462468e+01 -3.589444e+01  1.500000e+01
   endloop
 endfacet
 facet normal -1.299594e-01  9.915193e-01  0.000000e+00
   outer loop
     vertex  2.470097e+01 -3.588550e+01  1.500000e+01
     vertex  2.470097e+01 -3.588550e+01  1.300000e+01
     vertex  2.466288e+01 -3.589049e+01  1.300000e+01
   endloop
 endfacet
 facet normal -1.299594e-01  9.915193e-01  0.000000e+00
   outer loop
     vertex  2.470097e+01 -3.588550e+01  1.500000e+01
     vertex  2.466288e+01 -3.589049e+01  1.300000e+01
     vertex  2.466288e+01 -3.589049e+01  1.500000e+01
   endloop
 endfacet
 facet normal -1.571119e-01  9.875808e-01  0.000000e+00
   outer loop
     vertex  2.473890e+01 -3.587947e+01  1.500000e+01
     vertex  2.473890e+01 -3.587947e+01  1.300000e+01
     vertex  2.470097e+01 -3.588550e+01  1.300000e+01
   endloop
 endfacet
 facet normal -1.571119e-01  9.875808e-01  0.000000e+00
   outer loop
     vertex  2.473890e+01 -3.587947e+01  1.500000e+01
     vertex  2.470097e+01 -3.588550e+01  1.300000e+01
     vertex  2.470097e+01 -3.588550e+01  1.500000e+01
   endloop
 endfacet
 facet normal -1.841461e-01  9.828989e-01  0.000000e+00
   outer loop
     vertex  2.477666e+01 -3.587239e+01  1.500000e+01
     vertex  2.477666e+01 -3.587239e+01  1.300000e+01
     vertex  2.473890e+01 -3.587947e+01  1.300000e+01
   endloop
 endfacet
 facet normal -1.841461e-01  9.828989e-01  0.000000e+00
   outer loop
     vertex  2.477666e+01 -3.587239e+01  1.500000e+01
     vertex  2.473890e+01 -3.587947e+01  1.300000e+01
     vertex  2.473890e+01 -3.587947e+01  1.500000e+01
   endloop
 endfacet
 facet normal -2.110417e-01  9.774771e-01  0.000000e+00
   outer loop
     vertex  2.481420e+01 -3.586429e+01  1.500000e+01
     vertex  2.481420e+01 -3.586429e+01  1.300000e+01
     vertex  2.477666e+01 -3.587239e+01  1.300000e+01
   endloop
 endfacet
 facet normal -2.110417e-01  9.774771e-01  0.000000e+00
   outer loop
     vertex  2.481420e+01 -3.586429e+01  1.500000e+01
     vertex  2.477666e+01 -3.587239e+01  1.300000e+01
     vertex  2.477666e+01 -3.587239e+01  1.500000e+01
   endloop
 endfacet
 facet normal -2.377784e-01  9.713194e-01  0.000000e+00
   outer loop
     vertex  2.485151e+01 -3.585515e+01  1.500000e+01
     vertex  2.485151e+01 -3.585515e+01  1.300000e+01
     vertex  2.481420e+01 -3.586429e+01  1.300000e+01
   endloop
 endfacet
 facet normal -2.643362e-01  9.644306e-01  0.000000e+00
   outer loop
     vertex  2.485151e+01 -3.585515e+01  1.500000e+01
     vertex  2.488856e+01 -3.584500e+01  1.300000e+01
     vertex  2.485151e+01 -3.585515e+01  1.300000e+01
   endloop
 endfacet
 facet normal -2.377784e-01  9.713194e-01  0.000000e+00
   outer loop
     vertex  2.485151e+01 -3.585515e+01  1.500000e+01
     vertex  2.481420e+01 -3.586429e+01  1.300000e+01
     vertex  2.481420e+01 -3.586429e+01  1.500000e+01
   endloop
 endfacet
 facet normal -2.643362e-01  9.644306e-01  0.000000e+00
   outer loop
     vertex  2.488856e+01 -3.584500e+01  1.500000e+01
     vertex  2.488856e+01 -3.584500e+01  1.300000e+01
     vertex  2.485151e+01 -3.585515e+01  1.500000e+01
   endloop
 endfacet
 facet normal -2.906949e-01  9.568158e-01  0.000000e+00
   outer loop
     vertex  2.492531e+01 -3.583383e+01  1.500000e+01
     vertex  2.492531e+01 -3.583383e+01  1.300000e+01
     vertex  2.488856e+01 -3.584500e+01  1.300000e+01
   endloop
 endfacet
 facet normal -2.906949e-01  9.568158e-01  0.000000e+00
   outer loop
     vertex  2.492531e+01 -3.583383e+01  1.500000e+01
     vertex  2.488856e+01 -3.584500e+01  1.300000e+01
     vertex  2.488856e+01 -3.584500e+01  1.500000e+01
   endloop
 endfacet
 facet normal -3.168348e-01  9.484807e-01  0.000000e+00
   outer loop
     vertex  2.496174e+01 -3.582166e+01  1.500000e+01
     vertex  2.496174e+01 -3.582166e+01  1.300000e+01
     vertex  2.492531e+01 -3.583383e+01  1.300000e+01
   endloop
 endfacet
 facet normal -3.168348e-01  9.484807e-01  0.000000e+00
   outer loop
     vertex  2.496174e+01 -3.582166e+01  1.500000e+01
     vertex  2.492531e+01 -3.583383e+01  1.300000e+01
     vertex  2.492531e+01 -3.583383e+01  1.500000e+01
   endloop
 endfacet
 facet normal -3.427362e-01  9.394317e-01  0.000000e+00
   outer loop
     vertex  2.499783e+01 -3.580850e+01  1.500000e+01
     vertex  2.499783e+01 -3.580850e+01  1.300000e+01
     vertex  2.496174e+01 -3.582166e+01  1.300000e+01
   endloop
 endfacet
 facet normal -3.427362e-01  9.394317e-01  0.000000e+00
   outer loop
     vertex  2.499783e+01 -3.580850e+01  1.500000e+01
     vertex  2.496174e+01 -3.582166e+01  1.300000e+01
     vertex  2.496174e+01 -3.582166e+01  1.500000e+01
   endloop
 endfacet
 facet normal -3.683796e-01  9.296754e-01  0.000000e+00
   outer loop
     vertex  2.503354e+01 -3.579435e+01  1.500000e+01
     vertex  2.503354e+01 -3.579435e+01  1.300000e+01
     vertex  2.499783e+01 -3.580850e+01  1.300000e+01
   endloop
 endfacet
 facet normal -3.683796e-01  9.296754e-01  0.000000e+00
   outer loop
     vertex  2.503354e+01 -3.579435e+01  1.500000e+01
     vertex  2.499783e+01 -3.580850e+01  1.300000e+01
     vertex  2.499783e+01 -3.580850e+01  1.500000e+01
   endloop
 endfacet
 facet normal -3.937458e-01  9.192194e-01  0.000000e+00
   outer loop
     vertex  2.506885e+01 -3.577922e+01  1.500000e+01
     vertex  2.503354e+01 -3.579435e+01  1.300000e+01
     vertex  2.503354e+01 -3.579435e+01  1.500000e+01
   endloop
 endfacet
 facet normal -3.937458e-01  9.192194e-01  0.000000e+00
   outer loop
     vertex  2.506885e+01 -3.577922e+01  1.500000e+01
     vertex  2.506885e+01 -3.577922e+01  1.300000e+01
     vertex  2.503354e+01 -3.579435e+01  1.300000e+01
   endloop
 endfacet
 facet normal -4.188155e-01  9.080714e-01  0.000000e+00
   outer loop
     vertex  2.510373e+01 -3.576314e+01  1.500000e+01
     vertex  2.506885e+01 -3.577922e+01  1.300000e+01
     vertex  2.506885e+01 -3.577922e+01  1.500000e+01
   endloop
 endfacet
 facet normal -4.188155e-01  9.080714e-01  0.000000e+00
   outer loop
     vertex  2.510373e+01 -3.576314e+01  1.500000e+01
     vertex  2.510373e+01 -3.576314e+01  1.300000e+01
     vertex  2.506885e+01 -3.577922e+01  1.300000e+01
   endloop
 endfacet
 facet normal -4.435699e-01  8.962398e-01  0.000000e+00
   outer loop
     vertex  2.513815e+01 -3.574610e+01  1.500000e+01
     vertex  2.510373e+01 -3.576314e+01  1.300000e+01
     vertex  2.510373e+01 -3.576314e+01  1.500000e+01
   endloop
 endfacet
 facet normal -4.435699e-01  8.962398e-01  0.000000e+00
   outer loop
     vertex  2.513815e+01 -3.574610e+01  1.500000e+01
     vertex  2.513815e+01 -3.574610e+01  1.300000e+01
     vertex  2.510373e+01 -3.576314e+01  1.300000e+01
   endloop
 endfacet
 facet normal -4.679904e-01  8.837335e-01  0.000000e+00
   outer loop
     vertex  2.517210e+01 -3.572812e+01  1.500000e+01
     vertex  2.513815e+01 -3.574610e+01  1.300000e+01
     vertex  2.513815e+01 -3.574610e+01  1.500000e+01
   endloop
 endfacet
 facet normal -4.679904e-01  8.837335e-01  0.000000e+00
   outer loop
     vertex  2.517210e+01 -3.572812e+01  1.500000e+01
     vertex  2.517210e+01 -3.572812e+01  1.300000e+01
     vertex  2.513815e+01 -3.574610e+01  1.300000e+01
   endloop
 endfacet
 facet normal -4.920587e-01  8.705620e-01  0.000000e+00
   outer loop
     vertex  2.520554e+01 -3.570922e+01  1.500000e+01
     vertex  2.520554e+01 -3.570922e+01  1.300000e+01
     vertex  2.517210e+01 -3.572812e+01  1.300000e+01
   endloop
 endfacet
 facet normal -4.920587e-01  8.705620e-01  0.000000e+00
   outer loop
     vertex  2.520554e+01 -3.570922e+01  1.500000e+01
     vertex  2.517210e+01 -3.572812e+01  1.300000e+01
     vertex  2.517210e+01 -3.572812e+01  1.500000e+01
   endloop
 endfacet
 facet normal -5.157565e-01  8.567352e-01  0.000000e+00
   outer loop
     vertex  2.523845e+01 -3.568941e+01  1.500000e+01
     vertex  2.523845e+01 -3.568941e+01  1.300000e+01
     vertex  2.520554e+01 -3.570922e+01  1.300000e+01
   endloop
 endfacet
 facet normal -5.157565e-01  8.567352e-01  0.000000e+00
   outer loop
     vertex  2.523845e+01 -3.568941e+01  1.500000e+01
     vertex  2.520554e+01 -3.570922e+01  1.300000e+01
     vertex  2.520554e+01 -3.570922e+01  1.500000e+01
   endloop
 endfacet
 facet normal -5.390661e-01  8.422635e-01  0.000000e+00
   outer loop
     vertex  2.527080e+01 -3.566870e+01  1.500000e+01
     vertex  2.527080e+01 -3.566870e+01  1.300000e+01
     vertex  2.523845e+01 -3.568941e+01  1.300000e+01
   endloop
 endfacet
 facet normal -5.390661e-01  8.422635e-01  0.000000e+00
   outer loop
     vertex  2.527080e+01 -3.566870e+01  1.500000e+01
     vertex  2.523845e+01 -3.568941e+01  1.300000e+01
     vertex  2.523845e+01 -3.568941e+01  1.500000e+01
   endloop
 endfacet
 facet normal -5.619699e-01  8.271577e-01  0.000000e+00
   outer loop
     vertex  2.530257e+01 -3.564712e+01  1.500000e+01
     vertex  2.530257e+01 -3.564712e+01  1.300000e+01
     vertex  2.527080e+01 -3.566870e+01  1.300000e+01
   endloop
 endfacet
 facet normal -5.844507e-01  8.114292e-01  0.000000e+00
   outer loop
     vertex  2.530257e+01 -3.564712e+01  1.500000e+01
     vertex  2.533374e+01 -3.562467e+01  1.300000e+01
     vertex  2.530257e+01 -3.564712e+01  1.300000e+01
   endloop
 endfacet
 facet normal -5.619699e-01  8.271577e-01  0.000000e+00
   outer loop
     vertex  2.530257e+01 -3.564712e+01  1.500000e+01
     vertex  2.527080e+01 -3.566870e+01  1.300000e+01
     vertex  2.527080e+01 -3.566870e+01  1.500000e+01
   endloop
 endfacet
 facet normal -5.844507e-01  8.114292e-01  0.000000e+00
   outer loop
     vertex  2.533374e+01 -3.562467e+01  1.500000e+01
     vertex  2.533374e+01 -3.562467e+01  1.300000e+01
     vertex  2.530257e+01 -3.564712e+01  1.500000e+01
   endloop
 endfacet
 facet normal -6.064915e-01  7.950900e-01  0.000000e+00
   outer loop
     vertex  2.536428e+01 -3.560137e+01  1.500000e+01
     vertex  2.536428e+01 -3.560137e+01  1.300000e+01
     vertex  2.533374e+01 -3.562467e+01  1.300000e+01
   endloop
 endfacet
 facet normal -6.064915e-01  7.950900e-01  0.000000e+00
   outer loop
     vertex  2.536428e+01 -3.560137e+01  1.500000e+01
     vertex  2.533374e+01 -3.562467e+01  1.300000e+01
     vertex  2.533374e+01 -3.562467e+01  1.500000e+01
   endloop
 endfacet
 facet normal -6.280757e-01  7.781522e-01  0.000000e+00
   outer loop
     vertex  2.539417e+01 -3.557725e+01  1.500000e+01
     vertex  2.539417e+01 -3.557725e+01  1.300000e+01
     vertex  2.536428e+01 -3.560137e+01  1.300000e+01
   endloop
 endfacet
 facet normal -6.280757e-01  7.781522e-01  0.000000e+00
   outer loop
     vertex  2.539417e+01 -3.557725e+01  1.500000e+01
     vertex  2.536428e+01 -3.560137e+01  1.300000e+01
     vertex  2.536428e+01 -3.560137e+01  1.500000e+01
   endloop
 endfacet
 facet normal -6.491872e-01  7.606287e-01  0.000000e+00
   outer loop
     vertex  2.542338e+01 -3.555231e+01  1.500000e+01
     vertex  2.542338e+01 -3.555231e+01  1.300000e+01
     vertex  2.539417e+01 -3.557725e+01  1.300000e+01
   endloop
 endfacet
 facet normal -6.491872e-01  7.606287e-01  0.000000e+00
   outer loop
     vertex  2.542338e+01 -3.555231e+01  1.500000e+01
     vertex  2.539417e+01 -3.557725e+01  1.300000e+01
     vertex  2.539417e+01 -3.557725e+01  1.500000e+01
   endloop
 endfacet
 facet normal -6.698100e-01  7.425325e-01  0.000000e+00
   outer loop
     vertex  2.545191e+01 -3.552658e+01  1.500000e+01
     vertex  2.545191e+01 -3.552658e+01  1.300000e+01
     vertex  2.542338e+01 -3.555231e+01  1.300000e+01
   endloop
 endfacet
 facet normal -6.698100e-01  7.425325e-01  0.000000e+00
   outer loop
     vertex  2.545191e+01 -3.552658e+01  1.500000e+01
     vertex  2.542338e+01 -3.555231e+01  1.300000e+01
     vertex  2.542338e+01 -3.555231e+01  1.500000e+01
   endloop
 endfacet
 facet normal -6.899286e-01  7.238775e-01  0.000000e+00
   outer loop
     vertex  2.547971e+01 -3.550008e+01  1.500000e+01
     vertex  2.547971e+01 -3.550008e+01  1.300000e+01
     vertex  2.545191e+01 -3.552658e+01  1.300000e+01
   endloop
 endfacet
 facet normal -7.095278e-01  7.046775e-01  0.000000e+00
   outer loop
     vertex  2.547971e+01 -3.550008e+01  1.500000e+01
     vertex  2.550678e+01 -3.547283e+01  1.300000e+01
     vertex  2.547971e+01 -3.550008e+01  1.300000e+01
   endloop
 endfacet
 facet normal -6.899286e-01  7.238775e-01  0.000000e+00
   outer loop
     vertex  2.547971e+01 -3.550008e+01  1.500000e+01
     vertex  2.545191e+01 -3.552658e+01  1.300000e+01
     vertex  2.545191e+01 -3.552658e+01  1.500000e+01
   endloop
 endfacet
 facet normal -7.095278e-01  7.046775e-01  0.000000e+00
   outer loop
     vertex  2.550678e+01 -3.547283e+01  1.500000e+01
     vertex  2.550678e+01 -3.547283e+01  1.300000e+01
     vertex  2.547971e+01 -3.550008e+01  1.500000e+01
   endloop
 endfacet
 facet normal -7.285929e-01  6.849470e-01  0.000000e+00
   outer loop
     vertex  2.553309e+01 -3.544484e+01  1.500000e+01
     vertex  2.553309e+01 -3.544484e+01  1.300000e+01
     vertex  2.550678e+01 -3.547283e+01  1.300000e+01
   endloop
 endfacet
 facet normal -7.471095e-01  6.647010e-01  0.000000e+00
   outer loop
     vertex  2.553309e+01 -3.544484e+01  1.500000e+01
     vertex  2.555862e+01 -3.541615e+01  1.300000e+01
     vertex  2.553309e+01 -3.544484e+01  1.300000e+01
   endloop
 endfacet
 facet normal -7.285929e-01  6.849470e-01  0.000000e+00
   outer loop
     vertex  2.553309e+01 -3.544484e+01  1.500000e+01
     vertex  2.550678e+01 -3.547283e+01  1.300000e+01
     vertex  2.550678e+01 -3.547283e+01  1.500000e+01
   endloop
 endfacet
 facet normal -7.471095e-01  6.647010e-01  0.000000e+00
   outer loop
     vertex  2.555862e+01 -3.541615e+01  1.500000e+01
     vertex  2.555862e+01 -3.541615e+01  1.300000e+01
     vertex  2.553309e+01 -3.544484e+01  1.500000e+01
   endloop
 endfacet
 facet normal -7.650637e-01  6.439545e-01  0.000000e+00
   outer loop
     vertex  2.558336e+01 -3.538676e+01  1.500000e+01
     vertex  2.558336e+01 -3.538676e+01  1.300000e+01
     vertex  2.555862e+01 -3.541615e+01  1.300000e+01
   endloop
 endfacet
 facet normal -7.650637e-01  6.439545e-01  0.000000e+00
   outer loop
     vertex  2.558336e+01 -3.538676e+01  1.500000e+01
     vertex  2.555862e+01 -3.541615e+01  1.300000e+01
     vertex  2.555862e+01 -3.541615e+01  1.500000e+01
   endloop
 endfacet
 facet normal -7.824421e-01  6.227234e-01  0.000000e+00
   outer loop
     vertex  2.560728e+01 -3.535670e+01  1.500000e+01
     vertex  2.560728e+01 -3.535670e+01  1.300000e+01
     vertex  2.558336e+01 -3.538676e+01  1.300000e+01
   endloop
 endfacet
 facet normal -7.824421e-01  6.227234e-01  0.000000e+00
   outer loop
     vertex  2.560728e+01 -3.535670e+01  1.500000e+01
     vertex  2.558336e+01 -3.538676e+01  1.300000e+01
     vertex  2.558336e+01 -3.538676e+01  1.500000e+01
   endloop
 endfacet
 facet normal -7.992314e-01  6.010234e-01  0.000000e+00
   outer loop
     vertex  2.563036e+01 -3.532600e+01  1.500000e+01
     vertex  2.563036e+01 -3.532600e+01  1.300000e+01
     vertex  2.560728e+01 -3.535670e+01  1.300000e+01
   endloop
 endfacet
 facet normal -8.154191e-01  5.788711e-01  0.000000e+00
   outer loop
     vertex  2.563036e+01 -3.532600e+01  1.500000e+01
     vertex  2.565260e+01 -3.529468e+01  1.300000e+01
     vertex  2.563036e+01 -3.532600e+01  1.300000e+01
   endloop
 endfacet
 facet normal -7.992314e-01  6.010234e-01  0.000000e+00
   outer loop
     vertex  2.563036e+01 -3.532600e+01  1.500000e+01
     vertex  2.560728e+01 -3.535670e+01  1.300000e+01
     vertex  2.560728e+01 -3.535670e+01  1.500000e+01
   endloop
 endfacet
 facet normal -8.154191e-01  5.788711e-01  0.000000e+00
   outer loop
     vertex  2.565260e+01 -3.529468e+01  1.500000e+01
     vertex  2.565260e+01 -3.529468e+01  1.300000e+01
     vertex  2.563036e+01 -3.532600e+01  1.500000e+01
   endloop
 endfacet
 facet normal -8.309929e-01  5.562829e-01  0.000000e+00
   outer loop
     vertex  2.567396e+01 -3.526276e+01  1.500000e+01
     vertex  2.567396e+01 -3.526276e+01  1.300000e+01
     vertex  2.565260e+01 -3.529468e+01  1.300000e+01
   endloop
 endfacet
 facet normal -8.309929e-01  5.562829e-01  0.000000e+00
   outer loop
     vertex  2.567396e+01 -3.526276e+01  1.500000e+01
     vertex  2.565260e+01 -3.529468e+01  1.300000e+01
     vertex  2.565260e+01 -3.529468e+01  1.500000e+01
   endloop
 endfacet
 facet normal -8.459413e-01  5.332761e-01  0.000000e+00
   outer loop
     vertex  2.569445e+01 -3.523027e+01  1.500000e+01
     vertex  2.569445e+01 -3.523027e+01  1.300000e+01
     vertex  2.567396e+01 -3.526276e+01  1.300000e+01
   endloop
 endfacet
 facet normal -8.459413e-01  5.332761e-01  0.000000e+00
   outer loop
     vertex  2.569445e+01 -3.523027e+01  1.500000e+01
     vertex  2.567396e+01 -3.526276e+01  1.300000e+01
     vertex  2.567396e+01 -3.526276e+01  1.500000e+01
   endloop
 endfacet
 facet normal -8.602528e-01  5.098678e-01  0.000000e+00
   outer loop
     vertex  2.571403e+01 -3.519723e+01  1.500000e+01
     vertex  2.571403e+01 -3.519723e+01  1.300000e+01
     vertex  2.569445e+01 -3.523027e+01  1.300000e+01
   endloop
 endfacet
 facet normal -8.602528e-01  5.098678e-01  0.000000e+00
   outer loop
     vertex  2.571403e+01 -3.519723e+01  1.500000e+01
     vertex  2.569445e+01 -3.523027e+01  1.300000e+01
     vertex  2.569445e+01 -3.523027e+01  1.500000e+01
   endloop
 endfacet
 facet normal -8.739167e-01  4.860756e-01  0.000000e+00
   outer loop
     vertex  2.573270e+01 -3.516366e+01  1.500000e+01
     vertex  2.573270e+01 -3.516366e+01  1.300000e+01
     vertex  2.571403e+01 -3.519723e+01  1.300000e+01
   endloop
 endfacet
 facet normal -8.739167e-01  4.860756e-01  0.000000e+00
   outer loop
     vertex  2.573270e+01 -3.516366e+01  1.500000e+01
     vertex  2.571403e+01 -3.519723e+01  1.300000e+01
     vertex  2.571403e+01 -3.519723e+01  1.500000e+01
   endloop
 endfacet
 facet normal -8.869228e-01  4.619176e-01  0.000000e+00
   outer loop
     vertex  2.575045e+01 -3.512959e+01  1.500000e+01
     vertex  2.573270e+01 -3.516366e+01  1.300000e+01
     vertex  2.573270e+01 -3.516366e+01  1.500000e+01
   endloop
 endfacet
 facet normal -8.869228e-01  4.619176e-01  0.000000e+00
   outer loop
     vertex  2.575045e+01 -3.512959e+01  1.500000e+01
     vertex  2.575045e+01 -3.512959e+01  1.300000e+01
     vertex  2.573270e+01 -3.516366e+01  1.300000e+01
   endloop
 endfacet
 facet normal -8.992613e-01  4.374119e-01  0.000000e+00
   outer loop
     vertex  2.575045e+01 -3.512959e+01  1.500000e+01
     vertex  2.576725e+01 -3.509505e+01  1.300000e+01
     vertex  2.575045e+01 -3.512959e+01  1.300000e+01
   endloop
 endfacet
 facet normal -8.992613e-01  4.374119e-01  0.000000e+00
   outer loop
     vertex  2.576725e+01 -3.509505e+01  1.500000e+01
     vertex  2.576725e+01 -3.509505e+01  1.300000e+01
     vertex  2.575045e+01 -3.512959e+01  1.500000e+01
   endloop
 endfacet
 facet normal -9.109228e-01  4.125769e-01  0.000000e+00
   outer loop
     vertex  2.578310e+01 -3.506006e+01  1.500000e+01
     vertex  2.576725e+01 -3.509505e+01  1.300000e+01
     vertex  2.576725e+01 -3.509505e+01  1.500000e+01
   endloop
 endfacet
 facet normal -9.109228e-01  4.125769e-01  0.000000e+00
   outer loop
     vertex  2.578310e+01 -3.506006e+01  1.500000e+01
     vertex  2.578310e+01 -3.506006e+01  1.300000e+01
     vertex  2.576725e+01 -3.509505e+01  1.300000e+01
   endloop
 endfacet
 facet normal -9.218986e-01  3.874313e-01  0.000000e+00
   outer loop
     vertex  2.579798e+01 -3.502465e+01  1.500000e+01
     vertex  2.578310e+01 -3.506006e+01  1.300000e+01
     vertex  2.578310e+01 -3.506006e+01  1.500000e+01
   endloop
 endfacet
 facet normal -9.218986e-01  3.874313e-01  0.000000e+00
   outer loop
     vertex  2.579798e+01 -3.502465e+01  1.500000e+01
     vertex  2.579798e+01 -3.502465e+01  1.300000e+01
     vertex  2.578310e+01 -3.506006e+01  1.300000e+01
   endloop
 endfacet
 facet normal -9.321804e-01  3.619940e-01  0.000000e+00
   outer loop
     vertex  2.581188e+01 -3.498884e+01  1.500000e+01
     vertex  2.579798e+01 -3.502465e+01  1.300000e+01
     vertex  2.579798e+01 -3.502465e+01  1.500000e+01
   endloop
 endfacet
 facet normal -9.321804e-01  3.619940e-01  0.000000e+00
   outer loop
     vertex  2.581188e+01 -3.498884e+01  1.500000e+01
     vertex  2.581188e+01 -3.498884e+01  1.300000e+01
     vertex  2.579798e+01 -3.502465e+01  1.300000e+01
   endloop
 endfacet
 facet normal -9.417605e-01  3.362843e-01  0.000000e+00
   outer loop
     vertex  2.582480e+01 -3.495267e+01  1.500000e+01
     vertex  2.581188e+01 -3.498884e+01  1.300000e+01
     vertex  2.581188e+01 -3.498884e+01  1.500000e+01
   endloop
 endfacet
 facet normal -9.417605e-01  3.362843e-01  0.000000e+00
   outer loop
     vertex  2.582480e+01 -3.495267e+01  1.500000e+01
     vertex  2.582480e+01 -3.495267e+01  1.300000e+01
     vertex  2.581188e+01 -3.498884e+01  1.300000e+01
   endloop
 endfacet
 facet normal -9.506317e-01  3.103214e-01  0.000000e+00
   outer loop
     vertex  2.583672e+01 -3.491615e+01  1.500000e+01
     vertex  2.582480e+01 -3.495267e+01  1.300000e+01
     vertex  2.582480e+01 -3.495267e+01  1.500000e+01
   endloop
 endfacet
 facet normal -9.506317e-01  3.103214e-01  0.000000e+00
   outer loop
     vertex  2.583672e+01 -3.491615e+01  1.500000e+01
     vertex  2.583672e+01 -3.491615e+01  1.300000e+01
     vertex  2.582480e+01 -3.495267e+01  1.300000e+01
   endloop
 endfacet
 facet normal -9.587873e-01  2.841250e-01  0.000000e+00
   outer loop
     vertex  2.584763e+01 -3.487932e+01  1.500000e+01
     vertex  2.583672e+01 -3.491615e+01  1.300000e+01
     vertex  2.583672e+01 -3.491615e+01  1.500000e+01
   endloop
 endfacet
 facet normal -9.587873e-01  2.841250e-01  0.000000e+00
   outer loop
     vertex  2.584763e+01 -3.487932e+01  1.500000e+01
     vertex  2.584763e+01 -3.487932e+01  1.300000e+01
     vertex  2.583672e+01 -3.491615e+01  1.300000e+01
   endloop
 endfacet
 facet normal -9.662211e-01  2.577146e-01  0.000000e+00
   outer loop
     vertex  2.585753e+01 -3.484221e+01  1.500000e+01
     vertex  2.584763e+01 -3.487932e+01  1.300000e+01
     vertex  2.584763e+01 -3.487932e+01  1.500000e+01
   endloop
 endfacet
 facet normal -9.662211e-01  2.577146e-01  0.000000e+00
   outer loop
     vertex  2.585753e+01 -3.484221e+01  1.500000e+01
     vertex  2.585753e+01 -3.484221e+01  1.300000e+01
     vertex  2.584763e+01 -3.487932e+01  1.300000e+01
   endloop
 endfacet
 facet normal -9.729276e-01  2.311102e-01  0.000000e+00
   outer loop
     vertex  2.586641e+01 -3.480484e+01  1.500000e+01
     vertex  2.585753e+01 -3.484221e+01  1.300000e+01
     vertex  2.585753e+01 -3.484221e+01  1.500000e+01
   endloop
 endfacet
 facet normal -9.729276e-01  2.311102e-01  0.000000e+00
   outer loop
     vertex  2.586641e+01 -3.480484e+01  1.500000e+01
     vertex  2.586641e+01 -3.480484e+01  1.300000e+01
     vertex  2.585753e+01 -3.484221e+01  1.300000e+01
   endloop
 endfacet
 facet normal -9.789017e-01  2.043319e-01  0.000000e+00
   outer loop
     vertex  2.587426e+01 -3.476724e+01  1.500000e+01
     vertex  2.586641e+01 -3.480484e+01  1.300000e+01
     vertex  2.586641e+01 -3.480484e+01  1.500000e+01
   endloop
 endfacet
 facet normal -9.789017e-01  2.043319e-01  0.000000e+00
   outer loop
     vertex  2.587426e+01 -3.476724e+01  1.500000e+01
     vertex  2.587426e+01 -3.476724e+01  1.300000e+01
     vertex  2.586641e+01 -3.480484e+01  1.300000e+01
   endloop
 endfacet
 facet normal -9.841389e-01  1.773998e-01  0.000000e+00
   outer loop
     vertex  2.588107e+01 -3.472944e+01  1.500000e+01
     vertex  2.587426e+01 -3.476724e+01  1.300000e+01
     vertex  2.587426e+01 -3.476724e+01  1.500000e+01
   endloop
 endfacet
 facet normal -9.841389e-01  1.773998e-01  0.000000e+00
   outer loop
     vertex  2.588107e+01 -3.472944e+01  1.500000e+01
     vertex  2.588107e+01 -3.472944e+01  1.300000e+01
     vertex  2.587426e+01 -3.476724e+01  1.300000e+01
   endloop
 endfacet
 facet normal -9.886353e-01  1.503341e-01  0.000000e+00
   outer loop
     vertex  2.588107e+01 -3.472944e+01  1.500000e+01
     vertex  2.588685e+01 -3.469146e+01  1.300000e+01
     vertex  2.588107e+01 -3.472944e+01  1.300000e+01
   endloop
 endfacet
 facet normal -9.886353e-01  1.503341e-01  0.000000e+00
   outer loop
     vertex  2.588685e+01 -3.469146e+01  1.500000e+01
     vertex  2.588685e+01 -3.469146e+01  1.300000e+01
     vertex  2.588107e+01 -3.472944e+01  1.500000e+01
   endloop
 endfacet
 facet normal -9.923874e-01  1.231552e-01  0.000000e+00
   outer loop
     vertex  2.589158e+01 -3.465334e+01  1.500000e+01
     vertex  2.589158e+01 -3.465334e+01  1.300000e+01
     vertex  2.588685e+01 -3.469146e+01  1.300000e+01
   endloop
 endfacet
 facet normal -9.923874e-01  1.231552e-01  0.000000e+00
   outer loop
     vertex  2.589158e+01 -3.465334e+01  1.500000e+01
     vertex  2.588685e+01 -3.469146e+01  1.300000e+01
     vertex  2.588685e+01 -3.469146e+01  1.500000e+01
   endloop
 endfacet
 facet normal -9.953925e-01  9.588368e-02  0.000000e+00
   outer loop
     vertex  2.589526e+01 -3.461511e+01  1.500000e+01
     vertex  2.589526e+01 -3.461511e+01  1.300000e+01
     vertex  2.589158e+01 -3.465334e+01  1.300000e+01
   endloop
 endfacet
 facet normal -9.953925e-01  9.588368e-02  0.000000e+00
   outer loop
     vertex  2.589526e+01 -3.461511e+01  1.500000e+01
     vertex  2.589158e+01 -3.465334e+01  1.300000e+01
     vertex  2.589158e+01 -3.465334e+01  1.500000e+01
   endloop
 endfacet
 facet normal -9.976484e-01  6.853995e-02  0.000000e+00
   outer loop
     vertex  2.589789e+01 -3.457679e+01  1.500000e+01
     vertex  2.589789e+01 -3.457679e+01  1.300000e+01
     vertex  2.589526e+01 -3.461511e+01  1.300000e+01
   endloop
 endfacet
 facet normal -9.976484e-01  6.853995e-02  0.000000e+00
   outer loop
     vertex  2.589789e+01 -3.457679e+01  1.500000e+01
     vertex  2.589526e+01 -3.461511e+01  1.300000e+01
     vertex  2.589526e+01 -3.461511e+01  1.500000e+01
   endloop
 endfacet
 facet normal -9.991532e-01  4.114462e-02  0.000000e+00
   outer loop
     vertex  2.589947e+01 -3.453841e+01  1.500000e+01
     vertex  2.589947e+01 -3.453841e+01  1.300000e+01
     vertex  2.589789e+01 -3.457679e+01  1.300000e+01
   endloop
 endfacet
 facet normal -9.991532e-01  4.114462e-02  0.000000e+00
   outer loop
     vertex  2.589947e+01 -3.453841e+01  1.500000e+01
     vertex  2.589789e+01 -3.457679e+01  1.300000e+01
     vertex  2.589789e+01 -3.457679e+01  1.500000e+01
   endloop
 endfacet
 facet normal -9.999059e-01  1.371831e-02  0.000000e+00
   outer loop
     vertex  2.590000e+01 -3.450000e+01  1.500000e+01
     vertex  2.590000e+01 -3.450000e+01  1.300000e+01
     vertex  2.589947e+01 -3.453841e+01  1.300000e+01
   endloop
 endfacet
 facet normal -9.999059e-01  1.371831e-02  0.000000e+00
   outer loop
     vertex  2.590000e+01 -3.450000e+01  1.500000e+01
     vertex  2.589947e+01 -3.453841e+01  1.300000e+01
     vertex  2.589947e+01 -3.453841e+01  1.500000e+01
   endloop
 endfacet
 facet normal -9.999059e-01 -1.371831e-02  0.000000e+00
   outer loop
     vertex  2.589947e+01 -2.896159e+01  1.500000e+01
     vertex  2.590000e+01 -2.900000e+01  1.300000e+01
     vertex  2.590000e+01 -2.900000e+01  1.500000e+01
   endloop
 endfacet
 facet normal -9.999059e-01 -1.371831e-02 -0.000000e+00
   outer loop
     vertex  2.589947e+01 -2.896159e+01  1.500000e+01
     vertex  2.589947e+01 -2.896159e+01  1.300000e+01
     vertex  2.590000e+01 -2.900000e+01  1.300000e+01
   endloop
 endfacet
 facet normal -9.991532e-01 -4.114462e-02 -0.000000e+00
   outer loop
     vertex  2.589789e+01 -2.892321e+01  1.500000e+01
     vertex  2.589789e+01 -2.892321e+01  1.300000e+01
     vertex  2.589947e+01 -2.896159e+01  1.300000e+01
   endloop
 endfacet
 facet normal -9.991532e-01 -4.114462e-02  0.000000e+00
   outer loop
     vertex  2.589789e+01 -2.892321e+01  1.500000e+01
     vertex  2.589947e+01 -2.896159e+01  1.300000e+01
     vertex  2.589947e+01 -2.896159e+01  1.500000e+01
   endloop
 endfacet
 facet normal -9.976484e-01 -6.853995e-02 -0.000000e+00
   outer loop
     vertex  2.589526e+01 -2.888489e+01  1.500000e+01
     vertex  2.589526e+01 -2.888489e+01  1.300000e+01
     vertex  2.589789e+01 -2.892321e+01  1.300000e+01
   endloop
 endfacet
 facet normal -9.976484e-01 -6.853995e-02  0.000000e+00
   outer loop
     vertex  2.589526e+01 -2.888489e+01  1.500000e+01
     vertex  2.589789e+01 -2.892321e+01  1.300000e+01
     vertex  2.589789e+01 -2.892321e+01  1.500000e+01
   endloop
 endfacet
 facet normal -9.953925e-01 -9.588368e-02 -0.000000e+00
   outer loop
     vertex  2.589158e+01 -2.884666e+01  1.500000e+01
     vertex  2.589158e+01 -2.884666e+01  1.300000e+01
     vertex  2.589526e+01 -2.888489e+01  1.300000e+01
   endloop
 endfacet
 facet normal -9.953925e-01 -9.588368e-02  0.000000e+00
   outer loop
     vertex  2.589158e+01 -2.884666e+01  1.500000e+01
     vertex  2.589526e+01 -2.888489e+01  1.300000e+01
     vertex  2.589526e+01 -2.888489e+01  1.500000e+01
   endloop
 endfacet
 facet normal -9.923874e-01 -1.231552e-01 -0.000000e+00
   outer loop
     vertex  2.588685e+01 -2.880854e+01  1.500000e+01
     vertex  2.588685e+01 -2.880854e+01  1.300000e+01
     vertex  2.589158e+01 -2.884666e+01  1.300000e+01
   endloop
 endfacet
 facet normal -9.923874e-01 -1.231552e-01  0.000000e+00
   outer loop
     vertex  2.588685e+01 -2.880854e+01  1.500000e+01
     vertex  2.589158e+01 -2.884666e+01  1.300000e+01
     vertex  2.589158e+01 -2.884666e+01  1.500000e+01
   endloop
 endfacet
 facet normal -9.886353e-01 -1.503341e-01 -0.000000e+00
   outer loop
     vertex  2.588107e+01 -2.877056e+01  1.500000e+01
     vertex  2.588107e+01 -2.877056e+01  1.300000e+01
     vertex  2.588685e+01 -2.880854e+01  1.300000e+01
   endloop
 endfacet
 facet normal -9.886353e-01 -1.503341e-01  0.000000e+00
   outer loop
     vertex  2.588107e+01 -2.877056e+01  1.500000e+01
     vertex  2.588685e+01 -2.880854e+01  1.300000e+01
     vertex  2.588685e+01 -2.880854e+01  1.500000e+01
   endloop
 endfacet
 facet normal -9.841389e-01 -1.773998e-01 -0.000000e+00
   outer loop
     vertex  2.587426e+01 -2.873276e+01  1.500000e+01
     vertex  2.587426e+01 -2.873276e+01  1.300000e+01
     vertex  2.588107e+01 -2.877056e+01  1.300000e+01
   endloop
 endfacet
 facet normal -9.841389e-01 -1.773998e-01  0.000000e+00
   outer loop
     vertex  2.587426e+01 -2.873276e+01  1.500000e+01
     vertex  2.588107e+01 -2.877056e+01  1.300000e+01
     vertex  2.588107e+01 -2.877056e+01  1.500000e+01
   endloop
 endfacet
 facet normal -9.789017e-01 -2.043319e-01 -0.000000e+00
   outer loop
     vertex  2.586641e+01 -2.869516e+01  1.500000e+01
     vertex  2.586641e+01 -2.869516e+01  1.300000e+01
     vertex  2.587426e+01 -2.873276e+01  1.300000e+01
   endloop
 endfacet
 facet normal -9.789017e-01 -2.043319e-01  0.000000e+00
   outer loop
     vertex  2.586641e+01 -2.869516e+01  1.500000e+01
     vertex  2.587426e+01 -2.873276e+01  1.300000e+01
     vertex  2.587426e+01 -2.873276e+01  1.500000e+01
   endloop
 endfacet
 facet normal -9.729276e-01 -2.311102e-01 -0.000000e+00
   outer loop
     vertex  2.585753e+01 -2.865779e+01  1.500000e+01
     vertex  2.585753e+01 -2.865779e+01  1.300000e+01
     vertex  2.586641e+01 -2.869516e+01  1.300000e+01
   endloop
 endfacet
 facet normal -9.662211e-01 -2.577146e-01 -0.000000e+00
   outer loop
     vertex  2.585753e+01 -2.865779e+01  1.500000e+01
     vertex  2.584763e+01 -2.862068e+01  1.300000e+01
     vertex  2.585753e+01 -2.865779e+01  1.300000e+01
   endloop
 endfacet
 facet normal -9.729276e-01 -2.311102e-01  0.000000e+00
   outer loop
     vertex  2.585753e+01 -2.865779e+01  1.500000e+01
     vertex  2.586641e+01 -2.869516e+01  1.300000e+01
     vertex  2.586641e+01 -2.869516e+01  1.500000e+01
   endloop
 endfacet
 facet normal -9.662211e-01 -2.577146e-01 -0.000000e+00
   outer loop
     vertex  2.584763e+01 -2.862068e+01  1.500000e+01
     vertex  2.584763e+01 -2.862068e+01  1.300000e+01
     vertex  2.585753e+01 -2.865779e+01  1.500000e+01
   endloop
 endfacet
 facet normal -9.587873e-01 -2.841250e-01  0.000000e+00
   outer loop
     vertex  2.583672e+01 -2.858385e+01  1.500000e+01
     vertex  2.584763e+01 -2.862068e+01  1.300000e+01
     vertex  2.584763e+01 -2.862068e+01  1.500000e+01
   endloop
 endfacet
 facet normal -9.587873e-01 -2.841250e-01 -0.000000e+00
   outer loop
     vertex  2.583672e+01 -2.858385e+01  1.500000e+01
     vertex  2.583672e+01 -2.858385e+01  1.300000e+01
     vertex  2.584763e+01 -2.862068e+01  1.300000e+01
   endloop
 endfacet
 facet normal -9.506317e-01 -3.103214e-01  0.000000e+00
   outer loop
     vertex  2.582480e+01 -2.854733e+01  1.500000e+01
     vertex  2.583672e+01 -2.858385e+01  1.300000e+01
     vertex  2.583672e+01 -2.858385e+01  1.500000e+01
   endloop
 endfacet
 facet normal -9.506317e-01 -3.103214e-01 -0.000000e+00
   outer loop
     vertex  2.582480e+01 -2.854733e+01  1.500000e+01
     vertex  2.582480e+01 -2.854733e+01  1.300000e+01
     vertex  2.583672e+01 -2.858385e+01  1.300000e+01
   endloop
 endfacet
 facet normal -9.417605e-01 -3.362843e-01  0.000000e+00
   outer loop
     vertex  2.581188e+01 -2.851116e+01  1.500000e+01
     vertex  2.582480e+01 -2.854733e+01  1.300000e+01
     vertex  2.582480e+01 -2.854733e+01  1.500000e+01
   endloop
 endfacet
 facet normal -9.417605e-01 -3.362843e-01 -0.000000e+00
   outer loop
     vertex  2.581188e+01 -2.851116e+01  1.500000e+01
     vertex  2.581188e+01 -2.851116e+01  1.300000e+01
     vertex  2.582480e+01 -2.854733e+01  1.300000e+01
   endloop
 endfacet
 facet normal -9.321804e-01 -3.619940e-01  0.000000e+00
   outer loop
     vertex  2.579798e+01 -2.847535e+01  1.500000e+01
     vertex  2.581188e+01 -2.851116e+01  1.300000e+01
     vertex  2.581188e+01 -2.851116e+01  1.500000e+01
   endloop
 endfacet
 facet normal -9.321804e-01 -3.619940e-01 -0.000000e+00
   outer loop
     vertex  2.579798e+01 -2.847535e+01  1.500000e+01
     vertex  2.579798e+01 -2.847535e+01  1.300000e+01
     vertex  2.581188e+01 -2.851116e+01  1.300000e+01
   endloop
 endfacet
 facet normal -9.218986e-01 -3.874313e-01 -0.000000e+00
   outer loop
     vertex  2.579798e+01 -2.847535e+01  1.500000e+01
     vertex  2.578310e+01 -2.843994e+01  1.300000e+01
     vertex  2.579798e+01 -2.847535e+01  1.300000e+01
   endloop
 endfacet
 facet normal -9.218986e-01 -3.874313e-01 -0.000000e+00
   outer loop
     vertex  2.578310e+01 -2.843994e+01  1.500000e+01
     vertex  2.578310e+01 -2.843994e+01  1.300000e+01
     vertex  2.579798e+01 -2.847535e+01  1.500000e+01
   endloop
 endfacet
 facet normal -9.109228e-01 -4.125769e-01 -0.000000e+00
   outer loop
     vertex  2.578310e+01 -2.843994e+01  1.500000e+01
     vertex  2.576725e+01 -2.840495e+01  1.300000e+01
     vertex  2.578310e+01 -2.843994e+01  1.300000e+01
   endloop
 endfacet
 facet normal -9.109228e-01 -4.125769e-01 -0.000000e+00
   outer loop
     vertex  2.576725e+01 -2.840495e+01  1.500000e+01
     vertex  2.576725e+01 -2.840495e+01  1.300000e+01
     vertex  2.578310e+01 -2.843994e+01  1.500000e+01
   endloop
 endfacet
 facet normal -8.992613e-01 -4.374119e-01  0.000000e+00
   outer loop
     vertex  2.575045e+01 -2.837041e+01  1.500000e+01
     vertex  2.576725e+01 -2.840495e+01  1.300000e+01
     vertex  2.576725e+01 -2.840495e+01  1.500000e+01
   endloop
 endfacet
 facet normal -8.992613e-01 -4.374119e-01 -0.000000e+00
   outer loop
     vertex  2.575045e+01 -2.837041e+01  1.500000e+01
     vertex  2.575045e+01 -2.837041e+01  1.300000e+01
     vertex  2.576725e+01 -2.840495e+01  1.300000e+01
   endloop
 endfacet
 facet normal -8.869228e-01 -4.619176e-01  0.000000e+00
   outer loop
     vertex  2.573270e+01 -2.833634e+01  1.500000e+01
     vertex  2.575045e+01 -2.837041e+01  1.300000e+01
     vertex  2.575045e+01 -2.837041e+01  1.500000e+01
   endloop
 endfacet
 facet normal -8.869228e-01 -4.619176e-01 -0.000000e+00
   outer loop
     vertex  2.573270e+01 -2.833634e+01  1.500000e+01
     vertex  2.573270e+01 -2.833634e+01  1.300000e+01
     vertex  2.575045e+01 -2.837041e+01  1.300000e+01
   endloop
 endfacet
 facet normal -8.739167e-01 -4.860756e-01 -0.000000e+00
   outer loop
     vertex  2.573270e+01 -2.833634e+01  1.500000e+01
     vertex  2.571403e+01 -2.830277e+01  1.300000e+01
     vertex  2.573270e+01 -2.833634e+01  1.300000e+01
   endloop
 endfacet
 facet normal -8.739167e-01 -4.860756e-01 -0.000000e+00
   outer loop
     vertex  2.571403e+01 -2.830277e+01  1.500000e+01
     vertex  2.571403e+01 -2.830277e+01  1.300000e+01
     vertex  2.573270e+01 -2.833634e+01  1.500000e+01
   endloop
 endfacet
 facet normal -8.602528e-01 -5.098678e-01  0.000000e+00
   outer loop
     vertex  2.569445e+01 -2.826973e+01  1.500000e+01
     vertex  2.571403e+01 -2.830277e+01  1.300000e+01
     vertex  2.571403e+01 -2.830277e+01  1.500000e+01
   endloop
 endfacet
 facet normal -8.602528e-01 -5.098678e-01 -0.000000e+00
   outer loop
     vertex  2.569445e+01 -2.826973e+01  1.500000e+01
     vertex  2.569445e+01 -2.826973e+01  1.300000e+01
     vertex  2.571403e+01 -2.830277e+01  1.300000e+01
   endloop
 endfacet
 facet normal -8.459413e-01 -5.332761e-01  0.000000e+00
   outer loop
     vertex  2.567396e+01 -2.823724e+01  1.500000e+01
     vertex  2.569445e+01 -2.826973e+01  1.300000e+01
     vertex  2.569445e+01 -2.826973e+01  1.500000e+01
   endloop
 endfacet
 facet normal -8.459413e-01 -5.332761e-01 -0.000000e+00
   outer loop
     vertex  2.567396e+01 -2.823724e+01  1.500000e+01
     vertex  2.567396e+01 -2.823724e+01  1.300000e+01
     vertex  2.569445e+01 -2.826973e+01  1.300000e+01
   endloop
 endfacet
 facet normal -8.309929e-01 -5.562829e-01 -0.000000e+00
   outer loop
     vertex  2.565260e+01 -2.820532e+01  1.500000e+01
     vertex  2.565260e+01 -2.820532e+01  1.300000e+01
     vertex  2.567396e+01 -2.823724e+01  1.300000e+01
   endloop
 endfacet
 facet normal -8.309929e-01 -5.562829e-01  0.000000e+00
   outer loop
     vertex  2.565260e+01 -2.820532e+01  1.500000e+01
     vertex  2.567396e+01 -2.823724e+01  1.300000e+01
     vertex  2.567396e+01 -2.823724e+01  1.500000e+01
   endloop
 endfacet
 facet normal -8.154191e-01 -5.788711e-01 -0.000000e+00
   outer loop
     vertex  2.565260e+01 -2.820532e+01  1.500000e+01
     vertex  2.563036e+01 -2.817400e+01  1.300000e+01
     vertex  2.565260e+01 -2.820532e+01  1.300000e+01
   endloop
 endfacet
 facet normal -8.154191e-01 -5.788711e-01 -0.000000e+00
   outer loop
     vertex  2.563036e+01 -2.817400e+01  1.500000e+01
     vertex  2.563036e+01 -2.817400e+01  1.300000e+01
     vertex  2.565260e+01 -2.820532e+01  1.500000e+01
   endloop
 endfacet
 facet normal -7.992314e-01 -6.010234e-01  0.000000e+00
   outer loop
     vertex  2.560728e+01 -2.814330e+01  1.500000e+01
     vertex  2.563036e+01 -2.817400e+01  1.300000e+01
     vertex  2.563036e+01 -2.817400e+01  1.500000e+01
   endloop
 endfacet
 facet normal -7.992314e-01 -6.010234e-01 -0.000000e+00
   outer loop
     vertex  2.560728e+01 -2.814330e+01  1.500000e+01
     vertex  2.560728e+01 -2.814330e+01  1.300000e+01
     vertex  2.563036e+01 -2.817400e+01  1.300000e+01
   endloop
 endfacet
 facet normal -7.824421e-01 -6.227234e-01 -0.000000e+00
   outer loop
     vertex  2.558336e+01 -2.811324e+01  1.500000e+01
     vertex  2.558336e+01 -2.811324e+01  1.300000e+01
     vertex  2.560728e+01 -2.814330e+01  1.300000e+01
   endloop
 endfacet
 facet normal -7.824421e-01 -6.227234e-01  0.000000e+00
   outer loop
     vertex  2.558336e+01 -2.811324e+01  1.500000e+01
     vertex  2.560728e+01 -2.814330e+01  1.300000e+01
     vertex  2.560728e+01 -2.814330e+01  1.500000e+01
   endloop
 endfacet
 facet normal -7.650637e-01 -6.439545e-01 -0.000000e+00
   outer loop
     vertex  2.555862e+01 -2.808385e+01  1.500000e+01
     vertex  2.555862e+01 -2.808385e+01  1.300000e+01
     vertex  2.558336e+01 -2.811324e+01  1.300000e+01
   endloop
 endfacet
 facet normal -7.650637e-01 -6.439545e-01  0.000000e+00
   outer loop
     vertex  2.555862e+01 -2.808385e+01  1.500000e+01
     vertex  2.558336e+01 -2.811324e+01  1.300000e+01
     vertex  2.558336e+01 -2.811324e+01  1.500000e+01
   endloop
 endfacet
 facet normal -7.471095e-01 -6.647010e-01 -0.000000e+00
   outer loop
     vertex  2.553309e+01 -2.805516e+01  1.500000e+01
     vertex  2.553309e+01 -2.805516e+01  1.300000e+01
     vertex  2.555862e+01 -2.808385e+01  1.300000e+01
   endloop
 endfacet
 facet normal -7.471095e-01 -6.647010e-01  0.000000e+00
   outer loop
     vertex  2.553309e+01 -2.805516e+01  1.500000e+01
     vertex  2.555862e+01 -2.808385e+01  1.300000e+01
     vertex  2.555862e+01 -2.808385e+01  1.500000e+01
   endloop
 endfacet
 facet normal -7.285929e-01 -6.849470e-01 -0.000000e+00
   outer loop
     vertex  2.550678e+01 -2.802717e+01  1.500000e+01
     vertex  2.550678e+01 -2.802717e+01  1.300000e+01
     vertex  2.553309e+01 -2.805516e+01  1.300000e+01
   endloop
 endfacet
 facet normal -7.285929e-01 -6.849470e-01  0.000000e+00
   outer loop
     vertex  2.550678e+01 -2.802717e+01  1.500000e+01
     vertex  2.553309e+01 -2.805516e+01  1.300000e+01
     vertex  2.553309e+01 -2.805516e+01  1.500000e+01
   endloop
 endfacet
 facet normal -7.095278e-01 -7.046775e-01 -0.000000e+00
   outer loop
     vertex  2.547971e+01 -2.799992e+01  1.500000e+01
     vertex  2.547971e+01 -2.799992e+01  1.300000e+01
     vertex  2.550678e+01 -2.802717e+01  1.300000e+01
   endloop
 endfacet
 facet normal -7.095278e-01 -7.046775e-01  0.000000e+00
   outer loop
     vertex  2.547971e+01 -2.799992e+01  1.500000e+01
     vertex  2.550678e+01 -2.802717e+01  1.300000e+01
     vertex  2.550678e+01 -2.802717e+01  1.500000e+01
   endloop
 endfacet
 facet normal -6.899286e-01 -7.238775e-01 -0.000000e+00
   outer loop
     vertex  2.545191e+01 -2.797342e+01  1.500000e+01
     vertex  2.545191e+01 -2.797342e+01  1.300000e+01
     vertex  2.547971e+01 -2.799992e+01  1.300000e+01
   endloop
 endfacet
 facet normal -6.899286e-01 -7.238775e-01  0.000000e+00
   outer loop
     vertex  2.545191e+01 -2.797342e+01  1.500000e+01
     vertex  2.547971e+01 -2.799992e+01  1.300000e+01
     vertex  2.547971e+01 -2.799992e+01  1.500000e+01
   endloop
 endfacet
 facet normal -6.698100e-01 -7.425325e-01 -0.000000e+00
   outer loop
     vertex  2.542338e+01 -2.794769e+01  1.500000e+01
     vertex  2.542338e+01 -2.794769e+01  1.300000e+01
     vertex  2.545191e+01 -2.797342e+01  1.300000e+01
   endloop
 endfacet
 facet normal -6.698100e-01 -7.425325e-01  0.000000e+00
   outer loop
     vertex  2.542338e+01 -2.794769e+01  1.500000e+01
     vertex  2.545191e+01 -2.797342e+01  1.300000e+01
     vertex  2.545191e+01 -2.797342e+01  1.500000e+01
   endloop
 endfacet
 facet normal -6.491872e-01 -7.606287e-01 -0.000000e+00
   outer loop
     vertex  2.539417e+01 -2.792275e+01  1.500000e+01
     vertex  2.539417e+01 -2.792275e+01  1.300000e+01
     vertex  2.542338e+01 -2.794769e+01  1.300000e+01
   endloop
 endfacet
 facet normal -6.491872e-01 -7.606287e-01  0.000000e+00
   outer loop
     vertex  2.539417e+01 -2.792275e+01  1.500000e+01
     vertex  2.542338e+01 -2.794769e+01  1.300000e+01
     vertex  2.542338e+01 -2.794769e+01  1.500000e+01
   endloop
 endfacet
 facet normal -6.280757e-01 -7.781522e-01 -0.000000e+00
   outer loop
     vertex  2.536428e+01 -2.789863e+01  1.500000e+01
     vertex  2.536428e+01 -2.789863e+01  1.300000e+01
     vertex  2.539417e+01 -2.792275e+01  1.300000e+01
   endloop
 endfacet
 facet normal -6.280757e-01 -7.781522e-01  0.000000e+00
   outer loop
     vertex  2.536428e+01 -2.789863e+01  1.500000e+01
     vertex  2.539417e+01 -2.792275e+01  1.300000e+01
     vertex  2.539417e+01 -2.792275e+01  1.500000e+01
   endloop
 endfacet
 facet normal -6.064915e-01 -7.950900e-01 -0.000000e+00
   outer loop
     vertex  2.533374e+01 -2.787533e+01  1.500000e+01
     vertex  2.533374e+01 -2.787533e+01  1.300000e+01
     vertex  2.536428e+01 -2.789863e+01  1.300000e+01
   endloop
 endfacet
 facet normal -5.844507e-01 -8.114292e-01 -0.000000e+00
   outer loop
     vertex  2.533374e+01 -2.787533e+01  1.500000e+01
     vertex  2.530257e+01 -2.785288e+01  1.300000e+01
     vertex  2.533374e+01 -2.787533e+01  1.300000e+01
   endloop
 endfacet
 facet normal -6.064915e-01 -7.950900e-01  0.000000e+00
   outer loop
     vertex  2.533374e+01 -2.787533e+01  1.500000e+01
     vertex  2.536428e+01 -2.789863e+01  1.300000e+01
     vertex  2.536428e+01 -2.789863e+01  1.500000e+01
   endloop
 endfacet
 facet normal -5.844507e-01 -8.114292e-01 -0.000000e+00
   outer loop
     vertex  2.530257e+01 -2.785288e+01  1.500000e+01
     vertex  2.530257e+01 -2.785288e+01  1.300000e+01
     vertex  2.533374e+01 -2.787533e+01  1.500000e+01
   endloop
 endfacet
 facet normal -5.619699e-01 -8.271577e-01  0.000000e+00
   outer loop
     vertex  2.527080e+01 -2.783130e+01  1.500000e+01
     vertex  2.530257e+01 -2.785288e+01  1.300000e+01
     vertex  2.530257e+01 -2.785288e+01  1.500000e+01
   endloop
 endfacet
 facet normal -5.619699e-01 -8.271577e-01 -0.000000e+00
   outer loop
     vertex  2.527080e+01 -2.783130e+01  1.500000e+01
     vertex  2.527080e+01 -2.783130e+01  1.300000e+01
     vertex  2.530257e+01 -2.785288e+01  1.300000e+01
   endloop
 endfacet
 facet normal -5.390661e-01 -8.422635e-01  0.000000e+00
   outer loop
     vertex  2.523845e+01 -2.781059e+01  1.500000e+01
     vertex  2.527080e+01 -2.783130e+01  1.300000e+01
     vertex  2.527080e+01 -2.783130e+01  1.500000e+01
   endloop
 endfacet
 facet normal -5.390661e-01 -8.422635e-01 -0.000000e+00
   outer loop
     vertex  2.523845e+01 -2.781059e+01  1.500000e+01
     vertex  2.523845e+01 -2.781059e+01  1.300000e+01
     vertex  2.527080e+01 -2.783130e+01  1.300000e+01
   endloop
 endfacet
 facet normal -5.157565e-01 -8.567352e-01 -0.000000e+00
   outer loop
     vertex  2.523845e+01 -2.781059e+01  1.500000e+01
     vertex  2.520554e+01 -2.779078e+01  1.300000e+01
     vertex  2.523845e+01 -2.781059e+01  1.300000e+01
   endloop
 endfacet
 facet normal -5.157565e-01 -8.567352e-01 -0.000000e+00
   outer loop
     vertex  2.520554e+01 -2.779078e+01  1.500000e+01
     vertex  2.520554e+01 -2.779078e+01  1.300000e+01
     vertex  2.523845e+01 -2.781059e+01  1.500000e+01
   endloop
 endfacet
 facet normal -4.920587e-01 -8.705620e-01  0.000000e+00
   outer loop
     vertex  2.517210e+01 -2.777188e+01  1.500000e+01
     vertex  2.520554e+01 -2.779078e+01  1.300000e+01
     vertex  2.520554e+01 -2.779078e+01  1.500000e+01
   endloop
 endfacet
 facet normal -4.920587e-01 -8.705620e-01 -0.000000e+00
   outer loop
     vertex  2.517210e+01 -2.777188e+01  1.500000e+01
     vertex  2.517210e+01 -2.777188e+01  1.300000e+01
     vertex  2.520554e+01 -2.779078e+01  1.300000e+01
   endloop
 endfacet
 facet normal -4.679904e-01 -8.837335e-01  0.000000e+00
   outer loop
     vertex  2.513815e+01 -2.775390e+01  1.500000e+01
     vertex  2.517210e+01 -2.777188e+01  1.300000e+01
     vertex  2.517210e+01 -2.777188e+01  1.500000e+01
   endloop
 endfacet
 facet normal -4.679904e-01 -8.837335e-01 -0.000000e+00
   outer loop
     vertex  2.513815e+01 -2.775390e+01  1.500000e+01
     vertex  2.513815e+01 -2.775390e+01  1.300000e+01
     vertex  2.517210e+01 -2.777188e+01  1.300000e+01
   endloop
 endfacet
 facet normal -4.435699e-01 -8.962398e-01  0.000000e+00
   outer loop
     vertex  2.510373e+01 -2.773686e+01  1.500000e+01
     vertex  2.513815e+01 -2.775390e+01  1.300000e+01
     vertex  2.513815e+01 -2.775390e+01  1.500000e+01
   endloop
 endfacet
 facet normal -4.435699e-01 -8.962398e-01 -0.000000e+00
   outer loop
     vertex  2.510373e+01 -2.773686e+01  1.500000e+01
     vertex  2.510373e+01 -2.773686e+01  1.300000e+01
     vertex  2.513815e+01 -2.775390e+01  1.300000e+01
   endloop
 endfacet
 facet normal -4.188155e-01 -9.080714e-01  0.000000e+00
   outer loop
     vertex  2.506885e+01 -2.772078e+01  1.500000e+01
     vertex  2.510373e+01 -2.773686e+01  1.300000e+01
     vertex  2.510373e+01 -2.773686e+01  1.500000e+01
   endloop
 endfacet
 facet normal -4.188155e-01 -9.080714e-01 -0.000000e+00
   outer loop
     vertex  2.506885e+01 -2.772078e+01  1.500000e+01
     vertex  2.506885e+01 -2.772078e+01  1.300000e+01
     vertex  2.510373e+01 -2.773686e+01  1.300000e+01
   endloop
 endfacet
 facet normal -3.937458e-01 -9.192194e-01  0.000000e+00
   outer loop
     vertex  2.503354e+01 -2.770565e+01  1.500000e+01
     vertex  2.506885e+01 -2.772078e+01  1.300000e+01
     vertex  2.506885e+01 -2.772078e+01  1.500000e+01
   endloop
 endfacet
 facet normal -3.937458e-01 -9.192194e-01 -0.000000e+00
   outer loop
     vertex  2.503354e+01 -2.770565e+01  1.500000e+01
     vertex  2.503354e+01 -2.770565e+01  1.300000e+01
     vertex  2.506885e+01 -2.772078e+01  1.300000e+01
   endloop
 endfacet
 facet normal -3.683796e-01 -9.296754e-01  0.000000e+00
   outer loop
     vertex  2.499783e+01 -2.769150e+01  1.500000e+01
     vertex  2.503354e+01 -2.770565e+01  1.300000e+01
     vertex  2.503354e+01 -2.770565e+01  1.500000e+01
   endloop
 endfacet
 facet normal -3.683796e-01 -9.296754e-01 -0.000000e+00
   outer loop
     vertex  2.499783e+01 -2.769150e+01  1.500000e+01
     vertex  2.499783e+01 -2.769150e+01  1.300000e+01
     vertex  2.503354e+01 -2.770565e+01  1.300000e+01
   endloop
 endfacet
 facet normal -3.427362e-01 -9.394317e-01  0.000000e+00
   outer loop
     vertex  2.496174e+01 -2.767834e+01  1.500000e+01
     vertex  2.499783e+01 -2.769150e+01  1.300000e+01
     vertex  2.499783e+01 -2.769150e+01  1.500000e+01
   endloop
 endfacet
 facet normal -3.427362e-01 -9.394317e-01 -0.000000e+00
   outer loop
     vertex  2.496174e+01 -2.767834e+01  1.500000e+01
     vertex  2.496174e+01 -2.767834e+01  1.300000e+01
     vertex  2.499783e+01 -2.769150e+01  1.300000e+01
   endloop
 endfacet
 facet normal -3.168348e-01 -9.484807e-01 -0.000000e+00
   outer loop
     vertex  2.496174e+01 -2.767834e+01  1.500000e+01
     vertex  2.492531e+01 -2.766617e+01  1.300000e+01
     vertex  2.496174e+01 -2.767834e+01  1.300000e+01
   endloop
 endfacet
 facet normal -3.168348e-01 -9.484807e-01 -0.000000e+00
   outer loop
     vertex  2.492531e+01 -2.766617e+01  1.500000e+01
     vertex  2.492531e+01 -2.766617e+01  1.300000e+01
     vertex  2.496174e+01 -2.767834e+01  1.500000e+01
   endloop
 endfacet
 facet normal -2.906949e-01 -9.568158e-01  0.000000e+00
   outer loop
     vertex  2.488856e+01 -2.765500e+01  1.500000e+01
     vertex  2.492531e+01 -2.766617e+01  1.300000e+01
     vertex  2.492531e+01 -2.766617e+01  1.500000e+01
   endloop
 endfacet
 facet normal -2.906949e-01 -9.568158e-01 -0.000000e+00
   outer loop
     vertex  2.488856e+01 -2.765500e+01  1.500000e+01
     vertex  2.488856e+01 -2.765500e+01  1.300000e+01
     vertex  2.492531e+01 -2.766617e+01  1.300000e+01
   endloop
 endfacet
 facet normal -2.643362e-01 -9.644306e-01  0.000000e+00
   outer loop
     vertex  2.485151e+01 -2.764485e+01  1.500000e+01
     vertex  2.488856e+01 -2.765500e+01  1.300000e+01
     vertex  2.488856e+01 -2.765500e+01  1.500000e+01
   endloop
 endfacet
 facet normal -2.643362e-01 -9.644306e-01 -0.000000e+00
   outer loop
     vertex  2.485151e+01 -2.764485e+01  1.500000e+01
     vertex  2.485151e+01 -2.764485e+01  1.300000e+01
     vertex  2.488856e+01 -2.765500e+01  1.300000e+01
   endloop
 endfacet
 facet normal -2.377784e-01 -9.713194e-01 -0.000000e+00
   outer loop
     vertex  2.485151e+01 -2.764485e+01  1.500000e+01
     vertex  2.481420e+01 -2.763571e+01  1.300000e+01
     vertex  2.485151e+01 -2.764485e+01  1.300000e+01
   endloop
 endfacet
 facet normal -2.377784e-01 -9.713194e-01 -0.000000e+00
   outer loop
     vertex  2.481420e+01 -2.763571e+01  1.500000e+01
     vertex  2.481420e+01 -2.763571e+01  1.300000e+01
     vertex  2.485151e+01 -2.764485e+01  1.500000e+01
   endloop
 endfacet
 facet normal -2.110417e-01 -9.774771e-01 -0.000000e+00
   outer loop
     vertex  2.481420e+01 -2.763571e+01  1.500000e+01
     vertex  2.477666e+01 -2.762761e+01  1.300000e+01
     vertex  2.481420e+01 -2.763571e+01  1.300000e+01
   endloop
 endfacet
 facet normal -2.110417e-01 -9.774771e-01 -0.000000e+00
   outer loop
     vertex  2.477666e+01 -2.762761e+01  1.500000e+01
     vertex  2.477666e+01 -2.762761e+01  1.300000e+01
     vertex  2.481420e+01 -2.763571e+01  1.500000e+01
   endloop
 endfacet
 facet normal -1.841461e-01 -9.828989e-01  0.000000e+00
   outer loop
     vertex  2.473890e+01 -2.762053e+01  1.500000e+01
     vertex  2.477666e+01 -2.762761e+01  1.300000e+01
     vertex  2.477666e+01 -2.762761e+01  1.500000e+01
   endloop
 endfacet
 facet normal -1.841461e-01 -9.828989e-01 -0.000000e+00
   outer loop
     vertex  2.473890e+01 -2.762053e+01  1.500000e+01
     vertex  2.473890e+01 -2.762053e+01  1.300000e+01
     vertex  2.477666e+01 -2.762761e+01  1.300000e+01
   endloop
 endfacet
 facet normal -1.571119e-01 -9.875808e-01  0.000000e+00
   outer loop
     vertex  2.470097e+01 -2.761450e+01  1.500000e+01
     vertex  2.473890e+01 -2.762053e+01  1.300000e+01
     vertex  2.473890e+01 -2.762053e+01  1.500000e+01
   endloop
 endfacet
 facet normal -1.571119e-01 -9.875808e-01 -0.000000e+00
   outer loop
     vertex  2.470097e+01 -2.761450e+01  1.500000e+01
     vertex  2.470097e+01 -2.761450e+01  1.300000e+01
     vertex  2.473890e+01 -2.762053e+01  1.300000e+01
   endloop
 endfacet
 facet normal -1.299594e-01 -9.915193e-01  0.000000e+00
   outer loop
     vertex  2.466288e+01 -2.760951e+01  1.500000e+01
     vertex  2.470097e+01 -2.761450e+01  1.300000e+01
     vertex  2.470097e+01 -2.761450e+01  1.500000e+01
   endloop
 endfacet
 facet normal -1.299594e-01 -9.915193e-01 -0.000000e+00
   outer loop
     vertex  2.466288e+01 -2.760951e+01  1.500000e+01
     vertex  2.466288e+01 -2.760951e+01  1.300000e+01
     vertex  2.470097e+01 -2.761450e+01  1.300000e+01
   endloop
 endfacet
 facet normal -1.027091e-01 -9.947114e-01  0.000000e+00
   outer loop
     vertex  2.462468e+01 -2.760556e+01  1.500000e+01
     vertex  2.466288e+01 -2.760951e+01  1.300000e+01
     vertex  2.466288e+01 -2.760951e+01  1.500000e+01
   endloop
 endfacet
 facet normal -1.027091e-01 -9.947114e-01 -0.000000e+00
   outer loop
     vertex  2.462468e+01 -2.760556e+01  1.500000e+01
     vertex  2.462468e+01 -2.760556e+01  1.300000e+01
     vertex  2.466288e+01 -2.760951e+01  1.300000e+01
   endloop
 endfacet
 facet normal -7.538152e-02 -9.971548e-01 -0.000000e+00
   outer loop
     vertex  2.462468e+01 -2.760556e+01  1.500000e+01
     vertex  2.458637e+01 -2.760267e+01  1.300000e+01
     vertex  2.462468e+01 -2.760556e+01  1.300000e+01
   endloop
 endfacet
 facet normal -7.538152e-02 -9.971548e-01 -0.000000e+00
   outer loop
     vertex  2.458637e+01 -2.760267e+01  1.500000e+01
     vertex  2.458637e+01 -2.760267e+01  1.300000e+01
     vertex  2.462468e+01 -2.760556e+01  1.500000e+01
   endloop
 endfacet
 facet normal -4.799716e-02 -9.988475e-01  0.000000e+00
   outer loop
     vertex  2.454801e+01 -2.760082e+01  1.500000e+01
     vertex  2.458637e+01 -2.760267e+01  1.300000e+01
     vertex  2.458637e+01 -2.760267e+01  1.500000e+01
   endloop
 endfacet
 facet normal -4.799716e-02 -9.988475e-01 -0.000000e+00
   outer loop
     vertex  2.454801e+01 -2.760082e+01  1.500000e+01
     vertex  2.454801e+01 -2.760082e+01  1.300000e+01
     vertex  2.458637e+01 -2.760267e+01  1.300000e+01
   endloop
 endfacet
 facet normal -2.057667e-02 -9.997883e-01 -0.000000e+00
   outer loop
     vertex  2.450960e+01 -2.760003e+01  1.500000e+01
     vertex  2.450960e+01 -2.760003e+01  1.300000e+01
     vertex  2.454801e+01 -2.760082e+01  1.300000e+01
   endloop
 endfacet
 facet normal -2.057667e-02 -9.997883e-01  0.000000e+00
   outer loop
     vertex  2.450960e+01 -2.760003e+01  1.500000e+01
     vertex  2.454801e+01 -2.760082e+01  1.300000e+01
     vertex  2.454801e+01 -2.760082e+01  1.500000e+01
   endloop
 endfacet
 facet normal  6.859319e-03 -9.999765e-01  0.000000e+00
   outer loop
     vertex  2.450960e+01 -2.760003e+01  1.500000e+01
     vertex  2.447119e+01 -2.760030e+01  1.300000e+01
     vertex  2.450960e+01 -2.760003e+01  1.300000e+01
   endloop
 endfacet
 facet normal  6.859319e-03 -9.999765e-01  0.000000e+00
   outer loop
     vertex  2.447119e+01 -2.760030e+01  1.500000e+01
     vertex  2.447119e+01 -2.760030e+01  1.300000e+01
     vertex  2.450960e+01 -2.760003e+01  1.500000e+01
   endloop
 endfacet
 facet normal  3.429014e-02 -9.994119e-01  0.000000e+00
   outer loop
     vertex  2.443280e+01 -2.760161e+01  1.500000e+01
     vertex  2.443280e+01 -2.760161e+01  1.300000e+01
     vertex  2.447119e+01 -2.760030e+01  1.300000e+01
   endloop
 endfacet
 facet normal  6.169515e-02 -9.980950e-01  0.000000e+00
   outer loop
     vertex  2.443280e+01 -2.760161e+01  1.500000e+01
     vertex  2.439447e+01 -2.760398e+01  1.300000e+01
     vertex  2.443280e+01 -2.760161e+01  1.300000e+01
   endloop
 endfacet
 facet normal  3.429014e-02 -9.994119e-01  0.000000e+00
   outer loop
     vertex  2.443280e+01 -2.760161e+01  1.500000e+01
     vertex  2.447119e+01 -2.760030e+01  1.300000e+01
     vertex  2.447119e+01 -2.760030e+01  1.500000e+01
   endloop
 endfacet
 facet normal  8.905371e-02 -9.960268e-01  0.000000e+00
   outer loop
     vertex  2.439447e+01 -2.760398e+01  1.500000e+01
     vertex  2.435621e+01 -2.760740e+01  1.300000e+01
     vertex  2.439447e+01 -2.760398e+01  1.300000e+01
   endloop
 endfacet
 facet normal  6.169515e-02 -9.980950e-01  0.000000e+00
   outer loop
     vertex  2.439447e+01 -2.760398e+01  1.500000e+01
     vertex  2.439447e+01 -2.760398e+01  1.300000e+01
     vertex  2.443280e+01 -2.760161e+01  1.500000e+01
   endloop
 endfacet
 facet normal  8.905371e-02 -9.960268e-01  0.000000e+00
   outer loop
     vertex  2.435621e+01 -2.760740e+01  1.500000e+01
     vertex  2.435621e+01 -2.760740e+01  1.300000e+01
     vertex  2.439447e+01 -2.760398e+01  1.500000e+01
   endloop
 endfacet
 facet normal  1.163452e-01 -9.932088e-01  0.000000e+00
   outer loop
     vertex  2.431806e+01 -2.761187e+01  1.500000e+01
     vertex  2.435621e+01 -2.760740e+01  1.300000e+01
     vertex  2.435621e+01 -2.760740e+01  1.500000e+01
   endloop
 endfacet
 facet normal  1.163452e-01 -9.932088e-01  0.000000e+00
   outer loop
     vertex  2.431806e+01 -2.761187e+01  1.500000e+01
     vertex  2.431806e+01 -2.761187e+01  1.300000e+01
     vertex  2.435621e+01 -2.760740e+01  1.300000e+01
   endloop
 endfacet
 facet normal  1.435492e-01 -9.896432e-01  0.000000e+00
   outer loop
     vertex  2.431806e+01 -2.761187e+01  1.500000e+01
     vertex  2.428004e+01 -2.761739e+01  1.300000e+01
     vertex  2.431806e+01 -2.761187e+01  1.300000e+01
   endloop
 endfacet
 facet normal  1.435492e-01 -9.896432e-01  0.000000e+00
   outer loop
     vertex  2.428004e+01 -2.761739e+01  1.500000e+01
     vertex  2.428004e+01 -2.761739e+01  1.300000e+01
     vertex  2.431806e+01 -2.761187e+01  1.500000e+01
   endloop
 endfacet
 facet normal  1.706451e-01 -9.853326e-01  0.000000e+00
   outer loop
     vertex  2.424220e+01 -2.762394e+01  1.500000e+01
     vertex  2.428004e+01 -2.761739e+01  1.300000e+01
     vertex  2.428004e+01 -2.761739e+01  1.500000e+01
   endloop
 endfacet
 facet normal  1.706451e-01 -9.853326e-01  0.000000e+00
   outer loop
     vertex  2.424220e+01 -2.762394e+01  1.500000e+01
     vertex  2.424220e+01 -2.762394e+01  1.300000e+01
     vertex  2.428004e+01 -2.761739e+01  1.300000e+01
   endloop
 endfacet
 facet normal  1.976125e-01 -9.802802e-01  0.000000e+00
   outer loop
     vertex  2.424220e+01 -2.762394e+01  1.500000e+01
     vertex  2.420454e+01 -2.763153e+01  1.300000e+01
     vertex  2.424220e+01 -2.762394e+01  1.300000e+01
   endloop
 endfacet
 facet normal  1.976125e-01 -9.802802e-01  0.000000e+00
   outer loop
     vertex  2.420454e+01 -2.763153e+01  1.500000e+01
     vertex  2.420454e+01 -2.763153e+01  1.300000e+01
     vertex  2.424220e+01 -2.762394e+01  1.500000e+01
   endloop
 endfacet
 facet normal  2.244312e-01 -9.744899e-01  0.000000e+00
   outer loop
     vertex  2.416711e+01 -2.764015e+01  1.500000e+01
     vertex  2.420454e+01 -2.763153e+01  1.300000e+01
     vertex  2.420454e+01 -2.763153e+01  1.500000e+01
   endloop
 endfacet
 facet normal  2.244312e-01 -9.744899e-01  0.000000e+00
   outer loop
     vertex  2.416711e+01 -2.764015e+01  1.500000e+01
     vertex  2.416711e+01 -2.764015e+01  1.300000e+01
     vertex  2.420454e+01 -2.763153e+01  1.300000e+01
   endloop
 endfacet
 facet normal  2.510809e-01 -9.679661e-01  0.000000e+00
   outer loop
     vertex  2.416711e+01 -2.764015e+01  1.500000e+01
     vertex  2.412993e+01 -2.764980e+01  1.300000e+01
     vertex  2.416711e+01 -2.764015e+01  1.300000e+01
   endloop
 endfacet
 facet normal  2.510809e-01 -9.679661e-01  0.000000e+00
   outer loop
     vertex  2.412993e+01 -2.764980e+01  1.500000e+01
     vertex  2.412993e+01 -2.764980e+01  1.300000e+01
     vertex  2.416711e+01 -2.764015e+01  1.500000e+01
   endloop
 endfacet
 facet normal  2.775416e-01 -9.607136e-01  0.000000e+00
   outer loop
     vertex  2.409303e+01 -2.766046e+01  1.500000e+01
     vertex  2.412993e+01 -2.764980e+01  1.300000e+01
     vertex  2.412993e+01 -2.764980e+01  1.500000e+01
   endloop
 endfacet
 facet normal  2.775416e-01 -9.607136e-01  0.000000e+00
   outer loop
     vertex  2.409303e+01 -2.766046e+01  1.500000e+01
     vertex  2.409303e+01 -2.766046e+01  1.300000e+01
     vertex  2.412993e+01 -2.764980e+01  1.300000e+01
   endloop
 endfacet
 facet normal  3.037934e-01 -9.527379e-01  0.000000e+00
   outer loop
     vertex  2.405643e+01 -2.767213e+01  1.500000e+01
     vertex  2.409303e+01 -2.766046e+01  1.300000e+01
     vertex  2.409303e+01 -2.766046e+01  1.500000e+01
   endloop
 endfacet
 facet normal  3.037934e-01 -9.527379e-01  0.000000e+00
   outer loop
     vertex  2.405643e+01 -2.767213e+01  1.500000e+01
     vertex  2.405643e+01 -2.767213e+01  1.300000e+01
     vertex  2.409303e+01 -2.766046e+01  1.300000e+01
   endloop
 endfacet
 facet normal  3.298166e-01 -9.440450e-01  0.000000e+00
   outer loop
     vertex  2.405643e+01 -2.767213e+01  1.500000e+01
     vertex  2.402017e+01 -2.768480e+01  1.300000e+01
     vertex  2.405643e+01 -2.767213e+01  1.300000e+01
   endloop
 endfacet
 facet normal  3.298166e-01 -9.440450e-01  0.000000e+00
   outer loop
     vertex  2.402017e+01 -2.768480e+01  1.500000e+01
     vertex  2.402017e+01 -2.768480e+01  1.300000e+01
     vertex  2.405643e+01 -2.767213e+01  1.500000e+01
   endloop
 endfacet
 facet normal  3.555914e-01 -9.346415e-01  0.000000e+00
   outer loop
     vertex  2.398427e+01 -2.769845e+01  1.500000e+01
     vertex  2.402017e+01 -2.768480e+01  1.300000e+01
     vertex  2.402017e+01 -2.768480e+01  1.500000e+01
   endloop
 endfacet
 facet normal  3.555914e-01 -9.346415e-01  0.000000e+00
   outer loop
     vertex  2.398427e+01 -2.769845e+01  1.500000e+01
     vertex  2.398427e+01 -2.769845e+01  1.300000e+01
     vertex  2.402017e+01 -2.768480e+01  1.300000e+01
   endloop
 endfacet
 facet normal  3.810986e-01 -9.245344e-01  0.000000e+00
   outer loop
     vertex  2.394876e+01 -2.771309e+01  1.500000e+01
     vertex  2.398427e+01 -2.769845e+01  1.300000e+01
     vertex  2.398427e+01 -2.769845e+01  1.500000e+01
   endloop
 endfacet
 facet normal  3.810986e-01 -9.245344e-01  0.000000e+00
   outer loop
     vertex  2.394876e+01 -2.771309e+01  1.500000e+01
     vertex  2.394876e+01 -2.771309e+01  1.300000e+01
     vertex  2.398427e+01 -2.769845e+01  1.300000e+01
   endloop
 endfacet
 facet normal  4.063188e-01 -9.137314e-01  0.000000e+00
   outer loop
     vertex  2.391366e+01 -2.772870e+01  1.500000e+01
     vertex  2.391366e+01 -2.772870e+01  1.300000e+01
     vertex  2.394876e+01 -2.771309e+01  1.300000e+01
   endloop
 endfacet
 facet normal  4.063188e-01 -9.137314e-01  0.000000e+00
   outer loop
     vertex  2.391366e+01 -2.772870e+01  1.500000e+01
     vertex  2.394876e+01 -2.771309e+01  1.300000e+01
     vertex  2.394876e+01 -2.771309e+01  1.500000e+01
   endloop
 endfacet
 facet normal  4.312333e-01 -9.022405e-01  0.000000e+00
   outer loop
     vertex  2.387900e+01 -2.774526e+01  1.500000e+01
     vertex  2.387900e+01 -2.774526e+01  1.300000e+01
     vertex  2.391366e+01 -2.772870e+01  1.300000e+01
   endloop
 endfacet
 facet normal  4.312333e-01 -9.022405e-01  0.000000e+00
   outer loop
     vertex  2.387900e+01 -2.774526e+01  1.500000e+01
     vertex  2.391366e+01 -2.772870e+01  1.300000e+01
     vertex  2.391366e+01 -2.772870e+01  1.500000e+01
   endloop
 endfacet
 facet normal  4.558231e-01 -8.900704e-01  0.000000e+00
   outer loop
     vertex  2.384481e+01 -2.776277e+01  1.500000e+01
     vertex  2.384481e+01 -2.776277e+01  1.300000e+01
     vertex  2.387900e+01 -2.774526e+01  1.300000e+01
   endloop
 endfacet
 facet normal  4.800697e-01 -8.772303e-01  0.000000e+00
   outer loop
     vertex  2.384481e+01 -2.776277e+01  1.500000e+01
     vertex  2.381112e+01 -2.778121e+01  1.300000e+01
     vertex  2.384481e+01 -2.776277e+01  1.300000e+01
   endloop
 endfacet
 facet normal  4.558231e-01 -8.900704e-01  0.000000e+00
   outer loop
     vertex  2.384481e+01 -2.776277e+01  1.500000e+01
     vertex  2.387900e+01 -2.774526e+01  1.300000e+01
     vertex  2.387900e+01 -2.774526e+01  1.500000e+01
   endloop
 endfacet
 facet normal  5.039550e-01 -8.637299e-01  0.000000e+00
   outer loop
     vertex  2.381112e+01 -2.778121e+01  1.500000e+01
     vertex  2.377794e+01 -2.780057e+01  1.300000e+01
     vertex  2.381112e+01 -2.778121e+01  1.300000e+01
   endloop
 endfacet
 facet normal  4.800697e-01 -8.772303e-01  0.000000e+00
   outer loop
     vertex  2.381112e+01 -2.778121e+01  1.500000e+01
     vertex  2.381112e+01 -2.778121e+01  1.300000e+01
     vertex  2.384481e+01 -2.776277e+01  1.500000e+01
   endloop
 endfacet
 facet normal  5.274609e-01 -8.495793e-01  0.000000e+00
   outer loop
     vertex  2.377794e+01 -2.780057e+01  1.500000e+01
     vertex  2.374531e+01 -2.782083e+01  1.300000e+01
     vertex  2.377794e+01 -2.780057e+01  1.300000e+01
   endloop
 endfacet
 facet normal  5.039550e-01 -8.637299e-01  0.000000e+00
   outer loop
     vertex  2.377794e+01 -2.780057e+01  1.500000e+01
     vertex  2.377794e+01 -2.780057e+01  1.300000e+01
     vertex  2.381112e+01 -2.778121e+01  1.500000e+01
   endloop
 endfacet
 facet normal  5.274609e-01 -8.495793e-01  0.000000e+00
   outer loop
     vertex  2.374531e+01 -2.782083e+01  1.500000e+01
     vertex  2.374531e+01 -2.782083e+01  1.300000e+01
     vertex  2.377794e+01 -2.780057e+01  1.500000e+01
   endloop
 endfacet
 facet normal  5.505698e-01 -8.347891e-01  0.000000e+00
   outer loop
     vertex  2.371324e+01 -2.784198e+01  1.500000e+01
     vertex  2.371324e+01 -2.784198e+01  1.300000e+01
     vertex  2.374531e+01 -2.782083e+01  1.300000e+01
   endloop
 endfacet
 facet normal  5.505698e-01 -8.347891e-01  0.000000e+00
   outer loop
     vertex  2.371324e+01 -2.784198e+01  1.500000e+01
     vertex  2.374531e+01 -2.782083e+01  1.300000e+01
     vertex  2.374531e+01 -2.782083e+01  1.500000e+01
   endloop
 endfacet
 facet normal  5.732642e-01 -8.193706e-01  0.000000e+00
   outer loop
     vertex  2.368177e+01 -2.786400e+01  1.500000e+01
     vertex  2.368177e+01 -2.786400e+01  1.300000e+01
     vertex  2.371324e+01 -2.784198e+01  1.300000e+01
   endloop
 endfacet
 facet normal  5.955271e-01 -8.033352e-01  0.000000e+00
   outer loop
     vertex  2.368177e+01 -2.786400e+01  1.500000e+01
     vertex  2.365091e+01 -2.788687e+01  1.300000e+01
     vertex  2.368177e+01 -2.786400e+01  1.300000e+01
   endloop
 endfacet
 facet normal  5.732642e-01 -8.193706e-01  0.000000e+00
   outer loop
     vertex  2.368177e+01 -2.786400e+01  1.500000e+01
     vertex  2.371324e+01 -2.784198e+01  1.300000e+01
     vertex  2.371324e+01 -2.784198e+01  1.500000e+01
   endloop
 endfacet
 facet normal  5.955271e-01 -8.033352e-01  0.000000e+00
   outer loop
     vertex  2.365091e+01 -2.788687e+01  1.500000e+01
     vertex  2.365091e+01 -2.788687e+01  1.300000e+01
     vertex  2.368177e+01 -2.786400e+01  1.500000e+01
   endloop
 endfacet
 facet normal  6.173417e-01 -7.866951e-01  0.000000e+00
   outer loop
     vertex  2.362069e+01 -2.791059e+01  1.500000e+01
     vertex  2.362069e+01 -2.791059e+01  1.300000e+01
     vertex  2.365091e+01 -2.788687e+01  1.300000e+01
   endloop
 endfacet
 facet normal  6.386916e-01 -7.694628e-01  0.000000e+00
   outer loop
     vertex  2.362069e+01 -2.791059e+01  1.500000e+01
     vertex  2.359114e+01 -2.793512e+01  1.300000e+01
     vertex  2.362069e+01 -2.791059e+01  1.300000e+01
   endloop
 endfacet
 facet normal  6.173417e-01 -7.866951e-01  0.000000e+00
   outer loop
     vertex  2.362069e+01 -2.791059e+01  1.500000e+01
     vertex  2.365091e+01 -2.788687e+01  1.300000e+01
     vertex  2.365091e+01 -2.788687e+01  1.500000e+01
   endloop
 endfacet
 facet normal  6.386916e-01 -7.694628e-01  0.000000e+00
   outer loop
     vertex  2.359114e+01 -2.793512e+01  1.500000e+01
     vertex  2.359114e+01 -2.793512e+01  1.300000e+01
     vertex  2.362069e+01 -2.791059e+01  1.500000e+01
   endloop
 endfacet
 facet normal  6.595607e-01 -7.516513e-01  0.000000e+00
   outer loop
     vertex  2.356227e+01 -2.796045e+01  1.500000e+01
     vertex  2.356227e+01 -2.796045e+01  1.300000e+01
     vertex  2.359114e+01 -2.793512e+01  1.300000e+01
   endloop
 endfacet
 facet normal  6.595607e-01 -7.516513e-01  0.000000e+00
   outer loop
     vertex  2.356227e+01 -2.796045e+01  1.500000e+01
     vertex  2.359114e+01 -2.793512e+01  1.300000e+01
     vertex  2.359114e+01 -2.793512e+01  1.500000e+01
   endloop
 endfacet
 facet normal  6.799333e-01 -7.332740e-01  0.000000e+00
   outer loop
     vertex  2.353410e+01 -2.798657e+01  1.500000e+01
     vertex  2.353410e+01 -2.798657e+01  1.300000e+01
     vertex  2.356227e+01 -2.796045e+01  1.300000e+01
   endloop
 endfacet
 facet normal  6.997940e-01 -7.143447e-01  0.000000e+00
   outer loop
     vertex  2.353410e+01 -2.798657e+01  1.500000e+01
     vertex  2.350666e+01 -2.801345e+01  1.300000e+01
     vertex  2.353410e+01 -2.798657e+01  1.300000e+01
   endloop
 endfacet
 facet normal  6.799333e-01 -7.332740e-01  0.000000e+00
   outer loop
     vertex  2.353410e+01 -2.798657e+01  1.500000e+01
     vertex  2.356227e+01 -2.796045e+01  1.300000e+01
     vertex  2.356227e+01 -2.796045e+01  1.500000e+01
   endloop
 endfacet
 facet normal  6.997940e-01 -7.143447e-01  0.000000e+00
   outer loop
     vertex  2.350666e+01 -2.801345e+01  1.500000e+01
     vertex  2.350666e+01 -2.801345e+01  1.300000e+01
     vertex  2.353410e+01 -2.798657e+01  1.500000e+01
   endloop
 endfacet
 facet normal  7.191280e-01 -6.948776e-01  0.000000e+00
   outer loop
     vertex  2.350666e+01 -2.801345e+01  1.500000e+01
     vertex  2.347997e+01 -2.804107e+01  1.300000e+01
     vertex  2.350666e+01 -2.801345e+01  1.300000e+01
   endloop
 endfacet
 facet normal  7.191280e-01 -6.948776e-01  0.000000e+00
   outer loop
     vertex  2.347997e+01 -2.804107e+01  1.500000e+01
     vertex  2.347997e+01 -2.804107e+01  1.300000e+01
     vertex  2.350666e+01 -2.801345e+01  1.500000e+01
   endloop
 endfacet
 facet normal  7.379206e-01 -6.748875e-01  0.000000e+00
   outer loop
     vertex  2.347997e+01 -2.804107e+01  1.500000e+01
     vertex  2.345405e+01 -2.806942e+01  1.300000e+01
     vertex  2.347997e+01 -2.804107e+01  1.300000e+01
   endloop
 endfacet
 facet normal  7.379206e-01 -6.748875e-01  0.000000e+00
   outer loop
     vertex  2.345405e+01 -2.806942e+01  1.500000e+01
     vertex  2.345405e+01 -2.806942e+01  1.300000e+01
     vertex  2.347997e+01 -2.804107e+01  1.500000e+01
   endloop
 endfacet
 facet normal  7.561578e-01 -6.543893e-01  0.000000e+00
   outer loop
     vertex  2.342891e+01 -2.809846e+01  1.500000e+01
     vertex  2.345405e+01 -2.806942e+01  1.300000e+01
     vertex  2.345405e+01 -2.806942e+01  1.500000e+01
   endloop
 endfacet
 facet normal  7.561578e-01 -6.543893e-01  0.000000e+00
   outer loop
     vertex  2.342891e+01 -2.809846e+01  1.500000e+01
     vertex  2.342891e+01 -2.809846e+01  1.300000e+01
     vertex  2.345405e+01 -2.806942e+01  1.300000e+01
   endloop
 endfacet
 facet normal  7.738257e-01 -6.333986e-01  0.000000e+00
   outer loop
     vertex  2.342891e+01 -2.809846e+01  1.500000e+01
     vertex  2.340458e+01 -2.812819e+01  1.300000e+01
     vertex  2.342891e+01 -2.809846e+01  1.300000e+01
   endloop
 endfacet
 facet normal  7.738257e-01 -6.333986e-01  0.000000e+00
   outer loop
     vertex  2.340458e+01 -2.812819e+01  1.500000e+01
     vertex  2.340458e+01 -2.812819e+01  1.300000e+01
     vertex  2.342891e+01 -2.809846e+01  1.500000e+01
   endloop
 endfacet
 facet normal  7.909112e-01 -6.119310e-01  0.000000e+00
   outer loop
     vertex  2.338108e+01 -2.815857e+01  1.500000e+01
     vertex  2.338108e+01 -2.815857e+01  1.300000e+01
     vertex  2.340458e+01 -2.812819e+01  1.300000e+01
   endloop
 endfacet
 facet normal  8.074012e-01 -5.900028e-01  0.000000e+00
   outer loop
     vertex  2.338108e+01 -2.815857e+01  1.500000e+01
     vertex  2.335841e+01 -2.818958e+01  1.300000e+01
     vertex  2.338108e+01 -2.815857e+01  1.300000e+01
   endloop
 endfacet
 facet normal  7.909112e-01 -6.119310e-01  0.000000e+00
   outer loop
     vertex  2.338108e+01 -2.815857e+01  1.500000e+01
     vertex  2.340458e+01 -2.812819e+01  1.300000e+01
     vertex  2.340458e+01 -2.812819e+01  1.500000e+01
   endloop
 endfacet
 facet normal  8.074012e-01 -5.900028e-01  0.000000e+00
   outer loop
     vertex  2.335841e+01 -2.818958e+01  1.500000e+01
     vertex  2.335841e+01 -2.818958e+01  1.300000e+01
     vertex  2.338108e+01 -2.815857e+01  1.500000e+01
   endloop
 endfacet
 facet normal  8.232835e-01 -5.676304e-01  0.000000e+00
   outer loop
     vertex  2.333661e+01 -2.822120e+01  1.500000e+01
     vertex  2.333661e+01 -2.822120e+01  1.300000e+01
     vertex  2.335841e+01 -2.818958e+01  1.300000e+01
   endloop
 endfacet
 facet normal  8.232835e-01 -5.676304e-01  0.000000e+00
   outer loop
     vertex  2.333661e+01 -2.822120e+01  1.500000e+01
     vertex  2.335841e+01 -2.818958e+01  1.300000e+01
     vertex  2.335841e+01 -2.818958e+01  1.500000e+01
   endloop
 endfacet
 facet normal  8.385460e-01 -5.448308e-01  0.000000e+00
   outer loop
     vertex  2.331568e+01 -2.825341e+01  1.500000e+01
     vertex  2.331568e+01 -2.825341e+01  1.300000e+01
     vertex  2.333661e+01 -2.822120e+01  1.300000e+01
   endloop
 endfacet
 facet normal  8.385460e-01 -5.448308e-01  0.000000e+00
   outer loop
     vertex  2.331568e+01 -2.825341e+01  1.500000e+01
     vertex  2.333661e+01 -2.822120e+01  1.300000e+01
     vertex  2.333661e+01 -2.822120e+01  1.500000e+01
   endloop
 endfacet
 facet normal  8.531773e-01 -5.216210e-01  0.000000e+00
   outer loop
     vertex  2.329565e+01 -2.828619e+01  1.500000e+01
     vertex  2.329565e+01 -2.828619e+01  1.300000e+01
     vertex  2.331568e+01 -2.825341e+01  1.300000e+01
   endloop
 endfacet
 facet normal  8.531773e-01 -5.216210e-01  0.000000e+00
   outer loop
     vertex  2.329565e+01 -2.828619e+01  1.500000e+01
     vertex  2.331568e+01 -2.825341e+01  1.300000e+01
     vertex  2.331568e+01 -2.825341e+01  1.500000e+01
   endloop
 endfacet
 facet normal  8.671664e-01 -4.980186e-01  0.000000e+00
   outer loop
     vertex  2.327652e+01 -2.831949e+01  1.500000e+01
     vertex  2.327652e+01 -2.831949e+01  1.300000e+01
     vertex  2.329565e+01 -2.828619e+01  1.300000e+01
   endloop
 endfacet
 facet normal  8.671664e-01 -4.980186e-01  0.000000e+00
   outer loop
     vertex  2.327652e+01 -2.831949e+01  1.500000e+01
     vertex  2.329565e+01 -2.828619e+01  1.300000e+01
     vertex  2.329565e+01 -2.828619e+01  1.500000e+01
   endloop
 endfacet
 facet normal  8.805026e-01 -4.740412e-01  0.000000e+00
   outer loop
     vertex  2.325831e+01 -2.835332e+01  1.500000e+01
     vertex  2.325831e+01 -2.835332e+01  1.300000e+01
     vertex  2.327652e+01 -2.831949e+01  1.300000e+01
   endloop
 endfacet
 facet normal  8.805026e-01 -4.740412e-01  0.000000e+00
   outer loop
     vertex  2.325831e+01 -2.835332e+01  1.500000e+01
     vertex  2.327652e+01 -2.831949e+01  1.300000e+01
     vertex  2.327652e+01 -2.831949e+01  1.500000e+01
   endloop
 endfacet
 facet normal  8.931761e-01 -4.497071e-01  0.000000e+00
   outer loop
     vertex  2.324103e+01 -2.838762e+01  1.500000e+01
     vertex  2.324103e+01 -2.838762e+01  1.300000e+01
     vertex  2.325831e+01 -2.835332e+01  1.300000e+01
   endloop
 endfacet
 facet normal  9.051772e-01 -4.250344e-01  0.000000e+00
   outer loop
     vertex  2.324103e+01 -2.838762e+01  1.500000e+01
     vertex  2.322471e+01 -2.842239e+01  1.300000e+01
     vertex  2.324103e+01 -2.838762e+01  1.300000e+01
   endloop
 endfacet
 facet normal  8.931761e-01 -4.497071e-01  0.000000e+00
   outer loop
     vertex  2.324103e+01 -2.838762e+01  1.500000e+01
     vertex  2.325831e+01 -2.835332e+01  1.300000e+01
     vertex  2.325831e+01 -2.835332e+01  1.500000e+01
   endloop
 endfacet
 facet normal  9.051772e-01 -4.250344e-01  0.000000e+00
   outer loop
     vertex  2.322471e+01 -2.842239e+01  1.500000e+01
     vertex  2.322471e+01 -2.842239e+01  1.300000e+01
     vertex  2.324103e+01 -2.838762e+01  1.500000e+01
   endloop
 endfacet
 facet normal  9.164969e-01 -4.000417e-01  0.000000e+00
   outer loop
     vertex  2.320934e+01 -2.845760e+01  1.500000e+01
     vertex  2.320934e+01 -2.845760e+01  1.300000e+01
     vertex  2.322471e+01 -2.842239e+01  1.300000e+01
   endloop
 endfacet
 facet normal  9.271267e-01 -3.747479e-01  0.000000e+00
   outer loop
     vertex  2.320934e+01 -2.845760e+01  1.500000e+01
     vertex  2.319495e+01 -2.849321e+01  1.300000e+01
     vertex  2.320934e+01 -2.845760e+01  1.300000e+01
   endloop
 endfacet
 facet normal  9.164969e-01 -4.000417e-01  0.000000e+00
   outer loop
     vertex  2.320934e+01 -2.845760e+01  1.500000e+01
     vertex  2.322471e+01 -2.842239e+01  1.300000e+01
     vertex  2.322471e+01 -2.842239e+01  1.500000e+01
   endloop
 endfacet
 facet normal  9.271267e-01 -3.747479e-01  0.000000e+00
   outer loop
     vertex  2.319495e+01 -2.849321e+01  1.500000e+01
     vertex  2.319495e+01 -2.849321e+01  1.300000e+01
     vertex  2.320934e+01 -2.845760e+01  1.500000e+01
   endloop
 endfacet
 facet normal  9.370586e-01 -3.491720e-01  0.000000e+00
   outer loop
     vertex  2.318154e+01 -2.852920e+01  1.500000e+01
     vertex  2.318154e+01 -2.852920e+01  1.300000e+01
     vertex  2.319495e+01 -2.849321e+01  1.300000e+01
   endloop
 endfacet
 facet normal  9.370586e-01 -3.491720e-01  0.000000e+00
   outer loop
     vertex  2.318154e+01 -2.852920e+01  1.500000e+01
     vertex  2.319495e+01 -2.849321e+01  1.300000e+01
     vertex  2.319495e+01 -2.849321e+01  1.500000e+01
   endloop
 endfacet
 facet normal  9.462851e-01 -3.233333e-01  0.000000e+00
   outer loop
     vertex  2.316912e+01 -2.856555e+01  1.500000e+01
     vertex  2.316912e+01 -2.856555e+01  1.300000e+01
     vertex  2.318154e+01 -2.852920e+01  1.300000e+01
   endloop
 endfacet
 facet normal  9.462851e-01 -3.233333e-01  0.000000e+00
   outer loop
     vertex  2.316912e+01 -2.856555e+01  1.500000e+01
     vertex  2.318154e+01 -2.852920e+01  1.300000e+01
     vertex  2.318154e+01 -2.852920e+01  1.500000e+01
   endloop
 endfacet
 facet normal  9.547993e-01 -2.972512e-01  0.000000e+00
   outer loop
     vertex  2.315770e+01 -2.860223e+01  1.500000e+01
     vertex  2.315770e+01 -2.860223e+01  1.300000e+01
     vertex  2.316912e+01 -2.856555e+01  1.300000e+01
   endloop
 endfacet
 facet normal  9.625948e-01 -2.709453e-01  0.000000e+00
   outer loop
     vertex  2.315770e+01 -2.860223e+01  1.500000e+01
     vertex  2.314729e+01 -2.863920e+01  1.300000e+01
     vertex  2.315770e+01 -2.860223e+01  1.300000e+01
   endloop
 endfacet
 facet normal  9.547993e-01 -2.972512e-01  0.000000e+00
   outer loop
     vertex  2.315770e+01 -2.860223e+01  1.500000e+01
     vertex  2.316912e+01 -2.856555e+01  1.300000e+01
     vertex  2.316912e+01 -2.856555e+01  1.500000e+01
   endloop
 endfacet
 facet normal  9.625948e-01 -2.709453e-01  0.000000e+00
   outer loop
     vertex  2.314729e+01 -2.863920e+01  1.500000e+01
     vertex  2.314729e+01 -2.863920e+01  1.300000e+01
     vertex  2.315770e+01 -2.860223e+01  1.500000e+01
   endloop
 endfacet
 facet normal  9.696656e-01 -2.444354e-01  0.000000e+00
   outer loop
     vertex  2.313790e+01 -2.867645e+01  1.500000e+01
     vertex  2.313790e+01 -2.867645e+01  1.300000e+01
     vertex  2.314729e+01 -2.863920e+01  1.300000e+01
   endloop
 endfacet
 facet normal  9.696656e-01 -2.444354e-01  0.000000e+00
   outer loop
     vertex  2.313790e+01 -2.867645e+01  1.500000e+01
     vertex  2.314729e+01 -2.863920e+01  1.300000e+01
     vertex  2.314729e+01 -2.863920e+01  1.500000e+01
   endloop
 endfacet
 facet normal  9.760065e-01 -2.177416e-01  0.000000e+00
   outer loop
     vertex  2.312954e+01 -2.871394e+01  1.500000e+01
     vertex  2.312954e+01 -2.871394e+01  1.300000e+01
     vertex  2.313790e+01 -2.867645e+01  1.300000e+01
   endloop
 endfacet
 facet normal  9.760065e-01 -2.177416e-01  0.000000e+00
   outer loop
     vertex  2.312954e+01 -2.871394e+01  1.500000e+01
     vertex  2.313790e+01 -2.867645e+01  1.300000e+01
     vertex  2.313790e+01 -2.867645e+01  1.500000e+01
   endloop
 endfacet
 facet normal  9.816126e-01 -1.908838e-01  0.000000e+00
   outer loop
     vertex  2.312221e+01 -2.875164e+01  1.500000e+01
     vertex  2.312221e+01 -2.875164e+01  1.300000e+01
     vertex  2.312954e+01 -2.871394e+01  1.300000e+01
   endloop
 endfacet
 facet normal  9.864799e-01 -1.638824e-01  0.000000e+00
   outer loop
     vertex  2.312221e+01 -2.875164e+01  1.500000e+01
     vertex  2.311591e+01 -2.878953e+01  1.300000e+01
     vertex  2.312221e+01 -2.875164e+01  1.300000e+01
   endloop
 endfacet
 facet normal  9.816126e-01 -1.908838e-01  0.000000e+00
   outer loop
     vertex  2.312221e+01 -2.875164e+01  1.500000e+01
     vertex  2.312954e+01 -2.871394e+01  1.300000e+01
     vertex  2.312954e+01 -2.871394e+01  1.500000e+01
   endloop
 endfacet
 facet normal  9.906046e-01 -1.367575e-01  0.000000e+00
   outer loop
     vertex  2.311591e+01 -2.878953e+01  1.500000e+01
     vertex  2.311066e+01 -2.882758e+01  1.300000e+01
     vertex  2.311591e+01 -2.878953e+01  1.300000e+01
   endloop
 endfacet
 facet normal  9.864799e-01 -1.638824e-01  0.000000e+00
   outer loop
     vertex  2.311591e+01 -2.878953e+01  1.500000e+01
     vertex  2.311591e+01 -2.878953e+01  1.300000e+01
     vertex  2.312221e+01 -2.875164e+01  1.500000e+01
   endloop
 endfacet
 facet normal  9.906046e-01 -1.367575e-01  0.000000e+00
   outer loop
     vertex  2.311066e+01 -2.882758e+01  1.500000e+01
     vertex  2.311066e+01 -2.882758e+01  1.300000e+01
     vertex  2.311591e+01 -2.878953e+01  1.500000e+01
   endloop
 endfacet
 facet normal  9.939835e-01 -1.095298e-01  0.000000e+00
   outer loop
     vertex  2.310645e+01 -2.886576e+01  1.500000e+01
     vertex  2.311066e+01 -2.882758e+01  1.300000e+01
     vertex  2.311066e+01 -2.882758e+01  1.500000e+01
   endloop
 endfacet
 facet normal  9.939835e-01 -1.095298e-01  0.000000e+00
   outer loop
     vertex  2.310645e+01 -2.886576e+01  1.500000e+01
     vertex  2.310645e+01 -2.886576e+01  1.300000e+01
     vertex  2.311066e+01 -2.882758e+01  1.300000e+01
   endloop
 endfacet
 facet normal  9.966142e-01 -8.221955e-02  0.000000e+00
   outer loop
     vertex  2.310329e+01 -2.890404e+01  1.500000e+01
     vertex  2.310645e+01 -2.886576e+01  1.300000e+01
     vertex  2.310645e+01 -2.886576e+01  1.500000e+01
   endloop
 endfacet
 facet normal  9.966142e-01 -8.221955e-02  0.000000e+00
   outer loop
     vertex  2.310329e+01 -2.890404e+01  1.500000e+01
     vertex  2.310329e+01 -2.890404e+01  1.300000e+01
     vertex  2.310645e+01 -2.886576e+01  1.300000e+01
   endloop
 endfacet
 facet normal  9.984947e-01 -5.484744e-02  0.000000e+00
   outer loop
     vertex  2.310329e+01 -2.890404e+01  1.500000e+01
     vertex  2.310119e+01 -2.894240e+01  1.300000e+01
     vertex  2.310329e+01 -2.890404e+01  1.300000e+01
   endloop
 endfacet
 facet normal  9.984947e-01 -5.484744e-02  0.000000e+00
   outer loop
     vertex  2.310119e+01 -2.894240e+01  1.500000e+01
     vertex  2.310119e+01 -2.894240e+01  1.300000e+01
     vertex  2.310329e+01 -2.890404e+01  1.500000e+01
   endloop
 endfacet
 facet normal  9.996236e-01 -2.743405e-02  0.000000e+00
   outer loop
     vertex  2.310119e+01 -2.894240e+01  1.500000e+01
     vertex  2.310013e+01 -2.898079e+01  1.300000e+01
     vertex  2.310119e+01 -2.894240e+01  1.300000e+01
   endloop
 endfacet
 facet normal  9.996236e-01 -2.743405e-02  0.000000e+00
   outer loop
     vertex  2.310013e+01 -2.898079e+01  1.500000e+01
     vertex  2.310013e+01 -2.898079e+01  1.300000e+01
     vertex  2.310119e+01 -2.894240e+01  1.500000e+01
   endloop
 endfacet
 facet normal  1.000000e+00 -0.000000e+00  0.000000e+00
   outer loop
     vertex  2.310013e+01 -2.901921e+01  1.500000e+01
     vertex  2.310013e+01 -2.898079e+01  1.300000e+01
     vertex  2.310013e+01 -2.898079e+01  1.500000e+01
   endloop
 endfacet
 facet normal  1.000000e+00  0.000000e+00  0.000000e+00
   outer loop
     vertex  2.310013e+01 -2.901921e+01  1.500000e+01
     vertex  2.310013e+01 -2.901921e+01  1.300000e+01
     vertex  2.310013e+01 -2.898079e+01  1.300000e+01
   endloop
 endfacet
 facet normal  9.996236e-01  2.743405e-02  0.000000e+00
   outer loop
     vertex  2.310013e+01 -2.901921e+01  1.500000e+01
     vertex  2.310119e+01 -2.905760e+01  1.300000e+01
     vertex  2.310013e+01 -2.901921e+01  1.300000e+01
   endloop
 endfacet
 facet normal  9.996236e-01  2.743405e-02  0.000000e+00
   outer loop
     vertex  2.310119e+01 -2.905760e+01  1.500000e+01
     vertex  2.310119e+01 -2.905760e+01  1.300000e+01
     vertex  2.310013e+01 -2.901921e+01  1.500000e+01
   endloop
 endfacet
 facet normal  9.984947e-01  5.484744e-02  0.000000e+00
   outer loop
     vertex  2.310329e+01 -2.909596e+01  1.500000e+01
     vertex  2.310119e+01 -2.905760e+01  1.300000e+01
     vertex  2.310119e+01 -2.905760e+01  1.500000e+01
   endloop
 endfacet
 facet normal  9.984947e-01  5.484744e-02  0.000000e+00
   outer loop
     vertex  2.310329e+01 -2.909596e+01  1.500000e+01
     vertex  2.310329e+01 -2.909596e+01  1.300000e+01
     vertex  2.310119e+01 -2.905760e+01  1.300000e+01
   endloop
 endfacet
 facet normal  9.966142e-01  8.221955e-02  0.000000e+00
   outer loop
     vertex  2.310329e+01 -2.909596e+01  1.500000e+01
     vertex  2.310645e+01 -2.913424e+01  1.300000e+01
     vertex  2.310329e+01 -2.909596e+01  1.300000e+01
   endloop
 endfacet
 facet normal  9.966142e-01  8.221955e-02  0.000000e+00
   outer loop
     vertex  2.310645e+01 -2.913424e+01  1.500000e+01
     vertex  2.310645e+01 -2.913424e+01  1.300000e+01
     vertex  2.310329e+01 -2.909596e+01  1.500000e+01
   endloop
 endfacet
 facet normal  9.939835e-01  1.095298e-01  0.000000e+00
   outer loop
     vertex  2.310645e+01 -2.913424e+01  1.500000e+01
     vertex  2.311066e+01 -2.917242e+01  1.300000e+01
     vertex  2.310645e+01 -2.913424e+01  1.300000e+01
   endloop
 endfacet
 facet normal  9.939835e-01  1.095298e-01  0.000000e+00
   outer loop
     vertex  2.311066e+01 -2.917242e+01  1.500000e+01
     vertex  2.311066e+01 -2.917242e+01  1.300000e+01
     vertex  2.310645e+01 -2.913424e+01  1.500000e+01
   endloop
 endfacet
 facet normal  9.906046e-01  1.367575e-01  0.000000e+00
   outer loop
     vertex  2.311591e+01 -2.921047e+01  1.500000e+01
     vertex  2.311066e+01 -2.917242e+01  1.300000e+01
     vertex  2.311066e+01 -2.917242e+01  1.500000e+01
   endloop
 endfacet
 facet normal  9.906046e-01  1.367575e-01  0.000000e+00
   outer loop
     vertex  2.311591e+01 -2.921047e+01  1.500000e+01
     vertex  2.311591e+01 -2.921047e+01  1.300000e+01
     vertex  2.311066e+01 -2.917242e+01  1.300000e+01
   endloop
 endfacet
 facet normal  9.864799e-01  1.638824e-01  0.000000e+00
   outer loop
     vertex  2.312221e+01 -2.924836e+01  1.500000e+01
     vertex  2.311591e+01 -2.921047e+01  1.300000e+01
     vertex  2.311591e+01 -2.921047e+01  1.500000e+01
   endloop
 endfacet
 facet normal  9.864799e-01  1.638824e-01  0.000000e+00
   outer loop
     vertex  2.312221e+01 -2.924836e+01  1.500000e+01
     vertex  2.312221e+01 -2.924836e+01  1.300000e+01
     vertex  2.311591e+01 -2.921047e+01  1.300000e+01
   endloop
 endfacet
 facet normal  9.816126e-01  1.908838e-01  0.000000e+00
   outer loop
     vertex  2.312221e+01 -2.924836e+01  1.500000e+01
     vertex  2.312954e+01 -2.928606e+01  1.300000e+01
     vertex  2.312221e+01 -2.924836e+01  1.300000e+01
   endloop
 endfacet
 facet normal  9.816126e-01  1.908838e-01  0.000000e+00
   outer loop
     vertex  2.312954e+01 -2.928606e+01  1.500000e+01
     vertex  2.312954e+01 -2.928606e+01  1.300000e+01
     vertex  2.312221e+01 -2.924836e+01  1.500000e+01
   endloop
 endfacet
 facet normal  9.760065e-01  2.177416e-01  0.000000e+00
   outer loop
     vertex  2.313790e+01 -2.932355e+01  1.500000e+01
     vertex  2.313790e+01 -2.932355e+01  1.300000e+01
     vertex  2.312954e+01 -2.928606e+01  1.300000e+01
   endloop
 endfacet
 facet normal  9.760065e-01  2.177416e-01  0.000000e+00
   outer loop
     vertex  2.313790e+01 -2.932355e+01  1.500000e+01
     vertex  2.312954e+01 -2.928606e+01  1.300000e+01
     vertex  2.312954e+01 -2.928606e+01  1.500000e+01
   endloop
 endfacet
 facet normal  9.696656e-01  2.444354e-01  0.000000e+00
   outer loop
     vertex  2.314729e+01 -2.936080e+01  1.500000e+01
     vertex  2.314729e+01 -2.936080e+01  1.300000e+01
     vertex  2.313790e+01 -2.932355e+01  1.300000e+01
   endloop
 endfacet
 facet normal  9.625948e-01  2.709453e-01  0.000000e+00
   outer loop
     vertex  2.314729e+01 -2.936080e+01  1.500000e+01
     vertex  2.315770e+01 -2.939777e+01  1.300000e+01
     vertex  2.314729e+01 -2.936080e+01  1.300000e+01
   endloop
 endfacet
 facet normal  9.696656e-01  2.444354e-01  0.000000e+00
   outer loop
     vertex  2.314729e+01 -2.936080e+01  1.500000e+01
     vertex  2.313790e+01 -2.932355e+01  1.300000e+01
     vertex  2.313790e+01 -2.932355e+01  1.500000e+01
   endloop
 endfacet
 facet normal  9.625948e-01  2.709453e-01  0.000000e+00
   outer loop
     vertex  2.315770e+01 -2.939777e+01  1.500000e+01
     vertex  2.315770e+01 -2.939777e+01  1.300000e+01
     vertex  2.314729e+01 -2.936080e+01  1.500000e+01
   endloop
 endfacet
 facet normal  9.547993e-01  2.972512e-01  0.000000e+00
   outer loop
     vertex  2.316912e+01 -2.943445e+01  1.500000e+01
     vertex  2.316912e+01 -2.943445e+01  1.300000e+01
     vertex  2.315770e+01 -2.939777e+01  1.300000e+01
   endloop
 endfacet
 facet normal  9.547993e-01  2.972512e-01  0.000000e+00
   outer loop
     vertex  2.316912e+01 -2.943445e+01  1.500000e+01
     vertex  2.315770e+01 -2.939777e+01  1.300000e+01
     vertex  2.315770e+01 -2.939777e+01  1.500000e+01
   endloop
 endfacet
 facet normal  9.462851e-01  3.233333e-01  0.000000e+00
   outer loop
     vertex  2.318154e+01 -2.947080e+01  1.500000e+01
     vertex  2.318154e+01 -2.947080e+01  1.300000e+01
     vertex  2.316912e+01 -2.943445e+01  1.300000e+01
   endloop
 endfacet
 facet normal  9.462851e-01  3.233333e-01  0.000000e+00
   outer loop
     vertex  2.318154e+01 -2.947080e+01  1.500000e+01
     vertex  2.316912e+01 -2.943445e+01  1.300000e+01
     vertex  2.316912e+01 -2.943445e+01  1.500000e+01
   endloop
 endfacet
 facet normal  9.370586e-01  3.491720e-01  0.000000e+00
   outer loop
     vertex  2.319495e+01 -2.950679e+01  1.500000e+01
     vertex  2.319495e+01 -2.950679e+01  1.300000e+01
     vertex  2.318154e+01 -2.947080e+01  1.300000e+01
   endloop
 endfacet
 facet normal  9.271267e-01  3.747479e-01  0.000000e+00
   outer loop
     vertex  2.319495e+01 -2.950679e+01  1.500000e+01
     vertex  2.320934e+01 -2.954240e+01  1.300000e+01
     vertex  2.319495e+01 -2.950679e+01  1.300000e+01
   endloop
 endfacet
 facet normal  9.370586e-01  3.491720e-01  0.000000e+00
   outer loop
     vertex  2.319495e+01 -2.950679e+01  1.500000e+01
     vertex  2.318154e+01 -2.947080e+01  1.300000e+01
     vertex  2.318154e+01 -2.947080e+01  1.500000e+01
   endloop
 endfacet
 facet normal  9.271267e-01  3.747479e-01  0.000000e+00
   outer loop
     vertex  2.320934e+01 -2.954240e+01  1.500000e+01
     vertex  2.320934e+01 -2.954240e+01  1.300000e+01
     vertex  2.319495e+01 -2.950679e+01  1.500000e+01
   endloop
 endfacet
 facet normal  9.164969e-01  4.000417e-01  0.000000e+00
   outer loop
     vertex  2.322471e+01 -2.957761e+01  1.500000e+01
     vertex  2.322471e+01 -2.957761e+01  1.300000e+01
     vertex  2.320934e+01 -2.954240e+01  1.300000e+01
   endloop
 endfacet
 facet normal  9.164969e-01  4.000417e-01  0.000000e+00
   outer loop
     vertex  2.322471e+01 -2.957761e+01  1.500000e+01
     vertex  2.320934e+01 -2.954240e+01  1.300000e+01
     vertex  2.320934e+01 -2.954240e+01  1.500000e+01
   endloop
 endfacet
 facet normal  9.051772e-01  4.250344e-01  0.000000e+00
   outer loop
     vertex  2.324103e+01 -2.961238e+01  1.500000e+01
     vertex  2.324103e+01 -2.961238e+01  1.300000e+01
     vertex  2.322471e+01 -2.957761e+01  1.300000e+01
   endloop
 endfacet
 facet normal  9.051772e-01  4.250344e-01  0.000000e+00
   outer loop
     vertex  2.324103e+01 -2.961238e+01  1.500000e+01
     vertex  2.322471e+01 -2.957761e+01  1.300000e+01
     vertex  2.322471e+01 -2.957761e+01  1.500000e+01
   endloop
 endfacet
 facet normal  8.931761e-01  4.497071e-01  0.000000e+00
   outer loop
     vertex  2.325831e+01 -2.964668e+01  1.500000e+01
     vertex  2.325831e+01 -2.964668e+01  1.300000e+01
     vertex  2.324103e+01 -2.961238e+01  1.300000e+01
   endloop
 endfacet
 facet normal  8.805026e-01  4.740412e-01  0.000000e+00
   outer loop
     vertex  2.325831e+01 -2.964668e+01  1.500000e+01
     vertex  2.327652e+01 -2.968051e+01  1.300000e+01
     vertex  2.325831e+01 -2.964668e+01  1.300000e+01
   endloop
 endfacet
 facet normal  8.931761e-01  4.497071e-01  0.000000e+00
   outer loop
     vertex  2.325831e+01 -2.964668e+01  1.500000e+01
     vertex  2.324103e+01 -2.961238e+01  1.300000e+01
     vertex  2.324103e+01 -2.961238e+01  1.500000e+01
   endloop
 endfacet
 facet normal  8.671664e-01  4.980186e-01  0.000000e+00
   outer loop
     vertex  2.327652e+01 -2.968051e+01  1.500000e+01
     vertex  2.329565e+01 -2.971381e+01  1.300000e+01
     vertex  2.327652e+01 -2.968051e+01  1.300000e+01
   endloop
 endfacet
 facet normal  8.805026e-01  4.740412e-01  0.000000e+00
   outer loop
     vertex  2.327652e+01 -2.968051e+01  1.500000e+01
     vertex  2.327652e+01 -2.968051e+01  1.300000e+01
     vertex  2.325831e+01 -2.964668e+01  1.500000e+01
   endloop
 endfacet
 facet normal  8.671664e-01  4.980186e-01  0.000000e+00
   outer loop
     vertex  2.329565e+01 -2.971381e+01  1.500000e+01
     vertex  2.329565e+01 -2.971381e+01  1.300000e+01
     vertex  2.327652e+01 -2.968051e+01  1.500000e+01
   endloop
 endfacet
 facet normal  8.531773e-01  5.216210e-01  0.000000e+00
   outer loop
     vertex  2.331568e+01 -2.974659e+01  1.500000e+01
     vertex  2.331568e+01 -2.974659e+01  1.300000e+01
     vertex  2.329565e+01 -2.971381e+01  1.300000e+01
   endloop
 endfacet
 facet normal  8.385460e-01  5.448308e-01  0.000000e+00
   outer loop
     vertex  2.331568e+01 -2.974659e+01  1.500000e+01
     vertex  2.333661e+01 -2.977880e+01  1.300000e+01
     vertex  2.331568e+01 -2.974659e+01  1.300000e+01
   endloop
 endfacet
 facet normal  8.531773e-01  5.216210e-01  0.000000e+00
   outer loop
     vertex  2.331568e+01 -2.974659e+01  1.500000e+01
     vertex  2.329565e+01 -2.971381e+01  1.300000e+01
     vertex  2.329565e+01 -2.971381e+01  1.500000e+01
   endloop
 endfacet
 facet normal  8.385460e-01  5.448308e-01  0.000000e+00
   outer loop
     vertex  2.333661e+01 -2.977880e+01  1.500000e+01
     vertex  2.333661e+01 -2.977880e+01  1.300000e+01
     vertex  2.331568e+01 -2.974659e+01  1.500000e+01
   endloop
 endfacet
 facet normal  8.232835e-01  5.676304e-01  0.000000e+00
   outer loop
     vertex  2.335841e+01 -2.981042e+01  1.500000e+01
     vertex  2.333661e+01 -2.977880e+01  1.300000e+01
     vertex  2.333661e+01 -2.977880e+01  1.500000e+01
   endloop
 endfacet
 facet normal  8.232835e-01  5.676304e-01  0.000000e+00
   outer loop
     vertex  2.335841e+01 -2.981042e+01  1.500000e+01
     vertex  2.335841e+01 -2.981042e+01  1.300000e+01
     vertex  2.333661e+01 -2.977880e+01  1.300000e+01
   endloop
 endfacet
 facet normal  8.074012e-01  5.900028e-01  0.000000e+00
   outer loop
     vertex  2.335841e+01 -2.981042e+01  1.500000e+01
     vertex  2.338108e+01 -2.984143e+01  1.300000e+01
     vertex  2.335841e+01 -2.981042e+01  1.300000e+01
   endloop
 endfacet
 facet normal  8.074012e-01  5.900028e-01  0.000000e+00
   outer loop
     vertex  2.338108e+01 -2.984143e+01  1.500000e+01
     vertex  2.338108e+01 -2.984143e+01  1.300000e+01
     vertex  2.335841e+01 -2.981042e+01  1.500000e+01
   endloop
 endfacet
 facet normal  7.909112e-01  6.119310e-01  0.000000e+00
   outer loop
     vertex  2.340458e+01 -2.987181e+01  1.500000e+01
     vertex  2.338108e+01 -2.984143e+01  1.300000e+01
     vertex  2.338108e+01 -2.984143e+01  1.500000e+01
   endloop
 endfacet
 facet normal  7.909112e-01  6.119310e-01  0.000000e+00
   outer loop
     vertex  2.340458e+01 -2.987181e+01  1.500000e+01
     vertex  2.340458e+01 -2.987181e+01  1.300000e+01
     vertex  2.338108e+01 -2.984143e+01  1.300000e+01
   endloop
 endfacet
 facet normal  7.738257e-01  6.333986e-01  0.000000e+00
   outer loop
     vertex  2.340458e+01 -2.987181e+01  1.500000e+01
     vertex  2.342891e+01 -2.990154e+01  1.300000e+01
     vertex  2.340458e+01 -2.987181e+01  1.300000e+01
   endloop
 endfacet
 facet normal  7.738257e-01  6.333986e-01  0.000000e+00
   outer loop
     vertex  2.342891e+01 -2.990154e+01  1.500000e+01
     vertex  2.342891e+01 -2.990154e+01  1.300000e+01
     vertex  2.340458e+01 -2.987181e+01  1.500000e+01
   endloop
 endfacet
 facet normal  7.561578e-01  6.543893e-01  0.000000e+00
   outer loop
     vertex  2.345405e+01 -2.993058e+01  1.500000e+01
     vertex  2.342891e+01 -2.990154e+01  1.300000e+01
     vertex  2.342891e+01 -2.990154e+01  1.500000e+01
   endloop
 endfacet
 facet normal  7.561578e-01  6.543893e-01  0.000000e+00
   outer loop
     vertex  2.345405e+01 -2.993058e+01  1.500000e+01
     vertex  2.345405e+01 -2.993058e+01  1.300000e+01
     vertex  2.342891e+01 -2.990154e+01  1.300000e+01
   endloop
 endfacet
 facet normal  7.379206e-01  6.748875e-01  0.000000e+00
   outer loop
     vertex  2.347997e+01 -2.995893e+01  1.500000e+01
     vertex  2.345405e+01 -2.993058e+01  1.300000e+01
     vertex  2.345405e+01 -2.993058e+01  1.500000e+01
   endloop
 endfacet
 facet normal  7.379206e-01  6.748875e-01  0.000000e+00
   outer loop
     vertex  2.347997e+01 -2.995893e+01  1.500000e+01
     vertex  2.347997e+01 -2.995893e+01  1.300000e+01
     vertex  2.345405e+01 -2.993058e+01  1.300000e+01
   endloop
 endfacet
 facet normal  7.191280e-01  6.948776e-01  0.000000e+00
   outer loop
     vertex  2.350666e+01 -2.998655e+01  1.500000e+01
     vertex  2.347997e+01 -2.995893e+01  1.300000e+01
     vertex  2.347997e+01 -2.995893e+01  1.500000e+01
   endloop
 endfacet
 facet normal  7.191280e-01  6.948776e-01  0.000000e+00
   outer loop
     vertex  2.350666e+01 -2.998655e+01  1.500000e+01
     vertex  2.350666e+01 -2.998655e+01  1.300000e+01
     vertex  2.347997e+01 -2.995893e+01  1.300000e+01
   endloop
 endfacet
 facet normal  6.997940e-01  7.143447e-01  0.000000e+00
   outer loop
     vertex  2.353410e+01 -3.001343e+01  1.500000e+01
     vertex  2.350666e+01 -2.998655e+01  1.300000e+01
     vertex  2.350666e+01 -2.998655e+01  1.500000e+01
   endloop
 endfacet
 facet normal  6.997940e-01  7.143447e-01  0.000000e+00
   outer loop
     vertex  2.353410e+01 -3.001343e+01  1.500000e+01
     vertex  2.353410e+01 -3.001343e+01  1.300000e+01
     vertex  2.350666e+01 -2.998655e+01  1.300000e+01
   endloop
 endfacet
 facet normal  6.799333e-01  7.332740e-01  0.000000e+00
   outer loop
     vertex  2.353410e+01 -3.001343e+01  1.500000e+01
     vertex  2.356227e+01 -3.003955e+01  1.300000e+01
     vertex  2.353410e+01 -3.001343e+01  1.300000e+01
   endloop
 endfacet
 facet normal  6.799333e-01  7.332740e-01  0.000000e+00
   outer loop
     vertex  2.356227e+01 -3.003955e+01  1.500000e+01
     vertex  2.356227e+01 -3.003955e+01  1.300000e+01
     vertex  2.353410e+01 -3.001343e+01  1.500000e+01
   endloop
 endfacet
 facet normal  6.595607e-01  7.516513e-01  0.000000e+00
   outer loop
     vertex  2.356227e+01 -3.003955e+01  1.500000e+01
     vertex  2.359114e+01 -3.006488e+01  1.300000e+01
     vertex  2.356227e+01 -3.003955e+01  1.300000e+01
   endloop
 endfacet
 facet normal  6.595607e-01  7.516513e-01  0.000000e+00
   outer loop
     vertex  2.359114e+01 -3.006488e+01  1.500000e+01
     vertex  2.359114e+01 -3.006488e+01  1.300000e+01
     vertex  2.356227e+01 -3.003955e+01  1.500000e+01
   endloop
 endfacet
 facet normal  6.386916e-01  7.694628e-01  0.000000e+00
   outer loop
     vertex  2.362069e+01 -3.008941e+01  1.500000e+01
     vertex  2.359114e+01 -3.006488e+01  1.300000e+01
     vertex  2.359114e+01 -3.006488e+01  1.500000e+01
   endloop
 endfacet
 facet normal  6.386916e-01  7.694628e-01  0.000000e+00
   outer loop
     vertex  2.362069e+01 -3.008941e+01  1.500000e+01
     vertex  2.362069e+01 -3.008941e+01  1.300000e+01
     vertex  2.359114e+01 -3.006488e+01  1.300000e+01
   endloop
 endfacet
 facet normal  6.173417e-01  7.866951e-01  0.000000e+00
   outer loop
     vertex  2.365091e+01 -3.011313e+01  1.500000e+01
     vertex  2.362069e+01 -3.008941e+01  1.300000e+01
     vertex  2.362069e+01 -3.008941e+01  1.500000e+01
   endloop
 endfacet
 facet normal  6.173417e-01  7.866951e-01  0.000000e+00
   outer loop
     vertex  2.365091e+01 -3.011313e+01  1.500000e+01
     vertex  2.365091e+01 -3.011313e+01  1.300000e+01
     vertex  2.362069e+01 -3.008941e+01  1.300000e+01
   endloop
 endfacet
 facet normal  5.955271e-01  8.033352e-01  0.000000e+00
   outer loop
     vertex  2.368177e+01 -3.013600e+01  1.500000e+01
     vertex  2.365091e+01 -3.011313e+01  1.300000e+01
     vertex  2.365091e+01 -3.011313e+01  1.500000e+01
   endloop
 endfacet
 facet normal  5.955271e-01  8.033352e-01  0.000000e+00
   outer loop
     vertex  2.368177e+01 -3.013600e+01  1.500000e+01
     vertex  2.368177e+01 -3.013600e+01  1.300000e+01
     vertex  2.365091e+01 -3.011313e+01  1.300000e+01
   endloop
 endfacet
 facet normal  5.732642e-01  8.193706e-01  0.000000e+00
   outer loop
     vertex  2.371324e+01 -3.015802e+01  1.500000e+01
     vertex  2.368177e+01 -3.013600e+01  1.300000e+01
     vertex  2.368177e+01 -3.013600e+01  1.500000e+01
   endloop
 endfacet
 facet normal  5.732642e-01  8.193706e-01  0.000000e+00
   outer loop
     vertex  2.371324e+01 -3.015802e+01  1.500000e+01
     vertex  2.371324e+01 -3.015802e+01  1.300000e+01
     vertex  2.368177e+01 -3.013600e+01  1.300000e+01
   endloop
 endfacet
 facet normal  5.505698e-01  8.347891e-01  0.000000e+00
   outer loop
     vertex  2.374531e+01 -3.017917e+01  1.500000e+01
     vertex  2.371324e+01 -3.015802e+01  1.300000e+01
     vertex  2.371324e+01 -3.015802e+01  1.500000e+01
   endloop
 endfacet
 facet normal  5.505698e-01  8.347891e-01  0.000000e+00
   outer loop
     vertex  2.374531e+01 -3.017917e+01  1.500000e+01
     vertex  2.374531e+01 -3.017917e+01  1.300000e+01
     vertex  2.371324e+01 -3.015802e+01  1.300000e+01
   endloop
 endfacet
 facet normal  5.274609e-01  8.495793e-01  0.000000e+00
   outer loop
     vertex  2.374531e+01 -3.017917e+01  1.500000e+01
     vertex  2.377794e+01 -3.019943e+01  1.300000e+01
     vertex  2.374531e+01 -3.017917e+01  1.300000e+01
   endloop
 endfacet
 facet normal  5.274609e-01  8.495793e-01  0.000000e+00
   outer loop
     vertex  2.377794e+01 -3.019943e+01  1.500000e+01
     vertex  2.377794e+01 -3.019943e+01  1.300000e+01
     vertex  2.374531e+01 -3.017917e+01  1.500000e+01
   endloop
 endfacet
 facet normal  5.039550e-01  8.637299e-01  0.000000e+00
   outer loop
     vertex  2.381112e+01 -3.021879e+01  1.500000e+01
     vertex  2.377794e+01 -3.019943e+01  1.300000e+01
     vertex  2.377794e+01 -3.019943e+01  1.500000e+01
   endloop
 endfacet
 facet normal  5.039550e-01  8.637299e-01  0.000000e+00
   outer loop
     vertex  2.381112e+01 -3.021879e+01  1.500000e+01
     vertex  2.381112e+01 -3.021879e+01  1.300000e+01
     vertex  2.377794e+01 -3.019943e+01  1.300000e+01
   endloop
 endfacet
 facet normal  4.800697e-01  8.772303e-01  0.000000e+00
   outer loop
     vertex  2.384481e+01 -3.023723e+01  1.500000e+01
     vertex  2.381112e+01 -3.021879e+01  1.300000e+01
     vertex  2.381112e+01 -3.021879e+01  1.500000e+01
   endloop
 endfacet
 facet normal  4.800697e-01  8.772303e-01  0.000000e+00
   outer loop
     vertex  2.384481e+01 -3.023723e+01  1.500000e+01
     vertex  2.384481e+01 -3.023723e+01  1.300000e+01
     vertex  2.381112e+01 -3.021879e+01  1.300000e+01
   endloop
 endfacet
 facet normal  4.558231e-01  8.900704e-01  0.000000e+00
   outer loop
     vertex  2.387900e+01 -3.025474e+01  1.500000e+01
     vertex  2.384481e+01 -3.023723e+01  1.300000e+01
     vertex  2.384481e+01 -3.023723e+01  1.500000e+01
   endloop
 endfacet
 facet normal  4.558231e-01  8.900704e-01  0.000000e+00
   outer loop
     vertex  2.387900e+01 -3.025474e+01  1.500000e+01
     vertex  2.387900e+01 -3.025474e+01  1.300000e+01
     vertex  2.384481e+01 -3.023723e+01  1.300000e+01
   endloop
 endfacet
 facet normal  4.312333e-01  9.022405e-01  0.000000e+00
   outer loop
     vertex  2.391366e+01 -3.027130e+01  1.500000e+01
     vertex  2.387900e+01 -3.025474e+01  1.300000e+01
     vertex  2.387900e+01 -3.025474e+01  1.500000e+01
   endloop
 endfacet
 facet normal  4.312333e-01  9.022405e-01  0.000000e+00
   outer loop
     vertex  2.391366e+01 -3.027130e+01  1.500000e+01
     vertex  2.391366e+01 -3.027130e+01  1.300000e+01
     vertex  2.387900e+01 -3.025474e+01  1.300000e+01
   endloop
 endfacet
 facet normal  4.063188e-01  9.137314e-01  0.000000e+00
   outer loop
     vertex  2.394876e+01 -3.028691e+01  1.500000e+01
     vertex  2.391366e+01 -3.027130e+01  1.300000e+01
     vertex  2.391366e+01 -3.027130e+01  1.500000e+01
   endloop
 endfacet
 facet normal  4.063188e-01  9.137314e-01  0.000000e+00
   outer loop
     vertex  2.394876e+01 -3.028691e+01  1.500000e+01
     vertex  2.394876e+01 -3.028691e+01  1.300000e+01
     vertex  2.391366e+01 -3.027130e+01  1.300000e+01
   endloop
 endfacet
 facet normal  3.810986e-01  9.245344e-01  0.000000e+00
   outer loop
     vertex  2.394876e+01 -3.028691e+01  1.500000e+01
     vertex  2.398427e+01 -3.030155e+01  1.300000e+01
     vertex  2.394876e+01 -3.028691e+01  1.300000e+01
   endloop
 endfacet
 facet normal  3.810986e-01  9.245344e-01  0.000000e+00
   outer loop
     vertex  2.398427e+01 -3.030155e+01  1.500000e+01
     vertex  2.398427e+01 -3.030155e+01  1.300000e+01
     vertex  2.394876e+01 -3.028691e+01  1.500000e+01
   endloop
 endfacet
 facet normal  3.555914e-01  9.346415e-01  0.000000e+00
   outer loop
     vertex  2.402017e+01 -3.031520e+01  1.500000e+01
     vertex  2.402017e+01 -3.031520e+01  1.300000e+01
     vertex  2.398427e+01 -3.030155e+01  1.300000e+01
   endloop
 endfacet
 facet normal  3.555914e-01  9.346415e-01  0.000000e+00
   outer loop
     vertex  2.402017e+01 -3.031520e+01  1.500000e+01
     vertex  2.398427e+01 -3.030155e+01  1.300000e+01
     vertex  2.398427e+01 -3.030155e+01  1.500000e+01
   endloop
 endfacet
 facet normal  3.298166e-01  9.440450e-01  0.000000e+00
   outer loop
     vertex  2.405643e+01 -3.032787e+01  1.500000e+01
     vertex  2.405643e+01 -3.032787e+01  1.300000e+01
     vertex  2.402017e+01 -3.031520e+01  1.300000e+01
   endloop
 endfacet
 facet normal  3.298166e-01  9.440450e-01  0.000000e+00
   outer loop
     vertex  2.405643e+01 -3.032787e+01  1.500000e+01
     vertex  2.402017e+01 -3.031520e+01  1.300000e+01
     vertex  2.402017e+01 -3.031520e+01  1.500000e+01
   endloop
 endfacet
 facet normal  3.037934e-01  9.527379e-01  0.000000e+00
   outer loop
     vertex  2.409303e+01 -3.033954e+01  1.500000e+01
     vertex  2.409303e+01 -3.033954e+01  1.300000e+01
     vertex  2.405643e+01 -3.032787e+01  1.300000e+01
   endloop
 endfacet
 facet normal  3.037934e-01  9.527379e-01  0.000000e+00
   outer loop
     vertex  2.409303e+01 -3.033954e+01  1.500000e+01
     vertex  2.405643e+01 -3.032787e+01  1.300000e+01
     vertex  2.405643e+01 -3.032787e+01  1.500000e+01
   endloop
 endfacet
 facet normal  2.775416e-01  9.607136e-01  0.000000e+00
   outer loop
     vertex  2.412993e+01 -3.035020e+01  1.500000e+01
     vertex  2.409303e+01 -3.033954e+01  1.300000e+01
     vertex  2.409303e+01 -3.033954e+01  1.500000e+01
   endloop
 endfacet
 facet normal  2.775416e-01  9.607136e-01  0.000000e+00
   outer loop
     vertex  2.412993e+01 -3.035020e+01  1.500000e+01
     vertex  2.412993e+01 -3.035020e+01  1.300000e+01
     vertex  2.409303e+01 -3.033954e+01  1.300000e+01
   endloop
 endfacet
 facet normal  2.510809e-01  9.679661e-01  0.000000e+00
   outer loop
     vertex  2.412993e+01 -3.035020e+01  1.500000e+01
     vertex  2.416711e+01 -3.035985e+01  1.300000e+01
     vertex  2.412993e+01 -3.035020e+01  1.300000e+01
   endloop
 endfacet
 facet normal  2.510809e-01  9.679661e-01  0.000000e+00
   outer loop
     vertex  2.416711e+01 -3.035985e+01  1.500000e+01
     vertex  2.416711e+01 -3.035985e+01  1.300000e+01
     vertex  2.412993e+01 -3.035020e+01  1.500000e+01
   endloop
 endfacet
 facet normal  2.244312e-01  9.744899e-01  0.000000e+00
   outer loop
     vertex  2.420454e+01 -3.036847e+01  1.500000e+01
     vertex  2.416711e+01 -3.035985e+01  1.300000e+01
     vertex  2.416711e+01 -3.035985e+01  1.500000e+01
   endloop
 endfacet
 facet normal  2.244312e-01  9.744899e-01  0.000000e+00
   outer loop
     vertex  2.420454e+01 -3.036847e+01  1.500000e+01
     vertex  2.420454e+01 -3.036847e+01  1.300000e+01
     vertex  2.416711e+01 -3.035985e+01  1.300000e+01
   endloop
 endfacet
 facet normal  1.976125e-01  9.802802e-01  0.000000e+00
   outer loop
     vertex  2.420454e+01 -3.036847e+01  1.500000e+01
     vertex  2.424220e+01 -3.037606e+01  1.300000e+01
     vertex  2.420454e+01 -3.036847e+01  1.300000e+01
   endloop
 endfacet
 facet normal  1.976125e-01  9.802802e-01  0.000000e+00
   outer loop
     vertex  2.424220e+01 -3.037606e+01  1.500000e+01
     vertex  2.424220e+01 -3.037606e+01  1.300000e+01
     vertex  2.420454e+01 -3.036847e+01  1.500000e+01
   endloop
 endfacet
 facet normal  1.706451e-01  9.853326e-01  0.000000e+00
   outer loop
     vertex  2.428004e+01 -3.038261e+01  1.500000e+01
     vertex  2.424220e+01 -3.037606e+01  1.300000e+01
     vertex  2.424220e+01 -3.037606e+01  1.500000e+01
   endloop
 endfacet
 facet normal  1.706451e-01  9.853326e-01  0.000000e+00
   outer loop
     vertex  2.428004e+01 -3.038261e+01  1.500000e+01
     vertex  2.428004e+01 -3.038261e+01  1.300000e+01
     vertex  2.424220e+01 -3.037606e+01  1.300000e+01
   endloop
 endfacet
 facet normal  1.435492e-01  9.896432e-01  0.000000e+00
   outer loop
     vertex  2.428004e+01 -3.038261e+01  1.500000e+01
     vertex  2.431806e+01 -3.038813e+01  1.300000e+01
     vertex  2.428004e+01 -3.038261e+01  1.300000e+01
   endloop
 endfacet
 facet normal  1.435492e-01  9.896432e-01  0.000000e+00
   outer loop
     vertex  2.431806e+01 -3.038813e+01  1.500000e+01
     vertex  2.431806e+01 -3.038813e+01  1.300000e+01
     vertex  2.428004e+01 -3.038261e+01  1.500000e+01
   endloop
 endfacet
 facet normal  1.163452e-01  9.932088e-01  0.000000e+00
   outer loop
     vertex  2.435621e+01 -3.039260e+01  1.500000e+01
     vertex  2.431806e+01 -3.038813e+01  1.300000e+01
     vertex  2.431806e+01 -3.038813e+01  1.500000e+01
   endloop
 endfacet
 facet normal  1.163452e-01  9.932088e-01  0.000000e+00
   outer loop
     vertex  2.435621e+01 -3.039260e+01  1.500000e+01
     vertex  2.435621e+01 -3.039260e+01  1.300000e+01
     vertex  2.431806e+01 -3.038813e+01  1.300000e+01
   endloop
 endfacet
 facet normal  8.905371e-02  9.960268e-01  0.000000e+00
   outer loop
     vertex  2.439447e+01 -3.039602e+01  1.500000e+01
     vertex  2.435621e+01 -3.039260e+01  1.300000e+01
     vertex  2.435621e+01 -3.039260e+01  1.500000e+01
   endloop
 endfacet
 facet normal  8.905371e-02  9.960268e-01  0.000000e+00
   outer loop
     vertex  2.439447e+01 -3.039602e+01  1.500000e+01
     vertex  2.439447e+01 -3.039602e+01  1.300000e+01
     vertex  2.435621e+01 -3.039260e+01  1.300000e+01
   endloop
 endfacet
 facet normal  6.169515e-02  9.980950e-01  0.000000e+00
   outer loop
     vertex  2.443280e+01 -3.039839e+01  1.500000e+01
     vertex  2.439447e+01 -3.039602e+01  1.300000e+01
     vertex  2.439447e+01 -3.039602e+01  1.500000e+01
   endloop
 endfacet
 facet normal  6.169515e-02  9.980950e-01  0.000000e+00
   outer loop
     vertex  2.443280e+01 -3.039839e+01  1.500000e+01
     vertex  2.443280e+01 -3.039839e+01  1.300000e+01
     vertex  2.439447e+01 -3.039602e+01  1.300000e+01
   endloop
 endfacet
 facet normal  3.429014e-02  9.994119e-01  0.000000e+00
   outer loop
     vertex  2.447119e+01 -3.039970e+01  1.500000e+01
     vertex  2.443280e+01 -3.039839e+01  1.300000e+01
     vertex  2.443280e+01 -3.039839e+01  1.500000e+01
   endloop
 endfacet
 facet normal  3.429014e-02  9.994119e-01  0.000000e+00
   outer loop
     vertex  2.447119e+01 -3.039970e+01  1.500000e+01
     vertex  2.447119e+01 -3.039970e+01  1.300000e+01
     vertex  2.443280e+01 -3.039839e+01  1.300000e+01
   endloop
 endfacet
 facet normal  6.859319e-03  9.999765e-01  0.000000e+00
   outer loop
     vertex  2.447119e+01 -3.039970e+01  1.500000e+01
     vertex  2.450960e+01 -3.039997e+01  1.300000e+01
     vertex  2.447119e+01 -3.039970e+01  1.300000e+01
   endloop
 endfacet
 facet normal  6.859319e-03  9.999765e-01  0.000000e+00
   outer loop
     vertex  2.450960e+01 -3.039997e+01  1.500000e+01
     vertex  2.450960e+01 -3.039997e+01  1.300000e+01
     vertex  2.447119e+01 -3.039970e+01  1.500000e+01
   endloop
 endfacet
 facet normal -2.057667e-02  9.997883e-01  0.000000e+00
   outer loop
     vertex  2.454801e+01 -3.039918e+01  1.500000e+01
     vertex  2.450960e+01 -3.039997e+01  1.300000e+01
     vertex  2.450960e+01 -3.039997e+01  1.500000e+01
   endloop
 endfacet
 facet normal -2.057667e-02  9.997883e-01  0.000000e+00
   outer loop
     vertex  2.454801e+01 -3.039918e+01  1.500000e+01
     vertex  2.454801e+01 -3.039918e+01  1.300000e+01
     vertex  2.450960e+01 -3.039997e+01  1.300000e+01
   endloop
 endfacet
 facet normal -4.799716e-02  9.988475e-01  0.000000e+00
   outer loop
     vertex  2.458637e+01 -3.039733e+01  1.500000e+01
     vertex  2.458637e+01 -3.039733e+01  1.300000e+01
     vertex  2.454801e+01 -3.039918e+01  1.300000e+01
   endloop
 endfacet
 facet normal -7.538152e-02  9.971548e-01  0.000000e+00
   outer loop
     vertex  2.458637e+01 -3.039733e+01  1.500000e+01
     vertex  2.462468e+01 -3.039444e+01  1.300000e+01
     vertex  2.458637e+01 -3.039733e+01  1.300000e+01
   endloop
 endfacet
 facet normal -4.799716e-02  9.988475e-01  0.000000e+00
   outer loop
     vertex  2.458637e+01 -3.039733e+01  1.500000e+01
     vertex  2.454801e+01 -3.039918e+01  1.300000e+01
     vertex  2.454801e+01 -3.039918e+01  1.500000e+01
   endloop
 endfacet
 facet normal -7.538152e-02  9.971548e-01  0.000000e+00
   outer loop
     vertex  2.462468e+01 -3.039444e+01  1.500000e+01
     vertex  2.462468e+01 -3.039444e+01  1.300000e+01
     vertex  2.458637e+01 -3.039733e+01  1.500000e+01
   endloop
 endfacet
 facet normal -1.027091e-01  9.947114e-01  0.000000e+00
   outer loop
     vertex  2.466288e+01 -3.039049e+01  1.500000e+01
     vertex  2.466288e+01 -3.039049e+01  1.300000e+01
     vertex  2.462468e+01 -3.039444e+01  1.300000e+01
   endloop
 endfacet
 facet normal -1.027091e-01  9.947114e-01  0.000000e+00
   outer loop
     vertex  2.466288e+01 -3.039049e+01  1.500000e+01
     vertex  2.462468e+01 -3.039444e+01  1.300000e+01
     vertex  2.462468e+01 -3.039444e+01  1.500000e+01
   endloop
 endfacet
 facet normal -1.299594e-01  9.915193e-01  0.000000e+00
   outer loop
     vertex  2.470097e+01 -3.038550e+01  1.500000e+01
     vertex  2.470097e+01 -3.038550e+01  1.300000e+01
     vertex  2.466288e+01 -3.039049e+01  1.300000e+01
   endloop
 endfacet
 facet normal -1.299594e-01  9.915193e-01  0.000000e+00
   outer loop
     vertex  2.470097e+01 -3.038550e+01  1.500000e+01
     vertex  2.466288e+01 -3.039049e+01  1.300000e+01
     vertex  2.466288e+01 -3.039049e+01  1.500000e+01
   endloop
 endfacet
 facet normal -1.571119e-01  9.875808e-01  0.000000e+00
   outer loop
     vertex  2.473890e+01 -3.037947e+01  1.500000e+01
     vertex  2.473890e+01 -3.037947e+01  1.300000e+01
     vertex  2.470097e+01 -3.038550e+01  1.300000e+01
   endloop
 endfacet
 facet normal -1.571119e-01  9.875808e-01  0.000000e+00
   outer loop
     vertex  2.473890e+01 -3.037947e+01  1.500000e+01
     vertex  2.470097e+01 -3.038550e+01  1.300000e+01
     vertex  2.470097e+01 -3.038550e+01  1.500000e+01
   endloop
 endfacet
 facet normal -1.841461e-01  9.828989e-01  0.000000e+00
   outer loop
     vertex  2.477666e+01 -3.037239e+01  1.500000e+01
     vertex  2.477666e+01 -3.037239e+01  1.300000e+01
     vertex  2.473890e+01 -3.037947e+01  1.300000e+01
   endloop
 endfacet
 facet normal -1.841461e-01  9.828989e-01  0.000000e+00
   outer loop
     vertex  2.477666e+01 -3.037239e+01  1.500000e+01
     vertex  2.473890e+01 -3.037947e+01  1.300000e+01
     vertex  2.473890e+01 -3.037947e+01  1.500000e+01
   endloop
 endfacet
 facet normal -2.110417e-01  9.774771e-01  0.000000e+00
   outer loop
     vertex  2.481420e+01 -3.036429e+01  1.500000e+01
     vertex  2.481420e+01 -3.036429e+01  1.300000e+01
     vertex  2.477666e+01 -3.037239e+01  1.300000e+01
   endloop
 endfacet
 facet normal -2.110417e-01  9.774771e-01  0.000000e+00
   outer loop
     vertex  2.481420e+01 -3.036429e+01  1.500000e+01
     vertex  2.477666e+01 -3.037239e+01  1.300000e+01
     vertex  2.477666e+01 -3.037239e+01  1.500000e+01
   endloop
 endfacet
 facet normal -2.377784e-01  9.713194e-01  0.000000e+00
   outer loop
     vertex  2.485151e+01 -3.035515e+01  1.500000e+01
     vertex  2.485151e+01 -3.035515e+01  1.300000e+01
     vertex  2.481420e+01 -3.036429e+01  1.300000e+01
   endloop
 endfacet
 facet normal -2.643362e-01  9.644306e-01  0.000000e+00
   outer loop
     vertex  2.485151e+01 -3.035515e+01  1.500000e+01
     vertex  2.488856e+01 -3.034500e+01  1.300000e+01
     vertex  2.485151e+01 -3.035515e+01  1.300000e+01
   endloop
 endfacet
 facet normal -2.377784e-01  9.713194e-01  0.000000e+00
   outer loop
     vertex  2.485151e+01 -3.035515e+01  1.500000e+01
     vertex  2.481420e+01 -3.036429e+01  1.300000e+01
     vertex  2.481420e+01 -3.036429e+01  1.500000e+01
   endloop
 endfacet
 facet normal -2.643362e-01  9.644306e-01  0.000000e+00
   outer loop
     vertex  2.488856e+01 -3.034500e+01  1.500000e+01
     vertex  2.488856e+01 -3.034500e+01  1.300000e+01
     vertex  2.485151e+01 -3.035515e+01  1.500000e+01
   endloop
 endfacet
 facet normal -2.906949e-01  9.568158e-01  0.000000e+00
   outer loop
     vertex  2.492531e+01 -3.033383e+01  1.500000e+01
     vertex  2.492531e+01 -3.033383e+01  1.300000e+01
     vertex  2.488856e+01 -3.034500e+01  1.300000e+01
   endloop
 endfacet
 facet normal -2.906949e-01  9.568158e-01  0.000000e+00
   outer loop
     vertex  2.492531e+01 -3.033383e+01  1.500000e+01
     vertex  2.488856e+01 -3.034500e+01  1.300000e+01
     vertex  2.488856e+01 -3.034500e+01  1.500000e+01
   endloop
 endfacet
 facet normal -3.168348e-01  9.484807e-01  0.000000e+00
   outer loop
     vertex  2.496174e+01 -3.032166e+01  1.500000e+01
     vertex  2.496174e+01 -3.032166e+01  1.300000e+01
     vertex  2.492531e+01 -3.033383e+01  1.300000e+01
   endloop
 endfacet
 facet normal -3.168348e-01  9.484807e-01  0.000000e+00
   outer loop
     vertex  2.496174e+01 -3.032166e+01  1.500000e+01
     vertex  2.492531e+01 -3.033383e+01  1.300000e+01
     vertex  2.492531e+01 -3.033383e+01  1.500000e+01
   endloop
 endfacet
 facet normal -3.427362e-01  9.394317e-01  0.000000e+00
   outer loop
     vertex  2.499783e+01 -3.030850e+01  1.500000e+01
     vertex  2.499783e+01 -3.030850e+01  1.300000e+01
     vertex  2.496174e+01 -3.032166e+01  1.300000e+01
   endloop
 endfacet
 facet normal -3.427362e-01  9.394317e-01  0.000000e+00
   outer loop
     vertex  2.499783e+01 -3.030850e+01  1.500000e+01
     vertex  2.496174e+01 -3.032166e+01  1.300000e+01
     vertex  2.496174e+01 -3.032166e+01  1.500000e+01
   endloop
 endfacet
 facet normal -3.683796e-01  9.296754e-01  0.000000e+00
   outer loop
     vertex  2.503354e+01 -3.029435e+01  1.500000e+01
     vertex  2.503354e+01 -3.029435e+01  1.300000e+01
     vertex  2.499783e+01 -3.030850e+01  1.300000e+01
   endloop
 endfacet
 facet normal -3.683796e-01  9.296754e-01  0.000000e+00
   outer loop
     vertex  2.503354e+01 -3.029435e+01  1.500000e+01
     vertex  2.499783e+01 -3.030850e+01  1.300000e+01
     vertex  2.499783e+01 -3.030850e+01  1.500000e+01
   endloop
 endfacet
 facet normal -3.937458e-01  9.192194e-01  0.000000e+00
   outer loop
     vertex  2.506885e+01 -3.027922e+01  1.500000e+01
     vertex  2.503354e+01 -3.029435e+01  1.300000e+01
     vertex  2.503354e+01 -3.029435e+01  1.500000e+01
   endloop
 endfacet
 facet normal -3.937458e-01  9.192194e-01  0.000000e+00
   outer loop
     vertex  2.506885e+01 -3.027922e+01  1.500000e+01
     vertex  2.506885e+01 -3.027922e+01  1.300000e+01
     vertex  2.503354e+01 -3.029435e+01  1.300000e+01
   endloop
 endfacet
 facet normal -4.188155e-01  9.080714e-01  0.000000e+00
   outer loop
     vertex  2.510373e+01 -3.026314e+01  1.500000e+01
     vertex  2.506885e+01 -3.027922e+01  1.300000e+01
     vertex  2.506885e+01 -3.027922e+01  1.500000e+01
   endloop
 endfacet
 facet normal -4.188155e-01  9.080714e-01  0.000000e+00
   outer loop
     vertex  2.510373e+01 -3.026314e+01  1.500000e+01
     vertex  2.510373e+01 -3.026314e+01  1.300000e+01
     vertex  2.506885e+01 -3.027922e+01  1.300000e+01
   endloop
 endfacet
 facet normal -4.435699e-01  8.962398e-01  0.000000e+00
   outer loop
     vertex  2.513815e+01 -3.024610e+01  1.500000e+01
     vertex  2.510373e+01 -3.026314e+01  1.300000e+01
     vertex  2.510373e+01 -3.026314e+01  1.500000e+01
   endloop
 endfacet
 facet normal -4.435699e-01  8.962398e-01  0.000000e+00
   outer loop
     vertex  2.513815e+01 -3.024610e+01  1.500000e+01
     vertex  2.513815e+01 -3.024610e+01  1.300000e+01
     vertex  2.510373e+01 -3.026314e+01  1.300000e+01
   endloop
 endfacet
 facet normal -4.679904e-01  8.837335e-01  0.000000e+00
   outer loop
     vertex  2.517210e+01 -3.022812e+01  1.500000e+01
     vertex  2.513815e+01 -3.024610e+01  1.300000e+01
     vertex  2.513815e+01 -3.024610e+01  1.500000e+01
   endloop
 endfacet
 facet normal -4.679904e-01  8.837335e-01  0.000000e+00
   outer loop
     vertex  2.517210e+01 -3.022812e+01  1.500000e+01
     vertex  2.517210e+01 -3.022812e+01  1.300000e+01
     vertex  2.513815e+01 -3.024610e+01  1.300000e+01
   endloop
 endfacet
 facet normal -4.920587e-01  8.705620e-01  0.000000e+00
   outer loop
     vertex  2.520554e+01 -3.020922e+01  1.500000e+01
     vertex  2.520554e+01 -3.020922e+01  1.300000e+01
     vertex  2.517210e+01 -3.022812e+01  1.300000e+01
   endloop
 endfacet
 facet normal -4.920587e-01  8.705620e-01  0.000000e+00
   outer loop
     vertex  2.520554e+01 -3.020922e+01  1.500000e+01
     vertex  2.517210e+01 -3.022812e+01  1.300000e+01
     vertex  2.517210e+01 -3.022812e+01  1.500000e+01
   endloop
 endfacet
 facet normal -5.157565e-01  8.567352e-01  0.000000e+00
   outer loop
     vertex  2.523845e+01 -3.018941e+01  1.500000e+01
     vertex  2.523845e+01 -3.018941e+01  1.300000e+01
     vertex  2.520554e+01 -3.020922e+01  1.300000e+01
   endloop
 endfacet
 facet normal -5.157565e-01  8.567352e-01  0.000000e+00
   outer loop
     vertex  2.523845e+01 -3.018941e+01  1.500000e+01
     vertex  2.520554e+01 -3.020922e+01  1.300000e+01
     vertex  2.520554e+01 -3.020922e+01  1.500000e+01
   endloop
 endfacet
 facet normal -5.390661e-01  8.422635e-01  0.000000e+00
   outer loop
     vertex  2.527080e+01 -3.016870e+01  1.500000e+01
     vertex  2.527080e+01 -3.016870e+01  1.300000e+01
     vertex  2.523845e+01 -3.018941e+01  1.300000e+01
   endloop
 endfacet
 facet normal -5.390661e-01  8.422635e-01  0.000000e+00
   outer loop
     vertex  2.527080e+01 -3.016870e+01  1.500000e+01
     vertex  2.523845e+01 -3.018941e+01  1.300000e+01
     vertex  2.523845e+01 -3.018941e+01  1.500000e+01
   endloop
 endfacet
 facet normal -5.619699e-01  8.271577e-01  0.000000e+00
   outer loop
     vertex  2.530257e+01 -3.014712e+01  1.500000e+01
     vertex  2.530257e+01 -3.014712e+01  1.300000e+01
     vertex  2.527080e+01 -3.016870e+01  1.300000e+01
   endloop
 endfacet
 facet normal -5.844507e-01  8.114292e-01  0.000000e+00
   outer loop
     vertex  2.530257e+01 -3.014712e+01  1.500000e+01
     vertex  2.533374e+01 -3.012467e+01  1.300000e+01
     vertex  2.530257e+01 -3.014712e+01  1.300000e+01
   endloop
 endfacet
 facet normal -5.619699e-01  8.271577e-01  0.000000e+00
   outer loop
     vertex  2.530257e+01 -3.014712e+01  1.500000e+01
     vertex  2.527080e+01 -3.016870e+01  1.300000e+01
     vertex  2.527080e+01 -3.016870e+01  1.500000e+01
   endloop
 endfacet
 facet normal -5.844507e-01  8.114292e-01  0.000000e+00
   outer loop
     vertex  2.533374e+01 -3.012467e+01  1.500000e+01
     vertex  2.533374e+01 -3.012467e+01  1.300000e+01
     vertex  2.530257e+01 -3.014712e+01  1.500000e+01
   endloop
 endfacet
 facet normal -6.064915e-01  7.950900e-01  0.000000e+00
   outer loop
     vertex  2.536428e+01 -3.010137e+01  1.500000e+01
     vertex  2.536428e+01 -3.010137e+01  1.300000e+01
     vertex  2.533374e+01 -3.012467e+01  1.300000e+01
   endloop
 endfacet
 facet normal -6.064915e-01  7.950900e-01  0.000000e+00
   outer loop
     vertex  2.536428e+01 -3.010137e+01  1.500000e+01
     vertex  2.533374e+01 -3.012467e+01  1.300000e+01
     vertex  2.533374e+01 -3.012467e+01  1.500000e+01
   endloop
 endfacet
 facet normal -6.280757e-01  7.781522e-01  0.000000e+00
   outer loop
     vertex  2.539417e+01 -3.007725e+01  1.500000e+01
     vertex  2.539417e+01 -3.007725e+01  1.300000e+01
     vertex  2.536428e+01 -3.010137e+01  1.300000e+01
   endloop
 endfacet
 facet normal -6.280757e-01  7.781522e-01  0.000000e+00
   outer loop
     vertex  2.539417e+01 -3.007725e+01  1.500000e+01
     vertex  2.536428e+01 -3.010137e+01  1.300000e+01
     vertex  2.536428e+01 -3.010137e+01  1.500000e+01
   endloop
 endfacet
 facet normal -6.491872e-01  7.606287e-01  0.000000e+00
   outer loop
     vertex  2.542338e+01 -3.005231e+01  1.500000e+01
     vertex  2.542338e+01 -3.005231e+01  1.300000e+01
     vertex  2.539417e+01 -3.007725e+01  1.300000e+01
   endloop
 endfacet
 facet normal -6.491872e-01  7.606287e-01  0.000000e+00
   outer loop
     vertex  2.542338e+01 -3.005231e+01  1.500000e+01
     vertex  2.539417e+01 -3.007725e+01  1.300000e+01
     vertex  2.539417e+01 -3.007725e+01  1.500000e+01
   endloop
 endfacet
 facet normal -6.698100e-01  7.425325e-01  0.000000e+00
   outer loop
     vertex  2.545191e+01 -3.002658e+01  1.500000e+01
     vertex  2.545191e+01 -3.002658e+01  1.300000e+01
     vertex  2.542338e+01 -3.005231e+01  1.300000e+01
   endloop
 endfacet
 facet normal -6.698100e-01  7.425325e-01  0.000000e+00
   outer loop
     vertex  2.545191e+01 -3.002658e+01  1.500000e+01
     vertex  2.542338e+01 -3.005231e+01  1.300000e+01
     vertex  2.542338e+01 -3.005231e+01  1.500000e+01
   endloop
 endfacet
 facet normal -6.899286e-01  7.238775e-01  0.000000e+00
   outer loop
     vertex  2.547971e+01 -3.000008e+01  1.500000e+01
     vertex  2.547971e+01 -3.000008e+01  1.300000e+01
     vertex  2.545191e+01 -3.002658e+01  1.300000e+01
   endloop
 endfacet
 facet normal -7.095278e-01  7.046775e-01  0.000000e+00
   outer loop
     vertex  2.547971e+01 -3.000008e+01  1.500000e+01
     vertex  2.550678e+01 -2.997283e+01  1.300000e+01
     vertex  2.547971e+01 -3.000008e+01  1.300000e+01
   endloop
 endfacet
 facet normal -6.899286e-01  7.238775e-01  0.000000e+00
   outer loop
     vertex  2.547971e+01 -3.000008e+01  1.500000e+01
     vertex  2.545191e+01 -3.002658e+01  1.300000e+01
     vertex  2.545191e+01 -3.002658e+01  1.500000e+01
   endloop
 endfacet
 facet normal -7.095278e-01  7.046775e-01  0.000000e+00
   outer loop
     vertex  2.550678e+01 -2.997283e+01  1.500000e+01
     vertex  2.550678e+01 -2.997283e+01  1.300000e+01
     vertex  2.547971e+01 -3.000008e+01  1.500000e+01
   endloop
 endfacet
 facet normal -7.285929e-01  6.849470e-01  0.000000e+00
   outer loop
     vertex  2.553309e+01 -2.994484e+01  1.500000e+01
     vertex  2.553309e+01 -2.994484e+01  1.300000e+01
     vertex  2.550678e+01 -2.997283e+01  1.300000e+01
   endloop
 endfacet
 facet normal -7.471095e-01  6.647010e-01  0.000000e+00
   outer loop
     vertex  2.553309e+01 -2.994484e+01  1.500000e+01
     vertex  2.555862e+01 -2.991615e+01  1.300000e+01
     vertex  2.553309e+01 -2.994484e+01  1.300000e+01
   endloop
 endfacet
 facet normal -7.285929e-01  6.849470e-01  0.000000e+00
   outer loop
     vertex  2.553309e+01 -2.994484e+01  1.500000e+01
     vertex  2.550678e+01 -2.997283e+01  1.300000e+01
     vertex  2.550678e+01 -2.997283e+01  1.500000e+01
   endloop
 endfacet
 facet normal -7.471095e-01  6.647010e-01  0.000000e+00
   outer loop
     vertex  2.555862e+01 -2.991615e+01  1.500000e+01
     vertex  2.555862e+01 -2.991615e+01  1.300000e+01
     vertex  2.553309e+01 -2.994484e+01  1.500000e+01
   endloop
 endfacet
 facet normal -7.650637e-01  6.439545e-01  0.000000e+00
   outer loop
     vertex  2.558336e+01 -2.988676e+01  1.500000e+01
     vertex  2.558336e+01 -2.988676e+01  1.300000e+01
     vertex  2.555862e+01 -2.991615e+01  1.300000e+01
   endloop
 endfacet
 facet normal -7.650637e-01  6.439545e-01  0.000000e+00
   outer loop
     vertex  2.558336e+01 -2.988676e+01  1.500000e+01
     vertex  2.555862e+01 -2.991615e+01  1.300000e+01
     vertex  2.555862e+01 -2.991615e+01  1.500000e+01
   endloop
 endfacet
 facet normal -7.824421e-01  6.227234e-01  0.000000e+00
   outer loop
     vertex  2.560728e+01 -2.985670e+01  1.500000e+01
     vertex  2.560728e+01 -2.985670e+01  1.300000e+01
     vertex  2.558336e+01 -2.988676e+01  1.300000e+01
   endloop
 endfacet
 facet normal -7.824421e-01  6.227234e-01  0.000000e+00
   outer loop
     vertex  2.560728e+01 -2.985670e+01  1.500000e+01
     vertex  2.558336e+01 -2.988676e+01  1.300000e+01
     vertex  2.558336e+01 -2.988676e+01  1.500000e+01
   endloop
 endfacet
 facet normal -7.992314e-01  6.010234e-01  0.000000e+00
   outer loop
     vertex  2.563036e+01 -2.982600e+01  1.500000e+01
     vertex  2.563036e+01 -2.982600e+01  1.300000e+01
     vertex  2.560728e+01 -2.985670e+01  1.300000e+01
   endloop
 endfacet
 facet normal -8.154191e-01  5.788711e-01  0.000000e+00
   outer loop
     vertex  2.563036e+01 -2.982600e+01  1.500000e+01
     vertex  2.565260e+01 -2.979468e+01  1.300000e+01
     vertex  2.563036e+01 -2.982600e+01  1.300000e+01
   endloop
 endfacet
 facet normal -7.992314e-01  6.010234e-01  0.000000e+00
   outer loop
     vertex  2.563036e+01 -2.982600e+01  1.500000e+01
     vertex  2.560728e+01 -2.985670e+01  1.300000e+01
     vertex  2.560728e+01 -2.985670e+01  1.500000e+01
   endloop
 endfacet
 facet normal -8.154191e-01  5.788711e-01  0.000000e+00
   outer loop
     vertex  2.565260e+01 -2.979468e+01  1.500000e+01
     vertex  2.565260e+01 -2.979468e+01  1.300000e+01
     vertex  2.563036e+01 -2.982600e+01  1.500000e+01
   endloop
 endfacet
 facet normal -8.309929e-01  5.562829e-01  0.000000e+00
   outer loop
     vertex  2.567396e+01 -2.976276e+01  1.500000e+01
     vertex  2.567396e+01 -2.976276e+01  1.300000e+01
     vertex  2.565260e+01 -2.979468e+01  1.300000e+01
   endloop
 endfacet
 facet normal -8.309929e-01  5.562829e-01  0.000000e+00
   outer loop
     vertex  2.567396e+01 -2.976276e+01  1.500000e+01
     vertex  2.565260e+01 -2.979468e+01  1.300000e+01
     vertex  2.565260e+01 -2.979468e+01  1.500000e+01
   endloop
 endfacet
 facet normal -8.459413e-01  5.332761e-01  0.000000e+00
   outer loop
     vertex  2.569445e+01 -2.973027e+01  1.500000e+01
     vertex  2.569445e+01 -2.973027e+01  1.300000e+01
     vertex  2.567396e+01 -2.976276e+01  1.300000e+01
   endloop
 endfacet
 facet normal -8.459413e-01  5.332761e-01  0.000000e+00
   outer loop
     vertex  2.569445e+01 -2.973027e+01  1.500000e+01
     vertex  2.567396e+01 -2.976276e+01  1.300000e+01
     vertex  2.567396e+01 -2.976276e+01  1.500000e+01
   endloop
 endfacet
 facet normal -8.602528e-01  5.098678e-01  0.000000e+00
   outer loop
     vertex  2.571403e+01 -2.969723e+01  1.500000e+01
     vertex  2.571403e+01 -2.969723e+01  1.300000e+01
     vertex  2.569445e+01 -2.973027e+01  1.300000e+01
   endloop
 endfacet
 facet normal -8.602528e-01  5.098678e-01  0.000000e+00
   outer loop
     vertex  2.571403e+01 -2.969723e+01  1.500000e+01
     vertex  2.569445e+01 -2.973027e+01  1.300000e+01
     vertex  2.569445e+01 -2.973027e+01  1.500000e+01
   endloop
 endfacet
 facet normal -8.739167e-01  4.860756e-01  0.000000e+00
   outer loop
     vertex  2.573270e+01 -2.966366e+01  1.500000e+01
     vertex  2.573270e+01 -2.966366e+01  1.300000e+01
     vertex  2.571403e+01 -2.969723e+01  1.300000e+01
   endloop
 endfacet
 facet normal -8.739167e-01  4.860756e-01  0.000000e+00
   outer loop
     vertex  2.573270e+01 -2.966366e+01  1.500000e+01
     vertex  2.571403e+01 -2.969723e+01  1.300000e+01
     vertex  2.571403e+01 -2.969723e+01  1.500000e+01
   endloop
 endfacet
 facet normal -8.869228e-01  4.619176e-01  0.000000e+00
   outer loop
     vertex  2.575045e+01 -2.962959e+01  1.500000e+01
     vertex  2.573270e+01 -2.966366e+01  1.300000e+01
     vertex  2.573270e+01 -2.966366e+01  1.500000e+01
   endloop
 endfacet
 facet normal -8.869228e-01  4.619176e-01  0.000000e+00
   outer loop
     vertex  2.575045e+01 -2.962959e+01  1.500000e+01
     vertex  2.575045e+01 -2.962959e+01  1.300000e+01
     vertex  2.573270e+01 -2.966366e+01  1.300000e+01
   endloop
 endfacet
 facet normal -8.992613e-01  4.374119e-01  0.000000e+00
   outer loop
     vertex  2.575045e+01 -2.962959e+01  1.500000e+01
     vertex  2.576725e+01 -2.959505e+01  1.300000e+01
     vertex  2.575045e+01 -2.962959e+01  1.300000e+01
   endloop
 endfacet
 facet normal -8.992613e-01  4.374119e-01  0.000000e+00
   outer loop
     vertex  2.576725e+01 -2.959505e+01  1.500000e+01
     vertex  2.576725e+01 -2.959505e+01  1.300000e+01
     vertex  2.575045e+01 -2.962959e+01  1.500000e+01
   endloop
 endfacet
 facet normal -9.109228e-01  4.125769e-01  0.000000e+00
   outer loop
     vertex  2.578310e+01 -2.956006e+01  1.500000e+01
     vertex  2.576725e+01 -2.959505e+01  1.300000e+01
     vertex  2.576725e+01 -2.959505e+01  1.500000e+01
   endloop
 endfacet
 facet normal -9.109228e-01  4.125769e-01  0.000000e+00
   outer loop
     vertex  2.578310e+01 -2.956006e+01  1.500000e+01
     vertex  2.578310e+01 -2.956006e+01  1.300000e+01
     vertex  2.576725e+01 -2.959505e+01  1.300000e+01
   endloop
 endfacet
 facet normal -9.218986e-01  3.874313e-01  0.000000e+00
   outer loop
     vertex  2.579798e+01 -2.952465e+01  1.500000e+01
     vertex  2.578310e+01 -2.956006e+01  1.300000e+01
     vertex  2.578310e+01 -2.956006e+01  1.500000e+01
   endloop
 endfacet
 facet normal -9.218986e-01  3.874313e-01  0.000000e+00
   outer loop
     vertex  2.579798e+01 -2.952465e+01  1.500000e+01
     vertex  2.579798e+01 -2.952465e+01  1.300000e+01
     vertex  2.578310e+01 -2.956006e+01  1.300000e+01
   endloop
 endfacet
 facet normal -9.321804e-01  3.619940e-01  0.000000e+00
   outer loop
     vertex  2.581188e+01 -2.948884e+01  1.500000e+01
     vertex  2.579798e+01 -2.952465e+01  1.300000e+01
     vertex  2.579798e+01 -2.952465e+01  1.500000e+01
   endloop
 endfacet
 facet normal -9.321804e-01  3.619940e-01  0.000000e+00
   outer loop
     vertex  2.581188e+01 -2.948884e+01  1.500000e+01
     vertex  2.581188e+01 -2.948884e+01  1.300000e+01
     vertex  2.579798e+01 -2.952465e+01  1.300000e+01
   endloop
 endfacet
 facet normal -9.417605e-01  3.362843e-01  0.000000e+00
   outer loop
     vertex  2.582480e+01 -2.945267e+01  1.500000e+01
     vertex  2.581188e+01 -2.948884e+01  1.300000e+01
     vertex  2.581188e+01 -2.948884e+01  1.500000e+01
   endloop
 endfacet
 facet normal -9.417605e-01  3.362843e-01  0.000000e+00
   outer loop
     vertex  2.582480e+01 -2.945267e+01  1.500000e+01
     vertex  2.582480e+01 -2.945267e+01  1.300000e+01
     vertex  2.581188e+01 -2.948884e+01  1.300000e+01
   endloop
 endfacet
 facet normal -9.506317e-01  3.103214e-01  0.000000e+00
   outer loop
     vertex  2.583672e+01 -2.941615e+01  1.500000e+01
     vertex  2.582480e+01 -2.945267e+01  1.300000e+01
     vertex  2.582480e+01 -2.945267e+01  1.500000e+01
   endloop
 endfacet
 facet normal -9.506317e-01  3.103214e-01  0.000000e+00
   outer loop
     vertex  2.583672e+01 -2.941615e+01  1.500000e+01
     vertex  2.583672e+01 -2.941615e+01  1.300000e+01
     vertex  2.582480e+01 -2.945267e+01  1.300000e+01
   endloop
 endfacet
 facet normal -9.587873e-01  2.841250e-01  0.000000e+00
   outer loop
     vertex  2.584763e+01 -2.937932e+01  1.500000e+01
     vertex  2.583672e+01 -2.941615e+01  1.300000e+01
     vertex  2.583672e+01 -2.941615e+01  1.500000e+01
   endloop
 endfacet
 facet normal -9.587873e-01  2.841250e-01  0.000000e+00
   outer loop
     vertex  2.584763e+01 -2.937932e+01  1.500000e+01
     vertex  2.584763e+01 -2.937932e+01  1.300000e+01
     vertex  2.583672e+01 -2.941615e+01  1.300000e+01
   endloop
 endfacet
 facet normal -9.662211e-01  2.577146e-01  0.000000e+00
   outer loop
     vertex  2.585753e+01 -2.934221e+01  1.500000e+01
     vertex  2.584763e+01 -2.937932e+01  1.300000e+01
     vertex  2.584763e+01 -2.937932e+01  1.500000e+01
   endloop
 endfacet
 facet normal -9.662211e-01  2.577146e-01  0.000000e+00
   outer loop
     vertex  2.585753e+01 -2.934221e+01  1.500000e+01
     vertex  2.585753e+01 -2.934221e+01  1.300000e+01
     vertex  2.584763e+01 -2.937932e+01  1.300000e+01
   endloop
 endfacet
 facet normal -9.729276e-01  2.311102e-01  0.000000e+00
   outer loop
     vertex  2.586641e+01 -2.930484e+01  1.500000e+01
     vertex  2.585753e+01 -2.934221e+01  1.300000e+01
     vertex  2.585753e+01 -2.934221e+01  1.500000e+01
   endloop
 endfacet
 facet normal -9.729276e-01  2.311102e-01  0.000000e+00
   outer loop
     vertex  2.586641e+01 -2.930484e+01  1.500000e+01
     vertex  2.586641e+01 -2.930484e+01  1.300000e+01
     vertex  2.585753e+01 -2.934221e+01  1.300000e+01
   endloop
 endfacet
 facet normal -9.789017e-01  2.043319e-01  0.000000e+00
   outer loop
     vertex  2.587426e+01 -2.926724e+01  1.500000e+01
     vertex  2.586641e+01 -2.930484e+01  1.300000e+01
     vertex  2.586641e+01 -2.930484e+01  1.500000e+01
   endloop
 endfacet
 facet normal -9.789017e-01  2.043319e-01  0.000000e+00
   outer loop
     vertex  2.587426e+01 -2.926724e+01  1.500000e+01
     vertex  2.587426e+01 -2.926724e+01  1.300000e+01
     vertex  2.586641e+01 -2.930484e+01  1.300000e+01
   endloop
 endfacet
 facet normal -9.841389e-01  1.773998e-01  0.000000e+00
   outer loop
     vertex  2.588107e+01 -2.922944e+01  1.500000e+01
     vertex  2.587426e+01 -2.926724e+01  1.300000e+01
     vertex  2.587426e+01 -2.926724e+01  1.500000e+01
   endloop
 endfacet
 facet normal -9.841389e-01  1.773998e-01  0.000000e+00
   outer loop
     vertex  2.588107e+01 -2.922944e+01  1.500000e+01
     vertex  2.588107e+01 -2.922944e+01  1.300000e+01
     vertex  2.587426e+01 -2.926724e+01  1.300000e+01
   endloop
 endfacet
 facet normal -9.886353e-01  1.503341e-01  0.000000e+00
   outer loop
     vertex  2.588107e+01 -2.922944e+01  1.500000e+01
     vertex  2.588685e+01 -2.919146e+01  1.300000e+01
     vertex  2.588107e+01 -2.922944e+01  1.300000e+01
   endloop
 endfacet
 facet normal -9.886353e-01  1.503341e-01  0.000000e+00
   outer loop
     vertex  2.588685e+01 -2.919146e+01  1.500000e+01
     vertex  2.588685e+01 -2.919146e+01  1.300000e+01
     vertex  2.588107e+01 -2.922944e+01  1.500000e+01
   endloop
 endfacet
 facet normal -9.923874e-01  1.231552e-01  0.000000e+00
   outer loop
     vertex  2.589158e+01 -2.915334e+01  1.500000e+01
     vertex  2.589158e+01 -2.915334e+01  1.300000e+01
     vertex  2.588685e+01 -2.919146e+01  1.300000e+01
   endloop
 endfacet
 facet normal -9.923874e-01  1.231552e-01  0.000000e+00
   outer loop
     vertex  2.589158e+01 -2.915334e+01  1.500000e+01
     vertex  2.588685e+01 -2.919146e+01  1.300000e+01
     vertex  2.588685e+01 -2.919146e+01  1.500000e+01
   endloop
 endfacet
 facet normal -9.953925e-01  9.588368e-02  0.000000e+00
   outer loop
     vertex  2.589526e+01 -2.911511e+01  1.500000e+01
     vertex  2.589526e+01 -2.911511e+01  1.300000e+01
     vertex  2.589158e+01 -2.915334e+01  1.300000e+01
   endloop
 endfacet
 facet normal -9.953925e-01  9.588368e-02  0.000000e+00
   outer loop
     vertex  2.589526e+01 -2.911511e+01  1.500000e+01
     vertex  2.589158e+01 -2.915334e+01  1.300000e+01
     vertex  2.589158e+01 -2.915334e+01  1.500000e+01
   endloop
 endfacet
 facet normal -9.976484e-01  6.853995e-02  0.000000e+00
   outer loop
     vertex  2.589789e+01 -2.907679e+01  1.500000e+01
     vertex  2.589789e+01 -2.907679e+01  1.300000e+01
     vertex  2.589526e+01 -2.911511e+01  1.300000e+01
   endloop
 endfacet
 facet normal -9.976484e-01  6.853995e-02  0.000000e+00
   outer loop
     vertex  2.589789e+01 -2.907679e+01  1.500000e+01
     vertex  2.589526e+01 -2.911511e+01  1.300000e+01
     vertex  2.589526e+01 -2.911511e+01  1.500000e+01
   endloop
 endfacet
 facet normal -9.991532e-01  4.114462e-02  0.000000e+00
   outer loop
     vertex  2.589947e+01 -2.903841e+01  1.500000e+01
     vertex  2.589947e+01 -2.903841e+01  1.300000e+01
     vertex  2.589789e+01 -2.907679e+01  1.300000e+01
   endloop
 endfacet
 facet normal -9.991532e-01  4.114462e-02  0.000000e+00
   outer loop
     vertex  2.589947e+01 -2.903841e+01  1.500000e+01
     vertex  2.589789e+01 -2.907679e+01  1.300000e+01
     vertex  2.589789e+01 -2.907679e+01  1.500000e+01
   endloop
 endfacet
 facet normal -9.999059e-01  1.371831e-02  0.000000e+00
   outer loop
     vertex  2.590000e+01 -2.900000e+01  1.500000e+01
     vertex  2.590000e+01 -2.900000e+01  1.300000e+01
     vertex  2.589947e+01 -2.903841e+01  1.300000e+01
   endloop
 endfacet
 facet normal -9.999059e-01  1.371831e-02  0.000000e+00
   outer loop
     vertex  2.590000e+01 -2.900000e+01  1.500000e+01
     vertex  2.589947e+01 -2.903841e+01  1.300000e+01
     vertex  2.589947e+01 -2.903841e+01  1.500000e+01
   endloop
 endfacet
 facet normal -9.999059e-01 -1.371831e-02  0.000000e+00
   outer loop
     vertex  1.399962e+01 -2.297257e+01  1.500000e+01
     vertex  1.400000e+01 -2.300000e+01  1.300000e+01
     vertex  1.400000e+01 -2.300000e+01  1.500000e+01
   endloop
 endfacet
 facet normal -9.999059e-01 -1.371831e-02 -0.000000e+00
   outer loop
     vertex  1.399962e+01 -2.297257e+01  1.500000e+01
     vertex  1.399962e+01 -2.297257e+01  1.300000e+01
     vertex  1.400000e+01 -2.300000e+01  1.300000e+01
   endloop
 endfacet
 facet normal -9.991532e-01 -4.114462e-02 -0.000000e+00
   outer loop
     vertex  1.399849e+01 -2.294515e+01  1.500000e+01
     vertex  1.399849e+01 -2.294515e+01  1.300000e+01
     vertex  1.399962e+01 -2.297257e+01  1.300000e+01
   endloop
 endfacet
 facet normal -9.991532e-01 -4.114462e-02  0.000000e+00
   outer loop
     vertex  1.399849e+01 -2.294515e+01  1.500000e+01
     vertex  1.399962e+01 -2.297257e+01  1.300000e+01
     vertex  1.399962e+01 -2.297257e+01  1.500000e+01
   endloop
 endfacet
 facet normal -9.976484e-01 -6.853995e-02 -0.000000e+00
   outer loop
     vertex  1.399661e+01 -2.291778e+01  1.500000e+01
     vertex  1.399661e+01 -2.291778e+01  1.300000e+01
     vertex  1.399849e+01 -2.294515e+01  1.300000e+01
   endloop
 endfacet
 facet normal -9.976484e-01 -6.853995e-02  0.000000e+00
   outer loop
     vertex  1.399661e+01 -2.291778e+01  1.500000e+01
     vertex  1.399849e+01 -2.294515e+01  1.300000e+01
     vertex  1.399849e+01 -2.294515e+01  1.500000e+01
   endloop
 endfacet
 facet normal -9.953925e-01 -9.588368e-02 -0.000000e+00
   outer loop
     vertex  1.399398e+01 -2.289047e+01  1.500000e+01
     vertex  1.399398e+01 -2.289047e+01  1.300000e+01
     vertex  1.399661e+01 -2.291778e+01  1.300000e+01
   endloop
 endfacet
 facet normal -9.953925e-01 -9.588368e-02  0.000000e+00
   outer loop
     vertex  1.399398e+01 -2.289047e+01  1.500000e+01
     vertex  1.399661e+01 -2.291778e+01  1.300000e+01
     vertex  1.399661e+01 -2.291778e+01  1.500000e+01
   endloop
 endfacet
 facet normal -9.923874e-01 -1.231552e-01 -0.000000e+00
   outer loop
     vertex  1.399060e+01 -2.286324e+01  1.500000e+01
     vertex  1.399060e+01 -2.286324e+01  1.300000e+01
     vertex  1.399398e+01 -2.289047e+01  1.300000e+01
   endloop
 endfacet
 facet normal -9.923874e-01 -1.231552e-01  0.000000e+00
   outer loop
     vertex  1.399060e+01 -2.286324e+01  1.500000e+01
     vertex  1.399398e+01 -2.289047e+01  1.300000e+01
     vertex  1.399398e+01 -2.289047e+01  1.500000e+01
   endloop
 endfacet
 facet normal -9.886353e-01 -1.503341e-01 -0.000000e+00
   outer loop
     vertex  1.398648e+01 -2.283612e+01  1.500000e+01
     vertex  1.398648e+01 -2.283612e+01  1.300000e+01
     vertex  1.399060e+01 -2.286324e+01  1.300000e+01
   endloop
 endfacet
 facet normal -9.886353e-01 -1.503341e-01  0.000000e+00
   outer loop
     vertex  1.398648e+01 -2.283612e+01  1.500000e+01
     vertex  1.399060e+01 -2.286324e+01  1.300000e+01
     vertex  1.399060e+01 -2.286324e+01  1.500000e+01
   endloop
 endfacet
 facet normal -9.841389e-01 -1.773998e-01 -0.000000e+00
   outer loop
     vertex  1.398161e+01 -2.280912e+01  1.500000e+01
     vertex  1.398161e+01 -2.280912e+01  1.300000e+01
     vertex  1.398648e+01 -2.283612e+01  1.300000e+01
   endloop
 endfacet
 facet normal -9.841389e-01 -1.773998e-01  0.000000e+00
   outer loop
     vertex  1.398161e+01 -2.280912e+01  1.500000e+01
     vertex  1.398648e+01 -2.283612e+01  1.300000e+01
     vertex  1.398648e+01 -2.283612e+01  1.500000e+01
   endloop
 endfacet
 facet normal -9.789017e-01 -2.043319e-01 -0.000000e+00
   outer loop
     vertex  1.397601e+01 -2.278226e+01  1.500000e+01
     vertex  1.397601e+01 -2.278226e+01  1.300000e+01
     vertex  1.398161e+01 -2.280912e+01  1.300000e+01
   endloop
 endfacet
 facet normal -9.789017e-01 -2.043319e-01  0.000000e+00
   outer loop
     vertex  1.397601e+01 -2.278226e+01  1.500000e+01
     vertex  1.398161e+01 -2.280912e+01  1.300000e+01
     vertex  1.398161e+01 -2.280912e+01  1.500000e+01
   endloop
 endfacet
 facet normal -9.729276e-01 -2.311102e-01 -0.000000e+00
   outer loop
     vertex  1.396967e+01 -2.275556e+01  1.500000e+01
     vertex  1.396967e+01 -2.275556e+01  1.300000e+01
     vertex  1.397601e+01 -2.278226e+01  1.300000e+01
   endloop
 endfacet
 facet normal -9.662211e-01 -2.577146e-01 -0.000000e+00
   outer loop
     vertex  1.396967e+01 -2.275556e+01  1.500000e+01
     vertex  1.396259e+01 -2.272905e+01  1.300000e+01
     vertex  1.396967e+01 -2.275556e+01  1.300000e+01
   endloop
 endfacet
 facet normal -9.729276e-01 -2.311102e-01  0.000000e+00
   outer loop
     vertex  1.396967e+01 -2.275556e+01  1.500000e+01
     vertex  1.397601e+01 -2.278226e+01  1.300000e+01
     vertex  1.397601e+01 -2.278226e+01  1.500000e+01
   endloop
 endfacet
 facet normal -9.662211e-01 -2.577146e-01 -0.000000e+00
   outer loop
     vertex  1.396259e+01 -2.272905e+01  1.500000e+01
     vertex  1.396259e+01 -2.272905e+01  1.300000e+01
     vertex  1.396967e+01 -2.275556e+01  1.500000e+01
   endloop
 endfacet
 facet normal -9.587873e-01 -2.841250e-01  0.000000e+00
   outer loop
     vertex  1.395480e+01 -2.270275e+01  1.500000e+01
     vertex  1.396259e+01 -2.272905e+01  1.300000e+01
     vertex  1.396259e+01 -2.272905e+01  1.500000e+01
   endloop
 endfacet
 facet normal -9.587873e-01 -2.841250e-01 -0.000000e+00
   outer loop
     vertex  1.395480e+01 -2.270275e+01  1.500000e+01
     vertex  1.395480e+01 -2.270275e+01  1.300000e+01
     vertex  1.396259e+01 -2.272905e+01  1.300000e+01
   endloop
 endfacet
 facet normal -9.506317e-01 -3.103214e-01  0.000000e+00
   outer loop
     vertex  1.394629e+01 -2.267667e+01  1.500000e+01
     vertex  1.395480e+01 -2.270275e+01  1.300000e+01
     vertex  1.395480e+01 -2.270275e+01  1.500000e+01
   endloop
 endfacet
 facet normal -9.506317e-01 -3.103214e-01 -0.000000e+00
   outer loop
     vertex  1.394629e+01 -2.267667e+01  1.500000e+01
     vertex  1.394629e+01 -2.267667e+01  1.300000e+01
     vertex  1.395480e+01 -2.270275e+01  1.300000e+01
   endloop
 endfacet
 facet normal -9.417605e-01 -3.362843e-01  0.000000e+00
   outer loop
     vertex  1.393706e+01 -2.265083e+01  1.500000e+01
     vertex  1.394629e+01 -2.267667e+01  1.300000e+01
     vertex  1.394629e+01 -2.267667e+01  1.500000e+01
   endloop
 endfacet
 facet normal -9.417605e-01 -3.362843e-01 -0.000000e+00
   outer loop
     vertex  1.393706e+01 -2.265083e+01  1.500000e+01
     vertex  1.393706e+01 -2.265083e+01  1.300000e+01
     vertex  1.394629e+01 -2.267667e+01  1.300000e+01
   endloop
 endfacet
 facet normal -9.321804e-01 -3.619940e-01  0.000000e+00
   outer loop
     vertex  1.392713e+01 -2.262525e+01  1.500000e+01
     vertex  1.393706e+01 -2.265083e+01  1.300000e+01
     vertex  1.393706e+01 -2.265083e+01  1.500000e+01
   endloop
 endfacet
 facet normal -9.321804e-01 -3.619940e-01 -0.000000e+00
   outer loop
     vertex  1.392713e+01 -2.262525e+01  1.500000e+01
     vertex  1.392713e+01 -2.262525e+01  1.300000e+01
     vertex  1.393706e+01 -2.265083e+01  1.300000e+01
   endloop
 endfacet
 facet normal -9.218986e-01 -3.874313e-01 -0.000000e+00
   outer loop
     vertex  1.392713e+01 -2.262525e+01  1.500000e+01
     vertex  1.391650e+01 -2.259996e+01  1.300000e+01
     vertex  1.392713e+01 -2.262525e+01  1.300000e+01
   endloop
 endfacet
 facet normal -9.218986e-01 -3.874313e-01 -0.000000e+00
   outer loop
     vertex  1.391650e+01 -2.259996e+01  1.500000e+01
     vertex  1.391650e+01 -2.259996e+01  1.300000e+01
     vertex  1.392713e+01 -2.262525e+01  1.500000e+01
   endloop
 endfacet
 facet normal -9.109228e-01 -4.125769e-01 -0.000000e+00
   outer loop
     vertex  1.391650e+01 -2.259996e+01  1.500000e+01
     vertex  1.390518e+01 -2.257497e+01  1.300000e+01
     vertex  1.391650e+01 -2.259996e+01  1.300000e+01
   endloop
 endfacet
 facet normal -9.109228e-01 -4.125769e-01 -0.000000e+00
   outer loop
     vertex  1.390518e+01 -2.257497e+01  1.500000e+01
     vertex  1.390518e+01 -2.257497e+01  1.300000e+01
     vertex  1.391650e+01 -2.259996e+01  1.500000e+01
   endloop
 endfacet
 facet normal -8.992613e-01 -4.374119e-01  0.000000e+00
   outer loop
     vertex  1.389318e+01 -2.255029e+01  1.500000e+01
     vertex  1.390518e+01 -2.257497e+01  1.300000e+01
     vertex  1.390518e+01 -2.257497e+01  1.500000e+01
   endloop
 endfacet
 facet normal -8.992613e-01 -4.374119e-01 -0.000000e+00
   outer loop
     vertex  1.389318e+01 -2.255029e+01  1.500000e+01
     vertex  1.389318e+01 -2.255029e+01  1.300000e+01
     vertex  1.390518e+01 -2.257497e+01  1.300000e+01
   endloop
 endfacet
 facet normal -8.869228e-01 -4.619176e-01  0.000000e+00
   outer loop
     vertex  1.388050e+01 -2.252596e+01  1.500000e+01
     vertex  1.389318e+01 -2.255029e+01  1.300000e+01
     vertex  1.389318e+01 -2.255029e+01  1.500000e+01
   endloop
 endfacet
 facet normal -8.869228e-01 -4.619176e-01 -0.000000e+00
   outer loop
     vertex  1.388050e+01 -2.252596e+01  1.500000e+01
     vertex  1.388050e+01 -2.252596e+01  1.300000e+01
     vertex  1.389318e+01 -2.255029e+01  1.300000e+01
   endloop
 endfacet
 facet normal -8.739167e-01 -4.860756e-01 -0.000000e+00
   outer loop
     vertex  1.388050e+01 -2.252596e+01  1.500000e+01
     vertex  1.386717e+01 -2.250198e+01  1.300000e+01
     vertex  1.388050e+01 -2.252596e+01  1.300000e+01
   endloop
 endfacet
 facet normal -8.739167e-01 -4.860756e-01 -0.000000e+00
   outer loop
     vertex  1.386717e+01 -2.250198e+01  1.500000e+01
     vertex  1.386717e+01 -2.250198e+01  1.300000e+01
     vertex  1.388050e+01 -2.252596e+01  1.500000e+01
   endloop
 endfacet
 facet normal -8.602528e-01 -5.098678e-01  0.000000e+00
   outer loop
     vertex  1.385318e+01 -2.247838e+01  1.500000e+01
     vertex  1.386717e+01 -2.250198e+01  1.300000e+01
     vertex  1.386717e+01 -2.250198e+01  1.500000e+01
   endloop
 endfacet
 facet normal -8.602528e-01 -5.098678e-01 -0.000000e+00
   outer loop
     vertex  1.385318e+01 -2.247838e+01  1.500000e+01
     vertex  1.385318e+01 -2.247838e+01  1.300000e+01
     vertex  1.386717e+01 -2.250198e+01  1.300000e+01
   endloop
 endfacet
 facet normal -8.459413e-01 -5.332761e-01  0.000000e+00
   outer loop
     vertex  1.383855e+01 -2.245517e+01  1.500000e+01
     vertex  1.385318e+01 -2.247838e+01  1.300000e+01
     vertex  1.385318e+01 -2.247838e+01  1.500000e+01
   endloop
 endfacet
 facet normal -8.459413e-01 -5.332761e-01 -0.000000e+00
   outer loop
     vertex  1.383855e+01 -2.245517e+01  1.500000e+01
     vertex  1.383855e+01 -2.245517e+01  1.300000e+01
     vertex  1.385318e+01 -2.247838e+01  1.300000e+01
   endloop
 endfacet
 facet normal -8.309929e-01 -5.562829e-01 -0.000000e+00
   outer loop
     vertex  1.382328e+01 -2.243237e+01  1.500000e+01
     vertex  1.382328e+01 -2.243237e+01  1.300000e+01
     vertex  1.383855e+01 -2.245517e+01  1.300000e+01
   endloop
 endfacet
 facet normal -8.309929e-01 -5.562829e-01  0.000000e+00
   outer loop
     vertex  1.382328e+01 -2.243237e+01  1.500000e+01
     vertex  1.383855e+01 -2.245517e+01  1.300000e+01
     vertex  1.383855e+01 -2.245517e+01  1.500000e+01
   endloop
 endfacet
 facet normal -8.154191e-01 -5.788711e-01 -0.000000e+00
   outer loop
     vertex  1.382328e+01 -2.243237e+01  1.500000e+01
     vertex  1.380740e+01 -2.241000e+01  1.300000e+01
     vertex  1.382328e+01 -2.243237e+01  1.300000e+01
   endloop
 endfacet
 facet normal -8.154191e-01 -5.788711e-01 -0.000000e+00
   outer loop
     vertex  1.380740e+01 -2.241000e+01  1.500000e+01
     vertex  1.380740e+01 -2.241000e+01  1.300000e+01
     vertex  1.382328e+01 -2.243237e+01  1.500000e+01
   endloop
 endfacet
 facet normal -7.992314e-01 -6.010234e-01  0.000000e+00
   outer loop
     vertex  1.379091e+01 -2.238807e+01  1.500000e+01
     vertex  1.380740e+01 -2.241000e+01  1.300000e+01
     vertex  1.380740e+01 -2.241000e+01  1.500000e+01
   endloop
 endfacet
 facet normal -7.992314e-01 -6.010234e-01 -0.000000e+00
   outer loop
     vertex  1.379091e+01 -2.238807e+01  1.500000e+01
     vertex  1.379091e+01 -2.238807e+01  1.300000e+01
     vertex  1.380740e+01 -2.241000e+01  1.300000e+01
   endloop
 endfacet
 facet normal -7.824421e-01 -6.227234e-01 -0.000000e+00
   outer loop
     vertex  1.377383e+01 -2.236660e+01  1.500000e+01
     vertex  1.377383e+01 -2.236660e+01  1.300000e+01
     vertex  1.379091e+01 -2.238807e+01  1.300000e+01
   endloop
 endfacet
 facet normal -7.824421e-01 -6.227234e-01  0.000000e+00
   outer loop
     vertex  1.377383e+01 -2.236660e+01  1.500000e+01
     vertex  1.379091e+01 -2.238807e+01  1.300000e+01
     vertex  1.379091e+01 -2.238807e+01  1.500000e+01
   endloop
 endfacet
 facet normal -7.650637e-01 -6.439545e-01 -0.000000e+00
   outer loop
     vertex  1.375616e+01 -2.234561e+01  1.500000e+01
     vertex  1.375616e+01 -2.234561e+01  1.300000e+01
     vertex  1.377383e+01 -2.236660e+01  1.300000e+01
   endloop
 endfacet
 facet normal -7.650637e-01 -6.439545e-01  0.000000e+00
   outer loop
     vertex  1.375616e+01 -2.234561e+01  1.500000e+01
     vertex  1.377383e+01 -2.236660e+01  1.300000e+01
     vertex  1.377383e+01 -2.236660e+01  1.500000e+01
   endloop
 endfacet
 facet normal -7.471095e-01 -6.647010e-01 -0.000000e+00
   outer loop
     vertex  1.373792e+01 -2.232511e+01  1.500000e+01
     vertex  1.373792e+01 -2.232511e+01  1.300000e+01
     vertex  1.375616e+01 -2.234561e+01  1.300000e+01
   endloop
 endfacet
 facet normal -7.471095e-01 -6.647010e-01  0.000000e+00
   outer loop
     vertex  1.373792e+01 -2.232511e+01  1.500000e+01
     vertex  1.375616e+01 -2.234561e+01  1.300000e+01
     vertex  1.375616e+01 -2.234561e+01  1.500000e+01
   endloop
 endfacet
 facet normal -7.285929e-01 -6.849470e-01 -0.000000e+00
   outer loop
     vertex  1.371913e+01 -2.230512e+01  1.500000e+01
     vertex  1.371913e+01 -2.230512e+01  1.300000e+01
     vertex  1.373792e+01 -2.232511e+01  1.300000e+01
   endloop
 endfacet
 facet normal -7.285929e-01 -6.849470e-01  0.000000e+00
   outer loop
     vertex  1.371913e+01 -2.230512e+01  1.500000e+01
     vertex  1.373792e+01 -2.232511e+01  1.300000e+01
     vertex  1.373792e+01 -2.232511e+01  1.500000e+01
   endloop
 endfacet
 facet normal -7.095278e-01 -7.046775e-01 -0.000000e+00
   outer loop
     vertex  1.369979e+01 -2.228566e+01  1.500000e+01
     vertex  1.369979e+01 -2.228566e+01  1.300000e+01
     vertex  1.371913e+01 -2.230512e+01  1.300000e+01
   endloop
 endfacet
 facet normal -7.095278e-01 -7.046775e-01  0.000000e+00
   outer loop
     vertex  1.369979e+01 -2.228566e+01  1.500000e+01
     vertex  1.371913e+01 -2.230512e+01  1.300000e+01
     vertex  1.371913e+01 -2.230512e+01  1.500000e+01
   endloop
 endfacet
 facet normal -6.899286e-01 -7.238775e-01 -0.000000e+00
   outer loop
     vertex  1.367993e+01 -2.226673e+01  1.500000e+01
     vertex  1.367993e+01 -2.226673e+01  1.300000e+01
     vertex  1.369979e+01 -2.228566e+01  1.300000e+01
   endloop
 endfacet
 facet normal -6.899286e-01 -7.238775e-01  0.000000e+00
   outer loop
     vertex  1.367993e+01 -2.226673e+01  1.500000e+01
     vertex  1.369979e+01 -2.228566e+01  1.300000e+01
     vertex  1.369979e+01 -2.228566e+01  1.500000e+01
   endloop
 endfacet
 facet normal -6.698100e-01 -7.425325e-01 -0.000000e+00
   outer loop
     vertex  1.365956e+01 -2.224835e+01  1.500000e+01
     vertex  1.365956e+01 -2.224835e+01  1.300000e+01
     vertex  1.367993e+01 -2.226673e+01  1.300000e+01
   endloop
 endfacet
 facet normal -6.698100e-01 -7.425325e-01  0.000000e+00
   outer loop
     vertex  1.365956e+01 -2.224835e+01  1.500000e+01
     vertex  1.367993e+01 -2.226673e+01  1.300000e+01
     vertex  1.367993e+01 -2.226673e+01  1.500000e+01
   endloop
 endfacet
 facet normal -6.491872e-01 -7.606287e-01 -0.000000e+00
   outer loop
     vertex  1.363869e+01 -2.223054e+01  1.500000e+01
     vertex  1.363869e+01 -2.223054e+01  1.300000e+01
     vertex  1.365956e+01 -2.224835e+01  1.300000e+01
   endloop
 endfacet
 facet normal -6.491872e-01 -7.606287e-01  0.000000e+00
   outer loop
     vertex  1.363869e+01 -2.223054e+01  1.500000e+01
     vertex  1.365956e+01 -2.224835e+01  1.300000e+01
     vertex  1.365956e+01 -2.224835e+01  1.500000e+01
   endloop
 endfacet
 facet normal -6.280757e-01 -7.781522e-01 -0.000000e+00
   outer loop
     vertex  1.361734e+01 -2.221330e+01  1.500000e+01
     vertex  1.361734e+01 -2.221330e+01  1.300000e+01
     vertex  1.363869e+01 -2.223054e+01  1.300000e+01
   endloop
 endfacet
 facet normal -6.280757e-01 -7.781522e-01  0.000000e+00
   outer loop
     vertex  1.361734e+01 -2.221330e+01  1.500000e+01
     vertex  1.363869e+01 -2.223054e+01  1.300000e+01
     vertex  1.363869e+01 -2.223054e+01  1.500000e+01
   endloop
 endfacet
 facet normal -6.064915e-01 -7.950900e-01 -0.000000e+00
   outer loop
     vertex  1.359553e+01 -2.219666e+01  1.500000e+01
     vertex  1.359553e+01 -2.219666e+01  1.300000e+01
     vertex  1.361734e+01 -2.221330e+01  1.300000e+01
   endloop
 endfacet
 facet normal -5.844507e-01 -8.114292e-01 -0.000000e+00
   outer loop
     vertex  1.359553e+01 -2.219666e+01  1.500000e+01
     vertex  1.357326e+01 -2.218063e+01  1.300000e+01
     vertex  1.359553e+01 -2.219666e+01  1.300000e+01
   endloop
 endfacet
 facet normal -6.064915e-01 -7.950900e-01  0.000000e+00
   outer loop
     vertex  1.359553e+01 -2.219666e+01  1.500000e+01
     vertex  1.361734e+01 -2.221330e+01  1.300000e+01
     vertex  1.361734e+01 -2.221330e+01  1.500000e+01
   endloop
 endfacet
 facet normal -5.844507e-01 -8.114292e-01 -0.000000e+00
   outer loop
     vertex  1.357326e+01 -2.218063e+01  1.500000e+01
     vertex  1.357326e+01 -2.218063e+01  1.300000e+01
     vertex  1.359553e+01 -2.219666e+01  1.500000e+01
   endloop
 endfacet
 facet normal -5.619699e-01 -8.271577e-01  0.000000e+00
   outer loop
     vertex  1.355057e+01 -2.216521e+01  1.500000e+01
     vertex  1.357326e+01 -2.218063e+01  1.300000e+01
     vertex  1.357326e+01 -2.218063e+01  1.500000e+01
   endloop
 endfacet
 facet normal -5.619699e-01 -8.271577e-01 -0.000000e+00
   outer loop
     vertex  1.355057e+01 -2.216521e+01  1.500000e+01
     vertex  1.355057e+01 -2.216521e+01  1.300000e+01
     vertex  1.357326e+01 -2.218063e+01  1.300000e+01
   endloop
 endfacet
 facet normal -5.390661e-01 -8.422635e-01  0.000000e+00
   outer loop
     vertex  1.352746e+01 -2.215042e+01  1.500000e+01
     vertex  1.355057e+01 -2.216521e+01  1.300000e+01
     vertex  1.355057e+01 -2.216521e+01  1.500000e+01
   endloop
 endfacet
 facet normal -5.390661e-01 -8.422635e-01 -0.000000e+00
   outer loop
     vertex  1.352746e+01 -2.215042e+01  1.500000e+01
     vertex  1.352746e+01 -2.215042e+01  1.300000e+01
     vertex  1.355057e+01 -2.216521e+01  1.300000e+01
   endloop
 endfacet
 facet normal -5.157565e-01 -8.567352e-01 -0.000000e+00
   outer loop
     vertex  1.352746e+01 -2.215042e+01  1.500000e+01
     vertex  1.350396e+01 -2.213627e+01  1.300000e+01
     vertex  1.352746e+01 -2.215042e+01  1.300000e+01
   endloop
 endfacet
 facet normal -5.157565e-01 -8.567352e-01 -0.000000e+00
   outer loop
     vertex  1.350396e+01 -2.213627e+01  1.500000e+01
     vertex  1.350396e+01 -2.213627e+01  1.300000e+01
     vertex  1.352746e+01 -2.215042e+01  1.500000e+01
   endloop
 endfacet
 facet normal -4.920587e-01 -8.705620e-01  0.000000e+00
   outer loop
     vertex  1.348007e+01 -2.212277e+01  1.500000e+01
     vertex  1.350396e+01 -2.213627e+01  1.300000e+01
     vertex  1.350396e+01 -2.213627e+01  1.500000e+01
   endloop
 endfacet
 facet normal -4.920587e-01 -8.705620e-01 -0.000000e+00
   outer loop
     vertex  1.348007e+01 -2.212277e+01  1.500000e+01
     vertex  1.348007e+01 -2.212277e+01  1.300000e+01
     vertex  1.350396e+01 -2.213627e+01  1.300000e+01
   endloop
 endfacet
 facet normal -4.679904e-01 -8.837335e-01  0.000000e+00
   outer loop
     vertex  1.345582e+01 -2.210993e+01  1.500000e+01
     vertex  1.348007e+01 -2.212277e+01  1.300000e+01
     vertex  1.348007e+01 -2.212277e+01  1.500000e+01
   endloop
 endfacet
 facet normal -4.679904e-01 -8.837335e-01 -0.000000e+00
   outer loop
     vertex  1.345582e+01 -2.210993e+01  1.500000e+01
     vertex  1.345582e+01 -2.210993e+01  1.300000e+01
     vertex  1.348007e+01 -2.212277e+01  1.300000e+01
   endloop
 endfacet
 facet normal -4.435699e-01 -8.962398e-01  0.000000e+00
   outer loop
     vertex  1.343123e+01 -2.209776e+01  1.500000e+01
     vertex  1.345582e+01 -2.210993e+01  1.300000e+01
     vertex  1.345582e+01 -2.210993e+01  1.500000e+01
   endloop
 endfacet
 facet normal -4.435699e-01 -8.962398e-01 -0.000000e+00
   outer loop
     vertex  1.343123e+01 -2.209776e+01  1.500000e+01
     vertex  1.343123e+01 -2.209776e+01  1.300000e+01
     vertex  1.345582e+01 -2.210993e+01  1.300000e+01
   endloop
 endfacet
 facet normal -4.188155e-01 -9.080714e-01  0.000000e+00
   outer loop
     vertex  1.340632e+01 -2.208627e+01  1.500000e+01
     vertex  1.343123e+01 -2.209776e+01  1.300000e+01
     vertex  1.343123e+01 -2.209776e+01  1.500000e+01
   endloop
 endfacet
 facet normal -4.188155e-01 -9.080714e-01 -0.000000e+00
   outer loop
     vertex  1.340632e+01 -2.208627e+01  1.500000e+01
     vertex  1.340632e+01 -2.208627e+01  1.300000e+01
     vertex  1.343123e+01 -2.209776e+01  1.300000e+01
   endloop
 endfacet
 facet normal -3.937458e-01 -9.192194e-01  0.000000e+00
   outer loop
     vertex  1.338110e+01 -2.207547e+01  1.500000e+01
     vertex  1.340632e+01 -2.208627e+01  1.300000e+01
     vertex  1.340632e+01 -2.208627e+01  1.500000e+01
   endloop
 endfacet
 facet normal -3.937458e-01 -9.192194e-01 -0.000000e+00
   outer loop
     vertex  1.338110e+01 -2.207547e+01  1.500000e+01
     vertex  1.338110e+01 -2.207547e+01  1.300000e+01
     vertex  1.340632e+01 -2.208627e+01  1.300000e+01
   endloop
 endfacet
 facet normal -3.683796e-01 -9.296754e-01  0.000000e+00
   outer loop
     vertex  1.335559e+01 -2.206536e+01  1.500000e+01
     vertex  1.338110e+01 -2.207547e+01  1.300000e+01
     vertex  1.338110e+01 -2.207547e+01  1.500000e+01
   endloop
 endfacet
 facet normal -3.683796e-01 -9.296754e-01 -0.000000e+00
   outer loop
     vertex  1.335559e+01 -2.206536e+01  1.500000e+01
     vertex  1.335559e+01 -2.206536e+01  1.300000e+01
     vertex  1.338110e+01 -2.207547e+01  1.300000e+01
   endloop
 endfacet
 facet normal -3.427362e-01 -9.394317e-01  0.000000e+00
   outer loop
     vertex  1.332982e+01 -2.205595e+01  1.500000e+01
     vertex  1.335559e+01 -2.206536e+01  1.300000e+01
     vertex  1.335559e+01 -2.206536e+01  1.500000e+01
   endloop
 endfacet
 facet normal -3.427362e-01 -9.394317e-01 -0.000000e+00
   outer loop
     vertex  1.332982e+01 -2.205595e+01  1.500000e+01
     vertex  1.332982e+01 -2.205595e+01  1.300000e+01
     vertex  1.335559e+01 -2.206536e+01  1.300000e+01
   endloop
 endfacet
 facet normal -3.168348e-01 -9.484807e-01 -0.000000e+00
   outer loop
     vertex  1.332982e+01 -2.205595e+01  1.500000e+01
     vertex  1.330379e+01 -2.204726e+01  1.300000e+01
     vertex  1.332982e+01 -2.205595e+01  1.300000e+01
   endloop
 endfacet
 facet normal -3.168348e-01 -9.484807e-01 -0.000000e+00
   outer loop
     vertex  1.330379e+01 -2.204726e+01  1.500000e+01
     vertex  1.330379e+01 -2.204726e+01  1.300000e+01
     vertex  1.332982e+01 -2.205595e+01  1.500000e+01
   endloop
 endfacet
 facet normal -2.906949e-01 -9.568158e-01  0.000000e+00
   outer loop
     vertex  1.327754e+01 -2.203929e+01  1.500000e+01
     vertex  1.330379e+01 -2.204726e+01  1.300000e+01
     vertex  1.330379e+01 -2.204726e+01  1.500000e+01
   endloop
 endfacet
 facet normal -2.906949e-01 -9.568158e-01 -0.000000e+00
   outer loop
     vertex  1.327754e+01 -2.203929e+01  1.500000e+01
     vertex  1.327754e+01 -2.203929e+01  1.300000e+01
     vertex  1.330379e+01 -2.204726e+01  1.300000e+01
   endloop
 endfacet
 facet normal -2.643362e-01 -9.644306e-01  0.000000e+00
   outer loop
     vertex  1.325108e+01 -2.203203e+01  1.500000e+01
     vertex  1.327754e+01 -2.203929e+01  1.300000e+01
     vertex  1.327754e+01 -2.203929e+01  1.500000e+01
   endloop
 endfacet
 facet normal -2.643362e-01 -9.644306e-01 -0.000000e+00
   outer loop
     vertex  1.325108e+01 -2.203203e+01  1.500000e+01
     vertex  1.325108e+01 -2.203203e+01  1.300000e+01
     vertex  1.327754e+01 -2.203929e+01  1.300000e+01
   endloop
 endfacet
 facet normal -2.377784e-01 -9.713194e-01 -0.000000e+00
   outer loop
     vertex  1.325108e+01 -2.203203e+01  1.500000e+01
     vertex  1.322443e+01 -2.202551e+01  1.300000e+01
     vertex  1.325108e+01 -2.203203e+01  1.300000e+01
   endloop
 endfacet
 facet normal -2.377784e-01 -9.713194e-01 -0.000000e+00
   outer loop
     vertex  1.322443e+01 -2.202551e+01  1.500000e+01
     vertex  1.322443e+01 -2.202551e+01  1.300000e+01
     vertex  1.325108e+01 -2.203203e+01  1.500000e+01
   endloop
 endfacet
 facet normal -2.110417e-01 -9.774771e-01 -0.000000e+00
   outer loop
     vertex  1.322443e+01 -2.202551e+01  1.500000e+01
     vertex  1.319761e+01 -2.201972e+01  1.300000e+01
     vertex  1.322443e+01 -2.202551e+01  1.300000e+01
   endloop
 endfacet
 facet normal -2.110417e-01 -9.774771e-01 -0.000000e+00
   outer loop
     vertex  1.319761e+01 -2.201972e+01  1.500000e+01
     vertex  1.319761e+01 -2.201972e+01  1.300000e+01
     vertex  1.322443e+01 -2.202551e+01  1.500000e+01
   endloop
 endfacet
 facet normal -1.841461e-01 -9.828989e-01  0.000000e+00
   outer loop
     vertex  1.317065e+01 -2.201467e+01  1.500000e+01
     vertex  1.319761e+01 -2.201972e+01  1.300000e+01
     vertex  1.319761e+01 -2.201972e+01  1.500000e+01
   endloop
 endfacet
 facet normal -1.841461e-01 -9.828989e-01 -0.000000e+00
   outer loop
     vertex  1.317065e+01 -2.201467e+01  1.500000e+01
     vertex  1.317065e+01 -2.201467e+01  1.300000e+01
     vertex  1.319761e+01 -2.201972e+01  1.300000e+01
   endloop
 endfacet
 facet normal -1.571119e-01 -9.875808e-01  0.000000e+00
   outer loop
     vertex  1.314355e+01 -2.201036e+01  1.500000e+01
     vertex  1.317065e+01 -2.201467e+01  1.300000e+01
     vertex  1.317065e+01 -2.201467e+01  1.500000e+01
   endloop
 endfacet
 facet normal -1.571119e-01 -9.875808e-01 -0.000000e+00
   outer loop
     vertex  1.314355e+01 -2.201036e+01  1.500000e+01
     vertex  1.314355e+01 -2.201036e+01  1.300000e+01
     vertex  1.317065e+01 -2.201467e+01  1.300000e+01
   endloop
 endfacet
 facet normal -1.299594e-01 -9.915193e-01  0.000000e+00
   outer loop
     vertex  1.311635e+01 -2.200679e+01  1.500000e+01
     vertex  1.314355e+01 -2.201036e+01  1.300000e+01
     vertex  1.314355e+01 -2.201036e+01  1.500000e+01
   endloop
 endfacet
 facet normal -1.299594e-01 -9.915193e-01 -0.000000e+00
   outer loop
     vertex  1.311635e+01 -2.200679e+01  1.500000e+01
     vertex  1.311635e+01 -2.200679e+01  1.300000e+01
     vertex  1.314355e+01 -2.201036e+01  1.300000e+01
   endloop
 endfacet
 facet normal -1.027091e-01 -9.947114e-01  0.000000e+00
   outer loop
     vertex  1.308905e+01 -2.200397e+01  1.500000e+01
     vertex  1.311635e+01 -2.200679e+01  1.300000e+01
     vertex  1.311635e+01 -2.200679e+01  1.500000e+01
   endloop
 endfacet
 facet normal -1.027091e-01 -9.947114e-01 -0.000000e+00
   outer loop
     vertex  1.308905e+01 -2.200397e+01  1.500000e+01
     vertex  1.308905e+01 -2.200397e+01  1.300000e+01
     vertex  1.311635e+01 -2.200679e+01  1.300000e+01
   endloop
 endfacet
 facet normal -7.538152e-02 -9.971548e-01 -0.000000e+00
   outer loop
     vertex  1.308905e+01 -2.200397e+01  1.500000e+01
     vertex  1.306170e+01 -2.200190e+01  1.300000e+01
     vertex  1.308905e+01 -2.200397e+01  1.300000e+01
   endloop
 endfacet
 facet normal -7.538152e-02 -9.971548e-01 -0.000000e+00
   outer loop
     vertex  1.306170e+01 -2.200190e+01  1.500000e+01
     vertex  1.306170e+01 -2.200190e+01  1.300000e+01
     vertex  1.308905e+01 -2.200397e+01  1.500000e+01
   endloop
 endfacet
 facet normal -4.799716e-02 -9.988475e-01  0.000000e+00
   outer loop
     vertex  1.303429e+01 -2.200059e+01  1.500000e+01
     vertex  1.306170e+01 -2.200190e+01  1.300000e+01
     vertex  1.306170e+01 -2.200190e+01  1.500000e+01
   endloop
 endfacet
 facet normal -4.799716e-02 -9.988475e-01 -0.000000e+00
   outer loop
     vertex  1.303429e+01 -2.200059e+01  1.500000e+01
     vertex  1.303429e+01 -2.200059e+01  1.300000e+01
     vertex  1.306170e+01 -2.200190e+01  1.300000e+01
   endloop
 endfacet
 facet normal -2.057667e-02 -9.997883e-01 -0.000000e+00
   outer loop
     vertex  1.300686e+01 -2.200002e+01  1.500000e+01
     vertex  1.300686e+01 -2.200002e+01  1.300000e+01
     vertex  1.303429e+01 -2.200059e+01  1.300000e+01
   endloop
 endfacet
 facet normal -2.057667e-02 -9.997883e-01  0.000000e+00
   outer loop
     vertex  1.300686e+01 -2.200002e+01  1.500000e+01
     vertex  1.303429e+01 -2.200059e+01  1.300000e+01
     vertex  1.303429e+01 -2.200059e+01  1.500000e+01
   endloop
 endfacet
 facet normal  6.859319e-03 -9.999765e-01  0.000000e+00
   outer loop
     vertex  1.300686e+01 -2.200002e+01  1.500000e+01
     vertex  1.297942e+01 -2.200021e+01  1.300000e+01
     vertex  1.300686e+01 -2.200002e+01  1.300000e+01
   endloop
 endfacet
 facet normal  6.859319e-03 -9.999765e-01  0.000000e+00
   outer loop
     vertex  1.297942e+01 -2.200021e+01  1.500000e+01
     vertex  1.297942e+01 -2.200021e+01  1.300000e+01
     vertex  1.300686e+01 -2.200002e+01  1.500000e+01
   endloop
 endfacet
 facet normal  3.429014e-02 -9.994119e-01  0.000000e+00
   outer loop
     vertex  1.295200e+01 -2.200115e+01  1.500000e+01
     vertex  1.295200e+01 -2.200115e+01  1.300000e+01
     vertex  1.297942e+01 -2.200021e+01  1.300000e+01
   endloop
 endfacet
 facet normal  6.169515e-02 -9.980950e-01  0.000000e+00
   outer loop
     vertex  1.295200e+01 -2.200115e+01  1.500000e+01
     vertex  1.292462e+01 -2.200285e+01  1.300000e+01
     vertex  1.295200e+01 -2.200115e+01  1.300000e+01
   endloop
 endfacet
 facet normal  3.429014e-02 -9.994119e-01  0.000000e+00
   outer loop
     vertex  1.295200e+01 -2.200115e+01  1.500000e+01
     vertex  1.297942e+01 -2.200021e+01  1.300000e+01
     vertex  1.297942e+01 -2.200021e+01  1.500000e+01
   endloop
 endfacet
 facet normal  8.905371e-02 -9.960268e-01  0.000000e+00
   outer loop
     vertex  1.292462e+01 -2.200285e+01  1.500000e+01
     vertex  1.289729e+01 -2.200529e+01  1.300000e+01
     vertex  1.292462e+01 -2.200285e+01  1.300000e+01
   endloop
 endfacet
 facet normal  6.169515e-02 -9.980950e-01  0.000000e+00
   outer loop
     vertex  1.292462e+01 -2.200285e+01  1.500000e+01
     vertex  1.292462e+01 -2.200285e+01  1.300000e+01
     vertex  1.295200e+01 -2.200115e+01  1.500000e+01
   endloop
 endfacet
 facet normal  8.905371e-02 -9.960268e-01  0.000000e+00
   outer loop
     vertex  1.289729e+01 -2.200529e+01  1.500000e+01
     vertex  1.289729e+01 -2.200529e+01  1.300000e+01
     vertex  1.292462e+01 -2.200285e+01  1.500000e+01
   endloop
 endfacet
 facet normal  1.163452e-01 -9.932088e-01  0.000000e+00
   outer loop
     vertex  1.287004e+01 -2.200848e+01  1.500000e+01
     vertex  1.289729e+01 -2.200529e+01  1.300000e+01
     vertex  1.289729e+01 -2.200529e+01  1.500000e+01
   endloop
 endfacet
 facet normal  1.163452e-01 -9.932088e-01  0.000000e+00
   outer loop
     vertex  1.287004e+01 -2.200848e+01  1.500000e+01
     vertex  1.287004e+01 -2.200848e+01  1.300000e+01
     vertex  1.289729e+01 -2.200529e+01  1.300000e+01
   endloop
 endfacet
 facet normal  1.435492e-01 -9.896432e-01  0.000000e+00
   outer loop
     vertex  1.287004e+01 -2.200848e+01  1.500000e+01
     vertex  1.284289e+01 -2.201242e+01  1.300000e+01
     vertex  1.287004e+01 -2.200848e+01  1.300000e+01
   endloop
 endfacet
 facet normal  1.435492e-01 -9.896432e-01  0.000000e+00
   outer loop
     vertex  1.284289e+01 -2.201242e+01  1.500000e+01
     vertex  1.284289e+01 -2.201242e+01  1.300000e+01
     vertex  1.287004e+01 -2.200848e+01  1.500000e+01
   endloop
 endfacet
 facet normal  1.706451e-01 -9.853326e-01  0.000000e+00
   outer loop
     vertex  1.281585e+01 -2.201710e+01  1.500000e+01
     vertex  1.284289e+01 -2.201242e+01  1.300000e+01
     vertex  1.284289e+01 -2.201242e+01  1.500000e+01
   endloop
 endfacet
 facet normal  1.706451e-01 -9.853326e-01  0.000000e+00
   outer loop
     vertex  1.281585e+01 -2.201710e+01  1.500000e+01
     vertex  1.281585e+01 -2.201710e+01  1.300000e+01
     vertex  1.284289e+01 -2.201242e+01  1.300000e+01
   endloop
 endfacet
 facet normal  1.976125e-01 -9.802802e-01  0.000000e+00
   outer loop
     vertex  1.281585e+01 -2.201710e+01  1.500000e+01
     vertex  1.278896e+01 -2.202252e+01  1.300000e+01
     vertex  1.281585e+01 -2.201710e+01  1.300000e+01
   endloop
 endfacet
 facet normal  1.976125e-01 -9.802802e-01  0.000000e+00
   outer loop
     vertex  1.278896e+01 -2.202252e+01  1.500000e+01
     vertex  1.278896e+01 -2.202252e+01  1.300000e+01
     vertex  1.281585e+01 -2.201710e+01  1.500000e+01
   endloop
 endfacet
 facet normal  2.244312e-01 -9.744899e-01  0.000000e+00
   outer loop
     vertex  1.276222e+01 -2.202868e+01  1.500000e+01
     vertex  1.278896e+01 -2.202252e+01  1.300000e+01
     vertex  1.278896e+01 -2.202252e+01  1.500000e+01
   endloop
 endfacet
 facet normal  2.244312e-01 -9.744899e-01  0.000000e+00
   outer loop
     vertex  1.276222e+01 -2.202868e+01  1.500000e+01
     vertex  1.276222e+01 -2.202868e+01  1.300000e+01
     vertex  1.278896e+01 -2.202252e+01  1.300000e+01
   endloop
 endfacet
 facet normal  2.510809e-01 -9.679661e-01  0.000000e+00
   outer loop
     vertex  1.276222e+01 -2.202868e+01  1.500000e+01
     vertex  1.273566e+01 -2.203557e+01  1.300000e+01
     vertex  1.276222e+01 -2.202868e+01  1.300000e+01
   endloop
 endfacet
 facet normal  2.510809e-01 -9.679661e-01  0.000000e+00
   outer loop
     vertex  1.273566e+01 -2.203557e+01  1.500000e+01
     vertex  1.273566e+01 -2.203557e+01  1.300000e+01
     vertex  1.276222e+01 -2.202868e+01  1.500000e+01
   endloop
 endfacet
 facet normal  2.775416e-01 -9.607136e-01  0.000000e+00
   outer loop
     vertex  1.270931e+01 -2.204318e+01  1.500000e+01
     vertex  1.273566e+01 -2.203557e+01  1.300000e+01
     vertex  1.273566e+01 -2.203557e+01  1.500000e+01
   endloop
 endfacet
 facet normal  2.775416e-01 -9.607136e-01  0.000000e+00
   outer loop
     vertex  1.270931e+01 -2.204318e+01  1.500000e+01
     vertex  1.270931e+01 -2.204318e+01  1.300000e+01
     vertex  1.273566e+01 -2.203557e+01  1.300000e+01
   endloop
 endfacet
 facet normal  3.037934e-01 -9.527379e-01  0.000000e+00
   outer loop
     vertex  1.268317e+01 -2.205152e+01  1.500000e+01
     vertex  1.270931e+01 -2.204318e+01  1.300000e+01
     vertex  1.270931e+01 -2.204318e+01  1.500000e+01
   endloop
 endfacet
 facet normal  3.037934e-01 -9.527379e-01  0.000000e+00
   outer loop
     vertex  1.268317e+01 -2.205152e+01  1.500000e+01
     vertex  1.268317e+01 -2.205152e+01  1.300000e+01
     vertex  1.270931e+01 -2.204318e+01  1.300000e+01
   endloop
 endfacet
 facet normal  3.298166e-01 -9.440450e-01  0.000000e+00
   outer loop
     vertex  1.268317e+01 -2.205152e+01  1.500000e+01
     vertex  1.265726e+01 -2.206057e+01  1.300000e+01
     vertex  1.268317e+01 -2.205152e+01  1.300000e+01
   endloop
 endfacet
 facet normal  3.298166e-01 -9.440450e-01  0.000000e+00
   outer loop
     vertex  1.265726e+01 -2.206057e+01  1.500000e+01
     vertex  1.265726e+01 -2.206057e+01  1.300000e+01
     vertex  1.268317e+01 -2.205152e+01  1.500000e+01
   endloop
 endfacet
 facet normal  3.555914e-01 -9.346415e-01  0.000000e+00
   outer loop
     vertex  1.263162e+01 -2.207032e+01  1.500000e+01
     vertex  1.265726e+01 -2.206057e+01  1.300000e+01
     vertex  1.265726e+01 -2.206057e+01  1.500000e+01
   endloop
 endfacet
 facet normal  3.555914e-01 -9.346415e-01  0.000000e+00
   outer loop
     vertex  1.263162e+01 -2.207032e+01  1.500000e+01
     vertex  1.263162e+01 -2.207032e+01  1.300000e+01
     vertex  1.265726e+01 -2.206057e+01  1.300000e+01
   endloop
 endfacet
 facet normal  3.810986e-01 -9.245344e-01  0.000000e+00
   outer loop
     vertex  1.260625e+01 -2.208078e+01  1.500000e+01
     vertex  1.263162e+01 -2.207032e+01  1.300000e+01
     vertex  1.263162e+01 -2.207032e+01  1.500000e+01
   endloop
 endfacet
 facet normal  3.810986e-01 -9.245344e-01  0.000000e+00
   outer loop
     vertex  1.260625e+01 -2.208078e+01  1.500000e+01
     vertex  1.260625e+01 -2.208078e+01  1.300000e+01
     vertex  1.263162e+01 -2.207032e+01  1.300000e+01
   endloop
 endfacet
 facet normal  4.063188e-01 -9.137314e-01  0.000000e+00
   outer loop
     vertex  1.258118e+01 -2.209193e+01  1.500000e+01
     vertex  1.258118e+01 -2.209193e+01  1.300000e+01
     vertex  1.260625e+01 -2.208078e+01  1.300000e+01
   endloop
 endfacet
 facet normal  4.063188e-01 -9.137314e-01  0.000000e+00
   outer loop
     vertex  1.258118e+01 -2.209193e+01  1.500000e+01
     vertex  1.260625e+01 -2.208078e+01  1.300000e+01
     vertex  1.260625e+01 -2.208078e+01  1.500000e+01
   endloop
 endfacet
 facet normal  4.312333e-01 -9.022405e-01  0.000000e+00
   outer loop
     vertex  1.255643e+01 -2.210376e+01  1.500000e+01
     vertex  1.255643e+01 -2.210376e+01  1.300000e+01
     vertex  1.258118e+01 -2.209193e+01  1.300000e+01
   endloop
 endfacet
 facet normal  4.312333e-01 -9.022405e-01  0.000000e+00
   outer loop
     vertex  1.255643e+01 -2.210376e+01  1.500000e+01
     vertex  1.258118e+01 -2.209193e+01  1.300000e+01
     vertex  1.258118e+01 -2.209193e+01  1.500000e+01
   endloop
 endfacet
 facet normal  4.558231e-01 -8.900704e-01  0.000000e+00
   outer loop
     vertex  1.253201e+01 -2.211627e+01  1.500000e+01
     vertex  1.253201e+01 -2.211627e+01  1.300000e+01
     vertex  1.255643e+01 -2.210376e+01  1.300000e+01
   endloop
 endfacet
 facet normal  4.800697e-01 -8.772303e-01  0.000000e+00
   outer loop
     vertex  1.253201e+01 -2.211627e+01  1.500000e+01
     vertex  1.250794e+01 -2.212944e+01  1.300000e+01
     vertex  1.253201e+01 -2.211627e+01  1.300000e+01
   endloop
 endfacet
 facet normal  4.558231e-01 -8.900704e-01  0.000000e+00
   outer loop
     vertex  1.253201e+01 -2.211627e+01  1.500000e+01
     vertex  1.255643e+01 -2.210376e+01  1.300000e+01
     vertex  1.255643e+01 -2.210376e+01  1.500000e+01
   endloop
 endfacet
 facet normal  5.039550e-01 -8.637299e-01  0.000000e+00
   outer loop
     vertex  1.250794e+01 -2.212944e+01  1.500000e+01
     vertex  1.248424e+01 -2.214326e+01  1.300000e+01
     vertex  1.250794e+01 -2.212944e+01  1.300000e+01
   endloop
 endfacet
 facet normal  4.800697e-01 -8.772303e-01  0.000000e+00
   outer loop
     vertex  1.250794e+01 -2.212944e+01  1.500000e+01
     vertex  1.250794e+01 -2.212944e+01  1.300000e+01
     vertex  1.253201e+01 -2.211627e+01  1.500000e+01
   endloop
 endfacet
 facet normal  5.274609e-01 -8.495793e-01  0.000000e+00
   outer loop
     vertex  1.248424e+01 -2.214326e+01  1.500000e+01
     vertex  1.246093e+01 -2.215774e+01  1.300000e+01
     vertex  1.248424e+01 -2.214326e+01  1.300000e+01
   endloop
 endfacet
 facet normal  5.039550e-01 -8.637299e-01  0.000000e+00
   outer loop
     vertex  1.248424e+01 -2.214326e+01  1.500000e+01
     vertex  1.248424e+01 -2.214326e+01  1.300000e+01
     vertex  1.250794e+01 -2.212944e+01  1.500000e+01
   endloop
 endfacet
 facet normal  5.274609e-01 -8.495793e-01  0.000000e+00
   outer loop
     vertex  1.246093e+01 -2.215774e+01  1.500000e+01
     vertex  1.246093e+01 -2.215774e+01  1.300000e+01
     vertex  1.248424e+01 -2.214326e+01  1.500000e+01
   endloop
 endfacet
 facet normal  5.505698e-01 -8.347891e-01  0.000000e+00
   outer loop
     vertex  1.243803e+01 -2.217284e+01  1.500000e+01
     vertex  1.243803e+01 -2.217284e+01  1.300000e+01
     vertex  1.246093e+01 -2.215774e+01  1.300000e+01
   endloop
 endfacet
 facet normal  5.505698e-01 -8.347891e-01  0.000000e+00
   outer loop
     vertex  1.243803e+01 -2.217284e+01  1.500000e+01
     vertex  1.246093e+01 -2.215774e+01  1.300000e+01
     vertex  1.246093e+01 -2.215774e+01  1.500000e+01
   endloop
 endfacet
 facet normal  5.732642e-01 -8.193706e-01  0.000000e+00
   outer loop
     vertex  1.241555e+01 -2.218857e+01  1.500000e+01
     vertex  1.241555e+01 -2.218857e+01  1.300000e+01
     vertex  1.243803e+01 -2.217284e+01  1.300000e+01
   endloop
 endfacet
 facet normal  5.955271e-01 -8.033352e-01  0.000000e+00
   outer loop
     vertex  1.241555e+01 -2.218857e+01  1.500000e+01
     vertex  1.239351e+01 -2.220491e+01  1.300000e+01
     vertex  1.241555e+01 -2.218857e+01  1.300000e+01
   endloop
 endfacet
 facet normal  5.732642e-01 -8.193706e-01  0.000000e+00
   outer loop
     vertex  1.241555e+01 -2.218857e+01  1.500000e+01
     vertex  1.243803e+01 -2.217284e+01  1.300000e+01
     vertex  1.243803e+01 -2.217284e+01  1.500000e+01
   endloop
 endfacet
 facet normal  5.955271e-01 -8.033352e-01  0.000000e+00
   outer loop
     vertex  1.239351e+01 -2.220491e+01  1.500000e+01
     vertex  1.239351e+01 -2.220491e+01  1.300000e+01
     vertex  1.241555e+01 -2.218857e+01  1.500000e+01
   endloop
 endfacet
 facet normal  6.173417e-01 -7.866951e-01  0.000000e+00
   outer loop
     vertex  1.237192e+01 -2.222185e+01  1.500000e+01
     vertex  1.237192e+01 -2.222185e+01  1.300000e+01
     vertex  1.239351e+01 -2.220491e+01  1.300000e+01
   endloop
 endfacet
 facet normal  6.386916e-01 -7.694628e-01  0.000000e+00
   outer loop
     vertex  1.237192e+01 -2.222185e+01  1.500000e+01
     vertex  1.235081e+01 -2.223937e+01  1.300000e+01
     vertex  1.237192e+01 -2.222185e+01  1.300000e+01
   endloop
 endfacet
 facet normal  6.173417e-01 -7.866951e-01  0.000000e+00
   outer loop
     vertex  1.237192e+01 -2.222185e+01  1.500000e+01
     vertex  1.239351e+01 -2.220491e+01  1.300000e+01
     vertex  1.239351e+01 -2.220491e+01  1.500000e+01
   endloop
 endfacet
 facet normal  6.386916e-01 -7.694628e-01  0.000000e+00
   outer loop
     vertex  1.235081e+01 -2.223937e+01  1.500000e+01
     vertex  1.235081e+01 -2.223937e+01  1.300000e+01
     vertex  1.237192e+01 -2.222185e+01  1.500000e+01
   endloop
 endfacet
 facet normal  6.595607e-01 -7.516513e-01  0.000000e+00
   outer loop
     vertex  1.233019e+01 -2.225747e+01  1.500000e+01
     vertex  1.233019e+01 -2.225747e+01  1.300000e+01
     vertex  1.235081e+01 -2.223937e+01  1.300000e+01
   endloop
 endfacet
 facet normal  6.595607e-01 -7.516513e-01  0.000000e+00
   outer loop
     vertex  1.233019e+01 -2.225747e+01  1.500000e+01
     vertex  1.235081e+01 -2.223937e+01  1.300000e+01
     vertex  1.235081e+01 -2.223937e+01  1.500000e+01
   endloop
 endfacet
 facet normal  6.799333e-01 -7.332740e-01  0.000000e+00
   outer loop
     vertex  1.231007e+01 -2.227612e+01  1.500000e+01
     vertex  1.231007e+01 -2.227612e+01  1.300000e+01
     vertex  1.233019e+01 -2.225747e+01  1.300000e+01
   endloop
 endfacet
 facet normal  6.997940e-01 -7.143447e-01  0.000000e+00
   outer loop
     vertex  1.231007e+01 -2.227612e+01  1.500000e+01
     vertex  1.229047e+01 -2.229532e+01  1.300000e+01
     vertex  1.231007e+01 -2.227612e+01  1.300000e+01
   endloop
 endfacet
 facet normal  6.799333e-01 -7.332740e-01  0.000000e+00
   outer loop
     vertex  1.231007e+01 -2.227612e+01  1.500000e+01
     vertex  1.233019e+01 -2.225747e+01  1.300000e+01
     vertex  1.233019e+01 -2.225747e+01  1.500000e+01
   endloop
 endfacet
 facet normal  6.997940e-01 -7.143447e-01  0.000000e+00
   outer loop
     vertex  1.229047e+01 -2.229532e+01  1.500000e+01
     vertex  1.229047e+01 -2.229532e+01  1.300000e+01
     vertex  1.231007e+01 -2.227612e+01  1.500000e+01
   endloop
 endfacet
 facet normal  7.191280e-01 -6.948776e-01  0.000000e+00
   outer loop
     vertex  1.229047e+01 -2.229532e+01  1.500000e+01
     vertex  1.227141e+01 -2.231505e+01  1.300000e+01
     vertex  1.229047e+01 -2.229532e+01  1.300000e+01
   endloop
 endfacet
 facet normal  7.191280e-01 -6.948776e-01  0.000000e+00
   outer loop
     vertex  1.227141e+01 -2.231505e+01  1.500000e+01
     vertex  1.227141e+01 -2.231505e+01  1.300000e+01
     vertex  1.229047e+01 -2.229532e+01  1.500000e+01
   endloop
 endfacet
 facet normal  7.379206e-01 -6.748875e-01  0.000000e+00
   outer loop
     vertex  1.227141e+01 -2.231505e+01  1.500000e+01
     vertex  1.225289e+01 -2.233530e+01  1.300000e+01
     vertex  1.227141e+01 -2.231505e+01  1.300000e+01
   endloop
 endfacet
 facet normal  7.379206e-01 -6.748875e-01  0.000000e+00
   outer loop
     vertex  1.225289e+01 -2.233530e+01  1.500000e+01
     vertex  1.225289e+01 -2.233530e+01  1.300000e+01
     vertex  1.227141e+01 -2.231505e+01  1.500000e+01
   endloop
 endfacet
 facet normal  7.561578e-01 -6.543893e-01  0.000000e+00
   outer loop
     vertex  1.223494e+01 -2.235605e+01  1.500000e+01
     vertex  1.225289e+01 -2.233530e+01  1.300000e+01
     vertex  1.225289e+01 -2.233530e+01  1.500000e+01
   endloop
 endfacet
 facet normal  7.561578e-01 -6.543893e-01  0.000000e+00
   outer loop
     vertex  1.223494e+01 -2.235605e+01  1.500000e+01
     vertex  1.223494e+01 -2.235605e+01  1.300000e+01
     vertex  1.225289e+01 -2.233530e+01  1.300000e+01
   endloop
 endfacet
 facet normal  7.738257e-01 -6.333986e-01  0.000000e+00
   outer loop
     vertex  1.223494e+01 -2.235605e+01  1.500000e+01
     vertex  1.221756e+01 -2.237728e+01  1.300000e+01
     vertex  1.223494e+01 -2.235605e+01  1.300000e+01
   endloop
 endfacet
 facet normal  7.738257e-01 -6.333986e-01  0.000000e+00
   outer loop
     vertex  1.221756e+01 -2.237728e+01  1.500000e+01
     vertex  1.221756e+01 -2.237728e+01  1.300000e+01
     vertex  1.223494e+01 -2.235605e+01  1.500000e+01
   endloop
 endfacet
 facet normal  7.909112e-01 -6.119310e-01  0.000000e+00
   outer loop
     vertex  1.220077e+01 -2.239898e+01  1.500000e+01
     vertex  1.220077e+01 -2.239898e+01  1.300000e+01
     vertex  1.221756e+01 -2.237728e+01  1.300000e+01
   endloop
 endfacet
 facet normal  8.074012e-01 -5.900028e-01  0.000000e+00
   outer loop
     vertex  1.220077e+01 -2.239898e+01  1.500000e+01
     vertex  1.218458e+01 -2.242113e+01  1.300000e+01
     vertex  1.220077e+01 -2.239898e+01  1.300000e+01
   endloop
 endfacet
 facet normal  7.909112e-01 -6.119310e-01  0.000000e+00
   outer loop
     vertex  1.220077e+01 -2.239898e+01  1.500000e+01
     vertex  1.221756e+01 -2.237728e+01  1.300000e+01
     vertex  1.221756e+01 -2.237728e+01  1.500000e+01
   endloop
 endfacet
 facet normal  8.074012e-01 -5.900028e-01  0.000000e+00
   outer loop
     vertex  1.218458e+01 -2.242113e+01  1.500000e+01
     vertex  1.218458e+01 -2.242113e+01  1.300000e+01
     vertex  1.220077e+01 -2.239898e+01  1.500000e+01
   endloop
 endfacet
 facet normal  8.232835e-01 -5.676304e-01  0.000000e+00
   outer loop
     vertex  1.216901e+01 -2.244372e+01  1.500000e+01
     vertex  1.216901e+01 -2.244372e+01  1.300000e+01
     vertex  1.218458e+01 -2.242113e+01  1.300000e+01
   endloop
 endfacet
 facet normal  8.232835e-01 -5.676304e-01  0.000000e+00
   outer loop
     vertex  1.216901e+01 -2.244372e+01  1.500000e+01
     vertex  1.218458e+01 -2.242113e+01  1.300000e+01
     vertex  1.218458e+01 -2.242113e+01  1.500000e+01
   endloop
 endfacet
 facet normal  8.385460e-01 -5.448308e-01  0.000000e+00
   outer loop
     vertex  1.215406e+01 -2.246672e+01  1.500000e+01
     vertex  1.215406e+01 -2.246672e+01  1.300000e+01
     vertex  1.216901e+01 -2.244372e+01  1.300000e+01
   endloop
 endfacet
 facet normal  8.385460e-01 -5.448308e-01  0.000000e+00
   outer loop
     vertex  1.215406e+01 -2.246672e+01  1.500000e+01
     vertex  1.216901e+01 -2.244372e+01  1.300000e+01
     vertex  1.216901e+01 -2.244372e+01  1.500000e+01
   endloop
 endfacet
 facet normal  8.531773e-01 -5.216210e-01  0.000000e+00
   outer loop
     vertex  1.213975e+01 -2.249013e+01  1.500000e+01
     vertex  1.213975e+01 -2.249013e+01  1.300000e+01
     vertex  1.215406e+01 -2.246672e+01  1.300000e+01
   endloop
 endfacet
 facet normal  8.531773e-01 -5.216210e-01  0.000000e+00
   outer loop
     vertex  1.213975e+01 -2.249013e+01  1.500000e+01
     vertex  1.215406e+01 -2.246672e+01  1.300000e+01
     vertex  1.215406e+01 -2.246672e+01  1.500000e+01
   endloop
 endfacet
 facet normal  8.671664e-01 -4.980186e-01  0.000000e+00
   outer loop
     vertex  1.212608e+01 -2.251392e+01  1.500000e+01
     vertex  1.212608e+01 -2.251392e+01  1.300000e+01
     vertex  1.213975e+01 -2.249013e+01  1.300000e+01
   endloop
 endfacet
 facet normal  8.671664e-01 -4.980186e-01  0.000000e+00
   outer loop
     vertex  1.212608e+01 -2.251392e+01  1.500000e+01
     vertex  1.213975e+01 -2.249013e+01  1.300000e+01
     vertex  1.213975e+01 -2.249013e+01  1.500000e+01
   endloop
 endfacet
 facet normal  8.805026e-01 -4.740412e-01  0.000000e+00
   outer loop
     vertex  1.211308e+01 -2.253808e+01  1.500000e+01
     vertex  1.211308e+01 -2.253808e+01  1.300000e+01
     vertex  1.212608e+01 -2.251392e+01  1.300000e+01
   endloop
 endfacet
 facet normal  8.805026e-01 -4.740412e-01  0.000000e+00
   outer loop
     vertex  1.211308e+01 -2.253808e+01  1.500000e+01
     vertex  1.212608e+01 -2.251392e+01  1.300000e+01
     vertex  1.212608e+01 -2.251392e+01  1.500000e+01
   endloop
 endfacet
 facet normal  8.931761e-01 -4.497071e-01  0.000000e+00
   outer loop
     vertex  1.210074e+01 -2.256259e+01  1.500000e+01
     vertex  1.210074e+01 -2.256259e+01  1.300000e+01
     vertex  1.211308e+01 -2.253808e+01  1.300000e+01
   endloop
 endfacet
 facet normal  9.051772e-01 -4.250344e-01  0.000000e+00
   outer loop
     vertex  1.210074e+01 -2.256259e+01  1.500000e+01
     vertex  1.208908e+01 -2.258742e+01  1.300000e+01
     vertex  1.210074e+01 -2.256259e+01  1.300000e+01
   endloop
 endfacet
 facet normal  8.931761e-01 -4.497071e-01  0.000000e+00
   outer loop
     vertex  1.210074e+01 -2.256259e+01  1.500000e+01
     vertex  1.211308e+01 -2.253808e+01  1.300000e+01
     vertex  1.211308e+01 -2.253808e+01  1.500000e+01
   endloop
 endfacet
 facet normal  9.051772e-01 -4.250344e-01  0.000000e+00
   outer loop
     vertex  1.208908e+01 -2.258742e+01  1.500000e+01
     vertex  1.208908e+01 -2.258742e+01  1.300000e+01
     vertex  1.210074e+01 -2.256259e+01  1.500000e+01
   endloop
 endfacet
 facet normal  9.164969e-01 -4.000417e-01  0.000000e+00
   outer loop
     vertex  1.207810e+01 -2.261257e+01  1.500000e+01
     vertex  1.207810e+01 -2.261257e+01  1.300000e+01
     vertex  1.208908e+01 -2.258742e+01  1.300000e+01
   endloop
 endfacet
 facet normal  9.271267e-01 -3.747479e-01  0.000000e+00
   outer loop
     vertex  1.207810e+01 -2.261257e+01  1.500000e+01
     vertex  1.206782e+01 -2.263801e+01  1.300000e+01
     vertex  1.207810e+01 -2.261257e+01  1.300000e+01
   endloop
 endfacet
 facet normal  9.164969e-01 -4.000417e-01  0.000000e+00
   outer loop
     vertex  1.207810e+01 -2.261257e+01  1.500000e+01
     vertex  1.208908e+01 -2.258742e+01  1.300000e+01
     vertex  1.208908e+01 -2.258742e+01  1.500000e+01
   endloop
 endfacet
 facet normal  9.271267e-01 -3.747479e-01  0.000000e+00
   outer loop
     vertex  1.206782e+01 -2.263801e+01  1.500000e+01
     vertex  1.206782e+01 -2.263801e+01  1.300000e+01
     vertex  1.207810e+01 -2.261257e+01  1.500000e+01
   endloop
 endfacet
 facet normal  9.370586e-01 -3.491720e-01  0.000000e+00
   outer loop
     vertex  1.205824e+01 -2.266372e+01  1.500000e+01
     vertex  1.205824e+01 -2.266372e+01  1.300000e+01
     vertex  1.206782e+01 -2.263801e+01  1.300000e+01
   endloop
 endfacet
 facet normal  9.370586e-01 -3.491720e-01  0.000000e+00
   outer loop
     vertex  1.205824e+01 -2.266372e+01  1.500000e+01
     vertex  1.206782e+01 -2.263801e+01  1.300000e+01
     vertex  1.206782e+01 -2.263801e+01  1.500000e+01
   endloop
 endfacet
 facet normal  9.462851e-01 -3.233333e-01  0.000000e+00
   outer loop
     vertex  1.204937e+01 -2.268968e+01  1.500000e+01
     vertex  1.204937e+01 -2.268968e+01  1.300000e+01
     vertex  1.205824e+01 -2.266372e+01  1.300000e+01
   endloop
 endfacet
 facet normal  9.462851e-01 -3.233333e-01  0.000000e+00
   outer loop
     vertex  1.204937e+01 -2.268968e+01  1.500000e+01
     vertex  1.205824e+01 -2.266372e+01  1.300000e+01
     vertex  1.205824e+01 -2.266372e+01  1.500000e+01
   endloop
 endfacet
 facet normal  9.547993e-01 -2.972512e-01  0.000000e+00
   outer loop
     vertex  1.204121e+01 -2.271588e+01  1.500000e+01
     vertex  1.204121e+01 -2.271588e+01  1.300000e+01
     vertex  1.204937e+01 -2.268968e+01  1.300000e+01
   endloop
 endfacet
 facet normal  9.625948e-01 -2.709453e-01  0.000000e+00
   outer loop
     vertex  1.204121e+01 -2.271588e+01  1.500000e+01
     vertex  1.203378e+01 -2.274229e+01  1.300000e+01
     vertex  1.204121e+01 -2.271588e+01  1.300000e+01
   endloop
 endfacet
 facet normal  9.547993e-01 -2.972512e-01  0.000000e+00
   outer loop
     vertex  1.204121e+01 -2.271588e+01  1.500000e+01
     vertex  1.204937e+01 -2.268968e+01  1.300000e+01
     vertex  1.204937e+01 -2.268968e+01  1.500000e+01
   endloop
 endfacet
 facet normal  9.625948e-01 -2.709453e-01  0.000000e+00
   outer loop
     vertex  1.203378e+01 -2.274229e+01  1.500000e+01
     vertex  1.203378e+01 -2.274229e+01  1.300000e+01
     vertex  1.204121e+01 -2.271588e+01  1.500000e+01
   endloop
 endfacet
 facet normal  9.696656e-01 -2.444354e-01  0.000000e+00
   outer loop
     vertex  1.202707e+01 -2.276889e+01  1.500000e+01
     vertex  1.202707e+01 -2.276889e+01  1.300000e+01
     vertex  1.203378e+01 -2.274229e+01  1.300000e+01
   endloop
 endfacet
 facet normal  9.696656e-01 -2.444354e-01  0.000000e+00
   outer loop
     vertex  1.202707e+01 -2.276889e+01  1.500000e+01
     vertex  1.203378e+01 -2.274229e+01  1.300000e+01
     vertex  1.203378e+01 -2.274229e+01  1.500000e+01
   endloop
 endfacet
 facet normal  9.760065e-01 -2.177416e-01  0.000000e+00
   outer loop
     vertex  1.202110e+01 -2.279567e+01  1.500000e+01
     vertex  1.202110e+01 -2.279567e+01  1.300000e+01
     vertex  1.202707e+01 -2.276889e+01  1.300000e+01
   endloop
 endfacet
 facet normal  9.760065e-01 -2.177416e-01  0.000000e+00
   outer loop
     vertex  1.202110e+01 -2.279567e+01  1.500000e+01
     vertex  1.202707e+01 -2.276889e+01  1.300000e+01
     vertex  1.202707e+01 -2.276889e+01  1.500000e+01
   endloop
 endfacet
 facet normal  9.816126e-01 -1.908838e-01  0.000000e+00
   outer loop
     vertex  1.201586e+01 -2.282260e+01  1.500000e+01
     vertex  1.201586e+01 -2.282260e+01  1.300000e+01
     vertex  1.202110e+01 -2.279567e+01  1.300000e+01
   endloop
 endfacet
 facet normal  9.864799e-01 -1.638824e-01  0.000000e+00
   outer loop
     vertex  1.201586e+01 -2.282260e+01  1.500000e+01
     vertex  1.201136e+01 -2.284967e+01  1.300000e+01
     vertex  1.201586e+01 -2.282260e+01  1.300000e+01
   endloop
 endfacet
 facet normal  9.816126e-01 -1.908838e-01  0.000000e+00
   outer loop
     vertex  1.201586e+01 -2.282260e+01  1.500000e+01
     vertex  1.202110e+01 -2.279567e+01  1.300000e+01
     vertex  1.202110e+01 -2.279567e+01  1.500000e+01
   endloop
 endfacet
 facet normal  9.906046e-01 -1.367575e-01  0.000000e+00
   outer loop
     vertex  1.201136e+01 -2.284967e+01  1.500000e+01
     vertex  1.200761e+01 -2.287684e+01  1.300000e+01
     vertex  1.201136e+01 -2.284967e+01  1.300000e+01
   endloop
 endfacet
 facet normal  9.864799e-01 -1.638824e-01  0.000000e+00
   outer loop
     vertex  1.201136e+01 -2.284967e+01  1.500000e+01
     vertex  1.201136e+01 -2.284967e+01  1.300000e+01
     vertex  1.201586e+01 -2.282260e+01  1.500000e+01
   endloop
 endfacet
 facet normal  9.906046e-01 -1.367575e-01  0.000000e+00
   outer loop
     vertex  1.200761e+01 -2.287684e+01  1.500000e+01
     vertex  1.200761e+01 -2.287684e+01  1.300000e+01
     vertex  1.201136e+01 -2.284967e+01  1.500000e+01
   endloop
 endfacet
 facet normal  9.939835e-01 -1.095298e-01  0.000000e+00
   outer loop
     vertex  1.200461e+01 -2.290412e+01  1.500000e+01
     vertex  1.200761e+01 -2.287684e+01  1.300000e+01
     vertex  1.200761e+01 -2.287684e+01  1.500000e+01
   endloop
 endfacet
 facet normal  9.939835e-01 -1.095298e-01  0.000000e+00
   outer loop
     vertex  1.200461e+01 -2.290412e+01  1.500000e+01
     vertex  1.200461e+01 -2.290412e+01  1.300000e+01
     vertex  1.200761e+01 -2.287684e+01  1.300000e+01
   endloop
 endfacet
 facet normal  9.966142e-01 -8.221955e-02  0.000000e+00
   outer loop
     vertex  1.200235e+01 -2.293146e+01  1.500000e+01
     vertex  1.200461e+01 -2.290412e+01  1.300000e+01
     vertex  1.200461e+01 -2.290412e+01  1.500000e+01
   endloop
 endfacet
 facet normal  9.966142e-01 -8.221955e-02  0.000000e+00
   outer loop
     vertex  1.200235e+01 -2.293146e+01  1.500000e+01
     vertex  1.200235e+01 -2.293146e+01  1.300000e+01
     vertex  1.200461e+01 -2.290412e+01  1.300000e+01
   endloop
 endfacet
 facet normal  9.984947e-01 -5.484744e-02  0.000000e+00
   outer loop
     vertex  1.200235e+01 -2.293146e+01  1.500000e+01
     vertex  1.200085e+01 -2.295886e+01  1.300000e+01
     vertex  1.200235e+01 -2.293146e+01  1.300000e+01
   endloop
 endfacet
 facet normal  9.984947e-01 -5.484744e-02  0.000000e+00
   outer loop
     vertex  1.200085e+01 -2.295886e+01  1.500000e+01
     vertex  1.200085e+01 -2.295886e+01  1.300000e+01
     vertex  1.200235e+01 -2.293146e+01  1.500000e+01
   endloop
 endfacet
 facet normal  9.996236e-01 -2.743405e-02  0.000000e+00
   outer loop
     vertex  1.200085e+01 -2.295886e+01  1.500000e+01
     vertex  1.200009e+01 -2.298628e+01  1.300000e+01
     vertex  1.200085e+01 -2.295886e+01  1.300000e+01
   endloop
 endfacet
 facet normal  9.996236e-01 -2.743405e-02  0.000000e+00
   outer loop
     vertex  1.200009e+01 -2.298628e+01  1.500000e+01
     vertex  1.200009e+01 -2.298628e+01  1.300000e+01
     vertex  1.200085e+01 -2.295886e+01  1.500000e+01
   endloop
 endfacet
 facet normal  1.000000e+00 -0.000000e+00  0.000000e+00
   outer loop
     vertex  1.200009e+01 -2.301372e+01  1.500000e+01
     vertex  1.200009e+01 -2.298628e+01  1.300000e+01
     vertex  1.200009e+01 -2.298628e+01  1.500000e+01
   endloop
 endfacet
 facet normal  1.000000e+00  0.000000e+00  0.000000e+00
   outer loop
     vertex  1.200009e+01 -2.301372e+01  1.500000e+01
     vertex  1.200009e+01 -2.301372e+01  1.300000e+01
     vertex  1.200009e+01 -2.298628e+01  1.300000e+01
   endloop
 endfacet
 facet normal  9.996236e-01  2.743405e-02  0.000000e+00
   outer loop
     vertex  1.200009e+01 -2.301372e+01  1.500000e+01
     vertex  1.200085e+01 -2.304114e+01  1.300000e+01
     vertex  1.200009e+01 -2.301372e+01  1.300000e+01
   endloop
 endfacet
 facet normal  9.996236e-01  2.743405e-02  0.000000e+00
   outer loop
     vertex  1.200085e+01 -2.304114e+01  1.500000e+01
     vertex  1.200085e+01 -2.304114e+01  1.300000e+01
     vertex  1.200009e+01 -2.301372e+01  1.500000e+01
   endloop
 endfacet
 facet normal  9.984947e-01  5.484744e-02  0.000000e+00
   outer loop
     vertex  1.200235e+01 -2.306854e+01  1.500000e+01
     vertex  1.200085e+01 -2.304114e+01  1.300000e+01
     vertex  1.200085e+01 -2.304114e+01  1.500000e+01
   endloop
 endfacet
 facet normal  9.984947e-01  5.484744e-02  0.000000e+00
   outer loop
     vertex  1.200235e+01 -2.306854e+01  1.500000e+01
     vertex  1.200235e+01 -2.306854e+01  1.300000e+01
     vertex  1.200085e+01 -2.304114e+01  1.300000e+01
   endloop
 endfacet
 facet normal  9.966142e-01  8.221955e-02  0.000000e+00
   outer loop
     vertex  1.200235e+01 -2.306854e+01  1.500000e+01
     vertex  1.200461e+01 -2.309588e+01  1.300000e+01
     vertex  1.200235e+01 -2.306854e+01  1.300000e+01
   endloop
 endfacet
 facet normal  9.966142e-01  8.221955e-02  0.000000e+00
   outer loop
     vertex  1.200461e+01 -2.309588e+01  1.500000e+01
     vertex  1.200461e+01 -2.309588e+01  1.300000e+01
     vertex  1.200235e+01 -2.306854e+01  1.500000e+01
   endloop
 endfacet
 facet normal  9.939835e-01  1.095298e-01  0.000000e+00
   outer loop
     vertex  1.200461e+01 -2.309588e+01  1.500000e+01
     vertex  1.200761e+01 -2.312316e+01  1.300000e+01
     vertex  1.200461e+01 -2.309588e+01  1.300000e+01
   endloop
 endfacet
 facet normal  9.939835e-01  1.095298e-01  0.000000e+00
   outer loop
     vertex  1.200761e+01 -2.312316e+01  1.500000e+01
     vertex  1.200761e+01 -2.312316e+01  1.300000e+01
     vertex  1.200461e+01 -2.309588e+01  1.500000e+01
   endloop
 endfacet
 facet normal  9.906046e-01  1.367575e-01  0.000000e+00
   outer loop
     vertex  1.201136e+01 -2.315033e+01  1.500000e+01
     vertex  1.200761e+01 -2.312316e+01  1.300000e+01
     vertex  1.200761e+01 -2.312316e+01  1.500000e+01
   endloop
 endfacet
 facet normal  9.906046e-01  1.367575e-01  0.000000e+00
   outer loop
     vertex  1.201136e+01 -2.315033e+01  1.500000e+01
     vertex  1.201136e+01 -2.315033e+01  1.300000e+01
     vertex  1.200761e+01 -2.312316e+01  1.300000e+01
   endloop
 endfacet
 facet normal  9.864799e-01  1.638824e-01  0.000000e+00
   outer loop
     vertex  1.201586e+01 -2.317740e+01  1.500000e+01
     vertex  1.201136e+01 -2.315033e+01  1.300000e+01
     vertex  1.201136e+01 -2.315033e+01  1.500000e+01
   endloop
 endfacet
 facet normal  9.864799e-01  1.638824e-01  0.000000e+00
   outer loop
     vertex  1.201586e+01 -2.317740e+01  1.500000e+01
     vertex  1.201586e+01 -2.317740e+01  1.300000e+01
     vertex  1.201136e+01 -2.315033e+01  1.300000e+01
   endloop
 endfacet
 facet normal  9.816126e-01  1.908838e-01  0.000000e+00
   outer loop
     vertex  1.201586e+01 -2.317740e+01  1.500000e+01
     vertex  1.202110e+01 -2.320433e+01  1.300000e+01
     vertex  1.201586e+01 -2.317740e+01  1.300000e+01
   endloop
 endfacet
 facet normal  9.816126e-01  1.908838e-01  0.000000e+00
   outer loop
     vertex  1.202110e+01 -2.320433e+01  1.500000e+01
     vertex  1.202110e+01 -2.320433e+01  1.300000e+01
     vertex  1.201586e+01 -2.317740e+01  1.500000e+01
   endloop
 endfacet
 facet normal  9.760065e-01  2.177416e-01  0.000000e+00
   outer loop
     vertex  1.202707e+01 -2.323111e+01  1.500000e+01
     vertex  1.202707e+01 -2.323111e+01  1.300000e+01
     vertex  1.202110e+01 -2.320433e+01  1.300000e+01
   endloop
 endfacet
 facet normal  9.760065e-01  2.177416e-01  0.000000e+00
   outer loop
     vertex  1.202707e+01 -2.323111e+01  1.500000e+01
     vertex  1.202110e+01 -2.320433e+01  1.300000e+01
     vertex  1.202110e+01 -2.320433e+01  1.500000e+01
   endloop
 endfacet
 facet normal  9.696656e-01  2.444354e-01  0.000000e+00
   outer loop
     vertex  1.203378e+01 -2.325771e+01  1.500000e+01
     vertex  1.203378e+01 -2.325771e+01  1.300000e+01
     vertex  1.202707e+01 -2.323111e+01  1.300000e+01
   endloop
 endfacet
 facet normal  9.625948e-01  2.709453e-01  0.000000e+00
   outer loop
     vertex  1.203378e+01 -2.325771e+01  1.500000e+01
     vertex  1.204121e+01 -2.328412e+01  1.300000e+01
     vertex  1.203378e+01 -2.325771e+01  1.300000e+01
   endloop
 endfacet
 facet normal  9.696656e-01  2.444354e-01  0.000000e+00
   outer loop
     vertex  1.203378e+01 -2.325771e+01  1.500000e+01
     vertex  1.202707e+01 -2.323111e+01  1.300000e+01
     vertex  1.202707e+01 -2.323111e+01  1.500000e+01
   endloop
 endfacet
 facet normal  9.625948e-01  2.709453e-01  0.000000e+00
   outer loop
     vertex  1.204121e+01 -2.328412e+01  1.500000e+01
     vertex  1.204121e+01 -2.328412e+01  1.300000e+01
     vertex  1.203378e+01 -2.325771e+01  1.500000e+01
   endloop
 endfacet
 facet normal  9.547993e-01  2.972512e-01  0.000000e+00
   outer loop
     vertex  1.204937e+01 -2.331032e+01  1.500000e+01
     vertex  1.204937e+01 -2.331032e+01  1.300000e+01
     vertex  1.204121e+01 -2.328412e+01  1.300000e+01
   endloop
 endfacet
 facet normal  9.547993e-01  2.972512e-01  0.000000e+00
   outer loop
     vertex  1.204937e+01 -2.331032e+01  1.500000e+01
     vertex  1.204121e+01 -2.328412e+01  1.300000e+01
     vertex  1.204121e+01 -2.328412e+01  1.500000e+01
   endloop
 endfacet
 facet normal  9.462851e-01  3.233333e-01  0.000000e+00
   outer loop
     vertex  1.205824e+01 -2.333628e+01  1.500000e+01
     vertex  1.205824e+01 -2.333628e+01  1.300000e+01
     vertex  1.204937e+01 -2.331032e+01  1.300000e+01
   endloop
 endfacet
 facet normal  9.462851e-01  3.233333e-01  0.000000e+00
   outer loop
     vertex  1.205824e+01 -2.333628e+01  1.500000e+01
     vertex  1.204937e+01 -2.331032e+01  1.300000e+01
     vertex  1.204937e+01 -2.331032e+01  1.500000e+01
   endloop
 endfacet
 facet normal  9.370586e-01  3.491720e-01  0.000000e+00
   outer loop
     vertex  1.206782e+01 -2.336199e+01  1.500000e+01
     vertex  1.206782e+01 -2.336199e+01  1.300000e+01
     vertex  1.205824e+01 -2.333628e+01  1.300000e+01
   endloop
 endfacet
 facet normal  9.271267e-01  3.747479e-01  0.000000e+00
   outer loop
     vertex  1.206782e+01 -2.336199e+01  1.500000e+01
     vertex  1.207810e+01 -2.338743e+01  1.300000e+01
     vertex  1.206782e+01 -2.336199e+01  1.300000e+01
   endloop
 endfacet
 facet normal  9.370586e-01  3.491720e-01  0.000000e+00
   outer loop
     vertex  1.206782e+01 -2.336199e+01  1.500000e+01
     vertex  1.205824e+01 -2.333628e+01  1.300000e+01
     vertex  1.205824e+01 -2.333628e+01  1.500000e+01
   endloop
 endfacet
 facet normal  9.271267e-01  3.747479e-01  0.000000e+00
   outer loop
     vertex  1.207810e+01 -2.338743e+01  1.500000e+01
     vertex  1.207810e+01 -2.338743e+01  1.300000e+01
     vertex  1.206782e+01 -2.336199e+01  1.500000e+01
   endloop
 endfacet
 facet normal  9.164969e-01  4.000417e-01  0.000000e+00
   outer loop
     vertex  1.208908e+01 -2.341258e+01  1.500000e+01
     vertex  1.208908e+01 -2.341258e+01  1.300000e+01
     vertex  1.207810e+01 -2.338743e+01  1.300000e+01
   endloop
 endfacet
 facet normal  9.164969e-01  4.000417e-01  0.000000e+00
   outer loop
     vertex  1.208908e+01 -2.341258e+01  1.500000e+01
     vertex  1.207810e+01 -2.338743e+01  1.300000e+01
     vertex  1.207810e+01 -2.338743e+01  1.500000e+01
   endloop
 endfacet
 facet normal  9.051772e-01  4.250344e-01  0.000000e+00
   outer loop
     vertex  1.210074e+01 -2.343741e+01  1.500000e+01
     vertex  1.210074e+01 -2.343741e+01  1.300000e+01
     vertex  1.208908e+01 -2.341258e+01  1.300000e+01
   endloop
 endfacet
 facet normal  9.051772e-01  4.250344e-01  0.000000e+00
   outer loop
     vertex  1.210074e+01 -2.343741e+01  1.500000e+01
     vertex  1.208908e+01 -2.341258e+01  1.300000e+01
     vertex  1.208908e+01 -2.341258e+01  1.500000e+01
   endloop
 endfacet
 facet normal  8.931761e-01  4.497071e-01  0.000000e+00
   outer loop
     vertex  1.211308e+01 -2.346192e+01  1.500000e+01
     vertex  1.211308e+01 -2.346192e+01  1.300000e+01
     vertex  1.210074e+01 -2.343741e+01  1.300000e+01
   endloop
 endfacet
 facet normal  8.805026e-01  4.740412e-01  0.000000e+00
   outer loop
     vertex  1.211308e+01 -2.346192e+01  1.500000e+01
     vertex  1.212608e+01 -2.348608e+01  1.300000e+01
     vertex  1.211308e+01 -2.346192e+01  1.300000e+01
   endloop
 endfacet
 facet normal  8.931761e-01  4.497071e-01  0.000000e+00
   outer loop
     vertex  1.211308e+01 -2.346192e+01  1.500000e+01
     vertex  1.210074e+01 -2.343741e+01  1.300000e+01
     vertex  1.210074e+01 -2.343741e+01  1.500000e+01
   endloop
 endfacet
 facet normal  8.671664e-01  4.980186e-01  0.000000e+00
   outer loop
     vertex  1.212608e+01 -2.348608e+01  1.500000e+01
     vertex  1.213975e+01 -2.350987e+01  1.300000e+01
     vertex  1.212608e+01 -2.348608e+01  1.300000e+01
   endloop
 endfacet
 facet normal  8.805026e-01  4.740412e-01  0.000000e+00
   outer loop
     vertex  1.212608e+01 -2.348608e+01  1.500000e+01
     vertex  1.212608e+01 -2.348608e+01  1.300000e+01
     vertex  1.211308e+01 -2.346192e+01  1.500000e+01
   endloop
 endfacet
 facet normal  8.671664e-01  4.980186e-01  0.000000e+00
   outer loop
     vertex  1.213975e+01 -2.350987e+01  1.500000e+01
     vertex  1.213975e+01 -2.350987e+01  1.300000e+01
     vertex  1.212608e+01 -2.348608e+01  1.500000e+01
   endloop
 endfacet
 facet normal  8.531773e-01  5.216210e-01  0.000000e+00
   outer loop
     vertex  1.215406e+01 -2.353328e+01  1.500000e+01
     vertex  1.215406e+01 -2.353328e+01  1.300000e+01
     vertex  1.213975e+01 -2.350987e+01  1.300000e+01
   endloop
 endfacet
 facet normal  8.385460e-01  5.448308e-01  0.000000e+00
   outer loop
     vertex  1.215406e+01 -2.353328e+01  1.500000e+01
     vertex  1.216901e+01 -2.355628e+01  1.300000e+01
     vertex  1.215406e+01 -2.353328e+01  1.300000e+01
   endloop
 endfacet
 facet normal  8.531773e-01  5.216210e-01  0.000000e+00
   outer loop
     vertex  1.215406e+01 -2.353328e+01  1.500000e+01
     vertex  1.213975e+01 -2.350987e+01  1.300000e+01
     vertex  1.213975e+01 -2.350987e+01  1.500000e+01
   endloop
 endfacet
 facet normal  8.385460e-01  5.448308e-01  0.000000e+00
   outer loop
     vertex  1.216901e+01 -2.355628e+01  1.500000e+01
     vertex  1.216901e+01 -2.355628e+01  1.300000e+01
     vertex  1.215406e+01 -2.353328e+01  1.500000e+01
   endloop
 endfacet
 facet normal  8.232835e-01  5.676304e-01  0.000000e+00
   outer loop
     vertex  1.218458e+01 -2.357887e+01  1.500000e+01
     vertex  1.216901e+01 -2.355628e+01  1.300000e+01
     vertex  1.216901e+01 -2.355628e+01  1.500000e+01
   endloop
 endfacet
 facet normal  8.232835e-01  5.676304e-01  0.000000e+00
   outer loop
     vertex  1.218458e+01 -2.357887e+01  1.500000e+01
     vertex  1.218458e+01 -2.357887e+01  1.300000e+01
     vertex  1.216901e+01 -2.355628e+01  1.300000e+01
   endloop
 endfacet
 facet normal  8.074012e-01  5.900028e-01  0.000000e+00
   outer loop
     vertex  1.218458e+01 -2.357887e+01  1.500000e+01
     vertex  1.220077e+01 -2.360102e+01  1.300000e+01
     vertex  1.218458e+01 -2.357887e+01  1.300000e+01
   endloop
 endfacet
 facet normal  8.074012e-01  5.900028e-01  0.000000e+00
   outer loop
     vertex  1.220077e+01 -2.360102e+01  1.500000e+01
     vertex  1.220077e+01 -2.360102e+01  1.300000e+01
     vertex  1.218458e+01 -2.357887e+01  1.500000e+01
   endloop
 endfacet
 facet normal  7.909112e-01  6.119310e-01  0.000000e+00
   outer loop
     vertex  1.221756e+01 -2.362272e+01  1.500000e+01
     vertex  1.220077e+01 -2.360102e+01  1.300000e+01
     vertex  1.220077e+01 -2.360102e+01  1.500000e+01
   endloop
 endfacet
 facet normal  7.909112e-01  6.119310e-01  0.000000e+00
   outer loop
     vertex  1.221756e+01 -2.362272e+01  1.500000e+01
     vertex  1.221756e+01 -2.362272e+01  1.300000e+01
     vertex  1.220077e+01 -2.360102e+01  1.300000e+01
   endloop
 endfacet
 facet normal  7.738257e-01  6.333986e-01  0.000000e+00
   outer loop
     vertex  1.221756e+01 -2.362272e+01  1.500000e+01
     vertex  1.223494e+01 -2.364395e+01  1.300000e+01
     vertex  1.221756e+01 -2.362272e+01  1.300000e+01
   endloop
 endfacet
 facet normal  7.738257e-01  6.333986e-01  0.000000e+00
   outer loop
     vertex  1.223494e+01 -2.364395e+01  1.500000e+01
     vertex  1.223494e+01 -2.364395e+01  1.300000e+01
     vertex  1.221756e+01 -2.362272e+01  1.500000e+01
   endloop
 endfacet
 facet normal  7.561578e-01  6.543893e-01  0.000000e+00
   outer loop
     vertex  1.225289e+01 -2.366470e+01  1.500000e+01
     vertex  1.223494e+01 -2.364395e+01  1.300000e+01
     vertex  1.223494e+01 -2.364395e+01  1.500000e+01
   endloop
 endfacet
 facet normal  7.561578e-01  6.543893e-01  0.000000e+00
   outer loop
     vertex  1.225289e+01 -2.366470e+01  1.500000e+01
     vertex  1.225289e+01 -2.366470e+01  1.300000e+01
     vertex  1.223494e+01 -2.364395e+01  1.300000e+01
   endloop
 endfacet
 facet normal  7.379206e-01  6.748875e-01  0.000000e+00
   outer loop
     vertex  1.227141e+01 -2.368495e+01  1.500000e+01
     vertex  1.225289e+01 -2.366470e+01  1.300000e+01
     vertex  1.225289e+01 -2.366470e+01  1.500000e+01
   endloop
 endfacet
 facet normal  7.379206e-01  6.748875e-01  0.000000e+00
   outer loop
     vertex  1.227141e+01 -2.368495e+01  1.500000e+01
     vertex  1.227141e+01 -2.368495e+01  1.300000e+01
     vertex  1.225289e+01 -2.366470e+01  1.300000e+01
   endloop
 endfacet
 facet normal  7.191280e-01  6.948776e-01  0.000000e+00
   outer loop
     vertex  1.229047e+01 -2.370468e+01  1.500000e+01
     vertex  1.227141e+01 -2.368495e+01  1.300000e+01
     vertex  1.227141e+01 -2.368495e+01  1.500000e+01
   endloop
 endfacet
 facet normal  7.191280e-01  6.948776e-01  0.000000e+00
   outer loop
     vertex  1.229047e+01 -2.370468e+01  1.500000e+01
     vertex  1.229047e+01 -2.370468e+01  1.300000e+01
     vertex  1.227141e+01 -2.368495e+01  1.300000e+01
   endloop
 endfacet
 facet normal  6.997940e-01  7.143447e-01  0.000000e+00
   outer loop
     vertex  1.231007e+01 -2.372388e+01  1.500000e+01
     vertex  1.229047e+01 -2.370468e+01  1.300000e+01
     vertex  1.229047e+01 -2.370468e+01  1.500000e+01
   endloop
 endfacet
 facet normal  6.997940e-01  7.143447e-01  0.000000e+00
   outer loop
     vertex  1.231007e+01 -2.372388e+01  1.500000e+01
     vertex  1.231007e+01 -2.372388e+01  1.300000e+01
     vertex  1.229047e+01 -2.370468e+01  1.300000e+01
   endloop
 endfacet
 facet normal  6.799333e-01  7.332740e-01  0.000000e+00
   outer loop
     vertex  1.231007e+01 -2.372388e+01  1.500000e+01
     vertex  1.233019e+01 -2.374253e+01  1.300000e+01
     vertex  1.231007e+01 -2.372388e+01  1.300000e+01
   endloop
 endfacet
 facet normal  6.799333e-01  7.332740e-01  0.000000e+00
   outer loop
     vertex  1.233019e+01 -2.374253e+01  1.500000e+01
     vertex  1.233019e+01 -2.374253e+01  1.300000e+01
     vertex  1.231007e+01 -2.372388e+01  1.500000e+01
   endloop
 endfacet
 facet normal  6.595607e-01  7.516513e-01  0.000000e+00
   outer loop
     vertex  1.233019e+01 -2.374253e+01  1.500000e+01
     vertex  1.235081e+01 -2.376063e+01  1.300000e+01
     vertex  1.233019e+01 -2.374253e+01  1.300000e+01
   endloop
 endfacet
 facet normal  6.595607e-01  7.516513e-01  0.000000e+00
   outer loop
     vertex  1.235081e+01 -2.376063e+01  1.500000e+01
     vertex  1.235081e+01 -2.376063e+01  1.300000e+01
     vertex  1.233019e+01 -2.374253e+01  1.500000e+01
   endloop
 endfacet
 facet normal  6.386916e-01  7.694628e-01  0.000000e+00
   outer loop
     vertex  1.237192e+01 -2.377815e+01  1.500000e+01
     vertex  1.235081e+01 -2.376063e+01  1.300000e+01
     vertex  1.235081e+01 -2.376063e+01  1.500000e+01
   endloop
 endfacet
 facet normal  6.386916e-01  7.694628e-01  0.000000e+00
   outer loop
     vertex  1.237192e+01 -2.377815e+01  1.500000e+01
     vertex  1.237192e+01 -2.377815e+01  1.300000e+01
     vertex  1.235081e+01 -2.376063e+01  1.300000e+01
   endloop
 endfacet
 facet normal  6.173417e-01  7.866951e-01  0.000000e+00
   outer loop
     vertex  1.239351e+01 -2.379509e+01  1.500000e+01
     vertex  1.237192e+01 -2.377815e+01  1.300000e+01
     vertex  1.237192e+01 -2.377815e+01  1.500000e+01
   endloop
 endfacet
 facet normal  6.173417e-01  7.866951e-01  0.000000e+00
   outer loop
     vertex  1.239351e+01 -2.379509e+01  1.500000e+01
     vertex  1.239351e+01 -2.379509e+01  1.300000e+01
     vertex  1.237192e+01 -2.377815e+01  1.300000e+01
   endloop
 endfacet
 facet normal  5.955271e-01  8.033352e-01  0.000000e+00
   outer loop
     vertex  1.241555e+01 -2.381143e+01  1.500000e+01
     vertex  1.239351e+01 -2.379509e+01  1.300000e+01
     vertex  1.239351e+01 -2.379509e+01  1.500000e+01
   endloop
 endfacet
 facet normal  5.955271e-01  8.033352e-01  0.000000e+00
   outer loop
     vertex  1.241555e+01 -2.381143e+01  1.500000e+01
     vertex  1.241555e+01 -2.381143e+01  1.300000e+01
     vertex  1.239351e+01 -2.379509e+01  1.300000e+01
   endloop
 endfacet
 facet normal  5.732642e-01  8.193706e-01  0.000000e+00
   outer loop
     vertex  1.243803e+01 -2.382716e+01  1.500000e+01
     vertex  1.241555e+01 -2.381143e+01  1.300000e+01
     vertex  1.241555e+01 -2.381143e+01  1.500000e+01
   endloop
 endfacet
 facet normal  5.732642e-01  8.193706e-01  0.000000e+00
   outer loop
     vertex  1.243803e+01 -2.382716e+01  1.500000e+01
     vertex  1.243803e+01 -2.382716e+01  1.300000e+01
     vertex  1.241555e+01 -2.381143e+01  1.300000e+01
   endloop
 endfacet
 facet normal  5.505698e-01  8.347891e-01  0.000000e+00
   outer loop
     vertex  1.246093e+01 -2.384226e+01  1.500000e+01
     vertex  1.243803e+01 -2.382716e+01  1.300000e+01
     vertex  1.243803e+01 -2.382716e+01  1.500000e+01
   endloop
 endfacet
 facet normal  5.505698e-01  8.347891e-01  0.000000e+00
   outer loop
     vertex  1.246093e+01 -2.384226e+01  1.500000e+01
     vertex  1.246093e+01 -2.384226e+01  1.300000e+01
     vertex  1.243803e+01 -2.382716e+01  1.300000e+01
   endloop
 endfacet
 facet normal  5.274609e-01  8.495793e-01  0.000000e+00
   outer loop
     vertex  1.246093e+01 -2.384226e+01  1.500000e+01
     vertex  1.248424e+01 -2.385674e+01  1.300000e+01
     vertex  1.246093e+01 -2.384226e+01  1.300000e+01
   endloop
 endfacet
 facet normal  5.274609e-01  8.495793e-01  0.000000e+00
   outer loop
     vertex  1.248424e+01 -2.385674e+01  1.500000e+01
     vertex  1.248424e+01 -2.385674e+01  1.300000e+01
     vertex  1.246093e+01 -2.384226e+01  1.500000e+01
   endloop
 endfacet
 facet normal  5.039550e-01  8.637299e-01  0.000000e+00
   outer loop
     vertex  1.250794e+01 -2.387056e+01  1.500000e+01
     vertex  1.248424e+01 -2.385674e+01  1.300000e+01
     vertex  1.248424e+01 -2.385674e+01  1.500000e+01
   endloop
 endfacet
 facet normal  5.039550e-01  8.637299e-01  0.000000e+00
   outer loop
     vertex  1.250794e+01 -2.387056e+01  1.500000e+01
     vertex  1.250794e+01 -2.387056e+01  1.300000e+01
     vertex  1.248424e+01 -2.385674e+01  1.300000e+01
   endloop
 endfacet
 facet normal  4.800697e-01  8.772303e-01  0.000000e+00
   outer loop
     vertex  1.253201e+01 -2.388373e+01  1.500000e+01
     vertex  1.250794e+01 -2.387056e+01  1.300000e+01
     vertex  1.250794e+01 -2.387056e+01  1.500000e+01
   endloop
 endfacet
 facet normal  4.800697e-01  8.772303e-01  0.000000e+00
   outer loop
     vertex  1.253201e+01 -2.388373e+01  1.500000e+01
     vertex  1.253201e+01 -2.388373e+01  1.300000e+01
     vertex  1.250794e+01 -2.387056e+01  1.300000e+01
   endloop
 endfacet
 facet normal  4.558231e-01  8.900704e-01  0.000000e+00
   outer loop
     vertex  1.255643e+01 -2.389624e+01  1.500000e+01
     vertex  1.253201e+01 -2.388373e+01  1.300000e+01
     vertex  1.253201e+01 -2.388373e+01  1.500000e+01
   endloop
 endfacet
 facet normal  4.558231e-01  8.900704e-01  0.000000e+00
   outer loop
     vertex  1.255643e+01 -2.389624e+01  1.500000e+01
     vertex  1.255643e+01 -2.389624e+01  1.300000e+01
     vertex  1.253201e+01 -2.388373e+01  1.300000e+01
   endloop
 endfacet
 facet normal  4.312333e-01  9.022405e-01  0.000000e+00
   outer loop
     vertex  1.258118e+01 -2.390807e+01  1.500000e+01
     vertex  1.255643e+01 -2.389624e+01  1.300000e+01
     vertex  1.255643e+01 -2.389624e+01  1.500000e+01
   endloop
 endfacet
 facet normal  4.312333e-01  9.022405e-01  0.000000e+00
   outer loop
     vertex  1.258118e+01 -2.390807e+01  1.500000e+01
     vertex  1.258118e+01 -2.390807e+01  1.300000e+01
     vertex  1.255643e+01 -2.389624e+01  1.300000e+01
   endloop
 endfacet
 facet normal  4.063188e-01  9.137314e-01  0.000000e+00
   outer loop
     vertex  1.260625e+01 -2.391922e+01  1.500000e+01
     vertex  1.258118e+01 -2.390807e+01  1.300000e+01
     vertex  1.258118e+01 -2.390807e+01  1.500000e+01
   endloop
 endfacet
 facet normal  4.063188e-01  9.137314e-01  0.000000e+00
   outer loop
     vertex  1.260625e+01 -2.391922e+01  1.500000e+01
     vertex  1.260625e+01 -2.391922e+01  1.300000e+01
     vertex  1.258118e+01 -2.390807e+01  1.300000e+01
   endloop
 endfacet
 facet normal  3.810986e-01  9.245344e-01  0.000000e+00
   outer loop
     vertex  1.260625e+01 -2.391922e+01  1.500000e+01
     vertex  1.263162e+01 -2.392968e+01  1.300000e+01
     vertex  1.260625e+01 -2.391922e+01  1.300000e+01
   endloop
 endfacet
 facet normal  3.810986e-01  9.245344e-01  0.000000e+00
   outer loop
     vertex  1.263162e+01 -2.392968e+01  1.500000e+01
     vertex  1.263162e+01 -2.392968e+01  1.300000e+01
     vertex  1.260625e+01 -2.391922e+01  1.500000e+01
   endloop
 endfacet
 facet normal  3.555914e-01  9.346415e-01  0.000000e+00
   outer loop
     vertex  1.265726e+01 -2.393943e+01  1.500000e+01
     vertex  1.265726e+01 -2.393943e+01  1.300000e+01
     vertex  1.263162e+01 -2.392968e+01  1.300000e+01
   endloop
 endfacet
 facet normal  3.555914e-01  9.346415e-01  0.000000e+00
   outer loop
     vertex  1.265726e+01 -2.393943e+01  1.500000e+01
     vertex  1.263162e+01 -2.392968e+01  1.300000e+01
     vertex  1.263162e+01 -2.392968e+01  1.500000e+01
   endloop
 endfacet
 facet normal  3.298166e-01  9.440450e-01  0.000000e+00
   outer loop
     vertex  1.268317e+01 -2.394848e+01  1.500000e+01
     vertex  1.268317e+01 -2.394848e+01  1.300000e+01
     vertex  1.265726e+01 -2.393943e+01  1.300000e+01
   endloop
 endfacet
 facet normal  3.298166e-01  9.440450e-01  0.000000e+00
   outer loop
     vertex  1.268317e+01 -2.394848e+01  1.500000e+01
     vertex  1.265726e+01 -2.393943e+01  1.300000e+01
     vertex  1.265726e+01 -2.393943e+01  1.500000e+01
   endloop
 endfacet
 facet normal  3.037934e-01  9.527379e-01  0.000000e+00
   outer loop
     vertex  1.270931e+01 -2.395682e+01  1.500000e+01
     vertex  1.270931e+01 -2.395682e+01  1.300000e+01
     vertex  1.268317e+01 -2.394848e+01  1.300000e+01
   endloop
 endfacet
 facet normal  3.037934e-01  9.527379e-01  0.000000e+00
   outer loop
     vertex  1.270931e+01 -2.395682e+01  1.500000e+01
     vertex  1.268317e+01 -2.394848e+01  1.300000e+01
     vertex  1.268317e+01 -2.394848e+01  1.500000e+01
   endloop
 endfacet
 facet normal  2.775416e-01  9.607136e-01  0.000000e+00
   outer loop
     vertex  1.273566e+01 -2.396443e+01  1.500000e+01
     vertex  1.270931e+01 -2.395682e+01  1.300000e+01
     vertex  1.270931e+01 -2.395682e+01  1.500000e+01
   endloop
 endfacet
 facet normal  2.775416e-01  9.607136e-01  0.000000e+00
   outer loop
     vertex  1.273566e+01 -2.396443e+01  1.500000e+01
     vertex  1.273566e+01 -2.396443e+01  1.300000e+01
     vertex  1.270931e+01 -2.395682e+01  1.300000e+01
   endloop
 endfacet
 facet normal  2.510809e-01  9.679661e-01  0.000000e+00
   outer loop
     vertex  1.273566e+01 -2.396443e+01  1.500000e+01
     vertex  1.276222e+01 -2.397132e+01  1.300000e+01
     vertex  1.273566e+01 -2.396443e+01  1.300000e+01
   endloop
 endfacet
 facet normal  2.510809e-01  9.679661e-01  0.000000e+00
   outer loop
     vertex  1.276222e+01 -2.397132e+01  1.500000e+01
     vertex  1.276222e+01 -2.397132e+01  1.300000e+01
     vertex  1.273566e+01 -2.396443e+01  1.500000e+01
   endloop
 endfacet
 facet normal  2.244312e-01  9.744899e-01  0.000000e+00
   outer loop
     vertex  1.278896e+01 -2.397748e+01  1.500000e+01
     vertex  1.276222e+01 -2.397132e+01  1.300000e+01
     vertex  1.276222e+01 -2.397132e+01  1.500000e+01
   endloop
 endfacet
 facet normal  2.244312e-01  9.744899e-01  0.000000e+00
   outer loop
     vertex  1.278896e+01 -2.397748e+01  1.500000e+01
     vertex  1.278896e+01 -2.397748e+01  1.300000e+01
     vertex  1.276222e+01 -2.397132e+01  1.300000e+01
   endloop
 endfacet
 facet normal  1.976125e-01  9.802802e-01  0.000000e+00
   outer loop
     vertex  1.278896e+01 -2.397748e+01  1.500000e+01
     vertex  1.281585e+01 -2.398290e+01  1.300000e+01
     vertex  1.278896e+01 -2.397748e+01  1.300000e+01
   endloop
 endfacet
 facet normal  1.976125e-01  9.802802e-01  0.000000e+00
   outer loop
     vertex  1.281585e+01 -2.398290e+01  1.500000e+01
     vertex  1.281585e+01 -2.398290e+01  1.300000e+01
     vertex  1.278896e+01 -2.397748e+01  1.500000e+01
   endloop
 endfacet
 facet normal  1.706451e-01  9.853326e-01  0.000000e+00
   outer loop
     vertex  1.284289e+01 -2.398758e+01  1.500000e+01
     vertex  1.281585e+01 -2.398290e+01  1.300000e+01
     vertex  1.281585e+01 -2.398290e+01  1.500000e+01
   endloop
 endfacet
 facet normal  1.706451e-01  9.853326e-01  0.000000e+00
   outer loop
     vertex  1.284289e+01 -2.398758e+01  1.500000e+01
     vertex  1.284289e+01 -2.398758e+01  1.300000e+01
     vertex  1.281585e+01 -2.398290e+01  1.300000e+01
   endloop
 endfacet
 facet normal  1.435492e-01  9.896432e-01  0.000000e+00
   outer loop
     vertex  1.284289e+01 -2.398758e+01  1.500000e+01
     vertex  1.287004e+01 -2.399152e+01  1.300000e+01
     vertex  1.284289e+01 -2.398758e+01  1.300000e+01
   endloop
 endfacet
 facet normal  1.435492e-01  9.896432e-01  0.000000e+00
   outer loop
     vertex  1.287004e+01 -2.399152e+01  1.500000e+01
     vertex  1.287004e+01 -2.399152e+01  1.300000e+01
     vertex  1.284289e+01 -2.398758e+01  1.500000e+01
   endloop
 endfacet
 facet normal  1.163452e-01  9.932088e-01  0.000000e+00
   outer loop
     vertex  1.289729e+01 -2.399471e+01  1.500000e+01
     vertex  1.287004e+01 -2.399152e+01  1.300000e+01
     vertex  1.287004e+01 -2.399152e+01  1.500000e+01
   endloop
 endfacet
 facet normal  1.163452e-01  9.932088e-01  0.000000e+00
   outer loop
     vertex  1.289729e+01 -2.399471e+01  1.500000e+01
     vertex  1.289729e+01 -2.399471e+01  1.300000e+01
     vertex  1.287004e+01 -2.399152e+01  1.300000e+01
   endloop
 endfacet
 facet normal  8.905371e-02  9.960268e-01  0.000000e+00
   outer loop
     vertex  1.292462e+01 -2.399715e+01  1.500000e+01
     vertex  1.289729e+01 -2.399471e+01  1.300000e+01
     vertex  1.289729e+01 -2.399471e+01  1.500000e+01
   endloop
 endfacet
 facet normal  8.905371e-02  9.960268e-01  0.000000e+00
   outer loop
     vertex  1.292462e+01 -2.399715e+01  1.500000e+01
     vertex  1.292462e+01 -2.399715e+01  1.300000e+01
     vertex  1.289729e+01 -2.399471e+01  1.300000e+01
   endloop
 endfacet
 facet normal  6.169515e-02  9.980950e-01  0.000000e+00
   outer loop
     vertex  1.295200e+01 -2.399885e+01  1.500000e+01
     vertex  1.292462e+01 -2.399715e+01  1.300000e+01
     vertex  1.292462e+01 -2.399715e+01  1.500000e+01
   endloop
 endfacet
 facet normal  6.169515e-02  9.980950e-01  0.000000e+00
   outer loop
     vertex  1.295200e+01 -2.399885e+01  1.500000e+01
     vertex  1.295200e+01 -2.399885e+01  1.300000e+01
     vertex  1.292462e+01 -2.399715e+01  1.300000e+01
   endloop
 endfacet
 facet normal  3.429014e-02  9.994119e-01  0.000000e+00
   outer loop
     vertex  1.297942e+01 -2.399979e+01  1.500000e+01
     vertex  1.295200e+01 -2.399885e+01  1.300000e+01
     vertex  1.295200e+01 -2.399885e+01  1.500000e+01
   endloop
 endfacet
 facet normal  3.429014e-02  9.994119e-01  0.000000e+00
   outer loop
     vertex  1.297942e+01 -2.399979e+01  1.500000e+01
     vertex  1.297942e+01 -2.399979e+01  1.300000e+01
     vertex  1.295200e+01 -2.399885e+01  1.300000e+01
   endloop
 endfacet
 facet normal  6.859319e-03  9.999765e-01  0.000000e+00
   outer loop
     vertex  1.297942e+01 -2.399979e+01  1.500000e+01
     vertex  1.300686e+01 -2.399998e+01  1.300000e+01
     vertex  1.297942e+01 -2.399979e+01  1.300000e+01
   endloop
 endfacet
 facet normal  6.859319e-03  9.999765e-01  0.000000e+00
   outer loop
     vertex  1.300686e+01 -2.399998e+01  1.500000e+01
     vertex  1.300686e+01 -2.399998e+01  1.300000e+01
     vertex  1.297942e+01 -2.399979e+01  1.500000e+01
   endloop
 endfacet
 facet normal -2.057667e-02  9.997883e-01  0.000000e+00
   outer loop
     vertex  1.303429e+01 -2.399941e+01  1.500000e+01
     vertex  1.300686e+01 -2.399998e+01  1.300000e+01
     vertex  1.300686e+01 -2.399998e+01  1.500000e+01
   endloop
 endfacet
 facet normal -2.057667e-02  9.997883e-01  0.000000e+00
   outer loop
     vertex  1.303429e+01 -2.399941e+01  1.500000e+01
     vertex  1.303429e+01 -2.399941e+01  1.300000e+01
     vertex  1.300686e+01 -2.399998e+01  1.300000e+01
   endloop
 endfacet
 facet normal -4.799716e-02  9.988475e-01  0.000000e+00
   outer loop
     vertex  1.306170e+01 -2.399810e+01  1.500000e+01
     vertex  1.306170e+01 -2.399810e+01  1.300000e+01
     vertex  1.303429e+01 -2.399941e+01  1.300000e+01
   endloop
 endfacet
 facet normal -7.538152e-02  9.971548e-01  0.000000e+00
   outer loop
     vertex  1.306170e+01 -2.399810e+01  1.500000e+01
     vertex  1.308905e+01 -2.399603e+01  1.300000e+01
     vertex  1.306170e+01 -2.399810e+01  1.300000e+01
   endloop
 endfacet
 facet normal -4.799716e-02  9.988475e-01  0.000000e+00
   outer loop
     vertex  1.306170e+01 -2.399810e+01  1.500000e+01
     vertex  1.303429e+01 -2.399941e+01  1.300000e+01
     vertex  1.303429e+01 -2.399941e+01  1.500000e+01
   endloop
 endfacet
 facet normal -7.538152e-02  9.971548e-01  0.000000e+00
   outer loop
     vertex  1.308905e+01 -2.399603e+01  1.500000e+01
     vertex  1.308905e+01 -2.399603e+01  1.300000e+01
     vertex  1.306170e+01 -2.399810e+01  1.500000e+01
   endloop
 endfacet
 facet normal -1.027091e-01  9.947114e-01  0.000000e+00
   outer loop
     vertex  1.311635e+01 -2.399321e+01  1.500000e+01
     vertex  1.311635e+01 -2.399321e+01  1.300000e+01
     vertex  1.308905e+01 -2.399603e+01  1.300000e+01
   endloop
 endfacet
 facet normal -1.027091e-01  9.947114e-01  0.000000e+00
   outer loop
     vertex  1.311635e+01 -2.399321e+01  1.500000e+01
     vertex  1.308905e+01 -2.399603e+01  1.300000e+01
     vertex  1.308905e+01 -2.399603e+01  1.500000e+01
   endloop
 endfacet
 facet normal -1.299594e-01  9.915193e-01  0.000000e+00
   outer loop
     vertex  1.314355e+01 -2.398964e+01  1.500000e+01
     vertex  1.314355e+01 -2.398964e+01  1.300000e+01
     vertex  1.311635e+01 -2.399321e+01  1.300000e+01
   endloop
 endfacet
 facet normal -1.299594e-01  9.915193e-01  0.000000e+00
   outer loop
     vertex  1.314355e+01 -2.398964e+01  1.500000e+01
     vertex  1.311635e+01 -2.399321e+01  1.300000e+01
     vertex  1.311635e+01 -2.399321e+01  1.500000e+01
   endloop
 endfacet
 facet normal -1.571119e-01  9.875808e-01  0.000000e+00
   outer loop
     vertex  1.317065e+01 -2.398533e+01  1.500000e+01
     vertex  1.317065e+01 -2.398533e+01  1.300000e+01
     vertex  1.314355e+01 -2.398964e+01  1.300000e+01
   endloop
 endfacet
 facet normal -1.571119e-01  9.875808e-01  0.000000e+00
   outer loop
     vertex  1.317065e+01 -2.398533e+01  1.500000e+01
     vertex  1.314355e+01 -2.398964e+01  1.300000e+01
     vertex  1.314355e+01 -2.398964e+01  1.500000e+01
   endloop
 endfacet
 facet normal -1.841461e-01  9.828989e-01  0.000000e+00
   outer loop
     vertex  1.319761e+01 -2.398028e+01  1.500000e+01
     vertex  1.319761e+01 -2.398028e+01  1.300000e+01
     vertex  1.317065e+01 -2.398533e+01  1.300000e+01
   endloop
 endfacet
 facet normal -1.841461e-01  9.828989e-01  0.000000e+00
   outer loop
     vertex  1.319761e+01 -2.398028e+01  1.500000e+01
     vertex  1.317065e+01 -2.398533e+01  1.300000e+01
     vertex  1.317065e+01 -2.398533e+01  1.500000e+01
   endloop
 endfacet
 facet normal -2.110417e-01  9.774771e-01  0.000000e+00
   outer loop
     vertex  1.322443e+01 -2.397449e+01  1.500000e+01
     vertex  1.322443e+01 -2.397449e+01  1.300000e+01
     vertex  1.319761e+01 -2.398028e+01  1.300000e+01
   endloop
 endfacet
 facet normal -2.110417e-01  9.774771e-01  0.000000e+00
   outer loop
     vertex  1.322443e+01 -2.397449e+01  1.500000e+01
     vertex  1.319761e+01 -2.398028e+01  1.300000e+01
     vertex  1.319761e+01 -2.398028e+01  1.500000e+01
   endloop
 endfacet
 facet normal -2.377784e-01  9.713194e-01  0.000000e+00
   outer loop
     vertex  1.325108e+01 -2.396797e+01  1.500000e+01
     vertex  1.325108e+01 -2.396797e+01  1.300000e+01
     vertex  1.322443e+01 -2.397449e+01  1.300000e+01
   endloop
 endfacet
 facet normal -2.643362e-01  9.644306e-01  0.000000e+00
   outer loop
     vertex  1.325108e+01 -2.396797e+01  1.500000e+01
     vertex  1.327754e+01 -2.396071e+01  1.300000e+01
     vertex  1.325108e+01 -2.396797e+01  1.300000e+01
   endloop
 endfacet
 facet normal -2.377784e-01  9.713194e-01  0.000000e+00
   outer loop
     vertex  1.325108e+01 -2.396797e+01  1.500000e+01
     vertex  1.322443e+01 -2.397449e+01  1.300000e+01
     vertex  1.322443e+01 -2.397449e+01  1.500000e+01
   endloop
 endfacet
 facet normal -2.643362e-01  9.644306e-01  0.000000e+00
   outer loop
     vertex  1.327754e+01 -2.396071e+01  1.500000e+01
     vertex  1.327754e+01 -2.396071e+01  1.300000e+01
     vertex  1.325108e+01 -2.396797e+01  1.500000e+01
   endloop
 endfacet
 facet normal -2.906949e-01  9.568158e-01  0.000000e+00
   outer loop
     vertex  1.330379e+01 -2.395274e+01  1.500000e+01
     vertex  1.330379e+01 -2.395274e+01  1.300000e+01
     vertex  1.327754e+01 -2.396071e+01  1.300000e+01
   endloop
 endfacet
 facet normal -2.906949e-01  9.568158e-01  0.000000e+00
   outer loop
     vertex  1.330379e+01 -2.395274e+01  1.500000e+01
     vertex  1.327754e+01 -2.396071e+01  1.300000e+01
     vertex  1.327754e+01 -2.396071e+01  1.500000e+01
   endloop
 endfacet
 facet normal -3.168348e-01  9.484807e-01  0.000000e+00
   outer loop
     vertex  1.332982e+01 -2.394405e+01  1.500000e+01
     vertex  1.332982e+01 -2.394405e+01  1.300000e+01
     vertex  1.330379e+01 -2.395274e+01  1.300000e+01
   endloop
 endfacet
 facet normal -3.168348e-01  9.484807e-01  0.000000e+00
   outer loop
     vertex  1.332982e+01 -2.394405e+01  1.500000e+01
     vertex  1.330379e+01 -2.395274e+01  1.300000e+01
     vertex  1.330379e+01 -2.395274e+01  1.500000e+01
   endloop
 endfacet
 facet normal -3.427362e-01  9.394317e-01  0.000000e+00
   outer loop
     vertex  1.335559e+01 -2.393464e+01  1.500000e+01
     vertex  1.335559e+01 -2.393464e+01  1.300000e+01
     vertex  1.332982e+01 -2.394405e+01  1.300000e+01
   endloop
 endfacet
 facet normal -3.427362e-01  9.394317e-01  0.000000e+00
   outer loop
     vertex  1.335559e+01 -2.393464e+01  1.500000e+01
     vertex  1.332982e+01 -2.394405e+01  1.300000e+01
     vertex  1.332982e+01 -2.394405e+01  1.500000e+01
   endloop
 endfacet
 facet normal -3.683796e-01  9.296754e-01  0.000000e+00
   outer loop
     vertex  1.338110e+01 -2.392453e+01  1.500000e+01
     vertex  1.338110e+01 -2.392453e+01  1.300000e+01
     vertex  1.335559e+01 -2.393464e+01  1.300000e+01
   endloop
 endfacet
 facet normal -3.683796e-01  9.296754e-01  0.000000e+00
   outer loop
     vertex  1.338110e+01 -2.392453e+01  1.500000e+01
     vertex  1.335559e+01 -2.393464e+01  1.300000e+01
     vertex  1.335559e+01 -2.393464e+01  1.500000e+01
   endloop
 endfacet
 facet normal -3.937458e-01  9.192194e-01  0.000000e+00
   outer loop
     vertex  1.340632e+01 -2.391373e+01  1.500000e+01
     vertex  1.338110e+01 -2.392453e+01  1.300000e+01
     vertex  1.338110e+01 -2.392453e+01  1.500000e+01
   endloop
 endfacet
 facet normal -3.937458e-01  9.192194e-01  0.000000e+00
   outer loop
     vertex  1.340632e+01 -2.391373e+01  1.500000e+01
     vertex  1.340632e+01 -2.391373e+01  1.300000e+01
     vertex  1.338110e+01 -2.392453e+01  1.300000e+01
   endloop
 endfacet
 facet normal -4.188155e-01  9.080714e-01  0.000000e+00
   outer loop
     vertex  1.343123e+01 -2.390224e+01  1.500000e+01
     vertex  1.340632e+01 -2.391373e+01  1.300000e+01
     vertex  1.340632e+01 -2.391373e+01  1.500000e+01
   endloop
 endfacet
 facet normal -4.188155e-01  9.080714e-01  0.000000e+00
   outer loop
     vertex  1.343123e+01 -2.390224e+01  1.500000e+01
     vertex  1.343123e+01 -2.390224e+01  1.300000e+01
     vertex  1.340632e+01 -2.391373e+01  1.300000e+01
   endloop
 endfacet
 facet normal -4.435699e-01  8.962398e-01  0.000000e+00
   outer loop
     vertex  1.345582e+01 -2.389007e+01  1.500000e+01
     vertex  1.343123e+01 -2.390224e+01  1.300000e+01
     vertex  1.343123e+01 -2.390224e+01  1.500000e+01
   endloop
 endfacet
 facet normal -4.435699e-01  8.962398e-01  0.000000e+00
   outer loop
     vertex  1.345582e+01 -2.389007e+01  1.500000e+01
     vertex  1.345582e+01 -2.389007e+01  1.300000e+01
     vertex  1.343123e+01 -2.390224e+01  1.300000e+01
   endloop
 endfacet
 facet normal -4.679904e-01  8.837335e-01  0.000000e+00
   outer loop
     vertex  1.348007e+01 -2.387723e+01  1.500000e+01
     vertex  1.345582e+01 -2.389007e+01  1.300000e+01
     vertex  1.345582e+01 -2.389007e+01  1.500000e+01
   endloop
 endfacet
 facet normal -4.679904e-01  8.837335e-01  0.000000e+00
   outer loop
     vertex  1.348007e+01 -2.387723e+01  1.500000e+01
     vertex  1.348007e+01 -2.387723e+01  1.300000e+01
     vertex  1.345582e+01 -2.389007e+01  1.300000e+01
   endloop
 endfacet
 facet normal -4.920587e-01  8.705620e-01  0.000000e+00
   outer loop
     vertex  1.350396e+01 -2.386373e+01  1.500000e+01
     vertex  1.350396e+01 -2.386373e+01  1.300000e+01
     vertex  1.348007e+01 -2.387723e+01  1.300000e+01
   endloop
 endfacet
 facet normal -4.920587e-01  8.705620e-01  0.000000e+00
   outer loop
     vertex  1.350396e+01 -2.386373e+01  1.500000e+01
     vertex  1.348007e+01 -2.387723e+01  1.300000e+01
     vertex  1.348007e+01 -2.387723e+01  1.500000e+01
   endloop
 endfacet
 facet normal -5.157565e-01  8.567352e-01  0.000000e+00
   outer loop
     vertex  1.352746e+01 -2.384958e+01  1.500000e+01
     vertex  1.352746e+01 -2.384958e+01  1.300000e+01
     vertex  1.350396e+01 -2.386373e+01  1.300000e+01
   endloop
 endfacet
 facet normal -5.157565e-01  8.567352e-01  0.000000e+00
   outer loop
     vertex  1.352746e+01 -2.384958e+01  1.500000e+01
     vertex  1.350396e+01 -2.386373e+01  1.300000e+01
     vertex  1.350396e+01 -2.386373e+01  1.500000e+01
   endloop
 endfacet
 facet normal -5.390661e-01  8.422635e-01  0.000000e+00
   outer loop
     vertex  1.355057e+01 -2.383479e+01  1.500000e+01
     vertex  1.355057e+01 -2.383479e+01  1.300000e+01
     vertex  1.352746e+01 -2.384958e+01  1.300000e+01
   endloop
 endfacet
 facet normal -5.390661e-01  8.422635e-01  0.000000e+00
   outer loop
     vertex  1.355057e+01 -2.383479e+01  1.500000e+01
     vertex  1.352746e+01 -2.384958e+01  1.300000e+01
     vertex  1.352746e+01 -2.384958e+01  1.500000e+01
   endloop
 endfacet
 facet normal -5.619699e-01  8.271577e-01  0.000000e+00
   outer loop
     vertex  1.357326e+01 -2.381937e+01  1.500000e+01
     vertex  1.357326e+01 -2.381937e+01  1.300000e+01
     vertex  1.355057e+01 -2.383479e+01  1.300000e+01
   endloop
 endfacet
 facet normal -5.844507e-01  8.114292e-01  0.000000e+00
   outer loop
     vertex  1.357326e+01 -2.381937e+01  1.500000e+01
     vertex  1.359553e+01 -2.380334e+01  1.300000e+01
     vertex  1.357326e+01 -2.381937e+01  1.300000e+01
   endloop
 endfacet
 facet normal -5.619699e-01  8.271577e-01  0.000000e+00
   outer loop
     vertex  1.357326e+01 -2.381937e+01  1.500000e+01
     vertex  1.355057e+01 -2.383479e+01  1.300000e+01
     vertex  1.355057e+01 -2.383479e+01  1.500000e+01
   endloop
 endfacet
 facet normal -5.844507e-01  8.114292e-01  0.000000e+00
   outer loop
     vertex  1.359553e+01 -2.380334e+01  1.500000e+01
     vertex  1.359553e+01 -2.380334e+01  1.300000e+01
     vertex  1.357326e+01 -2.381937e+01  1.500000e+01
   endloop
 endfacet
 facet normal -6.064915e-01  7.950900e-01  0.000000e+00
   outer loop
     vertex  1.361734e+01 -2.378670e+01  1.500000e+01
     vertex  1.361734e+01 -2.378670e+01  1.300000e+01
     vertex  1.359553e+01 -2.380334e+01  1.300000e+01
   endloop
 endfacet
 facet normal -6.064915e-01  7.950900e-01  0.000000e+00
   outer loop
     vertex  1.361734e+01 -2.378670e+01  1.500000e+01
     vertex  1.359553e+01 -2.380334e+01  1.300000e+01
     vertex  1.359553e+01 -2.380334e+01  1.500000e+01
   endloop
 endfacet
 facet normal -6.280757e-01  7.781522e-01  0.000000e+00
   outer loop
     vertex  1.363869e+01 -2.376946e+01  1.500000e+01
     vertex  1.363869e+01 -2.376946e+01  1.300000e+01
     vertex  1.361734e+01 -2.378670e+01  1.300000e+01
   endloop
 endfacet
 facet normal -6.280757e-01  7.781522e-01  0.000000e+00
   outer loop
     vertex  1.363869e+01 -2.376946e+01  1.500000e+01
     vertex  1.361734e+01 -2.378670e+01  1.300000e+01
     vertex  1.361734e+01 -2.378670e+01  1.500000e+01
   endloop
 endfacet
 facet normal -6.491872e-01  7.606287e-01  0.000000e+00
   outer loop
     vertex  1.365956e+01 -2.375165e+01  1.500000e+01
     vertex  1.365956e+01 -2.375165e+01  1.300000e+01
     vertex  1.363869e+01 -2.376946e+01  1.300000e+01
   endloop
 endfacet
 facet normal -6.491872e-01  7.606287e-01  0.000000e+00
   outer loop
     vertex  1.365956e+01 -2.375165e+01  1.500000e+01
     vertex  1.363869e+01 -2.376946e+01  1.300000e+01
     vertex  1.363869e+01 -2.376946e+01  1.500000e+01
   endloop
 endfacet
 facet normal -6.698100e-01  7.425325e-01  0.000000e+00
   outer loop
     vertex  1.367993e+01 -2.373327e+01  1.500000e+01
     vertex  1.367993e+01 -2.373327e+01  1.300000e+01
     vertex  1.365956e+01 -2.375165e+01  1.300000e+01
   endloop
 endfacet
 facet normal -6.698100e-01  7.425325e-01  0.000000e+00
   outer loop
     vertex  1.367993e+01 -2.373327e+01  1.500000e+01
     vertex  1.365956e+01 -2.375165e+01  1.300000e+01
     vertex  1.365956e+01 -2.375165e+01  1.500000e+01
   endloop
 endfacet
 facet normal -6.899286e-01  7.238775e-01  0.000000e+00
   outer loop
     vertex  1.369979e+01 -2.371434e+01  1.500000e+01
     vertex  1.369979e+01 -2.371434e+01  1.300000e+01
     vertex  1.367993e+01 -2.373327e+01  1.300000e+01
   endloop
 endfacet
 facet normal -7.095278e-01  7.046775e-01  0.000000e+00
   outer loop
     vertex  1.369979e+01 -2.371434e+01  1.500000e+01
     vertex  1.371913e+01 -2.369488e+01  1.300000e+01
     vertex  1.369979e+01 -2.371434e+01  1.300000e+01
   endloop
 endfacet
 facet normal -6.899286e-01  7.238775e-01  0.000000e+00
   outer loop
     vertex  1.369979e+01 -2.371434e+01  1.500000e+01
     vertex  1.367993e+01 -2.373327e+01  1.300000e+01
     vertex  1.367993e+01 -2.373327e+01  1.500000e+01
   endloop
 endfacet
 facet normal -7.095278e-01  7.046775e-01  0.000000e+00
   outer loop
     vertex  1.371913e+01 -2.369488e+01  1.500000e+01
     vertex  1.371913e+01 -2.369488e+01  1.300000e+01
     vertex  1.369979e+01 -2.371434e+01  1.500000e+01
   endloop
 endfacet
 facet normal -7.285929e-01  6.849470e-01  0.000000e+00
   outer loop
     vertex  1.373792e+01 -2.367489e+01  1.500000e+01
     vertex  1.373792e+01 -2.367489e+01  1.300000e+01
     vertex  1.371913e+01 -2.369488e+01  1.300000e+01
   endloop
 endfacet
 facet normal -7.471095e-01  6.647010e-01  0.000000e+00
   outer loop
     vertex  1.373792e+01 -2.367489e+01  1.500000e+01
     vertex  1.375616e+01 -2.365439e+01  1.300000e+01
     vertex  1.373792e+01 -2.367489e+01  1.300000e+01
   endloop
 endfacet
 facet normal -7.285929e-01  6.849470e-01  0.000000e+00
   outer loop
     vertex  1.373792e+01 -2.367489e+01  1.500000e+01
     vertex  1.371913e+01 -2.369488e+01  1.300000e+01
     vertex  1.371913e+01 -2.369488e+01  1.500000e+01
   endloop
 endfacet
 facet normal -7.471095e-01  6.647010e-01  0.000000e+00
   outer loop
     vertex  1.375616e+01 -2.365439e+01  1.500000e+01
     vertex  1.375616e+01 -2.365439e+01  1.300000e+01
     vertex  1.373792e+01 -2.367489e+01  1.500000e+01
   endloop
 endfacet
 facet normal -7.650637e-01  6.439545e-01  0.000000e+00
   outer loop
     vertex  1.377383e+01 -2.363340e+01  1.500000e+01
     vertex  1.377383e+01 -2.363340e+01  1.300000e+01
     vertex  1.375616e+01 -2.365439e+01  1.300000e+01
   endloop
 endfacet
 facet normal -7.650637e-01  6.439545e-01  0.000000e+00
   outer loop
     vertex  1.377383e+01 -2.363340e+01  1.500000e+01
     vertex  1.375616e+01 -2.365439e+01  1.300000e+01
     vertex  1.375616e+01 -2.365439e+01  1.500000e+01
   endloop
 endfacet
 facet normal -7.824421e-01  6.227234e-01  0.000000e+00
   outer loop
     vertex  1.379091e+01 -2.361193e+01  1.500000e+01
     vertex  1.379091e+01 -2.361193e+01  1.300000e+01
     vertex  1.377383e+01 -2.363340e+01  1.300000e+01
   endloop
 endfacet
 facet normal -7.824421e-01  6.227234e-01  0.000000e+00
   outer loop
     vertex  1.379091e+01 -2.361193e+01  1.500000e+01
     vertex  1.377383e+01 -2.363340e+01  1.300000e+01
     vertex  1.377383e+01 -2.363340e+01  1.500000e+01
   endloop
 endfacet
 facet normal -7.992314e-01  6.010234e-01  0.000000e+00
   outer loop
     vertex  1.380740e+01 -2.359000e+01  1.500000e+01
     vertex  1.380740e+01 -2.359000e+01  1.300000e+01
     vertex  1.379091e+01 -2.361193e+01  1.300000e+01
   endloop
 endfacet
 facet normal -8.154191e-01  5.788711e-01  0.000000e+00
   outer loop
     vertex  1.380740e+01 -2.359000e+01  1.500000e+01
     vertex  1.382328e+01 -2.356763e+01  1.300000e+01
     vertex  1.380740e+01 -2.359000e+01  1.300000e+01
   endloop
 endfacet
 facet normal -7.992314e-01  6.010234e-01  0.000000e+00
   outer loop
     vertex  1.380740e+01 -2.359000e+01  1.500000e+01
     vertex  1.379091e+01 -2.361193e+01  1.300000e+01
     vertex  1.379091e+01 -2.361193e+01  1.500000e+01
   endloop
 endfacet
 facet normal -8.154191e-01  5.788711e-01  0.000000e+00
   outer loop
     vertex  1.382328e+01 -2.356763e+01  1.500000e+01
     vertex  1.382328e+01 -2.356763e+01  1.300000e+01
     vertex  1.380740e+01 -2.359000e+01  1.500000e+01
   endloop
 endfacet
 facet normal -8.309929e-01  5.562829e-01  0.000000e+00
   outer loop
     vertex  1.383855e+01 -2.354483e+01  1.500000e+01
     vertex  1.383855e+01 -2.354483e+01  1.300000e+01
     vertex  1.382328e+01 -2.356763e+01  1.300000e+01
   endloop
 endfacet
 facet normal -8.309929e-01  5.562829e-01  0.000000e+00
   outer loop
     vertex  1.383855e+01 -2.354483e+01  1.500000e+01
     vertex  1.382328e+01 -2.356763e+01  1.300000e+01
     vertex  1.382328e+01 -2.356763e+01  1.500000e+01
   endloop
 endfacet
 facet normal -8.459413e-01  5.332761e-01  0.000000e+00
   outer loop
     vertex  1.385318e+01 -2.352162e+01  1.500000e+01
     vertex  1.385318e+01 -2.352162e+01  1.300000e+01
     vertex  1.383855e+01 -2.354483e+01  1.300000e+01
   endloop
 endfacet
 facet normal -8.459413e-01  5.332761e-01  0.000000e+00
   outer loop
     vertex  1.385318e+01 -2.352162e+01  1.500000e+01
     vertex  1.383855e+01 -2.354483e+01  1.300000e+01
     vertex  1.383855e+01 -2.354483e+01  1.500000e+01
   endloop
 endfacet
 facet normal -8.602528e-01  5.098678e-01  0.000000e+00
   outer loop
     vertex  1.386717e+01 -2.349802e+01  1.500000e+01
     vertex  1.386717e+01 -2.349802e+01  1.300000e+01
     vertex  1.385318e+01 -2.352162e+01  1.300000e+01
   endloop
 endfacet
 facet normal -8.602528e-01  5.098678e-01  0.000000e+00
   outer loop
     vertex  1.386717e+01 -2.349802e+01  1.500000e+01
     vertex  1.385318e+01 -2.352162e+01  1.300000e+01
     vertex  1.385318e+01 -2.352162e+01  1.500000e+01
   endloop
 endfacet
 facet normal -8.739167e-01  4.860756e-01  0.000000e+00
   outer loop
     vertex  1.388050e+01 -2.347404e+01  1.500000e+01
     vertex  1.388050e+01 -2.347404e+01  1.300000e+01
     vertex  1.386717e+01 -2.349802e+01  1.300000e+01
   endloop
 endfacet
 facet normal -8.739167e-01  4.860756e-01  0.000000e+00
   outer loop
     vertex  1.388050e+01 -2.347404e+01  1.500000e+01
     vertex  1.386717e+01 -2.349802e+01  1.300000e+01
     vertex  1.386717e+01 -2.349802e+01  1.500000e+01
   endloop
 endfacet
 facet normal -8.869228e-01  4.619176e-01  0.000000e+00
   outer loop
     vertex  1.389318e+01 -2.344971e+01  1.500000e+01
     vertex  1.388050e+01 -2.347404e+01  1.300000e+01
     vertex  1.388050e+01 -2.347404e+01  1.500000e+01
   endloop
 endfacet
 facet normal -8.869228e-01  4.619176e-01  0.000000e+00
   outer loop
     vertex  1.389318e+01 -2.344971e+01  1.500000e+01
     vertex  1.389318e+01 -2.344971e+01  1.300000e+01
     vertex  1.388050e+01 -2.347404e+01  1.300000e+01
   endloop
 endfacet
 facet normal -8.992613e-01  4.374119e-01  0.000000e+00
   outer loop
     vertex  1.389318e+01 -2.344971e+01  1.500000e+01
     vertex  1.390518e+01 -2.342503e+01  1.300000e+01
     vertex  1.389318e+01 -2.344971e+01  1.300000e+01
   endloop
 endfacet
 facet normal -8.992613e-01  4.374119e-01  0.000000e+00
   outer loop
     vertex  1.390518e+01 -2.342503e+01  1.500000e+01
     vertex  1.390518e+01 -2.342503e+01  1.300000e+01
     vertex  1.389318e+01 -2.344971e+01  1.500000e+01
   endloop
 endfacet
 facet normal -9.109228e-01  4.125769e-01  0.000000e+00
   outer loop
     vertex  1.391650e+01 -2.340004e+01  1.500000e+01
     vertex  1.390518e+01 -2.342503e+01  1.300000e+01
     vertex  1.390518e+01 -2.342503e+01  1.500000e+01
   endloop
 endfacet
 facet normal -9.109228e-01  4.125769e-01  0.000000e+00
   outer loop
     vertex  1.391650e+01 -2.340004e+01  1.500000e+01
     vertex  1.391650e+01 -2.340004e+01  1.300000e+01
     vertex  1.390518e+01 -2.342503e+01  1.300000e+01
   endloop
 endfacet
 facet normal -9.218986e-01  3.874313e-01  0.000000e+00
   outer loop
     vertex  1.392713e+01 -2.337475e+01  1.500000e+01
     vertex  1.391650e+01 -2.340004e+01  1.300000e+01
     vertex  1.391650e+01 -2.340004e+01  1.500000e+01
   endloop
 endfacet
 facet normal -9.218986e-01  3.874313e-01  0.000000e+00
   outer loop
     vertex  1.392713e+01 -2.337475e+01  1.500000e+01
     vertex  1.392713e+01 -2.337475e+01  1.300000e+01
     vertex  1.391650e+01 -2.340004e+01  1.300000e+01
   endloop
 endfacet
 facet normal -9.321804e-01  3.619940e-01  0.000000e+00
   outer loop
     vertex  1.393706e+01 -2.334917e+01  1.500000e+01
     vertex  1.392713e+01 -2.337475e+01  1.300000e+01
     vertex  1.392713e+01 -2.337475e+01  1.500000e+01
   endloop
 endfacet
 facet normal -9.321804e-01  3.619940e-01  0.000000e+00
   outer loop
     vertex  1.393706e+01 -2.334917e+01  1.500000e+01
     vertex  1.393706e+01 -2.334917e+01  1.300000e+01
     vertex  1.392713e+01 -2.337475e+01  1.300000e+01
   endloop
 endfacet
 facet normal -9.417605e-01  3.362843e-01  0.000000e+00
   outer loop
     vertex  1.394629e+01 -2.332333e+01  1.500000e+01
     vertex  1.393706e+01 -2.334917e+01  1.300000e+01
     vertex  1.393706e+01 -2.334917e+01  1.500000e+01
   endloop
 endfacet
 facet normal -9.417605e-01  3.362843e-01  0.000000e+00
   outer loop
     vertex  1.394629e+01 -2.332333e+01  1.500000e+01
     vertex  1.394629e+01 -2.332333e+01  1.300000e+01
     vertex  1.393706e+01 -2.334917e+01  1.300000e+01
   endloop
 endfacet
 facet normal -9.506317e-01  3.103214e-01  0.000000e+00
   outer loop
     vertex  1.395480e+01 -2.329725e+01  1.500000e+01
     vertex  1.394629e+01 -2.332333e+01  1.300000e+01
     vertex  1.394629e+01 -2.332333e+01  1.500000e+01
   endloop
 endfacet
 facet normal -9.506317e-01  3.103214e-01  0.000000e+00
   outer loop
     vertex  1.395480e+01 -2.329725e+01  1.500000e+01
     vertex  1.395480e+01 -2.329725e+01  1.300000e+01
     vertex  1.394629e+01 -2.332333e+01  1.300000e+01
   endloop
 endfacet
 facet normal -9.587873e-01  2.841250e-01  0.000000e+00
   outer loop
     vertex  1.396259e+01 -2.327095e+01  1.500000e+01
     vertex  1.395480e+01 -2.329725e+01  1.300000e+01
     vertex  1.395480e+01 -2.329725e+01  1.500000e+01
   endloop
 endfacet
 facet normal -9.587873e-01  2.841250e-01  0.000000e+00
   outer loop
     vertex  1.396259e+01 -2.327095e+01  1.500000e+01
     vertex  1.396259e+01 -2.327095e+01  1.300000e+01
     vertex  1.395480e+01 -2.329725e+01  1.300000e+01
   endloop
 endfacet
 facet normal -9.662211e-01  2.577146e-01  0.000000e+00
   outer loop
     vertex  1.396967e+01 -2.324444e+01  1.500000e+01
     vertex  1.396259e+01 -2.327095e+01  1.300000e+01
     vertex  1.396259e+01 -2.327095e+01  1.500000e+01
   endloop
 endfacet
 facet normal -9.662211e-01  2.577146e-01  0.000000e+00
   outer loop
     vertex  1.396967e+01 -2.324444e+01  1.500000e+01
     vertex  1.396967e+01 -2.324444e+01  1.300000e+01
     vertex  1.396259e+01 -2.327095e+01  1.300000e+01
   endloop
 endfacet
 facet normal -9.729276e-01  2.311102e-01  0.000000e+00
   outer loop
     vertex  1.397601e+01 -2.321774e+01  1.500000e+01
     vertex  1.396967e+01 -2.324444e+01  1.300000e+01
     vertex  1.396967e+01 -2.324444e+01  1.500000e+01
   endloop
 endfacet
 facet normal -9.729276e-01  2.311102e-01  0.000000e+00
   outer loop
     vertex  1.397601e+01 -2.321774e+01  1.500000e+01
     vertex  1.397601e+01 -2.321774e+01  1.300000e+01
     vertex  1.396967e+01 -2.324444e+01  1.300000e+01
   endloop
 endfacet
 facet normal -9.789017e-01  2.043319e-01  0.000000e+00
   outer loop
     vertex  1.398161e+01 -2.319088e+01  1.500000e+01
     vertex  1.397601e+01 -2.321774e+01  1.300000e+01
     vertex  1.397601e+01 -2.321774e+01  1.500000e+01
   endloop
 endfacet
 facet normal -9.789017e-01  2.043319e-01  0.000000e+00
   outer loop
     vertex  1.398161e+01 -2.319088e+01  1.500000e+01
     vertex  1.398161e+01 -2.319088e+01  1.300000e+01
     vertex  1.397601e+01 -2.321774e+01  1.300000e+01
   endloop
 endfacet
 facet normal -9.841389e-01  1.773998e-01  0.000000e+00
   outer loop
     vertex  1.398648e+01 -2.316388e+01  1.500000e+01
     vertex  1.398161e+01 -2.319088e+01  1.300000e+01
     vertex  1.398161e+01 -2.319088e+01  1.500000e+01
   endloop
 endfacet
 facet normal -9.841389e-01  1.773998e-01  0.000000e+00
   outer loop
     vertex  1.398648e+01 -2.316388e+01  1.500000e+01
     vertex  1.398648e+01 -2.316388e+01  1.300000e+01
     vertex  1.398161e+01 -2.319088e+01  1.300000e+01
   endloop
 endfacet
 facet normal -9.886353e-01  1.503341e-01  0.000000e+00
   outer loop
     vertex  1.398648e+01 -2.316388e+01  1.500000e+01
     vertex  1.399060e+01 -2.313676e+01  1.300000e+01
     vertex  1.398648e+01 -2.316388e+01  1.300000e+01
   endloop
 endfacet
 facet normal -9.886353e-01  1.503341e-01  0.000000e+00
   outer loop
     vertex  1.399060e+01 -2.313676e+01  1.500000e+01
     vertex  1.399060e+01 -2.313676e+01  1.300000e+01
     vertex  1.398648e+01 -2.316388e+01  1.500000e+01
   endloop
 endfacet
 facet normal -9.923874e-01  1.231552e-01  0.000000e+00
   outer loop
     vertex  1.399398e+01 -2.310953e+01  1.500000e+01
     vertex  1.399398e+01 -2.310953e+01  1.300000e+01
     vertex  1.399060e+01 -2.313676e+01  1.300000e+01
   endloop
 endfacet
 facet normal -9.923874e-01  1.231552e-01  0.000000e+00
   outer loop
     vertex  1.399398e+01 -2.310953e+01  1.500000e+01
     vertex  1.399060e+01 -2.313676e+01  1.300000e+01
     vertex  1.399060e+01 -2.313676e+01  1.500000e+01
   endloop
 endfacet
 facet normal -9.953925e-01  9.588368e-02  0.000000e+00
   outer loop
     vertex  1.399661e+01 -2.308222e+01  1.500000e+01
     vertex  1.399661e+01 -2.308222e+01  1.300000e+01
     vertex  1.399398e+01 -2.310953e+01  1.300000e+01
   endloop
 endfacet
 facet normal -9.953925e-01  9.588368e-02  0.000000e+00
   outer loop
     vertex  1.399661e+01 -2.308222e+01  1.500000e+01
     vertex  1.399398e+01 -2.310953e+01  1.300000e+01
     vertex  1.399398e+01 -2.310953e+01  1.500000e+01
   endloop
 endfacet
 facet normal -9.976484e-01  6.853995e-02  0.000000e+00
   outer loop
     vertex  1.399849e+01 -2.305485e+01  1.500000e+01
     vertex  1.399849e+01 -2.305485e+01  1.300000e+01
     vertex  1.399661e+01 -2.308222e+01  1.300000e+01
   endloop
 endfacet
 facet normal -9.976484e-01  6.853995e-02  0.000000e+00
   outer loop
     vertex  1.399849e+01 -2.305485e+01  1.500000e+01
     vertex  1.399661e+01 -2.308222e+01  1.300000e+01
     vertex  1.399661e+01 -2.308222e+01  1.500000e+01
   endloop
 endfacet
 facet normal -9.991532e-01  4.114462e-02  0.000000e+00
   outer loop
     vertex  1.399962e+01 -2.302743e+01  1.500000e+01
     vertex  1.399962e+01 -2.302743e+01  1.300000e+01
     vertex  1.399849e+01 -2.305485e+01  1.300000e+01
   endloop
 endfacet
 facet normal -9.991532e-01  4.114462e-02  0.000000e+00
   outer loop
     vertex  1.399962e+01 -2.302743e+01  1.500000e+01
     vertex  1.399849e+01 -2.305485e+01  1.300000e+01
     vertex  1.399849e+01 -2.305485e+01  1.500000e+01
   endloop
 endfacet
 facet normal -9.999059e-01  1.371831e-02  0.000000e+00
   outer loop
     vertex  1.400000e+01 -2.300000e+01  1.500000e+01
     vertex  1.400000e+01 -2.300000e+01  1.300000e+01
     vertex  1.399962e+01 -2.302743e+01  1.300000e+01
   endloop
 endfacet
 facet normal -9.999059e-01  1.371831e-02  0.000000e+00
   outer loop
     vertex  1.400000e+01 -2.300000e+01  1.500000e+01
     vertex  1.399962e+01 -2.302743e+01  1.300000e+01
     vertex  1.399962e+01 -2.302743e+01  1.500000e+01
   endloop
 endfacet
 facet normal  0.000000e+00 -1.000000e+00 -0.000000e+00
   outer loop
     vertex  3.245000e+01 -4.145000e+01  1.300000e+01
     vertex -4.500000e-01 -4.145000e+01  1.050000e+01
     vertex  3.245000e+01 -4.145000e+01  1.050000e+01
   endloop
 endfacet
 facet normal -0.000000e+00 -1.000000e+00  0.000000e+00
   outer loop
     vertex  3.245000e+01 -4.145000e+01  1.300000e+01
     vertex -4.500000e-01 -4.145000e+01  1.300000e+01
     vertex -4.500000e-01 -4.145000e+01  1.050000e+01
   endloop
 endfacet
 facet normal  1.000000e+00  0.000000e+00  0.000000e+00
   outer loop
     vertex  3.245000e+01 -4.145000e+01  1.300000e+01
     vertex  3.245000e+01 -4.145000e+01  1.050000e+01
     vertex  3.245000e+01  7.750000e+00  1.050000e+01
   endloop
 endfacet
 facet normal  1.000000e+00 -0.000000e+00  0.000000e+00
   outer loop
     vertex  3.245000e+01 -4.145000e+01  1.300000e+01
     vertex  3.245000e+01  7.750000e+00  1.050000e+01
     vertex  3.245000e+01  7.750000e+00  1.300000e+01
   endloop
 endfacet
 facet normal  0.000000e+00  1.000000e+00  0.000000e+00
   outer loop
     vertex  3.245000e+01  7.750000e+00  1.300000e+01
     vertex  3.245000e+01  7.750000e+00  1.050000e+01
     vertex -4.500000e-01  7.750000e+00  1.050000e+01
   endloop
 endfacet
 facet normal  0.000000e+00  1.000000e+00  0.000000e+00
   outer loop
     vertex  3.245000e+01  7.750000e+00  1.300000e+01
     vertex -4.500000e-01  7.750000e+00  1.050000e+01
     vertex -4.500000e-01  7.750000e+00  1.300000e+01
   endloop
 endfacet
 facet normal -1.000000e+00  0.000000e+00  0.000000e+00
   outer loop
     vertex -4.500000e-01 -4.145000e+01  1.300000e+01
     vertex -4.500000e-01  7.750000e+00  1.050000e+01
     vertex -4.500000e-01 -4.145000e+01  1.050000e+01
   endloop
 endfacet
 facet normal -1.000000e+00  0.000000e+00  0.000000e+00
   outer loop
     vertex -4.500000e-01 -4.145000e+01  1.300000e+01
     vertex -4.500000e-01  7.750000e+00  1.300000e+01
     vertex -4.500000e-01  7.750000e+00  1.050000e+01
   endloop
 endfacet
 facet normal -0.000000e+00  0.000000e+00 -1.000000e+00
   outer loop
     vertex  2.353410e+01 -3.551343e+01  1.300000e+01
     vertex  1.050000e+00 -3.995000e+01  1.300000e+01
     vertex  2.350666e+01 -3.548655e+01  1.300000e+01
   endloop
 endfacet
 facet normal  0.000000e+00 -0.000000e+00 -1.000000e+00
   outer loop
     vertex  2.347997e+01 -3.545893e+01  1.300000e+01
     vertex  2.350666e+01 -3.548655e+01  1.300000e+01
     vertex  1.050000e+00 -3.995000e+01  1.300000e+01
   endloop
 endfacet
 facet normal -0.000000e+00  0.000000e+00 -1.000000e+00
   outer loop
     vertex  2.356227e+01 -3.553955e+01  1.300000e+01
     vertex  1.050000e+00 -3.995000e+01  1.300000e+01
     vertex  2.353410e+01 -3.551343e+01  1.300000e+01
   endloop
 endfacet
 facet normal  0.000000e+00 -0.000000e+00 -1.000000e+00
   outer loop
     vertex  2.345405e+01 -3.543058e+01  1.300000e+01
     vertex  2.347997e+01 -3.545893e+01  1.300000e+01
     vertex  1.050000e+00 -3.995000e+01  1.300000e+01
   endloop
 endfacet
 facet normal -0.000000e+00  0.000000e+00 -1.000000e+00
   outer loop
     vertex  2.359114e+01 -3.556488e+01  1.300000e+01
     vertex  1.050000e+00 -3.995000e+01  1.300000e+01
     vertex  2.356227e+01 -3.553955e+01  1.300000e+01
   endloop
 endfacet
 facet normal  0.000000e+00 -0.000000e+00 -1.000000e+00
   outer loop
     vertex  2.342891e+01 -3.540154e+01  1.300000e+01
     vertex  2.345405e+01 -3.543058e+01  1.300000e+01
     vertex  1.050000e+00 -3.995000e+01  1.300000e+01
   endloop
 endfacet
 facet normal -0.000000e+00  0.000000e+00 -1.000000e+00
   outer loop
     vertex  2.362069e+01 -3.558941e+01  1.300000e+01
     vertex  1.050000e+00 -3.995000e+01  1.300000e+01
     vertex  2.359114e+01 -3.556488e+01  1.300000e+01
   endloop
 endfacet
 facet normal  0.000000e+00 -0.000000e+00 -1.000000e+00
   outer loop
     vertex  2.340458e+01 -3.537181e+01  1.300000e+01
     vertex  2.342891e+01 -3.540154e+01  1.300000e+01
     vertex  1.050000e+00 -3.995000e+01  1.300000e+01
   endloop
 endfacet
 facet normal -0.000000e+00  0.000000e+00 -1.000000e+00
   outer loop
     vertex  2.365091e+01 -3.561313e+01  1.300000e+01
     vertex  1.050000e+00 -3.995000e+01  1.300000e+01
     vertex  2.362069e+01 -3.558941e+01  1.300000e+01
   endloop
 endfacet
 facet normal  0.000000e+00 -0.000000e+00 -1.000000e+00
   outer loop
     vertex  2.338108e+01 -3.534143e+01  1.300000e+01
     vertex  2.340458e+01 -3.537181e+01  1.300000e+01
     vertex  1.050000e+00 -3.995000e+01  1.300000e+01
   endloop
 endfacet
 facet normal -0.000000e+00  0.000000e+00 -1.000000e+00
   outer loop
     vertex  2.368177e+01 -3.563600e+01  1.300000e+01
     vertex  1.050000e+00 -3.995000e+01  1.300000e+01
     vertex  2.365091e+01 -3.561313e+01  1.300000e+01
   endloop
 endfacet
 facet normal  0.000000e+00 -0.000000e+00 -1.000000e+00
   outer loop
     vertex  2.335841e+01 -3.531042e+01  1.300000e+01
     vertex  2.338108e+01 -3.534143e+01  1.300000e+01
     vertex  1.050000e+00 -3.995000e+01  1.300000e+01
   endloop
 endfacet
 facet normal -0.000000e+00  0.000000e+00 -1.000000e+00
   outer loop
     vertex  2.371324e+01 -3.565802e+01  1.300000e+01
     vertex  1.050000e+00 -3.995000e+01  1.300000e+01
     vertex  2.368177e+01 -3.563600e+01  1.300000e+01
   endloop
 endfacet
 facet normal  0.000000e+00 -0.000000e+00 -1.000000e+00
   outer loop
     vertex  2.333661e+01 -3.527880e+01  1.300000e+01
     vertex  2.335841e+01 -3.531042e+01  1.300000e+01
     vertex  1.050000e+00 -3.995000e+01  1.300000e+01
   endloop
 endfacet
 facet normal -0.000000e+00  0.000000e+00 -1.000000e+00
   outer loop
     vertex  2.374531e+01 -3.567917e+01  1.300000e+01
     vertex  1.050000e+00 -3.995000e+01  1.300000e+01
     vertex  2.371324e+01 -3.565802e+01  1.300000e+01
   endloop
 endfacet
 facet normal  0.000000e+00 -0.000000e+00 -1.000000e+00
   outer loop
     vertex  2.331568e+01 -3.524659e+01  1.300000e+01
     vertex  2.333661e+01 -3.527880e+01  1.300000e+01
     vertex  1.050000e+00 -3.995000e+01  1.300000e+01
   endloop
 endfacet
 facet normal -0.000000e+00  0.000000e+00 -1.000000e+00
   outer loop
     vertex  2.377794e+01 -3.569943e+01  1.300000e+01
     vertex  1.050000e+00 -3.995000e+01  1.300000e+01
     vertex  2.374531e+01 -3.567917e+01  1.300000e+01
   endloop
 endfacet
 facet normal  0.000000e+00 -0.000000e+00 -1.000000e+00
   outer loop
     vertex  2.329565e+01 -3.521381e+01  1.300000e+01
     vertex  2.331568e+01 -3.524659e+01  1.300000e+01
     vertex  1.050000e+00 -3.995000e+01  1.300000e+01
   endloop
 endfacet
 facet normal -0.000000e+00  0.000000e+00 -1.000000e+00
   outer loop
     vertex  2.381112e+01 -3.571879e+01  1.300000e+01
     vertex  1.050000e+00 -3.995000e+01  1.300000e+01
     vertex  2.377794e+01 -3.569943e+01  1.300000e+01
   endloop
 endfacet
 facet normal  0.000000e+00 -0.000000e+00 -1.000000e+00
   outer loop
     vertex  2.327652e+01 -3.518051e+01  1.300000e+01
     vertex  2.329565e+01 -3.521381e+01  1.300000e+01
     vertex  1.050000e+00 -3.995000e+01  1.300000e+01
   endloop
 endfacet
 facet normal -0.000000e+00  0.000000e+00 -1.000000e+00
   outer loop
     vertex  2.384481e+01 -3.573723e+01  1.300000e+01
     vertex  1.050000e+00 -3.995000e+01  1.300000e+01
     vertex  2.381112e+01 -3.571879e+01  1.300000e+01
   endloop
 endfacet
 facet normal  0.000000e+00 -0.000000e+00 -1.000000e+00
   outer loop
     vertex  2.325831e+01 -3.514668e+01  1.300000e+01
     vertex  2.327652e+01 -3.518051e+01  1.300000e+01
     vertex  1.050000e+00 -3.995000e+01  1.300000e+01
   endloop
 endfacet
 facet normal -0.000000e+00  0.000000e+00 -1.000000e+00
   outer loop
     vertex  2.387900e+01 -3.575474e+01  1.300000e+01
     vertex  1.050000e+00 -3.995000e+01  1.300000e+01
     vertex  2.384481e+01 -3.573723e+01  1.300000e+01
   endloop
 endfacet
 facet normal  0.000000e+00 -0.000000e+00 -1.000000e+00
   outer loop
     vertex  2.324103e+01 -3.511238e+01  1.300000e+01
     vertex  2.325831e+01 -3.514668e+01  1.300000e+01
     vertex  1.050000e+00 -3.995000e+01  1.300000e+01
   endloop
 endfacet
 facet normal -0.000000e+00  0.000000e+00 -1.000000e+00
   outer loop
     vertex  2.391366e+01 -3.577130e+01  1.300000e+01
     vertex  1.050000e+00 -3.995000e+01  1.300000e+01
     vertex  2.387900e+01 -3.575474e+01  1.300000e+01
   endloop
 endfacet
 facet normal  0.000000e+00 -0.000000e+00 -1.000000e+00
   outer loop
     vertex  2.322471e+01 -3.507761e+01  1.300000e+01
     vertex  2.324103e+01 -3.511238e+01  1.300000e+01
     vertex  1.050000e+00 -3.995000e+01  1.300000e+01
   endloop
 endfacet
 facet normal -0.000000e+00  0.000000e+00 -1.000000e+00
   outer loop
     vertex  2.394876e+01 -3.578691e+01  1.300000e+01
     vertex  1.050000e+00 -3.995000e+01  1.300000e+01
     vertex  2.391366e+01 -3.577130e+01  1.300000e+01
   endloop
 endfacet
 facet normal  0.000000e+00 -0.000000e+00 -1.000000e+00
   outer loop
     vertex  2.320934e+01 -3.504240e+01  1.300000e+01
     vertex  2.322471e+01 -3.507761e+01  1.300000e+01
     vertex  1.050000e+00 -3.995000e+01  1.300000e+01
   endloop
 endfacet
 facet normal -0.000000e+00  0.000000e+00 -1.000000e+00
   outer loop
     vertex  2.398427e+01 -3.580155e+01  1.300000e+01
     vertex  1.050000e+00 -3.995000e+01  1.300000e+01
     vertex  2.394876e+01 -3.578691e+01  1.300000e+01
   endloop
 endfacet
 facet normal  0.000000e+00 -0.000000e+00 -1.000000e+00
   outer loop
     vertex  2.319495e+01 -3.500679e+01  1.300000e+01
     vertex  2.320934e+01 -3.504240e+01  1.300000e+01
     vertex  1.050000e+00 -3.995000e+01  1.300000e+01
   endloop
 endfacet
 facet normal -0.000000e+00  0.000000e+00 -1.000000e+00
   outer loop
     vertex  2.402017e+01 -3.581520e+01  1.300000e+01
     vertex  1.050000e+00 -3.995000e+01  1.300000e+01
     vertex  2.398427e+01 -3.580155e+01  1.300000e+01
   endloop
 endfacet
 facet normal  0.000000e+00 -0.000000e+00 -1.000000e+00
   outer loop
     vertex  2.318154e+01 -3.497080e+01  1.300000e+01
     vertex  2.319495e+01 -3.500679e+01  1.300000e+01
     vertex  1.050000e+00 -3.995000e+01  1.300000e+01
   endloop
 endfacet
 facet normal  0.000000e+00 -0.000000e+00 -1.000000e+00
   outer loop
     vertex  2.316912e+01 -3.493445e+01  1.300000e+01
     vertex  2.318154e+01 -3.497080e+01  1.300000e+01
     vertex  1.050000e+00 -3.995000e+01  1.300000e+01
   endloop
 endfacet
 facet normal  0.000000e+00 -0.000000e+00 -1.000000e+00
   outer loop
     vertex  2.315770e+01 -3.489777e+01  1.300000e+01
     vertex  2.316912e+01 -3.493445e+01  1.300000e+01
     vertex  1.050000e+00 -3.995000e+01  1.300000e+01
   endloop
 endfacet
 facet normal  0.000000e+00 -0.000000e+00 -1.000000e+00
   outer loop
     vertex  2.314729e+01 -3.486080e+01  1.300000e+01
     vertex  2.315770e+01 -3.489777e+01  1.300000e+01
     vertex  1.050000e+00 -3.995000e+01  1.300000e+01
   endloop
 endfacet
 facet normal  0.000000e+00 -0.000000e+00 -1.000000e+00
   outer loop
     vertex  2.313790e+01 -3.482355e+01  1.300000e+01
     vertex  2.314729e+01 -3.486080e+01  1.300000e+01
     vertex  1.050000e+00 -3.995000e+01  1.300000e+01
   endloop
 endfacet
 facet normal  0.000000e+00 -0.000000e+00 -1.000000e+00
   outer loop
     vertex  2.312954e+01 -3.478606e+01  1.300000e+01
     vertex  2.313790e+01 -3.482355e+01  1.300000e+01
     vertex  1.050000e+00 -3.995000e+01  1.300000e+01
   endloop
 endfacet
 facet normal  0.000000e+00 -0.000000e+00 -1.000000e+00
   outer loop
     vertex  2.312221e+01 -3.474836e+01  1.300000e+01
     vertex  2.312954e+01 -3.478606e+01  1.300000e+01
     vertex  1.050000e+00 -3.995000e+01  1.300000e+01
   endloop
 endfacet
 facet normal  0.000000e+00 -0.000000e+00 -1.000000e+00
   outer loop
     vertex  2.311591e+01 -3.471047e+01  1.300000e+01
     vertex  2.312221e+01 -3.474836e+01  1.300000e+01
     vertex  1.050000e+00 -3.995000e+01  1.300000e+01
   endloop
 endfacet
 facet normal  0.000000e+00 -0.000000e+00 -1.000000e+00
   outer loop
     vertex  2.311066e+01 -3.467242e+01  1.300000e+01
     vertex  2.311591e+01 -3.471047e+01  1.300000e+01
     vertex  1.050000e+00 -3.995000e+01  1.300000e+01
   endloop
 endfacet
 facet normal  0.000000e+00 -0.000000e+00 -1.000000e+00
   outer loop
     vertex  2.310645e+01 -3.463424e+01  1.300000e+01
     vertex  2.311066e+01 -3.467242e+01  1.300000e+01
     vertex  1.050000e+00 -3.995000e+01  1.300000e+01
   endloop
 endfacet
 facet normal  0.000000e+00 -0.000000e+00 -1.000000e+00
   outer loop
     vertex  2.310329e+01 -3.459596e+01  1.300000e+01
     vertex  2.310645e+01 -3.463424e+01  1.300000e+01
     vertex  1.050000e+00 -3.995000e+01  1.300000e+01
   endloop
 endfacet
 facet normal -0.000000e+00  0.000000e+00 -1.000000e+00
   outer loop
     vertex  1.231007e+01 -2.372388e+01  1.300000e+01
     vertex  1.050000e+00 -3.995000e+01  1.300000e+01
     vertex  1.229047e+01 -2.370468e+01  1.300000e+01
   endloop
 endfacet
 facet normal  0.000000e+00 -0.000000e+00 -1.000000e+00
   outer loop
     vertex  1.227141e+01 -2.368495e+01  1.300000e+01
     vertex  1.229047e+01 -2.370468e+01  1.300000e+01
     vertex  1.050000e+00 -3.995000e+01  1.300000e+01
   endloop
 endfacet
 facet normal -0.000000e+00  0.000000e+00 -1.000000e+00
   outer loop
     vertex  1.233019e+01 -2.374253e+01  1.300000e+01
     vertex  1.050000e+00 -3.995000e+01  1.300000e+01
     vertex  1.231007e+01 -2.372388e+01  1.300000e+01
   endloop
 endfacet
 facet normal  0.000000e+00 -0.000000e+00 -1.000000e+00
   outer loop
     vertex  1.225289e+01 -2.366470e+01  1.300000e+01
     vertex  1.227141e+01 -2.368495e+01  1.300000e+01
     vertex  1.050000e+00 -3.995000e+01  1.300000e+01
   endloop
 endfacet
 facet normal -0.000000e+00  0.000000e+00 -1.000000e+00
   outer loop
     vertex  1.235081e+01 -2.376063e+01  1.300000e+01
     vertex  1.050000e+00 -3.995000e+01  1.300000e+01
     vertex  1.233019e+01 -2.374253e+01  1.300000e+01
   endloop
 endfacet
 facet normal  0.000000e+00 -0.000000e+00 -1.000000e+00
   outer loop
     vertex  1.223494e+01 -2.364395e+01  1.300000e+01
     vertex  1.225289e+01 -2.366470e+01  1.300000e+01
     vertex  1.050000e+00 -3.995000e+01  1.300000e+01
   endloop
 endfacet
 facet normal -0.000000e+00  0.000000e+00 -1.000000e+00
   outer loop
     vertex  1.237192e+01 -2.377815e+01  1.300000e+01
     vertex  1.050000e+00 -3.995000e+01  1.300000e+01
     vertex  1.235081e+01 -2.376063e+01  1.300000e+01
   endloop
 endfacet
 facet normal  0.000000e+00 -0.000000e+00 -1.000000e+00
   outer loop
     vertex  1.221756e+01 -2.362272e+01  1.300000e+01
     vertex  1.223494e+01 -2.364395e+01  1.300000e+01
     vertex  1.050000e+00 -3.995000e+01  1.300000e+01
   endloop
 endfacet
 facet normal -0.000000e+00  0.000000e+00 -1.000000e+00
   outer loop
     vertex  1.239351e+01 -2.379509e+01  1.300000e+01
     vertex  1.050000e+00 -3.995000e+01  1.300000e+01
     vertex  1.237192e+01 -2.377815e+01  1.300000e+01
   endloop
 endfacet
 facet normal  0.000000e+00 -0.000000e+00 -1.000000e+00
   outer loop
     vertex  1.220077e+01 -2.360102e+01  1.300000e+01
     vertex  1.221756e+01 -2.362272e+01  1.300000e+01
     vertex  1.050000e+00 -3.995000e+01  1.300000e+01
   endloop
 endfacet
 facet normal -0.000000e+00  0.000000e+00 -1.000000e+00
   outer loop
     vertex  1.241555e+01 -2.381143e+01  1.300000e+01
     vertex  1.050000e+00 -3.995000e+01  1.300000e+01
     vertex  1.239351e+01 -2.379509e+01  1.300000e+01
   endloop
 endfacet
 facet normal  0.000000e+00 -0.000000e+00 -1.000000e+00
   outer loop
     vertex  1.218458e+01 -2.357887e+01  1.300000e+01
     vertex  1.220077e+01 -2.360102e+01  1.300000e+01
     vertex  1.050000e+00 -3.995000e+01  1.300000e+01
   endloop
 endfacet
 facet normal -0.000000e+00  0.000000e+00 -1.000000e+00
   outer loop
     vertex  1.243803e+01 -2.382716e+01  1.300000e+01
     vertex  1.050000e+00 -3.995000e+01  1.300000e+01
     vertex  1.241555e+01 -2.381143e+01  1.300000e+01
   endloop
 endfacet
 facet normal  0.000000e+00 -0.000000e+00 -1.000000e+00
   outer loop
     vertex  1.216901e+01 -2.355628e+01  1.300000e+01
     vertex  1.218458e+01 -2.357887e+01  1.300000e+01
     vertex  1.050000e+00 -3.995000e+01  1.300000e+01
   endloop
 endfacet
 facet normal -0.000000e+00  0.000000e+00 -1.000000e+00
   outer loop
     vertex  1.246093e+01 -2.384226e+01  1.300000e+01
     vertex  1.050000e+00 -3.995000e+01  1.300000e+01
     vertex  1.243803e+01 -2.382716e+01  1.300000e+01
   endloop
 endfacet
 facet normal  0.000000e+00 -0.000000e+00 -1.000000e+00
   outer loop
     vertex  1.215406e+01 -2.353328e+01  1.300000e+01
     vertex  1.216901e+01 -2.355628e+01  1.300000e+01
     vertex  1.050000e+00 -3.995000e+01  1.300000e+01
   endloop
 endfacet
 facet normal -0.000000e+00  0.000000e+00 -1.000000e+00
   outer loop
     vertex  1.248424e+01 -2.385674e+01  1.300000e+01
     vertex  1.050000e+00 -3.995000e+01  1.300000e+01
     vertex  1.246093e+01 -2.384226e+01  1.300000e+01
   endloop
 endfacet
 facet normal  0.000000e+00 -0.000000e+00 -1.000000e+00
   outer loop
     vertex  1.213975e+01 -2.350987e+01  1.300000e+01
     vertex  1.215406e+01 -2.353328e+01  1.300000e+01
     vertex  1.050000e+00 -3.995000e+01  1.300000e+01
   endloop
 endfacet
 facet normal -0.000000e+00  0.000000e+00 -1.000000e+00
   outer loop
     vertex  1.250794e+01 -2.387056e+01  1.300000e+01
     vertex  1.050000e+00 -3.995000e+01  1.300000e+01
     vertex  1.248424e+01 -2.385674e+01  1.300000e+01
   endloop
 endfacet
 facet normal  0.000000e+00 -0.000000e+00 -1.000000e+00
   outer loop
     vertex  1.212608e+01 -2.348608e+01  1.300000e+01
     vertex  1.213975e+01 -2.350987e+01  1.300000e+01
     vertex  1.050000e+00 -3.995000e+01  1.300000e+01
   endloop
 endfacet
 facet normal -0.000000e+00  0.000000e+00 -1.000000e+00
   outer loop
     vertex  1.253201e+01 -2.388373e+01  1.300000e+01
     vertex  1.050000e+00 -3.995000e+01  1.300000e+01
     vertex  1.250794e+01 -2.387056e+01  1.300000e+01
   endloop
 endfacet
 facet normal  0.000000e+00 -0.000000e+00 -1.000000e+00
   outer loop
     vertex  1.211308e+01 -2.346192e+01  1.300000e+01
     vertex  1.212608e+01 -2.348608e+01  1.300000e+01
     vertex  1.050000e+00 -3.995000e+01  1.300000e+01
   endloop
 endfacet
 facet normal -0.000000e+00  0.000000e+00 -1.000000e+00
   outer loop
     vertex  1.255643e+01 -2.389624e+01  1.300000e+01
     vertex  1.050000e+00 -3.995000e+01  1.300000e+01
     vertex  1.253201e+01 -2.388373e+01  1.300000e+01
   endloop
 endfacet
 facet normal  0.000000e+00 -0.000000e+00 -1.000000e+00
   outer loop
     vertex  1.210074e+01 -2.343741e+01  1.300000e+01
     vertex  1.211308e+01 -2.346192e+01  1.300000e+01
     vertex  1.050000e+00 -3.995000e+01  1.300000e+01
   endloop
 endfacet
 facet normal -0.000000e+00  0.000000e+00 -1.000000e+00
   outer loop
     vertex  1.258118e+01 -2.390807e+01  1.300000e+01
     vertex  1.050000e+00 -3.995000e+01  1.300000e+01
     vertex  1.255643e+01 -2.389624e+01  1.300000e+01
   endloop
 endfacet
 facet normal  0.000000e+00 -0.000000e+00 -1.000000e+00
   outer loop
     vertex  1.208908e+01 -2.341258e+01  1.300000e+01
     vertex  1.210074e+01 -2.343741e+01  1.300000e+01
     vertex  1.050000e+00 -3.995000e+01  1.300000e+01
   endloop
 endfacet
 facet normal -0.000000e+00  0.000000e+00 -1.000000e+00
   outer loop
     vertex  1.260625e+01 -2.391922e+01  1.300000e+01
     vertex  1.050000e+00 -3.995000e+01  1.300000e+01
     vertex  1.258118e+01 -2.390807e+01  1.300000e+01
   endloop
 endfacet
 facet normal  0.000000e+00 -0.000000e+00 -1.000000e+00
   outer loop
     vertex  1.207810e+01 -2.338743e+01  1.300000e+01
     vertex  1.208908e+01 -2.341258e+01  1.300000e+01
     vertex  1.050000e+00 -3.995000e+01  1.300000e+01
   endloop
 endfacet
 facet normal -0.000000e+00  0.000000e+00 -1.000000e+00
   outer loop
     vertex  1.263162e+01 -2.392968e+01  1.300000e+01
     vertex  1.050000e+00 -3.995000e+01  1.300000e+01
     vertex  1.260625e+01 -2.391922e+01  1.300000e+01
   endloop
 endfacet
 facet normal  0.000000e+00 -0.000000e+00 -1.000000e+00
   outer loop
     vertex  1.206782e+01 -2.336199e+01  1.300000e+01
     vertex  1.207810e+01 -2.338743e+01  1.300000e+01
     vertex  1.050000e+00 -3.995000e+01  1.300000e+01
   endloop
 endfacet
 facet normal -0.000000e+00  0.000000e+00 -1.000000e+00
   outer loop
     vertex  1.265726e+01 -2.393943e+01  1.300000e+01
     vertex  1.050000e+00 -3.995000e+01  1.300000e+01
     vertex  1.263162e+01 -2.392968e+01  1.300000e+01
   endloop
 endfacet
 facet normal  0.000000e+00 -0.000000e+00 -1.000000e+00
   outer loop
     vertex  1.205824e+01 -2.333628e+01  1.300000e+01
     vertex  1.206782e+01 -2.336199e+01  1.300000e+01
     vertex  1.050000e+00 -3.995000e+01  1.300000e+01
   endloop
 endfacet
 facet normal -0.000000e+00  0.000000e+00 -1.000000e+00
   outer loop
     vertex  1.268317e+01 -2.394848e+01  1.300000e+01
     vertex  1.050000e+00 -3.995000e+01  1.300000e+01
     vertex  1.265726e+01 -2.393943e+01  1.300000e+01
   endloop
 endfacet
 facet normal  0.000000e+00 -0.000000e+00 -1.000000e+00
   outer loop
     vertex  1.204937e+01 -2.331032e+01  1.300000e+01
     vertex  1.205824e+01 -2.333628e+01  1.300000e+01
     vertex  1.050000e+00 -3.995000e+01  1.300000e+01
   endloop
 endfacet
 facet normal -0.000000e+00  0.000000e+00 -1.000000e+00
   outer loop
     vertex  1.270931e+01 -2.395682e+01  1.300000e+01
     vertex  1.050000e+00 -3.995000e+01  1.300000e+01
     vertex  1.268317e+01 -2.394848e+01  1.300000e+01
   endloop
 endfacet
 facet normal  0.000000e+00 -0.000000e+00 -1.000000e+00
   outer loop
     vertex  1.204121e+01 -2.328412e+01  1.300000e+01
     vertex  1.204937e+01 -2.331032e+01  1.300000e+01
     vertex  1.050000e+00 -3.995000e+01  1.300000e+01
   endloop
 endfacet
 facet normal -0.000000e+00  0.000000e+00 -1.000000e+00
   outer loop
     vertex  1.273566e+01 -2.396443e+01  1.300000e+01
     vertex  1.050000e+00 -3.995000e+01  1.300000e+01
     vertex  1.270931e+01 -2.395682e+01  1.300000e+01
   endloop
 endfacet
 facet normal  0.000000e+00 -0.000000e+00 -1.000000e+00
   outer loop
     vertex  1.203378e+01 -2.325771e+01  1.300000e+01
     vertex  1.204121e+01 -2.328412e+01  1.300000e+01
     vertex  1.050000e+00 -3.995000e+01  1.300000e+01
   endloop
 endfacet
 facet normal -0.000000e+00  0.000000e+00 -1.000000e+00
   outer loop
     vertex  1.276222e+01 -2.397132e+01  1.300000e+01
     vertex  1.050000e+00 -3.995000e+01  1.300000e+01
     vertex  1.273566e+01 -2.396443e+01  1.300000e+01
   endloop
 endfacet
 facet normal  0.000000e+00 -0.000000e+00 -1.000000e+00
   outer loop
     vertex  1.202707e+01 -2.323111e+01  1.300000e+01
     vertex  1.203378e+01 -2.325771e+01  1.300000e+01
     vertex  1.050000e+00 -3.995000e+01  1.300000e+01
   endloop
 endfacet
 facet normal -0.000000e+00  0.000000e+00 -1.000000e+00
   outer loop
     vertex  1.278896e+01 -2.397748e+01  1.300000e+01
     vertex  1.050000e+00 -3.995000e+01  1.300000e+01
     vertex  1.276222e+01 -2.397132e+01  1.300000e+01
   endloop
 endfacet
 facet normal  0.000000e+00 -0.000000e+00 -1.000000e+00
   outer loop
     vertex  1.202110e+01 -2.320433e+01  1.300000e+01
     vertex  1.202707e+01 -2.323111e+01  1.300000e+01
     vertex  1.050000e+00 -3.995000e+01  1.300000e+01
   endloop
 endfacet
 facet normal -0.000000e+00  0.000000e+00 -1.000000e+00
   outer loop
     vertex  1.281585e+01 -2.398290e+01  1.300000e+01
     vertex  1.050000e+00 -3.995000e+01  1.300000e+01
     vertex  1.278896e+01 -2.397748e+01  1.300000e+01
   endloop
 endfacet
 facet normal  0.000000e+00 -0.000000e+00 -1.000000e+00
   outer loop
     vertex  1.201586e+01 -2.317740e+01  1.300000e+01
     vertex  1.202110e+01 -2.320433e+01  1.300000e+01
     vertex  1.050000e+00 -3.995000e+01  1.300000e+01
   endloop
 endfacet
 facet normal -0.000000e+00  0.000000e+00 -1.000000e+00
   outer loop
     vertex  1.284289e+01 -2.398758e+01  1.300000e+01
     vertex  1.050000e+00 -3.995000e+01  1.300000e+01
     vertex  1.281585e+01 -2.398290e+01  1.300000e+01
   endloop
 endfacet
 facet normal  0.000000e+00 -0.000000e+00 -1.000000e+00
   outer loop
     vertex  1.201136e+01 -2.315033e+01  1.300000e+01
     vertex  1.201586e+01 -2.317740e+01  1.300000e+01
     vertex  1.050000e+00 -3.995000e+01  1.300000e+01
   endloop
 endfacet
 facet normal -0.000000e+00  0.000000e+00 -1.000000e+00
   outer loop
     vertex  1.287004e+01 -2.399152e+01  1.300000e+01
     vertex  1.050000e+00 -3.995000e+01  1.300000e+01
     vertex  1.284289e+01 -2.398758e+01  1.300000e+01
   endloop
 endfacet
 facet normal  0.000000e+00 -0.000000e+00 -1.000000e+00
   outer loop
     vertex  1.200761e+01 -2.312316e+01  1.300000e+01
     vertex  1.201136e+01 -2.315033e+01  1.300000e+01
     vertex  1.050000e+00 -3.995000e+01  1.300000e+01
   endloop
 endfacet
 facet normal -0.000000e+00  0.000000e+00 -1.000000e+00
   outer loop
     vertex  1.289729e+01 -2.399471e+01  1.300000e+01
     vertex  1.050000e+00 -3.995000e+01  1.300000e+01
     vertex  1.287004e+01 -2.399152e+01  1.300000e+01
   endloop
 endfacet
 facet normal  0.000000e+00  0.000000e+00 -1.000000e+00
   outer loop
     vertex  1.289729e+01 -2.399471e+01  1.300000e+01
     vertex  2.310119e+01 -3.455760e+01  1.300000e+01
     vertex  2.310329e+01 -3.459596e+01  1.300000e+01
   endloop
 endfacet
 facet normal  0.000000e+00 -0.000000e+00 -1.000000e+00
   outer loop
     vertex  1.289729e+01 -2.399471e+01  1.300000e+01
     vertex  2.310329e+01 -3.459596e+01  1.300000e+01
     vertex  1.050000e+00 -3.995000e+01  1.300000e+01
   endloop
 endfacet
 facet normal  0.000000e+00 -0.000000e+00 -1.000000e+00
   outer loop
     vertex  1.200461e+01 -2.309588e+01  1.300000e+01
     vertex  1.200761e+01 -2.312316e+01  1.300000e+01
     vertex  1.050000e+00 -3.995000e+01  1.300000e+01
   endloop
 endfacet
 facet normal  0.000000e+00  0.000000e+00 -1.000000e+00
   outer loop
     vertex  1.292462e+01 -2.399715e+01  1.300000e+01
     vertex  2.310013e+01 -3.451921e+01  1.300000e+01
     vertex  2.310119e+01 -3.455760e+01  1.300000e+01
   endloop
 endfacet
 facet normal -0.000000e+00 -0.000000e+00 -1.000000e+00
   outer loop
     vertex  1.292462e+01 -2.399715e+01  1.300000e+01
     vertex  2.310119e+01 -3.455760e+01  1.300000e+01
     vertex  1.289729e+01 -2.399471e+01  1.300000e+01
   endloop
 endfacet
 facet normal  0.000000e+00 -0.000000e+00 -1.000000e+00
   outer loop
     vertex  1.200235e+01 -2.306854e+01  1.300000e+01
     vertex  1.200461e+01 -2.309588e+01  1.300000e+01
     vertex  1.050000e+00 -3.995000e+01  1.300000e+01
   endloop
 endfacet
 facet normal -0.000000e+00 -0.000000e+00 -1.000000e+00
   outer loop
     vertex  1.295200e+01 -2.399885e+01  1.300000e+01
     vertex  2.310013e+01 -3.451921e+01  1.300000e+01
     vertex  1.292462e+01 -2.399715e+01  1.300000e+01
   endloop
 endfacet
 facet normal  0.000000e+00  0.000000e+00 -1.000000e+00
   outer loop
     vertex  1.295200e+01 -2.399885e+01  1.300000e+01
     vertex  2.310013e+01 -3.448079e+01  1.300000e+01
     vertex  2.310013e+01 -3.451921e+01  1.300000e+01
   endloop
 endfacet
 facet normal  0.000000e+00 -0.000000e+00 -1.000000e+00
   outer loop
     vertex  1.200085e+01 -2.304114e+01  1.300000e+01
     vertex  1.200235e+01 -2.306854e+01  1.300000e+01
     vertex  1.050000e+00 -3.995000e+01  1.300000e+01
   endloop
 endfacet
 facet normal  0.000000e+00  0.000000e+00 -1.000000e+00
   outer loop
     vertex  1.297942e+01 -2.399979e+01  1.300000e+01
     vertex  2.310119e+01 -3.444240e+01  1.300000e+01
     vertex  2.310013e+01 -3.448079e+01  1.300000e+01
   endloop
 endfacet
 facet normal -0.000000e+00 -0.000000e+00 -1.000000e+00
   outer loop
     vertex  1.297942e+01 -2.399979e+01  1.300000e+01
     vertex  2.310013e+01 -3.448079e+01  1.300000e+01
     vertex  1.295200e+01 -2.399885e+01  1.300000e+01
   endloop
 endfacet
 facet normal  0.000000e+00 -0.000000e+00 -1.000000e+00
   outer loop
     vertex  1.200009e+01 -2.301372e+01  1.300000e+01
     vertex  1.200085e+01 -2.304114e+01  1.300000e+01
     vertex  1.050000e+00 -3.995000e+01  1.300000e+01
   endloop
 endfacet
 facet normal -0.000000e+00 -0.000000e+00 -1.000000e+00
   outer loop
     vertex  1.300686e+01 -2.399998e+01  1.300000e+01
     vertex  2.310119e+01 -3.444240e+01  1.300000e+01
     vertex  1.297942e+01 -2.399979e+01  1.300000e+01
   endloop
 endfacet
 facet normal  0.000000e+00 -0.000000e+00 -1.000000e+00
   outer loop
     vertex  1.200009e+01 -2.298628e+01  1.300000e+01
     vertex  1.200009e+01 -2.301372e+01  1.300000e+01
     vertex  1.050000e+00 -3.995000e+01  1.300000e+01
   endloop
 endfacet
 facet normal  0.000000e+00  0.000000e+00 -1.000000e+00
   outer loop
     vertex  1.303429e+01 -2.399941e+01  1.300000e+01
     vertex  2.310329e+01 -3.440404e+01  1.300000e+01
     vertex  2.310119e+01 -3.444240e+01  1.300000e+01
   endloop
 endfacet
 facet normal  0.000000e+00 -0.000000e+00 -1.000000e+00
   outer loop
     vertex  1.303429e+01 -2.399941e+01  1.300000e+01
     vertex  2.310119e+01 -3.444240e+01  1.300000e+01
     vertex  1.300686e+01 -2.399998e+01  1.300000e+01
   endloop
 endfacet
 facet normal  0.000000e+00  0.000000e+00 -1.000000e+00
   outer loop
     vertex  1.200085e+01 -2.295886e+01  1.300000e+01
     vertex  1.200009e+01 -2.298628e+01  1.300000e+01
     vertex  1.050000e+00 -3.995000e+01  1.300000e+01
   endloop
 endfacet
 facet normal  0.000000e+00  0.000000e+00 -1.000000e+00
   outer loop
     vertex  1.306170e+01 -2.399810e+01  1.300000e+01
     vertex  2.310645e+01 -3.436576e+01  1.300000e+01
     vertex  2.310329e+01 -3.440404e+01  1.300000e+01
   endloop
 endfacet
 facet normal  0.000000e+00 -0.000000e+00 -1.000000e+00
   outer loop
     vertex  1.306170e+01 -2.399810e+01  1.300000e+01
     vertex  2.310329e+01 -3.440404e+01  1.300000e+01
     vertex  1.303429e+01 -2.399941e+01  1.300000e+01
   endloop
 endfacet
 facet normal  0.000000e+00  0.000000e+00 -1.000000e+00
   outer loop
     vertex  1.200235e+01 -2.293146e+01  1.300000e+01
     vertex  1.200085e+01 -2.295886e+01  1.300000e+01
     vertex  1.050000e+00 -3.995000e+01  1.300000e+01
   endloop
 endfacet
 facet normal  0.000000e+00  0.000000e+00 -1.000000e+00
   outer loop
     vertex  1.308905e+01 -2.399603e+01  1.300000e+01
     vertex  2.311066e+01 -3.432758e+01  1.300000e+01
     vertex  2.310645e+01 -3.436576e+01  1.300000e+01
   endloop
 endfacet
 facet normal  0.000000e+00 -0.000000e+00 -1.000000e+00
   outer loop
     vertex  1.308905e+01 -2.399603e+01  1.300000e+01
     vertex  2.310645e+01 -3.436576e+01  1.300000e+01
     vertex  1.306170e+01 -2.399810e+01  1.300000e+01
   endloop
 endfacet
 facet normal  0.000000e+00  0.000000e+00 -1.000000e+00
   outer loop
     vertex  1.200461e+01 -2.290412e+01  1.300000e+01
     vertex  1.200235e+01 -2.293146e+01  1.300000e+01
     vertex  1.050000e+00 -3.995000e+01  1.300000e+01
   endloop
 endfacet
 facet normal  0.000000e+00  0.000000e+00 -1.000000e+00
   outer loop
     vertex  1.311635e+01 -2.399321e+01  1.300000e+01
     vertex  2.311591e+01 -3.428953e+01  1.300000e+01
     vertex  2.311066e+01 -3.432758e+01  1.300000e+01
   endloop
 endfacet
 facet normal  0.000000e+00 -0.000000e+00 -1.000000e+00
   outer loop
     vertex  1.311635e+01 -2.399321e+01  1.300000e+01
     vertex  2.311066e+01 -3.432758e+01  1.300000e+01
     vertex  1.308905e+01 -2.399603e+01  1.300000e+01
   endloop
 endfacet
 facet normal  0.000000e+00  0.000000e+00 -1.000000e+00
   outer loop
     vertex  1.200761e+01 -2.287684e+01  1.300000e+01
     vertex  1.200461e+01 -2.290412e+01  1.300000e+01
     vertex  1.050000e+00 -3.995000e+01  1.300000e+01
   endloop
 endfacet
 facet normal  0.000000e+00  0.000000e+00 -1.000000e+00
   outer loop
     vertex  1.314355e+01 -2.398964e+01  1.300000e+01
     vertex  2.312221e+01 -3.425164e+01  1.300000e+01
     vertex  2.311591e+01 -3.428953e+01  1.300000e+01
   endloop
 endfacet
 facet normal  0.000000e+00 -0.000000e+00 -1.000000e+00
   outer loop
     vertex  1.314355e+01 -2.398964e+01  1.300000e+01
     vertex  2.311591e+01 -3.428953e+01  1.300000e+01
     vertex  1.311635e+01 -2.399321e+01  1.300000e+01
   endloop
 endfacet
 facet normal  0.000000e+00  0.000000e+00 -1.000000e+00
   outer loop
     vertex  1.201136e+01 -2.284967e+01  1.300000e+01
     vertex  1.200761e+01 -2.287684e+01  1.300000e+01
     vertex  1.050000e+00 -3.995000e+01  1.300000e+01
   endloop
 endfacet
 facet normal  0.000000e+00  0.000000e+00 -1.000000e+00
   outer loop
     vertex  1.317065e+01 -2.398533e+01  1.300000e+01
     vertex  2.312954e+01 -3.421394e+01  1.300000e+01
     vertex  2.312221e+01 -3.425164e+01  1.300000e+01
   endloop
 endfacet
 facet normal  0.000000e+00 -0.000000e+00 -1.000000e+00
   outer loop
     vertex  1.317065e+01 -2.398533e+01  1.300000e+01
     vertex  2.312221e+01 -3.425164e+01  1.300000e+01
     vertex  1.314355e+01 -2.398964e+01  1.300000e+01
   endloop
 endfacet
 facet normal  0.000000e+00  0.000000e+00 -1.000000e+00
   outer loop
     vertex  1.201586e+01 -2.282260e+01  1.300000e+01
     vertex  1.201136e+01 -2.284967e+01  1.300000e+01
     vertex  1.050000e+00 -3.995000e+01  1.300000e+01
   endloop
 endfacet
 facet normal  0.000000e+00  0.000000e+00 -1.000000e+00
   outer loop
     vertex  1.319761e+01 -2.398028e+01  1.300000e+01
     vertex  2.313790e+01 -3.417645e+01  1.300000e+01
     vertex  2.312954e+01 -3.421394e+01  1.300000e+01
   endloop
 endfacet
 facet normal  0.000000e+00 -0.000000e+00 -1.000000e+00
   outer loop
     vertex  1.319761e+01 -2.398028e+01  1.300000e+01
     vertex  2.312954e+01 -3.421394e+01  1.300000e+01
     vertex  1.317065e+01 -2.398533e+01  1.300000e+01
   endloop
 endfacet
 facet normal  0.000000e+00  0.000000e+00 -1.000000e+00
   outer loop
     vertex  1.202110e+01 -2.279567e+01  1.300000e+01
     vertex  1.201586e+01 -2.282260e+01  1.300000e+01
     vertex  1.050000e+00 -3.995000e+01  1.300000e+01
   endloop
 endfacet
 facet normal  0.000000e+00  0.000000e+00 -1.000000e+00
   outer loop
     vertex  1.322443e+01 -2.397449e+01  1.300000e+01
     vertex  2.314729e+01 -3.413920e+01  1.300000e+01
     vertex  2.313790e+01 -3.417645e+01  1.300000e+01
   endloop
 endfacet
 facet normal  0.000000e+00 -0.000000e+00 -1.000000e+00
   outer loop
     vertex  1.322443e+01 -2.397449e+01  1.300000e+01
     vertex  2.313790e+01 -3.417645e+01  1.300000e+01
     vertex  1.319761e+01 -2.398028e+01  1.300000e+01
   endloop
 endfacet
 facet normal  0.000000e+00  0.000000e+00 -1.000000e+00
   outer loop
     vertex  1.325108e+01 -2.396797e+01  1.300000e+01
     vertex  2.315770e+01 -3.410223e+01  1.300000e+01
     vertex  2.314729e+01 -3.413920e+01  1.300000e+01
   endloop
 endfacet
 facet normal  0.000000e+00 -0.000000e+00 -1.000000e+00
   outer loop
     vertex  1.325108e+01 -2.396797e+01  1.300000e+01
     vertex  2.314729e+01 -3.413920e+01  1.300000e+01
     vertex  1.322443e+01 -2.397449e+01  1.300000e+01
   endloop
 endfacet
 facet normal  0.000000e+00 -0.000000e+00 -1.000000e+00
   outer loop
     vertex  1.327754e+01 -2.396071e+01  1.300000e+01
     vertex  2.315770e+01 -3.410223e+01  1.300000e+01
     vertex  1.325108e+01 -2.396797e+01  1.300000e+01
   endloop
 endfacet
 facet normal  0.000000e+00  0.000000e+00 -1.000000e+00
   outer loop
     vertex  3.095000e+01 -3.995000e+01  1.300000e+01
     vertex  2.539417e+01 -3.557725e+01  1.300000e+01
     vertex  2.542338e+01 -3.555231e+01  1.300000e+01
   endloop
 endfacet
 facet normal  0.000000e+00  0.000000e+00 -1.000000e+00
   outer loop
     vertex  3.095000e+01 -3.995000e+01  1.300000e+01
     vertex  2.542338e+01 -3.555231e+01  1.300000e+01
     vertex  2.545191e+01 -3.552658e+01  1.300000e+01
   endloop
 endfacet
 facet normal  0.000000e+00  0.000000e+00 -1.000000e+00
   outer loop
     vertex  3.095000e+01 -3.995000e+01  1.300000e+01
     vertex  2.545191e+01 -3.552658e+01  1.300000e+01
     vertex  2.547971e+01 -3.550008e+01  1.300000e+01
   endloop
 endfacet
 facet normal  0.000000e+00  0.000000e+00 -1.000000e+00
   outer loop
     vertex  3.095000e+01 -3.995000e+01  1.300000e+01
     vertex  2.547971e+01 -3.550008e+01  1.300000e+01
     vertex  2.550678e+01 -3.547283e+01  1.300000e+01
   endloop
 endfacet
 facet normal  0.000000e+00  0.000000e+00 -1.000000e+00
   outer loop
     vertex  3.095000e+01 -3.995000e+01  1.300000e+01
     vertex  2.550678e+01 -3.547283e+01  1.300000e+01
     vertex  2.553309e+01 -3.544484e+01  1.300000e+01
   endloop
 endfacet
 facet normal  0.000000e+00  0.000000e+00 -1.000000e+00
   outer loop
     vertex  3.095000e+01 -3.995000e+01  1.300000e+01
     vertex  2.553309e+01 -3.544484e+01  1.300000e+01
     vertex  2.555862e+01 -3.541615e+01  1.300000e+01
   endloop
 endfacet
 facet normal  0.000000e+00  0.000000e+00 -1.000000e+00
   outer loop
     vertex  3.095000e+01 -3.995000e+01  1.300000e+01
     vertex  2.555862e+01 -3.541615e+01  1.300000e+01
     vertex  2.558336e+01 -3.538676e+01  1.300000e+01
   endloop
 endfacet
 facet normal  0.000000e+00  0.000000e+00 -1.000000e+00
   outer loop
     vertex  3.095000e+01 -3.995000e+01  1.300000e+01
     vertex  2.558336e+01 -3.538676e+01  1.300000e+01
     vertex  2.560728e+01 -3.535670e+01  1.300000e+01
   endloop
 endfacet
 facet normal  0.000000e+00  0.000000e+00 -1.000000e+00
   outer loop
     vertex  3.095000e+01 -3.995000e+01  1.300000e+01
     vertex  2.560728e+01 -3.535670e+01  1.300000e+01
     vertex  2.563036e+01 -3.532600e+01  1.300000e+01
   endloop
 endfacet
 facet normal  0.000000e+00  0.000000e+00 -1.000000e+00
   outer loop
     vertex  3.095000e+01 -3.995000e+01  1.300000e+01
     vertex  2.563036e+01 -3.532600e+01  1.300000e+01
     vertex  2.565260e+01 -3.529468e+01  1.300000e+01
   endloop
 endfacet
 facet normal  0.000000e+00  0.000000e+00 -1.000000e+00
   outer loop
     vertex  3.095000e+01 -3.995000e+01  1.300000e+01
     vertex  2.565260e+01 -3.529468e+01  1.300000e+01
     vertex  2.567396e+01 -3.526276e+01  1.300000e+01
   endloop
 endfacet
 facet normal  0.000000e+00  0.000000e+00 -1.000000e+00
   outer loop
     vertex  3.095000e+01 -3.995000e+01  1.300000e+01
     vertex  2.567396e+01 -3.526276e+01  1.300000e+01
     vertex  2.569445e+01 -3.523027e+01  1.300000e+01
   endloop
 endfacet
 facet normal  0.000000e+00  0.000000e+00 -1.000000e+00
   outer loop
     vertex  3.095000e+01 -3.995000e+01  1.300000e+01
     vertex  2.569445e+01 -3.523027e+01  1.300000e+01
     vertex  2.571403e+01 -3.519723e+01  1.300000e+01
   endloop
 endfacet
 facet normal  0.000000e+00  0.000000e+00 -1.000000e+00
   outer loop
     vertex  3.095000e+01 -3.995000e+01  1.300000e+01
     vertex  2.571403e+01 -3.519723e+01  1.300000e+01
     vertex  2.573270e+01 -3.516366e+01  1.300000e+01
   endloop
 endfacet
 facet normal  0.000000e+00  0.000000e+00 -1.000000e+00
   outer loop
     vertex  3.095000e+01 -3.995000e+01  1.300000e+01
     vertex  2.573270e+01 -3.516366e+01  1.300000e+01
     vertex  2.575045e+01 -3.512959e+01  1.300000e+01
   endloop
 endfacet
 facet normal  0.000000e+00  0.000000e+00 -1.000000e+00
   outer loop
     vertex  3.095000e+01 -3.995000e+01  1.300000e+01
     vertex  2.575045e+01 -3.512959e+01  1.300000e+01
     vertex  2.576725e+01 -3.509505e+01  1.300000e+01
   endloop
 endfacet
 facet normal  0.000000e+00  0.000000e+00 -1.000000e+00
   outer loop
     vertex  3.095000e+01 -3.995000e+01  1.300000e+01
     vertex  2.576725e+01 -3.509505e+01  1.300000e+01
     vertex  2.578310e+01 -3.506006e+01  1.300000e+01
   endloop
 endfacet
 facet normal  0.000000e+00  0.000000e+00 -1.000000e+00
   outer loop
     vertex  3.095000e+01 -3.995000e+01  1.300000e+01
     vertex  2.578310e+01 -3.506006e+01  1.300000e+01
     vertex  2.579798e+01 -3.502465e+01  1.300000e+01
   endloop
 endfacet
 facet normal  0.000000e+00  0.000000e+00 -1.000000e+00
   outer loop
     vertex  3.095000e+01 -3.995000e+01  1.300000e+01
     vertex  2.579798e+01 -3.502465e+01  1.300000e+01
     vertex  2.581188e+01 -3.498884e+01  1.300000e+01
   endloop
 endfacet
 facet normal  0.000000e+00  0.000000e+00 -1.000000e+00
   outer loop
     vertex  3.095000e+01 -3.995000e+01  1.300000e+01
     vertex  2.581188e+01 -3.498884e+01  1.300000e+01
     vertex  2.582480e+01 -3.495267e+01  1.300000e+01
   endloop
 endfacet
 facet normal  0.000000e+00  0.000000e+00 -1.000000e+00
   outer loop
     vertex  3.095000e+01 -3.995000e+01  1.300000e+01
     vertex  2.582480e+01 -3.495267e+01  1.300000e+01
     vertex  2.583672e+01 -3.491615e+01  1.300000e+01
   endloop
 endfacet
 facet normal  0.000000e+00  0.000000e+00 -1.000000e+00
   outer loop
     vertex  3.095000e+01 -3.995000e+01  1.300000e+01
     vertex  2.583672e+01 -3.491615e+01  1.300000e+01
     vertex  2.584763e+01 -3.487932e+01  1.300000e+01
   endloop
 endfacet
 facet normal  0.000000e+00  0.000000e+00 -1.000000e+00
   outer loop
     vertex  3.095000e+01 -3.995000e+01  1.300000e+01
     vertex  1.050000e+00 -3.995000e+01  1.300000e+01
     vertex  2.402017e+01 -3.581520e+01  1.300000e+01
   endloop
 endfacet
 facet normal  0.000000e+00  0.000000e+00 -1.000000e+00
   outer loop
     vertex  3.095000e+01 -3.995000e+01  1.300000e+01
     vertex  2.402017e+01 -3.581520e+01  1.300000e+01
     vertex  2.405643e+01 -3.582787e+01  1.300000e+01
   endloop
 endfacet
 facet normal  0.000000e+00  0.000000e+00 -1.000000e+00
   outer loop
     vertex  3.095000e+01 -3.995000e+01  1.300000e+01
     vertex  2.405643e+01 -3.582787e+01  1.300000e+01
     vertex  2.409303e+01 -3.583954e+01  1.300000e+01
   endloop
 endfacet
 facet normal  0.000000e+00  0.000000e+00 -1.000000e+00
   outer loop
     vertex  3.095000e+01 -3.995000e+01  1.300000e+01
     vertex  2.409303e+01 -3.583954e+01  1.300000e+01
     vertex  2.412993e+01 -3.585020e+01  1.300000e+01
   endloop
 endfacet
 facet normal  0.000000e+00  0.000000e+00 -1.000000e+00
   outer loop
     vertex  3.095000e+01 -3.995000e+01  1.300000e+01
     vertex  2.412993e+01 -3.585020e+01  1.300000e+01
     vertex  2.416711e+01 -3.585985e+01  1.300000e+01
   endloop
 endfacet
 facet normal  0.000000e+00  0.000000e+00 -1.000000e+00
   outer loop
     vertex  3.095000e+01 -3.995000e+01  1.300000e+01
     vertex  2.416711e+01 -3.585985e+01  1.300000e+01
     vertex  2.420454e+01 -3.586847e+01  1.300000e+01
   endloop
 endfacet
 facet normal  0.000000e+00  0.000000e+00 -1.000000e+00
   outer loop
     vertex  3.095000e+01 -3.995000e+01  1.300000e+01
     vertex  2.420454e+01 -3.586847e+01  1.300000e+01
     vertex  2.424220e+01 -3.587606e+01  1.300000e+01
   endloop
 endfacet
 facet normal  0.000000e+00  0.000000e+00 -1.000000e+00
   outer loop
     vertex  3.095000e+01 -3.995000e+01  1.300000e+01
     vertex  2.424220e+01 -3.587606e+01  1.300000e+01
     vertex  2.428004e+01 -3.588261e+01  1.300000e+01
   endloop
 endfacet
 facet normal  0.000000e+00  0.000000e+00 -1.000000e+00
   outer loop
     vertex  3.095000e+01 -3.995000e+01  1.300000e+01
     vertex  2.428004e+01 -3.588261e+01  1.300000e+01
     vertex  2.431806e+01 -3.588813e+01  1.300000e+01
   endloop
 endfacet
 facet normal  0.000000e+00  0.000000e+00 -1.000000e+00
   outer loop
     vertex  3.095000e+01 -3.995000e+01  1.300000e+01
     vertex  2.431806e+01 -3.588813e+01  1.300000e+01
     vertex  2.435621e+01 -3.589260e+01  1.300000e+01
   endloop
 endfacet
 facet normal  0.000000e+00  0.000000e+00 -1.000000e+00
   outer loop
     vertex  3.095000e+01 -3.995000e+01  1.300000e+01
     vertex  2.435621e+01 -3.589260e+01  1.300000e+01
     vertex  2.439447e+01 -3.589602e+01  1.300000e+01
   endloop
 endfacet
 facet normal  0.000000e+00  0.000000e+00 -1.000000e+00
   outer loop
     vertex  3.095000e+01 -3.995000e+01  1.300000e+01
     vertex  2.439447e+01 -3.589602e+01  1.300000e+01
     vertex  2.443280e+01 -3.589839e+01  1.300000e+01
   endloop
 endfacet
 facet normal  0.000000e+00  0.000000e+00 -1.000000e+00
   outer loop
     vertex  3.095000e+01 -3.995000e+01  1.300000e+01
     vertex  2.443280e+01 -3.589839e+01  1.300000e+01
     vertex  2.447119e+01 -3.589970e+01  1.300000e+01
   endloop
 endfacet
 facet normal  0.000000e+00  0.000000e+00 -1.000000e+00
   outer loop
     vertex  3.095000e+01 -3.995000e+01  1.300000e+01
     vertex  2.447119e+01 -3.589970e+01  1.300000e+01
     vertex  2.450960e+01 -3.589997e+01  1.300000e+01
   endloop
 endfacet
 facet normal  0.000000e+00  0.000000e+00 -1.000000e+00
   outer loop
     vertex  3.095000e+01 -3.995000e+01  1.300000e+01
     vertex  2.450960e+01 -3.589997e+01  1.300000e+01
     vertex  2.454801e+01 -3.589918e+01  1.300000e+01
   endloop
 endfacet
 facet normal  0.000000e+00  0.000000e+00 -1.000000e+00
   outer loop
     vertex  3.095000e+01 -3.995000e+01  1.300000e+01
     vertex  2.454801e+01 -3.589918e+01  1.300000e+01
     vertex  2.458637e+01 -3.589733e+01  1.300000e+01
   endloop
 endfacet
 facet normal  0.000000e+00  0.000000e+00 -1.000000e+00
   outer loop
     vertex  3.095000e+01 -3.995000e+01  1.300000e+01
     vertex  2.458637e+01 -3.589733e+01  1.300000e+01
     vertex  2.462468e+01 -3.589444e+01  1.300000e+01
   endloop
 endfacet
 facet normal  0.000000e+00  0.000000e+00 -1.000000e+00
   outer loop
     vertex  3.095000e+01 -3.995000e+01  1.300000e+01
     vertex  2.462468e+01 -3.589444e+01  1.300000e+01
     vertex  2.466288e+01 -3.589049e+01  1.300000e+01
   endloop
 endfacet
 facet normal  0.000000e+00  0.000000e+00 -1.000000e+00
   outer loop
     vertex  3.095000e+01 -3.995000e+01  1.300000e+01
     vertex  2.466288e+01 -3.589049e+01  1.300000e+01
     vertex  2.470097e+01 -3.588550e+01  1.300000e+01
   endloop
 endfacet
 facet normal  0.000000e+00  0.000000e+00 -1.000000e+00
   outer loop
     vertex  3.095000e+01 -3.995000e+01  1.300000e+01
     vertex  2.470097e+01 -3.588550e+01  1.300000e+01
     vertex  2.473890e+01 -3.587947e+01  1.300000e+01
   endloop
 endfacet
 facet normal  0.000000e+00  0.000000e+00 -1.000000e+00
   outer loop
     vertex  3.095000e+01 -3.995000e+01  1.300000e+01
     vertex  2.473890e+01 -3.587947e+01  1.300000e+01
     vertex  2.477666e+01 -3.587239e+01  1.300000e+01
   endloop
 endfacet
 facet normal  0.000000e+00  0.000000e+00 -1.000000e+00
   outer loop
     vertex  3.095000e+01 -3.995000e+01  1.300000e+01
     vertex  2.477666e+01 -3.587239e+01  1.300000e+01
     vertex  2.481420e+01 -3.586429e+01  1.300000e+01
   endloop
 endfacet
 facet normal  0.000000e+00  0.000000e+00 -1.000000e+00
   outer loop
     vertex  3.095000e+01 -3.995000e+01  1.300000e+01
     vertex  2.481420e+01 -3.586429e+01  1.300000e+01
     vertex  2.485151e+01 -3.585515e+01  1.300000e+01
   endloop
 endfacet
 facet normal  0.000000e+00  0.000000e+00 -1.000000e+00
   outer loop
     vertex  3.095000e+01 -3.995000e+01  1.300000e+01
     vertex  2.485151e+01 -3.585515e+01  1.300000e+01
     vertex  2.488856e+01 -3.584500e+01  1.300000e+01
   endloop
 endfacet
 facet normal  0.000000e+00  0.000000e+00 -1.000000e+00
   outer loop
     vertex  3.095000e+01 -3.995000e+01  1.300000e+01
     vertex  2.488856e+01 -3.584500e+01  1.300000e+01
     vertex  2.492531e+01 -3.583383e+01  1.300000e+01
   endloop
 endfacet
 facet normal  0.000000e+00  0.000000e+00 -1.000000e+00
   outer loop
     vertex  3.095000e+01 -3.995000e+01  1.300000e+01
     vertex  2.492531e+01 -3.583383e+01  1.300000e+01
     vertex  2.496174e+01 -3.582166e+01  1.300000e+01
   endloop
 endfacet
 facet normal  0.000000e+00  0.000000e+00 -1.000000e+00
   outer loop
     vertex  3.095000e+01 -3.995000e+01  1.300000e+01
     vertex  2.496174e+01 -3.582166e+01  1.300000e+01
     vertex  2.499783e+01 -3.580850e+01  1.300000e+01
   endloop
 endfacet
 facet normal  0.000000e+00  0.000000e+00 -1.000000e+00
   outer loop
     vertex  3.095000e+01 -3.995000e+01  1.300000e+01
     vertex  2.499783e+01 -3.580850e+01  1.300000e+01
     vertex  2.503354e+01 -3.579435e+01  1.300000e+01
   endloop
 endfacet
 facet normal  0.000000e+00  0.000000e+00 -1.000000e+00
   outer loop
     vertex  3.095000e+01 -3.995000e+01  1.300000e+01
     vertex  2.503354e+01 -3.579435e+01  1.300000e+01
     vertex  2.506885e+01 -3.577922e+01  1.300000e+01
   endloop
 endfacet
 facet normal  0.000000e+00  0.000000e+00 -1.000000e+00
   outer loop
     vertex  3.095000e+01 -3.995000e+01  1.300000e+01
     vertex  2.506885e+01 -3.577922e+01  1.300000e+01
     vertex  2.510373e+01 -3.576314e+01  1.300000e+01
   endloop
 endfacet
 facet normal  0.000000e+00  0.000000e+00 -1.000000e+00
   outer loop
     vertex  3.095000e+01 -3.995000e+01  1.300000e+01
     vertex  2.510373e+01 -3.576314e+01  1.300000e+01
     vertex  2.513815e+01 -3.574610e+01  1.300000e+01
   endloop
 endfacet
 facet normal  0.000000e+00  0.000000e+00 -1.000000e+00
   outer loop
     vertex  3.095000e+01 -3.995000e+01  1.300000e+01
     vertex  2.513815e+01 -3.574610e+01  1.300000e+01
     vertex  2.517210e+01 -3.572812e+01  1.300000e+01
   endloop
 endfacet
 facet normal  0.000000e+00  0.000000e+00 -1.000000e+00
   outer loop
     vertex  3.095000e+01 -3.995000e+01  1.300000e+01
     vertex  2.517210e+01 -3.572812e+01  1.300000e+01
     vertex  2.520554e+01 -3.570922e+01  1.300000e+01
   endloop
 endfacet
 facet normal  0.000000e+00  0.000000e+00 -1.000000e+00
   outer loop
     vertex  3.095000e+01 -3.995000e+01  1.300000e+01
     vertex  2.520554e+01 -3.570922e+01  1.300000e+01
     vertex  2.523845e+01 -3.568941e+01  1.300000e+01
   endloop
 endfacet
 facet normal  0.000000e+00  0.000000e+00 -1.000000e+00
   outer loop
     vertex  3.095000e+01 -3.995000e+01  1.300000e+01
     vertex  2.523845e+01 -3.568941e+01  1.300000e+01
     vertex  2.527080e+01 -3.566870e+01  1.300000e+01
   endloop
 endfacet
 facet normal  0.000000e+00  0.000000e+00 -1.000000e+00
   outer loop
     vertex  3.095000e+01 -3.995000e+01  1.300000e+01
     vertex  2.527080e+01 -3.566870e+01  1.300000e+01
     vertex  2.530257e+01 -3.564712e+01  1.300000e+01
   endloop
 endfacet
 facet normal  0.000000e+00  0.000000e+00 -1.000000e+00
   outer loop
     vertex  3.095000e+01 -3.995000e+01  1.300000e+01
     vertex  2.530257e+01 -3.564712e+01  1.300000e+01
     vertex  2.533374e+01 -3.562467e+01  1.300000e+01
   endloop
 endfacet
 facet normal  0.000000e+00  0.000000e+00 -1.000000e+00
   outer loop
     vertex  3.095000e+01 -3.995000e+01  1.300000e+01
     vertex  2.533374e+01 -3.562467e+01  1.300000e+01
     vertex  2.536428e+01 -3.560137e+01  1.300000e+01
   endloop
 endfacet
 facet normal  0.000000e+00  0.000000e+00 -1.000000e+00
   outer loop
     vertex  3.095000e+01 -3.995000e+01  1.300000e+01
     vertex  2.536428e+01 -3.560137e+01  1.300000e+01
     vertex  2.539417e+01 -3.557725e+01  1.300000e+01
   endloop
 endfacet
 facet normal  0.000000e+00 -0.000000e+00 -1.000000e+00
   outer loop
     vertex  2.585753e+01 -3.484221e+01  1.300000e+01
     vertex  3.095000e+01 -3.995000e+01  1.300000e+01
     vertex  2.584763e+01 -3.487932e+01  1.300000e+01
   endloop
 endfacet
 facet normal  0.000000e+00 -0.000000e+00 -1.000000e+00
   outer loop
     vertex  2.586641e+01 -3.480484e+01  1.300000e+01
     vertex  3.095000e+01 -3.995000e+01  1.300000e+01
     vertex  2.585753e+01 -3.484221e+01  1.300000e+01
   endloop
 endfacet
 facet normal  0.000000e+00 -0.000000e+00 -1.000000e+00
   outer loop
     vertex  2.587426e+01 -3.476724e+01  1.300000e+01
     vertex  3.095000e+01 -3.995000e+01  1.300000e+01
     vertex  2.586641e+01 -3.480484e+01  1.300000e+01
   endloop
 endfacet
 facet normal  0.000000e+00 -0.000000e+00 -1.000000e+00
   outer loop
     vertex  2.588107e+01 -3.472944e+01  1.300000e+01
     vertex  3.095000e+01 -3.995000e+01  1.300000e+01
     vertex  2.587426e+01 -3.476724e+01  1.300000e+01
   endloop
 endfacet
 facet normal  0.000000e+00 -0.000000e+00 -1.000000e+00
   outer loop
     vertex  2.588685e+01 -3.469146e+01  1.300000e+01
     vertex  3.095000e+01 -3.995000e+01  1.300000e+01
     vertex  2.588107e+01 -3.472944e+01  1.300000e+01
   endloop
 endfacet
 facet normal  0.000000e+00 -0.000000e+00 -1.000000e+00
   outer loop
     vertex  2.589158e+01 -3.465334e+01  1.300000e+01
     vertex  3.095000e+01 -3.995000e+01  1.300000e+01
     vertex  2.588685e+01 -3.469146e+01  1.300000e+01
   endloop
 endfacet
 facet normal  0.000000e+00 -0.000000e+00 -1.000000e+00
   outer loop
     vertex  2.589526e+01 -3.461511e+01  1.300000e+01
     vertex  3.095000e+01 -3.995000e+01  1.300000e+01
     vertex  2.589158e+01 -3.465334e+01  1.300000e+01
   endloop
 endfacet
 facet normal  0.000000e+00 -0.000000e+00 -1.000000e+00
   outer loop
     vertex  2.589789e+01 -3.457679e+01  1.300000e+01
     vertex  3.095000e+01 -3.995000e+01  1.300000e+01
     vertex  2.589526e+01 -3.461511e+01  1.300000e+01
   endloop
 endfacet
 facet normal  0.000000e+00 -0.000000e+00 -1.000000e+00
   outer loop
     vertex  2.589947e+01 -3.453841e+01  1.300000e+01
     vertex  3.095000e+01 -3.995000e+01  1.300000e+01
     vertex  2.589789e+01 -3.457679e+01  1.300000e+01
   endloop
 endfacet
 facet normal  0.000000e+00 -0.000000e+00 -1.000000e+00
   outer loop
     vertex  2.590000e+01 -3.450000e+01  1.300000e+01
     vertex  3.095000e+01 -3.995000e+01  1.300000e+01
     vertex  2.589947e+01 -3.453841e+01  1.300000e+01
   endloop
 endfacet
 facet normal  0.000000e+00  0.000000e+00 -1.000000e+00
   outer loop
     vertex  2.589947e+01 -3.446159e+01  1.300000e+01
     vertex  3.095000e+01 -3.995000e+01  1.300000e+01
     vertex  2.590000e+01 -3.450000e+01  1.300000e+01
   endloop
 endfacet
 facet normal  0.000000e+00  0.000000e+00 -1.000000e+00
   outer loop
     vertex  2.589789e+01 -3.442321e+01  1.300000e+01
     vertex  3.095000e+01 -3.995000e+01  1.300000e+01
     vertex  2.589947e+01 -3.446159e+01  1.300000e+01
   endloop
 endfacet
 facet normal  0.000000e+00  0.000000e+00 -1.000000e+00
   outer loop
     vertex  2.589526e+01 -3.438489e+01  1.300000e+01
     vertex  3.095000e+01 -3.995000e+01  1.300000e+01
     vertex  2.589789e+01 -3.442321e+01  1.300000e+01
   endloop
 endfacet
 facet normal  0.000000e+00  0.000000e+00 -1.000000e+00
   outer loop
     vertex  2.589158e+01 -3.434666e+01  1.300000e+01
     vertex  3.095000e+01 -3.995000e+01  1.300000e+01
     vertex  2.589526e+01 -3.438489e+01  1.300000e+01
   endloop
 endfacet
 facet normal  0.000000e+00  0.000000e+00 -1.000000e+00
   outer loop
     vertex  2.588685e+01 -3.430854e+01  1.300000e+01
     vertex  3.095000e+01 -3.995000e+01  1.300000e+01
     vertex  2.589158e+01 -3.434666e+01  1.300000e+01
   endloop
 endfacet
 facet normal  0.000000e+00  0.000000e+00 -1.000000e+00
   outer loop
     vertex  2.588107e+01 -3.427056e+01  1.300000e+01
     vertex  3.095000e+01 -3.995000e+01  1.300000e+01
     vertex  2.588685e+01 -3.430854e+01  1.300000e+01
   endloop
 endfacet
 facet normal  0.000000e+00  0.000000e+00 -1.000000e+00
   outer loop
     vertex  2.587426e+01 -3.423276e+01  1.300000e+01
     vertex  3.095000e+01 -3.995000e+01  1.300000e+01
     vertex  2.588107e+01 -3.427056e+01  1.300000e+01
   endloop
 endfacet
 facet normal  0.000000e+00  0.000000e+00 -1.000000e+00
   outer loop
     vertex  2.586641e+01 -3.419516e+01  1.300000e+01
     vertex  3.095000e+01 -3.995000e+01  1.300000e+01
     vertex  2.587426e+01 -3.423276e+01  1.300000e+01
   endloop
 endfacet
 facet normal  0.000000e+00  0.000000e+00 -1.000000e+00
   outer loop
     vertex  2.585753e+01 -3.415779e+01  1.300000e+01
     vertex  3.095000e+01 -3.995000e+01  1.300000e+01
     vertex  2.586641e+01 -3.419516e+01  1.300000e+01
   endloop
 endfacet
 facet normal  0.000000e+00  0.000000e+00 -1.000000e+00
   outer loop
     vertex  2.584763e+01 -3.412068e+01  1.300000e+01
     vertex  3.095000e+01 -3.995000e+01  1.300000e+01
     vertex  2.585753e+01 -3.415779e+01  1.300000e+01
   endloop
 endfacet
 facet normal -0.000000e+00  0.000000e+00 -1.000000e+00
   outer loop
     vertex  2.353410e+01 -3.001343e+01  1.300000e+01
     vertex  2.350666e+01 -3.351345e+01  1.300000e+01
     vertex  2.350666e+01 -2.998655e+01  1.300000e+01
   endloop
 endfacet
 facet normal  0.000000e+00 -0.000000e+00 -1.000000e+00
   outer loop
     vertex  2.353410e+01 -3.001343e+01  1.300000e+01
     vertex  2.356227e+01 -3.346045e+01  1.300000e+01
     vertex  2.353410e+01 -3.348657e+01  1.300000e+01
   endloop
 endfacet
 facet normal  0.000000e+00  0.000000e+00 -1.000000e+00
   outer loop
     vertex  2.353410e+01 -3.001343e+01  1.300000e+01
     vertex  2.353410e+01 -3.348657e+01  1.300000e+01
     vertex  2.350666e+01 -3.351345e+01  1.300000e+01
   endloop
 endfacet
 facet normal  0.000000e+00  0.000000e+00 -1.000000e+00
   outer loop
     vertex  2.347997e+01 -2.995893e+01  1.300000e+01
     vertex  2.350666e+01 -2.998655e+01  1.300000e+01
     vertex  2.350666e+01 -3.351345e+01  1.300000e+01
   endloop
 endfacet
 facet normal  0.000000e+00 -0.000000e+00 -1.000000e+00
   outer loop
     vertex  2.347997e+01 -2.995893e+01  1.300000e+01
     vertex  2.350666e+01 -3.351345e+01  1.300000e+01
     vertex  2.347997e+01 -3.354107e+01  1.300000e+01
   endloop
 endfacet
 facet normal -0.000000e+00  0.000000e+00 -1.000000e+00
   outer loop
     vertex  2.356227e+01 -3.003955e+01  1.300000e+01
     vertex  2.356227e+01 -3.346045e+01  1.300000e+01
     vertex  2.353410e+01 -3.001343e+01  1.300000e+01
   endloop
 endfacet
 facet normal  0.000000e+00 -0.000000e+00 -1.000000e+00
   outer loop
     vertex  2.356227e+01 -3.003955e+01  1.300000e+01
     vertex  2.359114e+01 -3.343512e+01  1.300000e+01
     vertex  2.356227e+01 -3.346045e+01  1.300000e+01
   endloop
 endfacet
 facet normal  0.000000e+00  0.000000e+00 -1.000000e+00
   outer loop
     vertex  2.345405e+01 -2.993058e+01  1.300000e+01
     vertex  2.347997e+01 -2.995893e+01  1.300000e+01
     vertex  2.347997e+01 -3.354107e+01  1.300000e+01
   endloop
 endfacet
 facet normal  0.000000e+00 -0.000000e+00 -1.000000e+00
   outer loop
     vertex  2.345405e+01 -2.993058e+01  1.300000e+01
     vertex  2.347997e+01 -3.354107e+01  1.300000e+01
     vertex  2.345405e+01 -3.356942e+01  1.300000e+01
   endloop
 endfacet
 facet normal -0.000000e+00  0.000000e+00 -1.000000e+00
   outer loop
     vertex  2.359114e+01 -3.006488e+01  1.300000e+01
     vertex  2.359114e+01 -3.343512e+01  1.300000e+01
     vertex  2.356227e+01 -3.003955e+01  1.300000e+01
   endloop
 endfacet
 facet normal  0.000000e+00  0.000000e+00 -1.000000e+00
   outer loop
     vertex  2.342891e+01 -2.990154e+01  1.300000e+01
     vertex  2.345405e+01 -2.993058e+01  1.300000e+01
     vertex  2.345405e+01 -3.356942e+01  1.300000e+01
   endloop
 endfacet
 facet normal  0.000000e+00 -0.000000e+00 -1.000000e+00
   outer loop
     vertex  2.342891e+01 -2.990154e+01  1.300000e+01
     vertex  2.345405e+01 -3.356942e+01  1.300000e+01
     vertex  2.342891e+01 -3.359846e+01  1.300000e+01
   endloop
 endfacet
 facet normal -0.000000e+00  0.000000e+00 -1.000000e+00
   outer loop
     vertex  2.362069e+01 -3.008941e+01  1.300000e+01
     vertex  2.359114e+01 -3.343512e+01  1.300000e+01
     vertex  2.359114e+01 -3.006488e+01  1.300000e+01
   endloop
 endfacet
 facet normal  0.000000e+00  0.000000e+00 -1.000000e+00
   outer loop
     vertex  2.362069e+01 -3.008941e+01  1.300000e+01
     vertex  2.362069e+01 -3.341059e+01  1.300000e+01
     vertex  2.359114e+01 -3.343512e+01  1.300000e+01
   endloop
 endfacet
 facet normal  0.000000e+00  0.000000e+00 -1.000000e+00
   outer loop
     vertex  2.340458e+01 -2.987181e+01  1.300000e+01
     vertex  2.342891e+01 -2.990154e+01  1.300000e+01
     vertex  2.342891e+01 -3.359846e+01  1.300000e+01
   endloop
 endfacet
 facet normal  0.000000e+00 -0.000000e+00 -1.000000e+00
   outer loop
     vertex  2.340458e+01 -2.987181e+01  1.300000e+01
     vertex  2.342891e+01 -3.359846e+01  1.300000e+01
     vertex  2.340458e+01 -3.362819e+01  1.300000e+01
   endloop
 endfacet
 facet normal -0.000000e+00  0.000000e+00 -1.000000e+00
   outer loop
     vertex  2.365091e+01 -3.011313e+01  1.300000e+01
     vertex  2.362069e+01 -3.341059e+01  1.300000e+01
     vertex  2.362069e+01 -3.008941e+01  1.300000e+01
   endloop
 endfacet
 facet normal  0.000000e+00  0.000000e+00 -1.000000e+00
   outer loop
     vertex  2.365091e+01 -3.011313e+01  1.300000e+01
     vertex  2.365091e+01 -3.338687e+01  1.300000e+01
     vertex  2.362069e+01 -3.341059e+01  1.300000e+01
   endloop
 endfacet
 facet normal  0.000000e+00  0.000000e+00 -1.000000e+00
   outer loop
     vertex  2.338108e+01 -2.984143e+01  1.300000e+01
     vertex  2.340458e+01 -2.987181e+01  1.300000e+01
     vertex  2.340458e+01 -3.362819e+01  1.300000e+01
   endloop
 endfacet
 facet normal  0.000000e+00 -0.000000e+00 -1.000000e+00
   outer loop
     vertex  2.338108e+01 -2.984143e+01  1.300000e+01
     vertex  2.340458e+01 -3.362819e+01  1.300000e+01
     vertex  2.338108e+01 -3.365857e+01  1.300000e+01
   endloop
 endfacet
 facet normal -0.000000e+00  0.000000e+00 -1.000000e+00
   outer loop
     vertex  2.368177e+01 -3.013600e+01  1.300000e+01
     vertex  2.365091e+01 -3.338687e+01  1.300000e+01
     vertex  2.365091e+01 -3.011313e+01  1.300000e+01
   endloop
 endfacet
 facet normal  0.000000e+00  0.000000e+00 -1.000000e+00
   outer loop
     vertex  2.368177e+01 -3.013600e+01  1.300000e+01
     vertex  2.368177e+01 -3.336400e+01  1.300000e+01
     vertex  2.365091e+01 -3.338687e+01  1.300000e+01
   endloop
 endfacet
 facet normal  0.000000e+00  0.000000e+00 -1.000000e+00
   outer loop
     vertex  2.335841e+01 -2.981042e+01  1.300000e+01
     vertex  2.338108e+01 -2.984143e+01  1.300000e+01
     vertex  2.338108e+01 -3.365857e+01  1.300000e+01
   endloop
 endfacet
 facet normal  0.000000e+00 -0.000000e+00 -1.000000e+00
   outer loop
     vertex  2.335841e+01 -2.981042e+01  1.300000e+01
     vertex  2.338108e+01 -3.365857e+01  1.300000e+01
     vertex  2.335841e+01 -3.368958e+01  1.300000e+01
   endloop
 endfacet
 facet normal  0.000000e+00  0.000000e+00 -1.000000e+00
   outer loop
     vertex  2.335841e+01 -2.981042e+01  1.300000e+01
     vertex  2.335841e+01 -3.368958e+01  1.300000e+01
     vertex  2.333661e+01 -3.372120e+01  1.300000e+01
   endloop
 endfacet
 facet normal -0.000000e+00  0.000000e+00 -1.000000e+00
   outer loop
     vertex  2.371324e+01 -3.015802e+01  1.300000e+01
     vertex  2.368177e+01 -3.336400e+01  1.300000e+01
     vertex  2.368177e+01 -3.013600e+01  1.300000e+01
   endloop
 endfacet
 facet normal  0.000000e+00 -0.000000e+00 -1.000000e+00
   outer loop
     vertex  2.371324e+01 -3.015802e+01  1.300000e+01
     vertex  2.374531e+01 -3.332083e+01  1.300000e+01
     vertex  2.371324e+01 -3.334198e+01  1.300000e+01
   endloop
 endfacet
 facet normal  0.000000e+00  0.000000e+00 -1.000000e+00
   outer loop
     vertex  2.371324e+01 -3.015802e+01  1.300000e+01
     vertex  2.371324e+01 -3.334198e+01  1.300000e+01
     vertex  2.368177e+01 -3.336400e+01  1.300000e+01
   endloop
 endfacet
 facet normal  0.000000e+00 -0.000000e+00 -1.000000e+00
   outer loop
     vertex  2.333661e+01 -2.977880e+01  1.300000e+01
     vertex  2.335841e+01 -2.981042e+01  1.300000e+01
     vertex  2.333661e+01 -3.372120e+01  1.300000e+01
   endloop
 endfacet
 facet normal -0.000000e+00  0.000000e+00 -1.000000e+00
   outer loop
     vertex  2.374531e+01 -3.017917e+01  1.300000e+01
     vertex  2.374531e+01 -3.332083e+01  1.300000e+01
     vertex  2.371324e+01 -3.015802e+01  1.300000e+01
   endloop
 endfacet
 facet normal  0.000000e+00  0.000000e+00 -1.000000e+00
   outer loop
     vertex  2.331568e+01 -2.974659e+01  1.300000e+01
     vertex  2.333661e+01 -2.977880e+01  1.300000e+01
     vertex  2.333661e+01 -3.372120e+01  1.300000e+01
   endloop
 endfacet
 facet normal  0.000000e+00 -0.000000e+00 -1.000000e+00
   outer loop
     vertex  2.331568e+01 -2.974659e+01  1.300000e+01
     vertex  2.333661e+01 -3.372120e+01  1.300000e+01
     vertex  2.331568e+01 -3.375341e+01  1.300000e+01
   endloop
 endfacet
 facet normal -0.000000e+00  0.000000e+00 -1.000000e+00
   outer loop
     vertex  2.377794e+01 -3.019943e+01  1.300000e+01
     vertex  2.374531e+01 -3.332083e+01  1.300000e+01
     vertex  2.374531e+01 -3.017917e+01  1.300000e+01
   endloop
 endfacet
 facet normal  0.000000e+00 -0.000000e+00 -1.000000e+00
   outer loop
     vertex  2.377794e+01 -3.019943e+01  1.300000e+01
     vertex  2.381112e+01 -3.328121e+01  1.300000e+01
     vertex  2.377794e+01 -3.330057e+01  1.300000e+01
   endloop
 endfacet
 facet normal  0.000000e+00  0.000000e+00 -1.000000e+00
   outer loop
     vertex  2.377794e+01 -3.019943e+01  1.300000e+01
     vertex  2.377794e+01 -3.330057e+01  1.300000e+01
     vertex  2.374531e+01 -3.332083e+01  1.300000e+01
   endloop
 endfacet
 facet normal  0.000000e+00  0.000000e+00 -1.000000e+00
   outer loop
     vertex  2.329565e+01 -2.971381e+01  1.300000e+01
     vertex  2.331568e+01 -2.974659e+01  1.300000e+01
     vertex  2.331568e+01 -3.375341e+01  1.300000e+01
   endloop
 endfacet
 facet normal  0.000000e+00 -0.000000e+00 -1.000000e+00
   outer loop
     vertex  2.329565e+01 -2.971381e+01  1.300000e+01
     vertex  2.331568e+01 -3.375341e+01  1.300000e+01
     vertex  2.329565e+01 -3.378619e+01  1.300000e+01
   endloop
 endfacet
 facet normal -0.000000e+00  0.000000e+00 -1.000000e+00
   outer loop
     vertex  2.381112e+01 -3.021879e+01  1.300000e+01
     vertex  2.381112e+01 -3.328121e+01  1.300000e+01
     vertex  2.377794e+01 -3.019943e+01  1.300000e+01
   endloop
 endfacet
 facet normal  0.000000e+00 -0.000000e+00 -1.000000e+00
   outer loop
     vertex  2.381112e+01 -3.021879e+01  1.300000e+01
     vertex  2.384481e+01 -3.326277e+01  1.300000e+01
     vertex  2.381112e+01 -3.328121e+01  1.300000e+01
   endloop
 endfacet
 facet normal  0.000000e+00  0.000000e+00 -1.000000e+00
   outer loop
     vertex  2.327652e+01 -2.968051e+01  1.300000e+01
     vertex  2.329565e+01 -2.971381e+01  1.300000e+01
     vertex  2.329565e+01 -3.378619e+01  1.300000e+01
   endloop
 endfacet
 facet normal  0.000000e+00 -0.000000e+00 -1.000000e+00
   outer loop
     vertex  2.327652e+01 -2.968051e+01  1.300000e+01
     vertex  2.329565e+01 -3.378619e+01  1.300000e+01
     vertex  2.327652e+01 -3.381949e+01  1.300000e+01
   endloop
 endfacet
 facet normal -0.000000e+00  0.000000e+00 -1.000000e+00
   outer loop
     vertex  2.384481e+01 -3.023723e+01  1.300000e+01
     vertex  2.384481e+01 -3.326277e+01  1.300000e+01
     vertex  2.381112e+01 -3.021879e+01  1.300000e+01
   endloop
 endfacet
 facet normal  0.000000e+00 -0.000000e+00 -1.000000e+00
   outer loop
     vertex  2.325831e+01 -2.964668e+01  1.300000e+01
     vertex  2.327652e+01 -3.381949e+01  1.300000e+01
     vertex  2.325831e+01 -3.385332e+01  1.300000e+01
   endloop
 endfacet
 facet normal  0.000000e+00  0.000000e+00 -1.000000e+00
   outer loop
     vertex  2.325831e+01 -2.964668e+01  1.300000e+01
     vertex  2.327652e+01 -2.968051e+01  1.300000e+01
     vertex  2.327652e+01 -3.381949e+01  1.300000e+01
   endloop
 endfacet
 facet normal -0.000000e+00  0.000000e+00 -1.000000e+00
   outer loop
     vertex  2.387900e+01 -3.025474e+01  1.300000e+01
     vertex  2.384481e+01 -3.326277e+01  1.300000e+01
     vertex  2.384481e+01 -3.023723e+01  1.300000e+01
   endloop
 endfacet
 facet normal  0.000000e+00 -0.000000e+00 -1.000000e+00
   outer loop
     vertex  2.387900e+01 -3.025474e+01  1.300000e+01
     vertex  2.391366e+01 -3.322870e+01  1.300000e+01
     vertex  2.387900e+01 -3.324526e+01  1.300000e+01
   endloop
 endfacet
 facet normal  0.000000e+00  0.000000e+00 -1.000000e+00
   outer loop
     vertex  2.387900e+01 -3.025474e+01  1.300000e+01
     vertex  2.387900e+01 -3.324526e+01  1.300000e+01
     vertex  2.384481e+01 -3.326277e+01  1.300000e+01
   endloop
 endfacet
 facet normal  0.000000e+00 -0.000000e+00 -1.000000e+00
   outer loop
     vertex  2.324103e+01 -2.961238e+01  1.300000e+01
     vertex  2.325831e+01 -3.385332e+01  1.300000e+01
     vertex  2.324103e+01 -3.388762e+01  1.300000e+01
   endloop
 endfacet
 facet normal  0.000000e+00  0.000000e+00 -1.000000e+00
   outer loop
     vertex  2.324103e+01 -2.961238e+01  1.300000e+01
     vertex  2.325831e+01 -2.964668e+01  1.300000e+01
     vertex  2.325831e+01 -3.385332e+01  1.300000e+01
   endloop
 endfacet
 facet normal -0.000000e+00  0.000000e+00 -1.000000e+00
   outer loop
     vertex  2.391366e+01 -3.027130e+01  1.300000e+01
     vertex  2.391366e+01 -3.322870e+01  1.300000e+01
     vertex  2.387900e+01 -3.025474e+01  1.300000e+01
   endloop
 endfacet
 facet normal  0.000000e+00 -0.000000e+00 -1.000000e+00
   outer loop
     vertex  2.391366e+01 -3.027130e+01  1.300000e+01
     vertex  2.394876e+01 -3.321309e+01  1.300000e+01
     vertex  2.391366e+01 -3.322870e+01  1.300000e+01
   endloop
 endfacet
 facet normal  0.000000e+00 -0.000000e+00 -1.000000e+00
   outer loop
     vertex  2.322471e+01 -2.957761e+01  1.300000e+01
     vertex  2.324103e+01 -3.388762e+01  1.300000e+01
     vertex  2.322471e+01 -3.392239e+01  1.300000e+01
   endloop
 endfacet
 facet normal  0.000000e+00  0.000000e+00 -1.000000e+00
   outer loop
     vertex  2.322471e+01 -2.957761e+01  1.300000e+01
     vertex  2.322471e+01 -3.392239e+01  1.300000e+01
     vertex  2.320934e+01 -3.395760e+01  1.300000e+01
   endloop
 endfacet
 facet normal  0.000000e+00  0.000000e+00 -1.000000e+00
   outer loop
     vertex  2.322471e+01 -2.957761e+01  1.300000e+01
     vertex  2.324103e+01 -2.961238e+01  1.300000e+01
     vertex  2.324103e+01 -3.388762e+01  1.300000e+01
   endloop
 endfacet
 facet normal -0.000000e+00  0.000000e+00 -1.000000e+00
   outer loop
     vertex  2.394876e+01 -3.028691e+01  1.300000e+01
     vertex  2.394876e+01 -3.321309e+01  1.300000e+01
     vertex  2.391366e+01 -3.027130e+01  1.300000e+01
   endloop
 endfacet
 facet normal  0.000000e+00 -0.000000e+00 -1.000000e+00
   outer loop
     vertex  2.320934e+01 -2.954240e+01  1.300000e+01
     vertex  2.322471e+01 -2.957761e+01  1.300000e+01
     vertex  2.320934e+01 -3.395760e+01  1.300000e+01
   endloop
 endfacet
 facet normal -0.000000e+00  0.000000e+00 -1.000000e+00
   outer loop
     vertex  2.398427e+01 -3.030155e+01  1.300000e+01
     vertex  2.394876e+01 -3.321309e+01  1.300000e+01
     vertex  2.394876e+01 -3.028691e+01  1.300000e+01
   endloop
 endfacet
 facet normal  0.000000e+00 -0.000000e+00 -1.000000e+00
   outer loop
     vertex  2.398427e+01 -3.030155e+01  1.300000e+01
     vertex  2.402017e+01 -3.318480e+01  1.300000e+01
     vertex  2.398427e+01 -3.319845e+01  1.300000e+01
   endloop
 endfacet
 facet normal  0.000000e+00  0.000000e+00 -1.000000e+00
   outer loop
     vertex  2.398427e+01 -3.030155e+01  1.300000e+01
     vertex  2.398427e+01 -3.319845e+01  1.300000e+01
     vertex  2.394876e+01 -3.321309e+01  1.300000e+01
   endloop
 endfacet
 facet normal  0.000000e+00 -0.000000e+00 -1.000000e+00
   outer loop
     vertex  2.319495e+01 -2.950679e+01  1.300000e+01
     vertex  2.320934e+01 -3.395760e+01  1.300000e+01
     vertex  2.319495e+01 -3.399321e+01  1.300000e+01
   endloop
 endfacet
 facet normal  0.000000e+00  0.000000e+00 -1.000000e+00
   outer loop
     vertex  2.319495e+01 -2.950679e+01  1.300000e+01
     vertex  2.320934e+01 -2.954240e+01  1.300000e+01
     vertex  2.320934e+01 -3.395760e+01  1.300000e+01
   endloop
 endfacet
 facet normal -0.000000e+00  0.000000e+00 -1.000000e+00
   outer loop
     vertex  2.402017e+01 -3.031520e+01  1.300000e+01
     vertex  2.402017e+01 -3.318480e+01  1.300000e+01
     vertex  2.398427e+01 -3.030155e+01  1.300000e+01
   endloop
 endfacet
 facet normal  0.000000e+00 -0.000000e+00 -1.000000e+00
   outer loop
     vertex  2.402017e+01 -3.031520e+01  1.300000e+01
     vertex  2.405643e+01 -3.317213e+01  1.300000e+01
     vertex  2.402017e+01 -3.318480e+01  1.300000e+01
   endloop
 endfacet
 facet normal  0.000000e+00  0.000000e+00 -1.000000e+00
   outer loop
     vertex  2.318154e+01 -2.947080e+01  1.300000e+01
     vertex  2.319495e+01 -2.950679e+01  1.300000e+01
     vertex  2.319495e+01 -3.399321e+01  1.300000e+01
   endloop
 endfacet
 facet normal  0.000000e+00 -0.000000e+00 -1.000000e+00
   outer loop
     vertex  2.318154e+01 -2.947080e+01  1.300000e+01
     vertex  2.319495e+01 -3.399321e+01  1.300000e+01
     vertex  2.318154e+01 -3.402920e+01  1.300000e+01
   endloop
 endfacet
 facet normal  0.000000e+00  0.000000e+00 -1.000000e+00
   outer loop
     vertex  2.318154e+01 -2.947080e+01  1.300000e+01
     vertex  2.318154e+01 -3.402920e+01  1.300000e+01
     vertex  2.316912e+01 -3.406555e+01  1.300000e+01
   endloop
 endfacet
 facet normal -0.000000e+00  0.000000e+00 -1.000000e+00
   outer loop
     vertex  2.405643e+01 -3.032787e+01  1.300000e+01
     vertex  2.405643e+01 -3.317213e+01  1.300000e+01
     vertex  2.402017e+01 -3.031520e+01  1.300000e+01
   endloop
 endfacet
 facet normal  0.000000e+00 -0.000000e+00 -1.000000e+00
   outer loop
     vertex  2.316912e+01 -2.943445e+01  1.300000e+01
     vertex  2.318154e+01 -2.947080e+01  1.300000e+01
     vertex  2.316912e+01 -3.406555e+01  1.300000e+01
   endloop
 endfacet
 facet normal -0.000000e+00  0.000000e+00 -1.000000e+00
   outer loop
     vertex  2.409303e+01 -3.033954e+01  1.300000e+01
     vertex  2.405643e+01 -3.317213e+01  1.300000e+01
     vertex  2.405643e+01 -3.032787e+01  1.300000e+01
   endloop
 endfacet
 facet normal  0.000000e+00 -0.000000e+00 -1.000000e+00
   outer loop
     vertex  2.409303e+01 -3.033954e+01  1.300000e+01
     vertex  2.412993e+01 -3.314980e+01  1.300000e+01
     vertex  2.409303e+01 -3.316046e+01  1.300000e+01
   endloop
 endfacet
 facet normal  0.000000e+00  0.000000e+00 -1.000000e+00
   outer loop
     vertex  2.409303e+01 -3.033954e+01  1.300000e+01
     vertex  2.409303e+01 -3.316046e+01  1.300000e+01
     vertex  2.405643e+01 -3.317213e+01  1.300000e+01
   endloop
 endfacet
 facet normal -0.000000e+00  0.000000e+00 -1.000000e+00
   outer loop
     vertex  2.315770e+01 -2.939777e+01  1.300000e+01
     vertex  2.315770e+01 -3.410223e+01  1.300000e+01
     vertex  1.327754e+01 -2.396071e+01  1.300000e+01
   endloop
 endfacet
 facet normal  0.000000e+00 -0.000000e+00 -1.000000e+00
   outer loop
     vertex  2.315770e+01 -2.939777e+01  1.300000e+01
     vertex  2.316912e+01 -3.406555e+01  1.300000e+01
     vertex  2.315770e+01 -3.410223e+01  1.300000e+01
   endloop
 endfacet
 facet normal  0.000000e+00  0.000000e+00 -1.000000e+00
   outer loop
     vertex  2.315770e+01 -2.939777e+01  1.300000e+01
     vertex  2.316912e+01 -2.943445e+01  1.300000e+01
     vertex  2.316912e+01 -3.406555e+01  1.300000e+01
   endloop
 endfacet
 facet normal -0.000000e+00  0.000000e+00 -1.000000e+00
   outer loop
     vertex  2.412993e+01 -3.035020e+01  1.300000e+01
     vertex  2.412993e+01 -3.314980e+01  1.300000e+01
     vertex  2.409303e+01 -3.033954e+01  1.300000e+01
   endloop
 endfacet
 facet normal  0.000000e+00  0.000000e+00 -1.000000e+00
   outer loop
     vertex  2.314729e+01 -2.936080e+01  1.300000e+01
     vertex  1.327754e+01 -2.396071e+01  1.300000e+01
     vertex  1.330379e+01 -2.395274e+01  1.300000e+01
   endloop
 endfacet
 facet normal -0.000000e+00 -0.000000e+00 -1.000000e+00
   outer loop
     vertex  2.314729e+01 -2.936080e+01  1.300000e+01
     vertex  2.315770e+01 -2.939777e+01  1.300000e+01
     vertex  1.327754e+01 -2.396071e+01  1.300000e+01
   endloop
 endfacet
 facet normal -0.000000e+00  0.000000e+00 -1.000000e+00
   outer loop
     vertex  2.416711e+01 -3.035985e+01  1.300000e+01
     vertex  2.412993e+01 -3.314980e+01  1.300000e+01
     vertex  2.412993e+01 -3.035020e+01  1.300000e+01
   endloop
 endfacet
 facet normal  0.000000e+00  0.000000e+00 -1.000000e+00
   outer loop
     vertex  2.416711e+01 -3.035985e+01  1.300000e+01
     vertex  2.416711e+01 -3.314015e+01  1.300000e+01
     vertex  2.412993e+01 -3.314980e+01  1.300000e+01
   endloop
 endfacet
 facet normal  0.000000e+00  0.000000e+00 -1.000000e+00
   outer loop
     vertex  2.313790e+01 -2.932355e+01  1.300000e+01
     vertex  1.330379e+01 -2.395274e+01  1.300000e+01
     vertex  1.332982e+01 -2.394405e+01  1.300000e+01
   endloop
 endfacet
 facet normal -0.000000e+00 -0.000000e+00 -1.000000e+00
   outer loop
     vertex  2.313790e+01 -2.932355e+01  1.300000e+01
     vertex  2.314729e+01 -2.936080e+01  1.300000e+01
     vertex  1.330379e+01 -2.395274e+01  1.300000e+01
   endloop
 endfacet
 facet normal  0.000000e+00 -0.000000e+00 -1.000000e+00
   outer loop
     vertex  2.420454e+01 -3.036847e+01  1.300000e+01
     vertex  2.424220e+01 -3.312394e+01  1.300000e+01
     vertex  2.420454e+01 -3.313153e+01  1.300000e+01
   endloop
 endfacet
 facet normal  0.000000e+00  0.000000e+00 -1.000000e+00
   outer loop
     vertex  2.420454e+01 -3.036847e+01  1.300000e+01
     vertex  2.420454e+01 -3.313153e+01  1.300000e+01
     vertex  2.416711e+01 -3.314015e+01  1.300000e+01
   endloop
 endfacet
 facet normal -0.000000e+00  0.000000e+00 -1.000000e+00
   outer loop
     vertex  2.420454e+01 -3.036847e+01  1.300000e+01
     vertex  2.416711e+01 -3.314015e+01  1.300000e+01
     vertex  2.416711e+01 -3.035985e+01  1.300000e+01
   endloop
 endfacet
 facet normal  0.000000e+00  0.000000e+00 -1.000000e+00
   outer loop
     vertex  2.312954e+01 -2.928606e+01  1.300000e+01
     vertex  1.332982e+01 -2.394405e+01  1.300000e+01
     vertex  1.335559e+01 -2.393464e+01  1.300000e+01
   endloop
 endfacet
 facet normal  0.000000e+00  0.000000e+00 -1.000000e+00
   outer loop
     vertex  2.312954e+01 -2.928606e+01  1.300000e+01
     vertex  1.335559e+01 -2.393464e+01  1.300000e+01
     vertex  1.338110e+01 -2.392453e+01  1.300000e+01
   endloop
 endfacet
 facet normal -0.000000e+00 -0.000000e+00 -1.000000e+00
   outer loop
     vertex  2.312954e+01 -2.928606e+01  1.300000e+01
     vertex  2.313790e+01 -2.932355e+01  1.300000e+01
     vertex  1.332982e+01 -2.394405e+01  1.300000e+01
   endloop
 endfacet
 facet normal -0.000000e+00  0.000000e+00 -1.000000e+00
   outer loop
     vertex  2.424220e+01 -3.037606e+01  1.300000e+01
     vertex  2.424220e+01 -3.312394e+01  1.300000e+01
     vertex  2.420454e+01 -3.036847e+01  1.300000e+01
   endloop
 endfacet
 facet normal  0.000000e+00  0.000000e+00 -1.000000e+00
   outer loop
     vertex  2.312221e+01 -2.924836e+01  1.300000e+01
     vertex  1.338110e+01 -2.392453e+01  1.300000e+01
     vertex  1.340632e+01 -2.391373e+01  1.300000e+01
   endloop
 endfacet
 facet normal -0.000000e+00 -0.000000e+00 -1.000000e+00
   outer loop
     vertex  2.312221e+01 -2.924836e+01  1.300000e+01
     vertex  2.312954e+01 -2.928606e+01  1.300000e+01
     vertex  1.338110e+01 -2.392453e+01  1.300000e+01
   endloop
 endfacet
 facet normal -0.000000e+00  0.000000e+00 -1.000000e+00
   outer loop
     vertex  2.428004e+01 -3.038261e+01  1.300000e+01
     vertex  2.424220e+01 -3.312394e+01  1.300000e+01
     vertex  2.424220e+01 -3.037606e+01  1.300000e+01
   endloop
 endfacet
 facet normal  0.000000e+00  0.000000e+00 -1.000000e+00
   outer loop
     vertex  2.428004e+01 -3.038261e+01  1.300000e+01
     vertex  2.428004e+01 -3.311739e+01  1.300000e+01
     vertex  2.424220e+01 -3.312394e+01  1.300000e+01
   endloop
 endfacet
 facet normal  0.000000e+00  0.000000e+00 -1.000000e+00
   outer loop
     vertex  2.311591e+01 -2.921047e+01  1.300000e+01
     vertex  1.340632e+01 -2.391373e+01  1.300000e+01
     vertex  1.343123e+01 -2.390224e+01  1.300000e+01
   endloop
 endfacet
 facet normal -0.000000e+00 -0.000000e+00 -1.000000e+00
   outer loop
     vertex  2.311591e+01 -2.921047e+01  1.300000e+01
     vertex  2.312221e+01 -2.924836e+01  1.300000e+01
     vertex  1.340632e+01 -2.391373e+01  1.300000e+01
   endloop
 endfacet
 facet normal  0.000000e+00  0.000000e+00 -1.000000e+00
   outer loop
     vertex  2.431806e+01 -3.038813e+01  1.300000e+01
     vertex  2.431806e+01 -3.311187e+01  1.300000e+01
     vertex  2.428004e+01 -3.311739e+01  1.300000e+01
   endloop
 endfacet
 facet normal -0.000000e+00  0.000000e+00 -1.000000e+00
   outer loop
     vertex  2.431806e+01 -3.038813e+01  1.300000e+01
     vertex  2.428004e+01 -3.311739e+01  1.300000e+01
     vertex  2.428004e+01 -3.038261e+01  1.300000e+01
   endloop
 endfacet
 facet normal  0.000000e+00  0.000000e+00 -1.000000e+00
   outer loop
     vertex  2.311066e+01 -2.917242e+01  1.300000e+01
     vertex  1.343123e+01 -2.390224e+01  1.300000e+01
     vertex  1.345582e+01 -2.389007e+01  1.300000e+01
   endloop
 endfacet
 facet normal -0.000000e+00 -0.000000e+00 -1.000000e+00
   outer loop
     vertex  2.311066e+01 -2.917242e+01  1.300000e+01
     vertex  2.311591e+01 -2.921047e+01  1.300000e+01
     vertex  1.343123e+01 -2.390224e+01  1.300000e+01
   endloop
 endfacet
 facet normal -0.000000e+00  0.000000e+00 -1.000000e+00
   outer loop
     vertex  2.435621e+01 -3.039260e+01  1.300000e+01
     vertex  2.431806e+01 -3.311187e+01  1.300000e+01
     vertex  2.431806e+01 -3.038813e+01  1.300000e+01
   endloop
 endfacet
 facet normal  0.000000e+00  0.000000e+00 -1.000000e+00
   outer loop
     vertex  2.435621e+01 -3.039260e+01  1.300000e+01
     vertex  2.435621e+01 -3.310740e+01  1.300000e+01
     vertex  2.431806e+01 -3.311187e+01  1.300000e+01
   endloop
 endfacet
 facet normal -0.000000e+00 -0.000000e+00 -1.000000e+00
   outer loop
     vertex  2.310645e+01 -2.913424e+01  1.300000e+01
     vertex  2.311066e+01 -2.917242e+01  1.300000e+01
     vertex  1.345582e+01 -2.389007e+01  1.300000e+01
   endloop
 endfacet
 facet normal  0.000000e+00  0.000000e+00 -1.000000e+00
   outer loop
     vertex  2.310645e+01 -2.913424e+01  1.300000e+01
     vertex  1.345582e+01 -2.389007e+01  1.300000e+01
     vertex  1.348007e+01 -2.387723e+01  1.300000e+01
   endloop
 endfacet
 facet normal  0.000000e+00  0.000000e+00 -1.000000e+00
   outer loop
     vertex  2.439447e+01 -3.039602e+01  1.300000e+01
     vertex  2.439447e+01 -3.310398e+01  1.300000e+01
     vertex  2.435621e+01 -3.310740e+01  1.300000e+01
   endloop
 endfacet
 facet normal -0.000000e+00  0.000000e+00 -1.000000e+00
   outer loop
     vertex  2.439447e+01 -3.039602e+01  1.300000e+01
     vertex  2.435621e+01 -3.310740e+01  1.300000e+01
     vertex  2.435621e+01 -3.039260e+01  1.300000e+01
   endloop
 endfacet
 facet normal  0.000000e+00  0.000000e+00 -1.000000e+00
   outer loop
     vertex  2.310329e+01 -2.909596e+01  1.300000e+01
     vertex  1.348007e+01 -2.387723e+01  1.300000e+01
     vertex  1.350396e+01 -2.386373e+01  1.300000e+01
   endloop
 endfacet
 facet normal -0.000000e+00 -0.000000e+00 -1.000000e+00
   outer loop
     vertex  2.310329e+01 -2.909596e+01  1.300000e+01
     vertex  2.310645e+01 -2.913424e+01  1.300000e+01
     vertex  1.348007e+01 -2.387723e+01  1.300000e+01
   endloop
 endfacet
 facet normal -0.000000e+00  0.000000e+00 -1.000000e+00
   outer loop
     vertex  2.443280e+01 -3.039839e+01  1.300000e+01
     vertex  2.439447e+01 -3.310398e+01  1.300000e+01
     vertex  2.439447e+01 -3.039602e+01  1.300000e+01
   endloop
 endfacet
 facet normal  0.000000e+00  0.000000e+00 -1.000000e+00
   outer loop
     vertex  2.443280e+01 -3.039839e+01  1.300000e+01
     vertex  2.443280e+01 -3.310161e+01  1.300000e+01
     vertex  2.439447e+01 -3.310398e+01  1.300000e+01
   endloop
 endfacet
 facet normal  0.000000e+00  0.000000e+00 -1.000000e+00
   outer loop
     vertex  2.310119e+01 -2.905760e+01  1.300000e+01
     vertex  1.350396e+01 -2.386373e+01  1.300000e+01
     vertex  1.352746e+01 -2.384958e+01  1.300000e+01
   endloop
 endfacet
 facet normal -0.000000e+00 -0.000000e+00 -1.000000e+00
   outer loop
     vertex  2.310119e+01 -2.905760e+01  1.300000e+01
     vertex  2.310329e+01 -2.909596e+01  1.300000e+01
     vertex  1.350396e+01 -2.386373e+01  1.300000e+01
   endloop
 endfacet
 facet normal -0.000000e+00  0.000000e+00 -1.000000e+00
   outer loop
     vertex  2.447119e+01 -3.039970e+01  1.300000e+01
     vertex  2.443280e+01 -3.310161e+01  1.300000e+01
     vertex  2.443280e+01 -3.039839e+01  1.300000e+01
   endloop
 endfacet
 facet normal  0.000000e+00  0.000000e+00 -1.000000e+00
   outer loop
     vertex  2.447119e+01 -3.039970e+01  1.300000e+01
     vertex  2.447119e+01 -3.310030e+01  1.300000e+01
     vertex  2.443280e+01 -3.310161e+01  1.300000e+01
   endloop
 endfacet
 facet normal -0.000000e+00 -0.000000e+00 -1.000000e+00
   outer loop
     vertex  2.310013e+01 -2.901921e+01  1.300000e+01
     vertex  2.310119e+01 -2.905760e+01  1.300000e+01
     vertex  1.352746e+01 -2.384958e+01  1.300000e+01
   endloop
 endfacet
 facet normal  0.000000e+00  0.000000e+00 -1.000000e+00
   outer loop
     vertex  2.310013e+01 -2.901921e+01  1.300000e+01
     vertex  1.352746e+01 -2.384958e+01  1.300000e+01
     vertex  1.355057e+01 -2.383479e+01  1.300000e+01
   endloop
 endfacet
 facet normal -0.000000e+00  0.000000e+00 -1.000000e+00
   outer loop
     vertex  2.450960e+01 -3.039997e+01  1.300000e+01
     vertex  2.447119e+01 -3.310030e+01  1.300000e+01
     vertex  2.447119e+01 -3.039970e+01  1.300000e+01
   endloop
 endfacet
 facet normal  0.000000e+00  0.000000e+00 -1.000000e+00
   outer loop
     vertex  2.450960e+01 -3.039997e+01  1.300000e+01
     vertex  2.450960e+01 -3.310003e+01  1.300000e+01
     vertex  2.447119e+01 -3.310030e+01  1.300000e+01
   endloop
 endfacet
 facet normal  0.000000e+00  0.000000e+00 -1.000000e+00
   outer loop
     vertex  2.310013e+01 -2.898079e+01  1.300000e+01
     vertex  1.355057e+01 -2.383479e+01  1.300000e+01
     vertex  1.357326e+01 -2.381937e+01  1.300000e+01
   endloop
 endfacet
 facet normal -0.000000e+00 -0.000000e+00 -1.000000e+00
   outer loop
     vertex  2.310013e+01 -2.898079e+01  1.300000e+01
     vertex  2.310013e+01 -2.901921e+01  1.300000e+01
     vertex  1.355057e+01 -2.383479e+01  1.300000e+01
   endloop
 endfacet
 facet normal  0.000000e+00  0.000000e+00 -1.000000e+00
   outer loop
     vertex  2.454801e+01 -3.039918e+01  1.300000e+01
     vertex  2.454801e+01 -3.310082e+01  1.300000e+01
     vertex  2.450960e+01 -3.310003e+01  1.300000e+01
   endloop
 endfacet
 facet normal  0.000000e+00  0.000000e+00 -1.000000e+00
   outer loop
     vertex  2.454801e+01 -3.039918e+01  1.300000e+01
     vertex  2.450960e+01 -3.310003e+01  1.300000e+01
     vertex  2.450960e+01 -3.039997e+01  1.300000e+01
   endloop
 endfacet
 facet normal -0.000000e+00  0.000000e+00 -1.000000e+00
   outer loop
     vertex  2.310119e+01 -2.894240e+01  1.300000e+01
     vertex  2.310013e+01 -2.898079e+01  1.300000e+01
     vertex  1.357326e+01 -2.381937e+01  1.300000e+01
   endloop
 endfacet
 facet normal  0.000000e+00  0.000000e+00 -1.000000e+00
   outer loop
     vertex  2.310119e+01 -2.894240e+01  1.300000e+01
     vertex  1.357326e+01 -2.381937e+01  1.300000e+01
     vertex  1.359553e+01 -2.380334e+01  1.300000e+01
   endloop
 endfacet
 facet normal  0.000000e+00  0.000000e+00 -1.000000e+00
   outer loop
     vertex  2.458637e+01 -3.039733e+01  1.300000e+01
     vertex  2.454801e+01 -3.310082e+01  1.300000e+01
     vertex  2.454801e+01 -3.039918e+01  1.300000e+01
   endloop
 endfacet
 facet normal  0.000000e+00  0.000000e+00 -1.000000e+00
   outer loop
     vertex  2.458637e+01 -3.039733e+01  1.300000e+01
     vertex  2.458637e+01 -3.310267e+01  1.300000e+01
     vertex  2.454801e+01 -3.310082e+01  1.300000e+01
   endloop
 endfacet
 facet normal  0.000000e+00  0.000000e+00 -1.000000e+00
   outer loop
     vertex  2.310329e+01 -2.890404e+01  1.300000e+01
     vertex  1.359553e+01 -2.380334e+01  1.300000e+01
     vertex  1.361734e+01 -2.378670e+01  1.300000e+01
   endloop
 endfacet
 facet normal -0.000000e+00  0.000000e+00 -1.000000e+00
   outer loop
     vertex  2.310329e+01 -2.890404e+01  1.300000e+01
     vertex  2.310119e+01 -2.894240e+01  1.300000e+01
     vertex  1.359553e+01 -2.380334e+01  1.300000e+01
   endloop
 endfacet
 facet normal  0.000000e+00  0.000000e+00 -1.000000e+00
   outer loop
     vertex  2.462468e+01 -3.039444e+01  1.300000e+01
     vertex  2.458637e+01 -3.310267e+01  1.300000e+01
     vertex  2.458637e+01 -3.039733e+01  1.300000e+01
   endloop
 endfacet
 facet normal  0.000000e+00 -0.000000e+00 -1.000000e+00
   outer loop
     vertex  2.462468e+01 -3.039444e+01  1.300000e+01
     vertex  2.466288e+01 -3.310951e+01  1.300000e+01
     vertex  2.462468e+01 -3.310556e+01  1.300000e+01
   endloop
 endfacet
 facet normal  0.000000e+00  0.000000e+00 -1.000000e+00
   outer loop
     vertex  2.462468e+01 -3.039444e+01  1.300000e+01
     vertex  2.462468e+01 -3.310556e+01  1.300000e+01
     vertex  2.458637e+01 -3.310267e+01  1.300000e+01
   endloop
 endfacet
 facet normal -0.000000e+00  0.000000e+00 -1.000000e+00
   outer loop
     vertex  2.310645e+01 -2.886576e+01  1.300000e+01
     vertex  2.310329e+01 -2.890404e+01  1.300000e+01
     vertex  1.361734e+01 -2.378670e+01  1.300000e+01
   endloop
 endfacet
 facet normal  0.000000e+00  0.000000e+00 -1.000000e+00
   outer loop
     vertex  2.310645e+01 -2.886576e+01  1.300000e+01
     vertex  1.361734e+01 -2.378670e+01  1.300000e+01
     vertex  1.363869e+01 -2.376946e+01  1.300000e+01
   endloop
 endfacet
 facet normal  0.000000e+00  0.000000e+00 -1.000000e+00
   outer loop
     vertex  2.466288e+01 -3.039049e+01  1.300000e+01
     vertex  2.466288e+01 -3.310951e+01  1.300000e+01
     vertex  2.462468e+01 -3.039444e+01  1.300000e+01
   endloop
 endfacet
 facet normal -0.000000e+00  0.000000e+00 -1.000000e+00
   outer loop
     vertex  2.311066e+01 -2.882758e+01  1.300000e+01
     vertex  2.310645e+01 -2.886576e+01  1.300000e+01
     vertex  1.363869e+01 -2.376946e+01  1.300000e+01
   endloop
 endfacet
 facet normal  0.000000e+00  0.000000e+00 -1.000000e+00
   outer loop
     vertex  2.311066e+01 -2.882758e+01  1.300000e+01
     vertex  1.363869e+01 -2.376946e+01  1.300000e+01
     vertex  1.365956e+01 -2.375165e+01  1.300000e+01
   endloop
 endfacet
 facet normal  0.000000e+00  0.000000e+00 -1.000000e+00
   outer loop
     vertex  2.470097e+01 -3.038550e+01  1.300000e+01
     vertex  2.466288e+01 -3.310951e+01  1.300000e+01
     vertex  2.466288e+01 -3.039049e+01  1.300000e+01
   endloop
 endfacet
 facet normal  0.000000e+00  0.000000e+00 -1.000000e+00
   outer loop
     vertex  2.470097e+01 -3.038550e+01  1.300000e+01
     vertex  2.470097e+01 -3.311450e+01  1.300000e+01
     vertex  2.466288e+01 -3.310951e+01  1.300000e+01
   endloop
 endfacet
 facet normal -0.000000e+00  0.000000e+00 -1.000000e+00
   outer loop
     vertex  2.311591e+01 -2.878953e+01  1.300000e+01
     vertex  2.311066e+01 -2.882758e+01  1.300000e+01
     vertex  1.365956e+01 -2.375165e+01  1.300000e+01
   endloop
 endfacet
 facet normal  0.000000e+00  0.000000e+00 -1.000000e+00
   outer loop
     vertex  2.311591e+01 -2.878953e+01  1.300000e+01
     vertex  1.365956e+01 -2.375165e+01  1.300000e+01
     vertex  1.367993e+01 -2.373327e+01  1.300000e+01
   endloop
 endfacet
 facet normal  0.000000e+00  0.000000e+00 -1.000000e+00
   outer loop
     vertex  2.473890e+01 -3.037947e+01  1.300000e+01
     vertex  2.470097e+01 -3.311450e+01  1.300000e+01
     vertex  2.470097e+01 -3.038550e+01  1.300000e+01
   endloop
 endfacet
 facet normal  0.000000e+00 -0.000000e+00 -1.000000e+00
   outer loop
     vertex  2.473890e+01 -3.037947e+01  1.300000e+01
     vertex  2.477666e+01 -3.312761e+01  1.300000e+01
     vertex  2.473890e+01 -3.312053e+01  1.300000e+01
   endloop
 endfacet
 facet normal  0.000000e+00  0.000000e+00 -1.000000e+00
   outer loop
     vertex  2.473890e+01 -3.037947e+01  1.300000e+01
     vertex  2.473890e+01 -3.312053e+01  1.300000e+01
     vertex  2.470097e+01 -3.311450e+01  1.300000e+01
   endloop
 endfacet
 facet normal  0.000000e+00  0.000000e+00 -1.000000e+00
   outer loop
     vertex  2.312221e+01 -2.875164e+01  1.300000e+01
     vertex  1.367993e+01 -2.373327e+01  1.300000e+01
     vertex  1.369979e+01 -2.371434e+01  1.300000e+01
   endloop
 endfacet
 facet normal -0.000000e+00  0.000000e+00 -1.000000e+00
   outer loop
     vertex  2.312221e+01 -2.875164e+01  1.300000e+01
     vertex  2.311591e+01 -2.878953e+01  1.300000e+01
     vertex  1.367993e+01 -2.373327e+01  1.300000e+01
   endloop
 endfacet
 facet normal  0.000000e+00  0.000000e+00 -1.000000e+00
   outer loop
     vertex  2.477666e+01 -3.037239e+01  1.300000e+01
     vertex  2.477666e+01 -3.312761e+01  1.300000e+01
     vertex  2.473890e+01 -3.037947e+01  1.300000e+01
   endloop
 endfacet
 facet normal  0.000000e+00  0.000000e+00 -1.000000e+00
   outer loop
     vertex  2.312954e+01 -2.871394e+01  1.300000e+01
     vertex  1.369979e+01 -2.371434e+01  1.300000e+01
     vertex  1.371913e+01 -2.369488e+01  1.300000e+01
   endloop
 endfacet
 facet normal -0.000000e+00  0.000000e+00 -1.000000e+00
   outer loop
     vertex  2.312954e+01 -2.871394e+01  1.300000e+01
     vertex  2.312221e+01 -2.875164e+01  1.300000e+01
     vertex  1.369979e+01 -2.371434e+01  1.300000e+01
   endloop
 endfacet
 facet normal  0.000000e+00  0.000000e+00 -1.000000e+00
   outer loop
     vertex  2.481420e+01 -3.036429e+01  1.300000e+01
     vertex  2.477666e+01 -3.312761e+01  1.300000e+01
     vertex  2.477666e+01 -3.037239e+01  1.300000e+01
   endloop
 endfacet
 facet normal  0.000000e+00  0.000000e+00 -1.000000e+00
   outer loop
     vertex  2.481420e+01 -3.036429e+01  1.300000e+01
     vertex  2.481420e+01 -3.313571e+01  1.300000e+01
     vertex  2.477666e+01 -3.312761e+01  1.300000e+01
   endloop
 endfacet
 facet normal -0.000000e+00  0.000000e+00 -1.000000e+00
   outer loop
     vertex  2.313790e+01 -2.867645e+01  1.300000e+01
     vertex  2.312954e+01 -2.871394e+01  1.300000e+01
     vertex  1.371913e+01 -2.369488e+01  1.300000e+01
   endloop
 endfacet
 facet normal  0.000000e+00  0.000000e+00 -1.000000e+00
   outer loop
     vertex  2.313790e+01 -2.867645e+01  1.300000e+01
     vertex  1.371913e+01 -2.369488e+01  1.300000e+01
     vertex  1.373792e+01 -2.367489e+01  1.300000e+01
   endloop
 endfacet
 facet normal  0.000000e+00  0.000000e+00 -1.000000e+00
   outer loop
     vertex  2.485151e+01 -3.035515e+01  1.300000e+01
     vertex  2.481420e+01 -3.313571e+01  1.300000e+01
     vertex  2.481420e+01 -3.036429e+01  1.300000e+01
   endloop
 endfacet
 facet normal  0.000000e+00  0.000000e+00 -1.000000e+00
   outer loop
     vertex  2.485151e+01 -3.035515e+01  1.300000e+01
     vertex  2.485151e+01 -3.314485e+01  1.300000e+01
     vertex  2.481420e+01 -3.313571e+01  1.300000e+01
   endloop
 endfacet
 facet normal -0.000000e+00  0.000000e+00 -1.000000e+00
   outer loop
     vertex  2.314729e+01 -2.863920e+01  1.300000e+01
     vertex  2.313790e+01 -2.867645e+01  1.300000e+01
     vertex  1.373792e+01 -2.367489e+01  1.300000e+01
   endloop
 endfacet
 facet normal  0.000000e+00  0.000000e+00 -1.000000e+00
   outer loop
     vertex  2.314729e+01 -2.863920e+01  1.300000e+01
     vertex  1.373792e+01 -2.367489e+01  1.300000e+01
     vertex  1.375616e+01 -2.365439e+01  1.300000e+01
   endloop
 endfacet
 facet normal  0.000000e+00  0.000000e+00 -1.000000e+00
   outer loop
     vertex  2.488856e+01 -3.034500e+01  1.300000e+01
     vertex  2.485151e+01 -3.314485e+01  1.300000e+01
     vertex  2.485151e+01 -3.035515e+01  1.300000e+01
   endloop
 endfacet
 facet normal  0.000000e+00 -0.000000e+00 -1.000000e+00
   outer loop
     vertex  2.488856e+01 -3.034500e+01  1.300000e+01
     vertex  2.492531e+01 -3.316617e+01  1.300000e+01
     vertex  2.488856e+01 -3.315500e+01  1.300000e+01
   endloop
 endfacet
 facet normal  0.000000e+00  0.000000e+00 -1.000000e+00
   outer loop
     vertex  2.488856e+01 -3.034500e+01  1.300000e+01
     vertex  2.488856e+01 -3.315500e+01  1.300000e+01
     vertex  2.485151e+01 -3.314485e+01  1.300000e+01
   endloop
 endfacet
 facet normal -0.000000e+00  0.000000e+00 -1.000000e+00
   outer loop
     vertex  2.315770e+01 -2.860223e+01  1.300000e+01
     vertex  2.314729e+01 -2.863920e+01  1.300000e+01
     vertex  1.375616e+01 -2.365439e+01  1.300000e+01
   endloop
 endfacet
 facet normal  0.000000e+00  0.000000e+00 -1.000000e+00
   outer loop
     vertex  2.315770e+01 -2.860223e+01  1.300000e+01
     vertex  1.375616e+01 -2.365439e+01  1.300000e+01
     vertex  1.377383e+01 -2.363340e+01  1.300000e+01
   endloop
 endfacet
 facet normal  0.000000e+00  0.000000e+00 -1.000000e+00
   outer loop
     vertex  2.315770e+01 -2.860223e+01  1.300000e+01
     vertex  1.377383e+01 -2.363340e+01  1.300000e+01
     vertex  1.379091e+01 -2.361193e+01  1.300000e+01
   endloop
 endfacet
 facet normal  0.000000e+00  0.000000e+00 -1.000000e+00
   outer loop
     vertex  2.492531e+01 -3.033383e+01  1.300000e+01
     vertex  2.492531e+01 -3.316617e+01  1.300000e+01
     vertex  2.488856e+01 -3.034500e+01  1.300000e+01
   endloop
 endfacet
 facet normal  0.000000e+00 -0.000000e+00 -1.000000e+00
   outer loop
     vertex  2.492531e+01 -3.033383e+01  1.300000e+01
     vertex  2.496174e+01 -3.317834e+01  1.300000e+01
     vertex  2.492531e+01 -3.316617e+01  1.300000e+01
   endloop
 endfacet
 facet normal  0.000000e+00  0.000000e+00 -1.000000e+00
   outer loop
     vertex  2.316912e+01 -2.856555e+01  1.300000e+01
     vertex  1.379091e+01 -2.361193e+01  1.300000e+01
     vertex  1.380740e+01 -2.359000e+01  1.300000e+01
   endloop
 endfacet
 facet normal -0.000000e+00  0.000000e+00 -1.000000e+00
   outer loop
     vertex  2.316912e+01 -2.856555e+01  1.300000e+01
     vertex  2.315770e+01 -2.860223e+01  1.300000e+01
     vertex  1.379091e+01 -2.361193e+01  1.300000e+01
   endloop
 endfacet
 facet normal  0.000000e+00  0.000000e+00 -1.000000e+00
   outer loop
     vertex  2.496174e+01 -3.032166e+01  1.300000e+01
     vertex  2.496174e+01 -3.317834e+01  1.300000e+01
     vertex  2.492531e+01 -3.033383e+01  1.300000e+01
   endloop
 endfacet
 facet normal -0.000000e+00  0.000000e+00 -1.000000e+00
   outer loop
     vertex  2.318154e+01 -2.852920e+01  1.300000e+01
     vertex  2.316912e+01 -2.856555e+01  1.300000e+01
     vertex  1.380740e+01 -2.359000e+01  1.300000e+01
   endloop
 endfacet
 facet normal  0.000000e+00  0.000000e+00 -1.000000e+00
   outer loop
     vertex  2.318154e+01 -2.852920e+01  1.300000e+01
     vertex  1.380740e+01 -2.359000e+01  1.300000e+01
     vertex  1.382328e+01 -2.356763e+01  1.300000e+01
   endloop
 endfacet
 facet normal  0.000000e+00  0.000000e+00 -1.000000e+00
   outer loop
     vertex  2.499783e+01 -3.030850e+01  1.300000e+01
     vertex  2.499783e+01 -3.319150e+01  1.300000e+01
     vertex  2.496174e+01 -3.317834e+01  1.300000e+01
   endloop
 endfacet
 facet normal  0.000000e+00  0.000000e+00 -1.000000e+00
   outer loop
     vertex  2.499783e+01 -3.030850e+01  1.300000e+01
     vertex  2.496174e+01 -3.317834e+01  1.300000e+01
     vertex  2.496174e+01 -3.032166e+01  1.300000e+01
   endloop
 endfacet
 facet normal  0.000000e+00  0.000000e+00 -1.000000e+00
   outer loop
     vertex  2.319495e+01 -2.849321e+01  1.300000e+01
     vertex  1.382328e+01 -2.356763e+01  1.300000e+01
     vertex  1.383855e+01 -2.354483e+01  1.300000e+01
   endloop
 endfacet
 facet normal -0.000000e+00  0.000000e+00 -1.000000e+00
   outer loop
     vertex  2.319495e+01 -2.849321e+01  1.300000e+01
     vertex  2.318154e+01 -2.852920e+01  1.300000e+01
     vertex  1.382328e+01 -2.356763e+01  1.300000e+01
   endloop
 endfacet
 facet normal  0.000000e+00  0.000000e+00 -1.000000e+00
   outer loop
     vertex  2.503354e+01 -3.029435e+01  1.300000e+01
     vertex  2.503354e+01 -3.320565e+01  1.300000e+01
     vertex  2.499783e+01 -3.319150e+01  1.300000e+01
   endloop
 endfacet
 facet normal  0.000000e+00  0.000000e+00 -1.000000e+00
   outer loop
     vertex  2.503354e+01 -3.029435e+01  1.300000e+01
     vertex  2.499783e+01 -3.319150e+01  1.300000e+01
     vertex  2.499783e+01 -3.030850e+01  1.300000e+01
   endloop
 endfacet
 facet normal  0.000000e+00  0.000000e+00 -1.000000e+00
   outer loop
     vertex  2.320934e+01 -2.845760e+01  1.300000e+01
     vertex  1.383855e+01 -2.354483e+01  1.300000e+01
     vertex  1.385318e+01 -2.352162e+01  1.300000e+01
   endloop
 endfacet
 facet normal -0.000000e+00  0.000000e+00 -1.000000e+00
   outer loop
     vertex  2.320934e+01 -2.845760e+01  1.300000e+01
     vertex  2.319495e+01 -2.849321e+01  1.300000e+01
     vertex  1.383855e+01 -2.354483e+01  1.300000e+01
   endloop
 endfacet
 facet normal  0.000000e+00 -0.000000e+00 -1.000000e+00
   outer loop
     vertex  2.506885e+01 -3.027922e+01  1.300000e+01
     vertex  2.510373e+01 -3.323686e+01  1.300000e+01
     vertex  2.506885e+01 -3.322078e+01  1.300000e+01
   endloop
 endfacet
 facet normal  0.000000e+00  0.000000e+00 -1.000000e+00
   outer loop
     vertex  2.506885e+01 -3.027922e+01  1.300000e+01
     vertex  2.506885e+01 -3.322078e+01  1.300000e+01
     vertex  2.503354e+01 -3.320565e+01  1.300000e+01
   endloop
 endfacet
 facet normal  0.000000e+00  0.000000e+00 -1.000000e+00
   outer loop
     vertex  2.506885e+01 -3.027922e+01  1.300000e+01
     vertex  2.503354e+01 -3.320565e+01  1.300000e+01
     vertex  2.503354e+01 -3.029435e+01  1.300000e+01
   endloop
 endfacet
 facet normal -0.000000e+00  0.000000e+00 -1.000000e+00
   outer loop
     vertex  2.322471e+01 -2.842239e+01  1.300000e+01
     vertex  2.320934e+01 -2.845760e+01  1.300000e+01
     vertex  1.385318e+01 -2.352162e+01  1.300000e+01
   endloop
 endfacet
 facet normal  0.000000e+00  0.000000e+00 -1.000000e+00
   outer loop
     vertex  2.322471e+01 -2.842239e+01  1.300000e+01
     vertex  1.385318e+01 -2.352162e+01  1.300000e+01
     vertex  1.386717e+01 -2.349802e+01  1.300000e+01
   endloop
 endfacet
 facet normal  0.000000e+00  0.000000e+00 -1.000000e+00
   outer loop
     vertex  2.510373e+01 -3.026314e+01  1.300000e+01
     vertex  2.510373e+01 -3.323686e+01  1.300000e+01
     vertex  2.506885e+01 -3.027922e+01  1.300000e+01
   endloop
 endfacet
 facet normal -0.000000e+00  0.000000e+00 -1.000000e+00
   outer loop
     vertex  2.324103e+01 -2.838762e+01  1.300000e+01
     vertex  2.322471e+01 -2.842239e+01  1.300000e+01
     vertex  1.386717e+01 -2.349802e+01  1.300000e+01
   endloop
 endfacet
 facet normal  0.000000e+00  0.000000e+00 -1.000000e+00
   outer loop
     vertex  2.324103e+01 -2.838762e+01  1.300000e+01
     vertex  1.386717e+01 -2.349802e+01  1.300000e+01
     vertex  1.388050e+01 -2.347404e+01  1.300000e+01
   endloop
 endfacet
 facet normal  0.000000e+00  0.000000e+00 -1.000000e+00
   outer loop
     vertex  2.513815e+01 -3.024610e+01  1.300000e+01
     vertex  2.510373e+01 -3.323686e+01  1.300000e+01
     vertex  2.510373e+01 -3.026314e+01  1.300000e+01
   endloop
 endfacet
 facet normal  0.000000e+00  0.000000e+00 -1.000000e+00
   outer loop
     vertex  2.513815e+01 -3.024610e+01  1.300000e+01
     vertex  2.513815e+01 -3.325390e+01  1.300000e+01
     vertex  2.510373e+01 -3.323686e+01  1.300000e+01
   endloop
 endfacet
 facet normal  0.000000e+00  0.000000e+00 -1.000000e+00
   outer loop
     vertex  2.325831e+01 -2.835332e+01  1.300000e+01
     vertex  1.388050e+01 -2.347404e+01  1.300000e+01
     vertex  1.389318e+01 -2.344971e+01  1.300000e+01
   endloop
 endfacet
 facet normal -0.000000e+00  0.000000e+00 -1.000000e+00
   outer loop
     vertex  2.325831e+01 -2.835332e+01  1.300000e+01
     vertex  2.324103e+01 -2.838762e+01  1.300000e+01
     vertex  1.388050e+01 -2.347404e+01  1.300000e+01
   endloop
 endfacet
 facet normal  0.000000e+00  0.000000e+00 -1.000000e+00
   outer loop
     vertex  2.517210e+01 -3.022812e+01  1.300000e+01
     vertex  2.517210e+01 -3.327188e+01  1.300000e+01
     vertex  2.513815e+01 -3.325390e+01  1.300000e+01
   endloop
 endfacet
 facet normal  0.000000e+00  0.000000e+00 -1.000000e+00
   outer loop
     vertex  2.517210e+01 -3.022812e+01  1.300000e+01
     vertex  2.513815e+01 -3.325390e+01  1.300000e+01
     vertex  2.513815e+01 -3.024610e+01  1.300000e+01
   endloop
 endfacet
 facet normal -0.000000e+00  0.000000e+00 -1.000000e+00
   outer loop
     vertex  2.327652e+01 -2.831949e+01  1.300000e+01
     vertex  2.325831e+01 -2.835332e+01  1.300000e+01
     vertex  1.389318e+01 -2.344971e+01  1.300000e+01
   endloop
 endfacet
 facet normal  0.000000e+00  0.000000e+00 -1.000000e+00
   outer loop
     vertex  2.327652e+01 -2.831949e+01  1.300000e+01
     vertex  1.389318e+01 -2.344971e+01  1.300000e+01
     vertex  1.390518e+01 -2.342503e+01  1.300000e+01
   endloop
 endfacet
 facet normal  0.000000e+00  0.000000e+00 -1.000000e+00
   outer loop
     vertex  2.520554e+01 -3.020922e+01  1.300000e+01
     vertex  2.517210e+01 -3.327188e+01  1.300000e+01
     vertex  2.517210e+01 -3.022812e+01  1.300000e+01
   endloop
 endfacet
 facet normal  0.000000e+00  0.000000e+00 -1.000000e+00
   outer loop
     vertex  2.520554e+01 -3.020922e+01  1.300000e+01
     vertex  2.520554e+01 -3.329078e+01  1.300000e+01
     vertex  2.517210e+01 -3.327188e+01  1.300000e+01
   endloop
 endfacet
 facet normal  0.000000e+00  0.000000e+00 -1.000000e+00
   outer loop
     vertex  2.329565e+01 -2.828619e+01  1.300000e+01
     vertex  1.390518e+01 -2.342503e+01  1.300000e+01
     vertex  1.391650e+01 -2.340004e+01  1.300000e+01
   endloop
 endfacet
 facet normal -0.000000e+00  0.000000e+00 -1.000000e+00
   outer loop
     vertex  2.329565e+01 -2.828619e+01  1.300000e+01
     vertex  2.327652e+01 -2.831949e+01  1.300000e+01
     vertex  1.390518e+01 -2.342503e+01  1.300000e+01
   endloop
 endfacet
 facet normal  0.000000e+00  0.000000e+00 -1.000000e+00
   outer loop
     vertex  2.523845e+01 -3.018941e+01  1.300000e+01
     vertex  2.523845e+01 -3.331059e+01  1.300000e+01
     vertex  2.520554e+01 -3.329078e+01  1.300000e+01
   endloop
 endfacet
 facet normal  0.000000e+00  0.000000e+00 -1.000000e+00
   outer loop
     vertex  2.523845e+01 -3.018941e+01  1.300000e+01
     vertex  2.520554e+01 -3.329078e+01  1.300000e+01
     vertex  2.520554e+01 -3.020922e+01  1.300000e+01
   endloop
 endfacet
 facet normal  0.000000e+00  0.000000e+00 -1.000000e+00
   outer loop
     vertex  2.331568e+01 -2.825341e+01  1.300000e+01
     vertex  1.391650e+01 -2.340004e+01  1.300000e+01
     vertex  1.392713e+01 -2.337475e+01  1.300000e+01
   endloop
 endfacet
 facet normal -0.000000e+00  0.000000e+00 -1.000000e+00
   outer loop
     vertex  2.331568e+01 -2.825341e+01  1.300000e+01
     vertex  2.329565e+01 -2.828619e+01  1.300000e+01
     vertex  1.391650e+01 -2.340004e+01  1.300000e+01
   endloop
 endfacet
 facet normal  0.000000e+00  0.000000e+00 -1.000000e+00
   outer loop
     vertex  2.527080e+01 -3.016870e+01  1.300000e+01
     vertex  2.527080e+01 -3.333130e+01  1.300000e+01
     vertex  2.523845e+01 -3.331059e+01  1.300000e+01
   endloop
 endfacet
 facet normal  0.000000e+00  0.000000e+00 -1.000000e+00
   outer loop
     vertex  2.527080e+01 -3.016870e+01  1.300000e+01
     vertex  2.523845e+01 -3.331059e+01  1.300000e+01
     vertex  2.523845e+01 -3.018941e+01  1.300000e+01
   endloop
 endfacet
 facet normal -0.000000e+00  0.000000e+00 -1.000000e+00
   outer loop
     vertex  2.333661e+01 -2.822120e+01  1.300000e+01
     vertex  2.331568e+01 -2.825341e+01  1.300000e+01
     vertex  1.392713e+01 -2.337475e+01  1.300000e+01
   endloop
 endfacet
 facet normal  0.000000e+00  0.000000e+00 -1.000000e+00
   outer loop
     vertex  2.333661e+01 -2.822120e+01  1.300000e+01
     vertex  1.392713e+01 -2.337475e+01  1.300000e+01
     vertex  1.393706e+01 -2.334917e+01  1.300000e+01
   endloop
 endfacet
 facet normal  0.000000e+00 -0.000000e+00 -1.000000e+00
   outer loop
     vertex  2.530257e+01 -3.014712e+01  1.300000e+01
     vertex  2.533374e+01 -3.337533e+01  1.300000e+01
     vertex  2.530257e+01 -3.335288e+01  1.300000e+01
   endloop
 endfacet
 facet normal  0.000000e+00  0.000000e+00 -1.000000e+00
   outer loop
     vertex  2.530257e+01 -3.014712e+01  1.300000e+01
     vertex  2.530257e+01 -3.335288e+01  1.300000e+01
     vertex  2.527080e+01 -3.333130e+01  1.300000e+01
   endloop
 endfacet
 facet normal  0.000000e+00  0.000000e+00 -1.000000e+00
   outer loop
     vertex  2.530257e+01 -3.014712e+01  1.300000e+01
     vertex  2.527080e+01 -3.333130e+01  1.300000e+01
     vertex  2.527080e+01 -3.016870e+01  1.300000e+01
   endloop
 endfacet
 facet normal -0.000000e+00  0.000000e+00 -1.000000e+00
   outer loop
     vertex  2.335841e+01 -2.818958e+01  1.300000e+01
     vertex  2.333661e+01 -2.822120e+01  1.300000e+01
     vertex  1.393706e+01 -2.334917e+01  1.300000e+01
   endloop
 endfacet
 facet normal  0.000000e+00  0.000000e+00 -1.000000e+00
   outer loop
     vertex  2.335841e+01 -2.818958e+01  1.300000e+01
     vertex  1.393706e+01 -2.334917e+01  1.300000e+01
     vertex  1.394629e+01 -2.332333e+01  1.300000e+01
   endloop
 endfacet
 facet normal  0.000000e+00 -0.000000e+00 -1.000000e+00
   outer loop
     vertex  2.533374e+01 -3.012467e+01  1.300000e+01
     vertex  2.536428e+01 -3.339863e+01  1.300000e+01
     vertex  2.533374e+01 -3.337533e+01  1.300000e+01
   endloop
 endfacet
 facet normal  0.000000e+00  0.000000e+00 -1.000000e+00
   outer loop
     vertex  2.533374e+01 -3.012467e+01  1.300000e+01
     vertex  2.533374e+01 -3.337533e+01  1.300000e+01
     vertex  2.530257e+01 -3.014712e+01  1.300000e+01
   endloop
 endfacet
 facet normal -0.000000e+00  0.000000e+00 -1.000000e+00
   outer loop
     vertex  2.338108e+01 -2.815857e+01  1.300000e+01
     vertex  2.335841e+01 -2.818958e+01  1.300000e+01
     vertex  1.394629e+01 -2.332333e+01  1.300000e+01
   endloop
 endfacet
 facet normal  0.000000e+00  0.000000e+00 -1.000000e+00
   outer loop
     vertex  2.338108e+01 -2.815857e+01  1.300000e+01
     vertex  1.394629e+01 -2.332333e+01  1.300000e+01
     vertex  1.395480e+01 -2.329725e+01  1.300000e+01
   endloop
 endfacet
 facet normal  0.000000e+00 -0.000000e+00 -1.000000e+00
   outer loop
     vertex  2.536428e+01 -3.010137e+01  1.300000e+01
     vertex  2.539417e+01 -3.342275e+01  1.300000e+01
     vertex  2.536428e+01 -3.339863e+01  1.300000e+01
   endloop
 endfacet
 facet normal  0.000000e+00  0.000000e+00 -1.000000e+00
   outer loop
     vertex  2.536428e+01 -3.010137e+01  1.300000e+01
     vertex  2.536428e+01 -3.339863e+01  1.300000e+01
     vertex  2.533374e+01 -3.012467e+01  1.300000e+01
   endloop
 endfacet
 facet normal -0.000000e+00  0.000000e+00 -1.000000e+00
   outer loop
     vertex  2.340458e+01 -2.812819e+01  1.300000e+01
     vertex  2.338108e+01 -2.815857e+01  1.300000e+01
     vertex  1.395480e+01 -2.329725e+01  1.300000e+01
   endloop
 endfacet
 facet normal  0.000000e+00  0.000000e+00 -1.000000e+00
   outer loop
     vertex  2.340458e+01 -2.812819e+01  1.300000e+01
     vertex  1.395480e+01 -2.329725e+01  1.300000e+01
     vertex  1.396259e+01 -2.327095e+01  1.300000e+01
   endloop
 endfacet
 facet normal  0.000000e+00 -0.000000e+00 -1.000000e+00
   outer loop
     vertex  2.539417e+01 -3.007725e+01  1.300000e+01
     vertex  2.542338e+01 -3.344769e+01  1.300000e+01
     vertex  2.539417e+01 -3.342275e+01  1.300000e+01
   endloop
 endfacet
 facet normal  0.000000e+00  0.000000e+00 -1.000000e+00
   outer loop
     vertex  2.539417e+01 -3.007725e+01  1.300000e+01
     vertex  2.539417e+01 -3.342275e+01  1.300000e+01
     vertex  2.536428e+01 -3.010137e+01  1.300000e+01
   endloop
 endfacet
 facet normal -0.000000e+00  0.000000e+00 -1.000000e+00
   outer loop
     vertex  2.342891e+01 -2.809846e+01  1.300000e+01
     vertex  2.340458e+01 -2.812819e+01  1.300000e+01
     vertex  1.396259e+01 -2.327095e+01  1.300000e+01
   endloop
 endfacet
 facet normal  0.000000e+00  0.000000e+00 -1.000000e+00
   outer loop
     vertex  2.342891e+01 -2.809846e+01  1.300000e+01
     vertex  1.396259e+01 -2.327095e+01  1.300000e+01
     vertex  1.396967e+01 -2.324444e+01  1.300000e+01
   endloop
 endfacet
 facet normal  0.000000e+00 -0.000000e+00 -1.000000e+00
   outer loop
     vertex  2.542338e+01 -3.005231e+01  1.300000e+01
     vertex  2.545191e+01 -3.347342e+01  1.300000e+01
     vertex  2.542338e+01 -3.344769e+01  1.300000e+01
   endloop
 endfacet
 facet normal  0.000000e+00  0.000000e+00 -1.000000e+00
   outer loop
     vertex  2.542338e+01 -3.005231e+01  1.300000e+01
     vertex  2.542338e+01 -3.344769e+01  1.300000e+01
     vertex  2.539417e+01 -3.007725e+01  1.300000e+01
   endloop
 endfacet
 facet normal -0.000000e+00  0.000000e+00 -1.000000e+00
   outer loop
     vertex  2.345405e+01 -2.806942e+01  1.300000e+01
     vertex  2.342891e+01 -2.809846e+01  1.300000e+01
     vertex  1.396967e+01 -2.324444e+01  1.300000e+01
   endloop
 endfacet
 facet normal  0.000000e+00  0.000000e+00 -1.000000e+00
   outer loop
     vertex  2.345405e+01 -2.806942e+01  1.300000e+01
     vertex  1.396967e+01 -2.324444e+01  1.300000e+01
     vertex  1.397601e+01 -2.321774e+01  1.300000e+01
   endloop
 endfacet
 facet normal  0.000000e+00  0.000000e+00 -1.000000e+00
   outer loop
     vertex  2.345405e+01 -2.806942e+01  1.300000e+01
     vertex  1.397601e+01 -2.321774e+01  1.300000e+01
     vertex  1.398161e+01 -2.319088e+01  1.300000e+01
   endloop
 endfacet
 facet normal  0.000000e+00 -0.000000e+00 -1.000000e+00
   outer loop
     vertex  2.545191e+01 -3.002658e+01  1.300000e+01
     vertex  2.547971e+01 -3.349992e+01  1.300000e+01
     vertex  2.545191e+01 -3.347342e+01  1.300000e+01
   endloop
 endfacet
 facet normal  0.000000e+00  0.000000e+00 -1.000000e+00
   outer loop
     vertex  2.545191e+01 -3.002658e+01  1.300000e+01
     vertex  2.545191e+01 -3.347342e+01  1.300000e+01
     vertex  2.542338e+01 -3.005231e+01  1.300000e+01
   endloop
 endfacet
 facet normal -0.000000e+00  0.000000e+00 -1.000000e+00
   outer loop
     vertex  2.347997e+01 -2.804107e+01  1.300000e+01
     vertex  2.345405e+01 -2.806942e+01  1.300000e+01
     vertex  1.398161e+01 -2.319088e+01  1.300000e+01
   endloop
 endfacet
 facet normal  0.000000e+00  0.000000e+00 -1.000000e+00
   outer loop
     vertex  2.347997e+01 -2.804107e+01  1.300000e+01
     vertex  1.398161e+01 -2.319088e+01  1.300000e+01
     vertex  1.398648e+01 -2.316388e+01  1.300000e+01
   endloop
 endfacet
 facet normal  0.000000e+00  0.000000e+00 -1.000000e+00
   outer loop
     vertex  2.547971e+01 -3.000008e+01  1.300000e+01
     vertex  2.547971e+01 -3.349992e+01  1.300000e+01
     vertex  2.545191e+01 -3.002658e+01  1.300000e+01
   endloop
 endfacet
 facet normal  0.000000e+00 -0.000000e+00 -1.000000e+00
   outer loop
     vertex  2.547971e+01 -3.000008e+01  1.300000e+01
     vertex  2.550678e+01 -3.352717e+01  1.300000e+01
     vertex  2.547971e+01 -3.349992e+01  1.300000e+01
   endloop
 endfacet
 facet normal -0.000000e+00  0.000000e+00 -1.000000e+00
   outer loop
     vertex  2.350666e+01 -2.801345e+01  1.300000e+01
     vertex  2.347997e+01 -2.804107e+01  1.300000e+01
     vertex  1.398648e+01 -2.316388e+01  1.300000e+01
   endloop
 endfacet
 facet normal  0.000000e+00  0.000000e+00 -1.000000e+00
   outer loop
     vertex  2.350666e+01 -2.801345e+01  1.300000e+01
     vertex  1.398648e+01 -2.316388e+01  1.300000e+01
     vertex  1.399060e+01 -2.313676e+01  1.300000e+01
   endloop
 endfacet
 facet normal  0.000000e+00  0.000000e+00 -1.000000e+00
   outer loop
     vertex  2.550678e+01 -2.997283e+01  1.300000e+01
     vertex  2.550678e+01 -3.352717e+01  1.300000e+01
     vertex  2.547971e+01 -3.000008e+01  1.300000e+01
   endloop
 endfacet
 facet normal -0.000000e+00  0.000000e+00 -1.000000e+00
   outer loop
     vertex  2.353410e+01 -2.798657e+01  1.300000e+01
     vertex  2.350666e+01 -2.801345e+01  1.300000e+01
     vertex  1.399060e+01 -2.313676e+01  1.300000e+01
   endloop
 endfacet
 facet normal  0.000000e+00  0.000000e+00 -1.000000e+00
   outer loop
     vertex  2.353410e+01 -2.798657e+01  1.300000e+01
     vertex  1.399060e+01 -2.313676e+01  1.300000e+01
     vertex  1.399398e+01 -2.310953e+01  1.300000e+01
   endloop
 endfacet
 facet normal  0.000000e+00  0.000000e+00 -1.000000e+00
   outer loop
     vertex  2.553309e+01 -2.994484e+01  1.300000e+01
     vertex  2.550678e+01 -3.352717e+01  1.300000e+01
     vertex  2.550678e+01 -2.997283e+01  1.300000e+01
   endloop
 endfacet
 facet normal  0.000000e+00 -0.000000e+00 -1.000000e+00
   outer loop
     vertex  2.553309e+01 -2.994484e+01  1.300000e+01
     vertex  2.555862e+01 -3.358385e+01  1.300000e+01
     vertex  2.553309e+01 -3.355516e+01  1.300000e+01
   endloop
 endfacet
 facet normal  0.000000e+00  0.000000e+00 -1.000000e+00
   outer loop
     vertex  2.553309e+01 -2.994484e+01  1.300000e+01
     vertex  2.553309e+01 -3.355516e+01  1.300000e+01
     vertex  2.550678e+01 -3.352717e+01  1.300000e+01
   endloop
 endfacet
 facet normal -0.000000e+00  0.000000e+00 -1.000000e+00
   outer loop
     vertex  2.356227e+01 -2.796045e+01  1.300000e+01
     vertex  2.353410e+01 -2.798657e+01  1.300000e+01
     vertex  1.399398e+01 -2.310953e+01  1.300000e+01
   endloop
 endfacet
 facet normal  0.000000e+00  0.000000e+00 -1.000000e+00
   outer loop
     vertex  2.356227e+01 -2.796045e+01  1.300000e+01
     vertex  1.399398e+01 -2.310953e+01  1.300000e+01
     vertex  1.399661e+01 -2.308222e+01  1.300000e+01
   endloop
 endfacet
 facet normal  0.000000e+00 -0.000000e+00 -1.000000e+00
   outer loop
     vertex  2.555862e+01 -2.991615e+01  1.300000e+01
     vertex  2.558336e+01 -3.361324e+01  1.300000e+01
     vertex  2.555862e+01 -3.358385e+01  1.300000e+01
   endloop
 endfacet
 facet normal  0.000000e+00  0.000000e+00 -1.000000e+00
   outer loop
     vertex  2.555862e+01 -2.991615e+01  1.300000e+01
     vertex  2.555862e+01 -3.358385e+01  1.300000e+01
     vertex  2.553309e+01 -2.994484e+01  1.300000e+01
   endloop
 endfacet
 facet normal -0.000000e+00  0.000000e+00 -1.000000e+00
   outer loop
     vertex  2.359114e+01 -2.793512e+01  1.300000e+01
     vertex  2.356227e+01 -2.796045e+01  1.300000e+01
     vertex  1.399661e+01 -2.308222e+01  1.300000e+01
   endloop
 endfacet
 facet normal  0.000000e+00  0.000000e+00 -1.000000e+00
   outer loop
     vertex  2.359114e+01 -2.793512e+01  1.300000e+01
     vertex  1.399661e+01 -2.308222e+01  1.300000e+01
     vertex  1.399849e+01 -2.305485e+01  1.300000e+01
   endloop
 endfacet
 facet normal  0.000000e+00  0.000000e+00 -1.000000e+00
   outer loop
     vertex  2.558336e+01 -2.988676e+01  1.300000e+01
     vertex  2.558336e+01 -3.361324e+01  1.300000e+01
     vertex  2.555862e+01 -2.991615e+01  1.300000e+01
   endloop
 endfacet
 facet normal  0.000000e+00 -0.000000e+00 -1.000000e+00
   outer loop
     vertex  2.558336e+01 -2.988676e+01  1.300000e+01
     vertex  2.560728e+01 -3.364330e+01  1.300000e+01
     vertex  2.558336e+01 -3.361324e+01  1.300000e+01
   endloop
 endfacet
 facet normal -0.000000e+00  0.000000e+00 -1.000000e+00
   outer loop
     vertex  2.362069e+01 -2.791059e+01  1.300000e+01
     vertex  2.359114e+01 -2.793512e+01  1.300000e+01
     vertex  1.399849e+01 -2.305485e+01  1.300000e+01
   endloop
 endfacet
 facet normal  0.000000e+00  0.000000e+00 -1.000000e+00
   outer loop
     vertex  2.362069e+01 -2.791059e+01  1.300000e+01
     vertex  1.399849e+01 -2.305485e+01  1.300000e+01
     vertex  1.399962e+01 -2.302743e+01  1.300000e+01
   endloop
 endfacet
 facet normal  0.000000e+00  0.000000e+00 -1.000000e+00
   outer loop
     vertex  2.560728e+01 -2.985670e+01  1.300000e+01
     vertex  2.560728e+01 -3.364330e+01  1.300000e+01
     vertex  2.558336e+01 -2.988676e+01  1.300000e+01
   endloop
 endfacet
 facet normal -0.000000e+00  0.000000e+00 -1.000000e+00
   outer loop
     vertex  2.365091e+01 -2.788687e+01  1.300000e+01
     vertex  2.362069e+01 -2.791059e+01  1.300000e+01
     vertex  1.399962e+01 -2.302743e+01  1.300000e+01
   endloop
 endfacet
 facet normal  0.000000e+00  0.000000e+00 -1.000000e+00
   outer loop
     vertex  2.365091e+01 -2.788687e+01  1.300000e+01
     vertex  1.399962e+01 -2.302743e+01  1.300000e+01
     vertex  1.400000e+01 -2.300000e+01  1.300000e+01
   endloop
 endfacet
 facet normal  0.000000e+00  0.000000e+00 -1.000000e+00
   outer loop
     vertex  2.563036e+01 -2.982600e+01  1.300000e+01
     vertex  2.563036e+01 -3.367400e+01  1.300000e+01
     vertex  2.560728e+01 -3.364330e+01  1.300000e+01
   endloop
 endfacet
 facet normal  0.000000e+00  0.000000e+00 -1.000000e+00
   outer loop
     vertex  2.563036e+01 -2.982600e+01  1.300000e+01
     vertex  2.560728e+01 -3.364330e+01  1.300000e+01
     vertex  2.560728e+01 -2.985670e+01  1.300000e+01
   endloop
 endfacet
 facet normal -0.000000e+00  0.000000e+00 -1.000000e+00
   outer loop
     vertex  2.368177e+01 -2.786400e+01  1.300000e+01
     vertex  2.365091e+01 -2.788687e+01  1.300000e+01
     vertex  1.400000e+01 -2.300000e+01  1.300000e+01
   endloop
 endfacet
 facet normal  0.000000e+00  0.000000e+00 -1.000000e+00
   outer loop
     vertex  2.368177e+01 -2.786400e+01  1.300000e+01
     vertex  1.400000e+01 -2.300000e+01  1.300000e+01
     vertex  1.399962e+01 -2.297257e+01  1.300000e+01
   endloop
 endfacet
 facet normal  0.000000e+00  0.000000e+00 -1.000000e+00
   outer loop
     vertex  2.565260e+01 -2.979468e+01  1.300000e+01
     vertex  2.563036e+01 -3.367400e+01  1.300000e+01
     vertex  2.563036e+01 -2.982600e+01  1.300000e+01
   endloop
 endfacet
 facet normal  0.000000e+00  0.000000e+00 -1.000000e+00
   outer loop
     vertex  2.565260e+01 -2.979468e+01  1.300000e+01
     vertex  2.565260e+01 -3.370532e+01  1.300000e+01
     vertex  2.563036e+01 -3.367400e+01  1.300000e+01
   endloop
 endfacet
 facet normal -0.000000e+00  0.000000e+00 -1.000000e+00
   outer loop
     vertex  2.371324e+01 -2.784198e+01  1.300000e+01
     vertex  2.368177e+01 -2.786400e+01  1.300000e+01
     vertex  1.399962e+01 -2.297257e+01  1.300000e+01
   endloop
 endfacet
 facet normal  0.000000e+00  0.000000e+00 -1.000000e+00
   outer loop
     vertex  2.371324e+01 -2.784198e+01  1.300000e+01
     vertex  1.399962e+01 -2.297257e+01  1.300000e+01
     vertex  1.399849e+01 -2.294515e+01  1.300000e+01
   endloop
 endfacet
 facet normal  0.000000e+00  0.000000e+00 -1.000000e+00
   outer loop
     vertex  2.567396e+01 -2.976276e+01  1.300000e+01
     vertex  2.567396e+01 -3.373724e+01  1.300000e+01
     vertex  2.565260e+01 -3.370532e+01  1.300000e+01
   endloop
 endfacet
 facet normal  0.000000e+00  0.000000e+00 -1.000000e+00
   outer loop
     vertex  2.567396e+01 -2.976276e+01  1.300000e+01
     vertex  2.565260e+01 -3.370532e+01  1.300000e+01
     vertex  2.565260e+01 -2.979468e+01  1.300000e+01
   endloop
 endfacet
 facet normal -0.000000e+00  0.000000e+00 -1.000000e+00
   outer loop
     vertex  2.374531e+01 -2.782083e+01  1.300000e+01
     vertex  2.371324e+01 -2.784198e+01  1.300000e+01
     vertex  1.399849e+01 -2.294515e+01  1.300000e+01
   endloop
 endfacet
 facet normal  0.000000e+00  0.000000e+00 -1.000000e+00
   outer loop
     vertex  2.374531e+01 -2.782083e+01  1.300000e+01
     vertex  1.399849e+01 -2.294515e+01  1.300000e+01
     vertex  1.399661e+01 -2.291778e+01  1.300000e+01
   endloop
 endfacet
 facet normal  0.000000e+00  0.000000e+00 -1.000000e+00
   outer loop
     vertex  2.569445e+01 -2.973027e+01  1.300000e+01
     vertex  2.569445e+01 -3.376973e+01  1.300000e+01
     vertex  2.567396e+01 -3.373724e+01  1.300000e+01
   endloop
 endfacet
 facet normal  0.000000e+00  0.000000e+00 -1.000000e+00
   outer loop
     vertex  2.569445e+01 -2.973027e+01  1.300000e+01
     vertex  2.567396e+01 -3.373724e+01  1.300000e+01
     vertex  2.567396e+01 -2.976276e+01  1.300000e+01
   endloop
 endfacet
 facet normal -0.000000e+00  0.000000e+00 -1.000000e+00
   outer loop
     vertex  2.377794e+01 -2.780057e+01  1.300000e+01
     vertex  2.374531e+01 -2.782083e+01  1.300000e+01
     vertex  1.399661e+01 -2.291778e+01  1.300000e+01
   endloop
 endfacet
 facet normal  0.000000e+00  0.000000e+00 -1.000000e+00
   outer loop
     vertex  2.377794e+01 -2.780057e+01  1.300000e+01
     vertex  1.399661e+01 -2.291778e+01  1.300000e+01
     vertex  1.399398e+01 -2.289047e+01  1.300000e+01
   endloop
 endfacet
 facet normal  0.000000e+00  0.000000e+00 -1.000000e+00
   outer loop
     vertex  2.571403e+01 -2.969723e+01  1.300000e+01
     vertex  2.569445e+01 -3.376973e+01  1.300000e+01
     vertex  2.569445e+01 -2.973027e+01  1.300000e+01
   endloop
 endfacet
 facet normal  0.000000e+00  0.000000e+00 -1.000000e+00
   outer loop
     vertex  2.571403e+01 -2.969723e+01  1.300000e+01
     vertex  2.571403e+01 -3.380277e+01  1.300000e+01
     vertex  2.569445e+01 -3.376973e+01  1.300000e+01
   endloop
 endfacet
 facet normal -0.000000e+00  0.000000e+00 -1.000000e+00
   outer loop
     vertex  2.381112e+01 -2.778121e+01  1.300000e+01
     vertex  2.377794e+01 -2.780057e+01  1.300000e+01
     vertex  1.399398e+01 -2.289047e+01  1.300000e+01
   endloop
 endfacet
 facet normal  0.000000e+00  0.000000e+00 -1.000000e+00
   outer loop
     vertex  2.381112e+01 -2.778121e+01  1.300000e+01
     vertex  1.399398e+01 -2.289047e+01  1.300000e+01
     vertex  1.399060e+01 -2.286324e+01  1.300000e+01
   endloop
 endfacet
 facet normal  0.000000e+00  0.000000e+00 -1.000000e+00
   outer loop
     vertex  2.573270e+01 -2.966366e+01  1.300000e+01
     vertex  2.573270e+01 -3.383634e+01  1.300000e+01
     vertex  2.571403e+01 -3.380277e+01  1.300000e+01
   endloop
 endfacet
 facet normal  0.000000e+00  0.000000e+00 -1.000000e+00
   outer loop
     vertex  2.573270e+01 -2.966366e+01  1.300000e+01
     vertex  2.571403e+01 -3.380277e+01  1.300000e+01
     vertex  2.571403e+01 -2.969723e+01  1.300000e+01
   endloop
 endfacet
 facet normal -0.000000e+00  0.000000e+00 -1.000000e+00
   outer loop
     vertex  2.384481e+01 -2.776277e+01  1.300000e+01
     vertex  2.381112e+01 -2.778121e+01  1.300000e+01
     vertex  1.399060e+01 -2.286324e+01  1.300000e+01
   endloop
 endfacet
 facet normal  0.000000e+00  0.000000e+00 -1.000000e+00
   outer loop
     vertex  2.384481e+01 -2.776277e+01  1.300000e+01
     vertex  1.399060e+01 -2.286324e+01  1.300000e+01
     vertex  1.398648e+01 -2.283612e+01  1.300000e+01
   endloop
 endfacet
 facet normal  0.000000e+00  0.000000e+00 -1.000000e+00
   outer loop
     vertex  2.575045e+01 -2.962959e+01  1.300000e+01
     vertex  2.575045e+01 -3.387041e+01  1.300000e+01
     vertex  2.573270e+01 -3.383634e+01  1.300000e+01
   endloop
 endfacet
 facet normal  0.000000e+00  0.000000e+00 -1.000000e+00
   outer loop
     vertex  2.575045e+01 -2.962959e+01  1.300000e+01
     vertex  2.573270e+01 -3.383634e+01  1.300000e+01
     vertex  2.573270e+01 -2.966366e+01  1.300000e+01
   endloop
 endfacet
 facet normal -0.000000e+00  0.000000e+00 -1.000000e+00
   outer loop
     vertex  2.387900e+01 -2.774526e+01  1.300000e+01
     vertex  2.384481e+01 -2.776277e+01  1.300000e+01
     vertex  1.398648e+01 -2.283612e+01  1.300000e+01
   endloop
 endfacet
 facet normal  0.000000e+00  0.000000e+00 -1.000000e+00
   outer loop
     vertex  2.387900e+01 -2.774526e+01  1.300000e+01
     vertex  1.398648e+01 -2.283612e+01  1.300000e+01
     vertex  1.398161e+01 -2.280912e+01  1.300000e+01
   endloop
 endfacet
 facet normal  0.000000e+00  0.000000e+00 -1.000000e+00
   outer loop
     vertex  2.576725e+01 -2.959505e+01  1.300000e+01
     vertex  2.576725e+01 -3.390495e+01  1.300000e+01
     vertex  2.575045e+01 -3.387041e+01  1.300000e+01
   endloop
 endfacet
 facet normal  0.000000e+00  0.000000e+00 -1.000000e+00
   outer loop
     vertex  2.576725e+01 -2.959505e+01  1.300000e+01
     vertex  2.575045e+01 -3.387041e+01  1.300000e+01
     vertex  2.575045e+01 -2.962959e+01  1.300000e+01
   endloop
 endfacet
 facet normal -0.000000e+00  0.000000e+00 -1.000000e+00
   outer loop
     vertex  2.391366e+01 -2.772870e+01  1.300000e+01
     vertex  2.387900e+01 -2.774526e+01  1.300000e+01
     vertex  1.398161e+01 -2.280912e+01  1.300000e+01
   endloop
 endfacet
 facet normal  0.000000e+00  0.000000e+00 -1.000000e+00
   outer loop
     vertex  2.391366e+01 -2.772870e+01  1.300000e+01
     vertex  1.398161e+01 -2.280912e+01  1.300000e+01
     vertex  1.397601e+01 -2.278226e+01  1.300000e+01
   endloop
 endfacet
 facet normal  0.000000e+00  0.000000e+00 -1.000000e+00
   outer loop
     vertex  2.578310e+01 -2.956006e+01  1.300000e+01
     vertex  2.578310e+01 -3.393994e+01  1.300000e+01
     vertex  2.576725e+01 -3.390495e+01  1.300000e+01
   endloop
 endfacet
 facet normal  0.000000e+00  0.000000e+00 -1.000000e+00
   outer loop
     vertex  2.578310e+01 -2.956006e+01  1.300000e+01
     vertex  2.576725e+01 -3.390495e+01  1.300000e+01
     vertex  2.576725e+01 -2.959505e+01  1.300000e+01
   endloop
 endfacet
 facet normal  0.000000e+00  0.000000e+00 -1.000000e+00
   outer loop
     vertex  2.394876e+01 -2.771309e+01  1.300000e+01
     vertex  1.397601e+01 -2.278226e+01  1.300000e+01
     vertex  1.396967e+01 -2.275556e+01  1.300000e+01
   endloop
 endfacet
 facet normal -0.000000e+00  0.000000e+00 -1.000000e+00
   outer loop
     vertex  2.394876e+01 -2.771309e+01  1.300000e+01
     vertex  2.391366e+01 -2.772870e+01  1.300000e+01
     vertex  1.397601e+01 -2.278226e+01  1.300000e+01
   endloop
 endfacet
 facet normal  0.000000e+00  0.000000e+00 -1.000000e+00
   outer loop
     vertex  2.579798e+01 -2.952465e+01  1.300000e+01
     vertex  2.579798e+01 -3.397535e+01  1.300000e+01
     vertex  2.578310e+01 -3.393994e+01  1.300000e+01
   endloop
 endfacet
 facet normal  0.000000e+00  0.000000e+00 -1.000000e+00
   outer loop
     vertex  2.579798e+01 -2.952465e+01  1.300000e+01
     vertex  2.578310e+01 -3.393994e+01  1.300000e+01
     vertex  2.578310e+01 -2.956006e+01  1.300000e+01
   endloop
 endfacet
 facet normal -0.000000e+00  0.000000e+00 -1.000000e+00
   outer loop
     vertex  2.398427e+01 -2.769845e+01  1.300000e+01
     vertex  2.394876e+01 -2.771309e+01  1.300000e+01
     vertex  1.396967e+01 -2.275556e+01  1.300000e+01
   endloop
 endfacet
 facet normal  0.000000e+00  0.000000e+00 -1.000000e+00
   outer loop
     vertex  2.398427e+01 -2.769845e+01  1.300000e+01
     vertex  1.396967e+01 -2.275556e+01  1.300000e+01
     vertex  1.396259e+01 -2.272905e+01  1.300000e+01
   endloop
 endfacet
 facet normal  0.000000e+00 -0.000000e+00 -1.000000e+00
   outer loop
     vertex  2.581188e+01 -2.948884e+01  1.300000e+01
     vertex  2.582480e+01 -3.404733e+01  1.300000e+01
     vertex  2.581188e+01 -3.401116e+01  1.300000e+01
   endloop
 endfacet
 facet normal  0.000000e+00  0.000000e+00 -1.000000e+00
   outer loop
     vertex  2.581188e+01 -2.948884e+01  1.300000e+01
     vertex  2.581188e+01 -3.401116e+01  1.300000e+01
     vertex  2.579798e+01 -3.397535e+01  1.300000e+01
   endloop
 endfacet
 facet normal  0.000000e+00  0.000000e+00 -1.000000e+00
   outer loop
     vertex  2.581188e+01 -2.948884e+01  1.300000e+01
     vertex  2.579798e+01 -3.397535e+01  1.300000e+01
     vertex  2.579798e+01 -2.952465e+01  1.300000e+01
   endloop
 endfacet
 facet normal -0.000000e+00  0.000000e+00 -1.000000e+00
   outer loop
     vertex  2.402017e+01 -2.768480e+01  1.300000e+01
     vertex  2.398427e+01 -2.769845e+01  1.300000e+01
     vertex  1.396259e+01 -2.272905e+01  1.300000e+01
   endloop
 endfacet
 facet normal  0.000000e+00  0.000000e+00 -1.000000e+00
   outer loop
     vertex  2.402017e+01 -2.768480e+01  1.300000e+01
     vertex  1.396259e+01 -2.272905e+01  1.300000e+01
     vertex  1.395480e+01 -2.270275e+01  1.300000e+01
   endloop
 endfacet
 facet normal  0.000000e+00  0.000000e+00 -1.000000e+00
   outer loop
     vertex  2.402017e+01 -2.768480e+01  1.300000e+01
     vertex  1.395480e+01 -2.270275e+01  1.300000e+01
     vertex  1.394629e+01 -2.267667e+01  1.300000e+01
   endloop
 endfacet
 facet normal  0.000000e+00 -0.000000e+00 -1.000000e+00
   outer loop
     vertex  2.582480e+01 -2.945267e+01  1.300000e+01
     vertex  2.583672e+01 -3.408385e+01  1.300000e+01
     vertex  2.582480e+01 -3.404733e+01  1.300000e+01
   endloop
 endfacet
 facet normal  0.000000e+00  0.000000e+00 -1.000000e+00
   outer loop
     vertex  2.582480e+01 -2.945267e+01  1.300000e+01
     vertex  2.582480e+01 -3.404733e+01  1.300000e+01
     vertex  2.581188e+01 -2.948884e+01  1.300000e+01
   endloop
 endfacet
 facet normal -0.000000e+00  0.000000e+00 -1.000000e+00
   outer loop
     vertex  2.405643e+01 -2.767213e+01  1.300000e+01
     vertex  2.402017e+01 -2.768480e+01  1.300000e+01
     vertex  1.394629e+01 -2.267667e+01  1.300000e+01
   endloop
 endfacet
 facet normal  0.000000e+00  0.000000e+00 -1.000000e+00
   outer loop
     vertex  2.405643e+01 -2.767213e+01  1.300000e+01
     vertex  1.394629e+01 -2.267667e+01  1.300000e+01
     vertex  1.393706e+01 -2.265083e+01  1.300000e+01
   endloop
 endfacet
 facet normal  0.000000e+00 -0.000000e+00 -1.000000e+00
   outer loop
     vertex  2.583672e+01 -2.941615e+01  1.300000e+01
     vertex  2.583672e+01 -3.408385e+01  1.300000e+01
     vertex  2.582480e+01 -2.945267e+01  1.300000e+01
   endloop
 endfacet
 facet normal -0.000000e+00  0.000000e+00 -1.000000e+00
   outer loop
     vertex  2.409303e+01 -2.766046e+01  1.300000e+01
     vertex  2.405643e+01 -2.767213e+01  1.300000e+01
     vertex  1.393706e+01 -2.265083e+01  1.300000e+01
   endloop
 endfacet
 facet normal  0.000000e+00  0.000000e+00 -1.000000e+00
   outer loop
     vertex  2.409303e+01 -2.766046e+01  1.300000e+01
     vertex  1.393706e+01 -2.265083e+01  1.300000e+01
     vertex  1.392713e+01 -2.262525e+01  1.300000e+01
   endloop
 endfacet
 facet normal  0.000000e+00  0.000000e+00 -1.000000e+00
   outer loop
     vertex  2.584763e+01 -2.937932e+01  1.300000e+01
     vertex  2.584763e+01 -3.412068e+01  1.300000e+01
     vertex  2.583672e+01 -3.408385e+01  1.300000e+01
   endloop
 endfacet
 facet normal  0.000000e+00 -0.000000e+00 -1.000000e+00
   outer loop
     vertex  2.584763e+01 -2.937932e+01  1.300000e+01
     vertex  3.095000e+01 -3.995000e+01  1.300000e+01
     vertex  2.584763e+01 -3.412068e+01  1.300000e+01
   endloop
 endfacet
 facet normal  0.000000e+00  0.000000e+00 -1.000000e+00
   outer loop
     vertex  2.584763e+01 -2.937932e+01  1.300000e+01
     vertex  2.583672e+01 -3.408385e+01  1.300000e+01
     vertex  2.583672e+01 -2.941615e+01  1.300000e+01
   endloop
 endfacet
 facet normal  0.000000e+00  0.000000e+00 -1.000000e+00
   outer loop
     vertex  2.412993e+01 -2.764980e+01  1.300000e+01
     vertex  1.392713e+01 -2.262525e+01  1.300000e+01
     vertex  1.391650e+01 -2.259996e+01  1.300000e+01
   endloop
 endfacet
 facet normal -0.000000e+00  0.000000e+00 -1.000000e+00
   outer loop
     vertex  2.412993e+01 -2.764980e+01  1.300000e+01
     vertex  2.409303e+01 -2.766046e+01  1.300000e+01
     vertex  1.392713e+01 -2.262525e+01  1.300000e+01
   endloop
 endfacet
 facet normal  0.000000e+00 -0.000000e+00 -1.000000e+00
   outer loop
     vertex  2.585753e+01 -2.934221e+01  1.300000e+01
     vertex  3.095000e+01 -3.995000e+01  1.300000e+01
     vertex  2.584763e+01 -2.937932e+01  1.300000e+01
   endloop
 endfacet
 facet normal -0.000000e+00  0.000000e+00 -1.000000e+00
   outer loop
     vertex  2.416711e+01 -2.764015e+01  1.300000e+01
     vertex  2.412993e+01 -2.764980e+01  1.300000e+01
     vertex  1.391650e+01 -2.259996e+01  1.300000e+01
   endloop
 endfacet
 facet normal  0.000000e+00  0.000000e+00 -1.000000e+00
   outer loop
     vertex  2.416711e+01 -2.764015e+01  1.300000e+01
     vertex  1.391650e+01 -2.259996e+01  1.300000e+01
     vertex  1.390518e+01 -2.257497e+01  1.300000e+01
   endloop
 endfacet
 facet normal  0.000000e+00 -0.000000e+00 -1.000000e+00
   outer loop
     vertex  2.586641e+01 -2.930484e+01  1.300000e+01
     vertex  3.095000e+01 -3.995000e+01  1.300000e+01
     vertex  2.585753e+01 -2.934221e+01  1.300000e+01
   endloop
 endfacet
 facet normal -0.000000e+00  0.000000e+00 -1.000000e+00
   outer loop
     vertex  2.420454e+01 -2.763153e+01  1.300000e+01
     vertex  2.416711e+01 -2.764015e+01  1.300000e+01
     vertex  1.390518e+01 -2.257497e+01  1.300000e+01
   endloop
 endfacet
 facet normal  0.000000e+00  0.000000e+00 -1.000000e+00
   outer loop
     vertex  2.420454e+01 -2.763153e+01  1.300000e+01
     vertex  1.390518e+01 -2.257497e+01  1.300000e+01
     vertex  1.389318e+01 -2.255029e+01  1.300000e+01
   endloop
 endfacet
 facet normal  0.000000e+00 -0.000000e+00 -1.000000e+00
   outer loop
     vertex  2.587426e+01 -2.926724e+01  1.300000e+01
     vertex  3.095000e+01 -3.995000e+01  1.300000e+01
     vertex  2.586641e+01 -2.930484e+01  1.300000e+01
   endloop
 endfacet
 facet normal  0.000000e+00  0.000000e+00 -1.000000e+00
   outer loop
     vertex  2.424220e+01 -2.762394e+01  1.300000e+01
     vertex  1.389318e+01 -2.255029e+01  1.300000e+01
     vertex  1.388050e+01 -2.252596e+01  1.300000e+01
   endloop
 endfacet
 facet normal -0.000000e+00  0.000000e+00 -1.000000e+00
   outer loop
     vertex  2.424220e+01 -2.762394e+01  1.300000e+01
     vertex  2.420454e+01 -2.763153e+01  1.300000e+01
     vertex  1.389318e+01 -2.255029e+01  1.300000e+01
   endloop
 endfacet
 facet normal  0.000000e+00 -0.000000e+00 -1.000000e+00
   outer loop
     vertex  2.588107e+01 -2.922944e+01  1.300000e+01
     vertex  3.095000e+01 -3.995000e+01  1.300000e+01
     vertex  2.587426e+01 -2.926724e+01  1.300000e+01
   endloop
 endfacet
 facet normal  0.000000e+00  0.000000e+00 -1.000000e+00
   outer loop
     vertex  2.428004e+01 -2.761739e+01  1.300000e+01
     vertex  1.388050e+01 -2.252596e+01  1.300000e+01
     vertex  1.386717e+01 -2.250198e+01  1.300000e+01
   endloop
 endfacet
 facet normal -0.000000e+00  0.000000e+00 -1.000000e+00
   outer loop
     vertex  2.428004e+01 -2.761739e+01  1.300000e+01
     vertex  2.424220e+01 -2.762394e+01  1.300000e+01
     vertex  1.388050e+01 -2.252596e+01  1.300000e+01
   endloop
 endfacet
 facet normal  0.000000e+00 -0.000000e+00 -1.000000e+00
   outer loop
     vertex  2.588685e+01 -2.919146e+01  1.300000e+01
     vertex  3.095000e+01 -3.995000e+01  1.300000e+01
     vertex  2.588107e+01 -2.922944e+01  1.300000e+01
   endloop
 endfacet
 facet normal -0.000000e+00  0.000000e+00 -1.000000e+00
   outer loop
     vertex  2.431806e+01 -2.761187e+01  1.300000e+01
     vertex  2.428004e+01 -2.761739e+01  1.300000e+01
     vertex  1.386717e+01 -2.250198e+01  1.300000e+01
   endloop
 endfacet
 facet normal  0.000000e+00  0.000000e+00 -1.000000e+00
   outer loop
     vertex  2.431806e+01 -2.761187e+01  1.300000e+01
     vertex  1.386717e+01 -2.250198e+01  1.300000e+01
     vertex  1.385318e+01 -2.247838e+01  1.300000e+01
   endloop
 endfacet
 facet normal  0.000000e+00 -0.000000e+00 -1.000000e+00
   outer loop
     vertex  2.589158e+01 -2.915334e+01  1.300000e+01
     vertex  3.095000e+01 -3.995000e+01  1.300000e+01
     vertex  2.588685e+01 -2.919146e+01  1.300000e+01
   endloop
 endfacet
 facet normal -0.000000e+00  0.000000e+00 -1.000000e+00
   outer loop
     vertex  2.435621e+01 -2.760740e+01  1.300000e+01
     vertex  2.431806e+01 -2.761187e+01  1.300000e+01
     vertex  1.385318e+01 -2.247838e+01  1.300000e+01
   endloop
 endfacet
 facet normal  0.000000e+00  0.000000e+00 -1.000000e+00
   outer loop
     vertex  2.435621e+01 -2.760740e+01  1.300000e+01
     vertex  1.385318e+01 -2.247838e+01  1.300000e+01
     vertex  1.383855e+01 -2.245517e+01  1.300000e+01
   endloop
 endfacet
 facet normal  0.000000e+00 -0.000000e+00 -1.000000e+00
   outer loop
     vertex  2.589526e+01 -2.911511e+01  1.300000e+01
     vertex  3.095000e+01 -3.995000e+01  1.300000e+01
     vertex  2.589158e+01 -2.915334e+01  1.300000e+01
   endloop
 endfacet
 facet normal -0.000000e+00  0.000000e+00 -1.000000e+00
   outer loop
     vertex  2.439447e+01 -2.760398e+01  1.300000e+01
     vertex  2.435621e+01 -2.760740e+01  1.300000e+01
     vertex  1.383855e+01 -2.245517e+01  1.300000e+01
   endloop
 endfacet
 facet normal  0.000000e+00  0.000000e+00 -1.000000e+00
   outer loop
     vertex  2.439447e+01 -2.760398e+01  1.300000e+01
     vertex  1.383855e+01 -2.245517e+01  1.300000e+01
     vertex  1.382328e+01 -2.243237e+01  1.300000e+01
   endloop
 endfacet
 facet normal  0.000000e+00 -0.000000e+00 -1.000000e+00
   outer loop
     vertex  2.589789e+01 -2.907679e+01  1.300000e+01
     vertex  3.095000e+01 -3.995000e+01  1.300000e+01
     vertex  2.589526e+01 -2.911511e+01  1.300000e+01
   endloop
 endfacet
 facet normal -0.000000e+00  0.000000e+00 -1.000000e+00
   outer loop
     vertex  2.443280e+01 -2.760161e+01  1.300000e+01
     vertex  2.439447e+01 -2.760398e+01  1.300000e+01
     vertex  1.382328e+01 -2.243237e+01  1.300000e+01
   endloop
 endfacet
 facet normal  0.000000e+00  0.000000e+00 -1.000000e+00
   outer loop
     vertex  2.443280e+01 -2.760161e+01  1.300000e+01
     vertex  1.382328e+01 -2.243237e+01  1.300000e+01
     vertex  1.380740e+01 -2.241000e+01  1.300000e+01
   endloop
 endfacet
 facet normal  0.000000e+00 -0.000000e+00 -1.000000e+00
   outer loop
     vertex  2.589947e+01 -2.903841e+01  1.300000e+01
     vertex  3.095000e+01 -3.995000e+01  1.300000e+01
     vertex  2.589789e+01 -2.907679e+01  1.300000e+01
   endloop
 endfacet
 facet normal  0.000000e+00  0.000000e+00 -1.000000e+00
   outer loop
     vertex  2.447119e+01 -2.760030e+01  1.300000e+01
     vertex  1.380740e+01 -2.241000e+01  1.300000e+01
     vertex  1.379091e+01 -2.238807e+01  1.300000e+01
   endloop
 endfacet
 facet normal -0.000000e+00  0.000000e+00 -1.000000e+00
   outer loop
     vertex  2.447119e+01 -2.760030e+01  1.300000e+01
     vertex  2.443280e+01 -2.760161e+01  1.300000e+01
     vertex  1.380740e+01 -2.241000e+01  1.300000e+01
   endloop
 endfacet
 facet normal  0.000000e+00 -0.000000e+00 -1.000000e+00
   outer loop
     vertex  2.590000e+01 -2.900000e+01  1.300000e+01
     vertex  3.095000e+01 -3.995000e+01  1.300000e+01
     vertex  2.589947e+01 -2.903841e+01  1.300000e+01
   endloop
 endfacet
 facet normal -0.000000e+00  0.000000e+00 -1.000000e+00
   outer loop
     vertex  2.450960e+01 -2.760003e+01  1.300000e+01
     vertex  2.447119e+01 -2.760030e+01  1.300000e+01
     vertex  1.379091e+01 -2.238807e+01  1.300000e+01
   endloop
 endfacet
 facet normal  0.000000e+00  0.000000e+00 -1.000000e+00
   outer loop
     vertex  2.450960e+01 -2.760003e+01  1.300000e+01
     vertex  1.379091e+01 -2.238807e+01  1.300000e+01
     vertex  1.377383e+01 -2.236660e+01  1.300000e+01
   endloop
 endfacet
 facet normal  0.000000e+00  0.000000e+00 -1.000000e+00
   outer loop
     vertex  2.589947e+01 -2.896159e+01  1.300000e+01
     vertex  3.095000e+01 -3.995000e+01  1.300000e+01
     vertex  2.590000e+01 -2.900000e+01  1.300000e+01
   endloop
 endfacet
 facet normal  0.000000e+00  0.000000e+00 -1.000000e+00
   outer loop
     vertex  2.454801e+01 -2.760082e+01  1.300000e+01
     vertex  2.450960e+01 -2.760003e+01  1.300000e+01
     vertex  1.377383e+01 -2.236660e+01  1.300000e+01
   endloop
 endfacet
 facet normal  0.000000e+00  0.000000e+00 -1.000000e+00
   outer loop
     vertex  2.454801e+01 -2.760082e+01  1.300000e+01
     vertex  1.377383e+01 -2.236660e+01  1.300000e+01
     vertex  1.375616e+01 -2.234561e+01  1.300000e+01
   endloop
 endfacet
 facet normal  0.000000e+00  0.000000e+00 -1.000000e+00
   outer loop
     vertex  2.589789e+01 -2.892321e+01  1.300000e+01
     vertex  3.095000e+01 -3.995000e+01  1.300000e+01
     vertex  2.589947e+01 -2.896159e+01  1.300000e+01
   endloop
 endfacet
 facet normal  0.000000e+00  0.000000e+00 -1.000000e+00
   outer loop
     vertex  2.458637e+01 -2.760267e+01  1.300000e+01
     vertex  1.375616e+01 -2.234561e+01  1.300000e+01
     vertex  1.373792e+01 -2.232511e+01  1.300000e+01
   endloop
 endfacet
 facet normal  0.000000e+00  0.000000e+00 -1.000000e+00
   outer loop
     vertex  2.458637e+01 -2.760267e+01  1.300000e+01
     vertex  2.454801e+01 -2.760082e+01  1.300000e+01
     vertex  1.375616e+01 -2.234561e+01  1.300000e+01
   endloop
 endfacet
 facet normal  0.000000e+00  0.000000e+00 -1.000000e+00
   outer loop
     vertex  2.589526e+01 -2.888489e+01  1.300000e+01
     vertex  3.095000e+01 -3.995000e+01  1.300000e+01
     vertex  2.589789e+01 -2.892321e+01  1.300000e+01
   endloop
 endfacet
 facet normal  0.000000e+00  0.000000e+00 -1.000000e+00
   outer loop
     vertex  2.462468e+01 -2.760556e+01  1.300000e+01
     vertex  2.458637e+01 -2.760267e+01  1.300000e+01
     vertex  1.373792e+01 -2.232511e+01  1.300000e+01
   endloop
 endfacet
 facet normal  0.000000e+00  0.000000e+00 -1.000000e+00
   outer loop
     vertex  2.462468e+01 -2.760556e+01  1.300000e+01
     vertex  1.373792e+01 -2.232511e+01  1.300000e+01
     vertex  1.371913e+01 -2.230512e+01  1.300000e+01
   endloop
 endfacet
 facet normal  0.000000e+00  0.000000e+00 -1.000000e+00
   outer loop
     vertex  2.589158e+01 -2.884666e+01  1.300000e+01
     vertex  3.095000e+01 -3.995000e+01  1.300000e+01
     vertex  2.589526e+01 -2.888489e+01  1.300000e+01
   endloop
 endfacet
 facet normal  0.000000e+00  0.000000e+00 -1.000000e+00
   outer loop
     vertex  2.588685e+01 -2.880854e+01  1.300000e+01
     vertex  3.095000e+01 -3.995000e+01  1.300000e+01
     vertex  2.589158e+01 -2.884666e+01  1.300000e+01
   endloop
 endfacet
 facet normal  0.000000e+00  0.000000e+00 -1.000000e+00
   outer loop
     vertex  2.588107e+01 -2.877056e+01  1.300000e+01
     vertex  3.095000e+01 -3.995000e+01  1.300000e+01
     vertex  2.588685e+01 -2.880854e+01  1.300000e+01
   endloop
 endfacet
 facet normal  0.000000e+00  0.000000e+00 -1.000000e+00
   outer loop
     vertex  2.587426e+01 -2.873276e+01  1.300000e+01
     vertex  3.095000e+01 -3.995000e+01  1.300000e+01
     vertex  2.588107e+01 -2.877056e+01  1.300000e+01
   endloop
 endfacet
 facet normal  0.000000e+00  0.000000e+00 -1.000000e+00
   outer loop
     vertex  2.586641e+01 -2.869516e+01  1.300000e+01
     vertex  3.095000e+01 -3.995000e+01  1.300000e+01
     vertex  2.587426e+01 -2.873276e+01  1.300000e+01
   endloop
 endfacet
 facet normal  0.000000e+00  0.000000e+00 -1.000000e+00
   outer loop
     vertex  2.585753e+01 -2.865779e+01  1.300000e+01
     vertex  3.095000e+01 -3.995000e+01  1.300000e+01
     vertex  2.586641e+01 -2.869516e+01  1.300000e+01
   endloop
 endfacet
 facet normal  0.000000e+00  0.000000e+00 -1.000000e+00
   outer loop
     vertex  2.584763e+01 -2.862068e+01  1.300000e+01
     vertex  3.095000e+01 -3.995000e+01  1.300000e+01
     vertex  2.585753e+01 -2.865779e+01  1.300000e+01
   endloop
 endfacet
 facet normal  0.000000e+00  0.000000e+00 -1.000000e+00
   outer loop
     vertex  1.050000e+00  6.250000e+00  1.300000e+01
     vertex  1.202110e+01 -2.279567e+01  1.300000e+01
     vertex  1.050000e+00 -3.995000e+01  1.300000e+01
   endloop
 endfacet
 facet normal  0.000000e+00  0.000000e+00 -1.000000e+00
   outer loop
     vertex  1.050000e+00  6.250000e+00  1.300000e+01
     vertex  1.314355e+01 -2.201036e+01  1.300000e+01
     vertex  1.311635e+01 -2.200679e+01  1.300000e+01
   endloop
 endfacet
 facet normal  0.000000e+00  0.000000e+00 -1.000000e+00
   outer loop
     vertex  1.050000e+00  6.250000e+00  1.300000e+01
     vertex  1.311635e+01 -2.200679e+01  1.300000e+01
     vertex  1.308905e+01 -2.200397e+01  1.300000e+01
   endloop
 endfacet
 facet normal  0.000000e+00  0.000000e+00 -1.000000e+00
   outer loop
     vertex  1.050000e+00  6.250000e+00  1.300000e+01
     vertex  1.308905e+01 -2.200397e+01  1.300000e+01
     vertex  1.306170e+01 -2.200190e+01  1.300000e+01
   endloop
 endfacet
 facet normal  0.000000e+00  0.000000e+00 -1.000000e+00
   outer loop
     vertex  1.050000e+00  6.250000e+00  1.300000e+01
     vertex  1.306170e+01 -2.200190e+01  1.300000e+01
     vertex  1.303429e+01 -2.200059e+01  1.300000e+01
   endloop
 endfacet
 facet normal  0.000000e+00  0.000000e+00 -1.000000e+00
   outer loop
     vertex  1.050000e+00  6.250000e+00  1.300000e+01
     vertex  1.303429e+01 -2.200059e+01  1.300000e+01
     vertex  1.300686e+01 -2.200002e+01  1.300000e+01
   endloop
 endfacet
 facet normal  0.000000e+00  0.000000e+00 -1.000000e+00
   outer loop
     vertex  1.050000e+00  6.250000e+00  1.300000e+01
     vertex  1.300686e+01 -2.200002e+01  1.300000e+01
     vertex  1.297942e+01 -2.200021e+01  1.300000e+01
   endloop
 endfacet
 facet normal  0.000000e+00  0.000000e+00 -1.000000e+00
   outer loop
     vertex  1.050000e+00  6.250000e+00  1.300000e+01
     vertex  1.297942e+01 -2.200021e+01  1.300000e+01
     vertex  1.295200e+01 -2.200115e+01  1.300000e+01
   endloop
 endfacet
 facet normal  0.000000e+00  0.000000e+00 -1.000000e+00
   outer loop
     vertex  1.050000e+00  6.250000e+00  1.300000e+01
     vertex  1.295200e+01 -2.200115e+01  1.300000e+01
     vertex  1.292462e+01 -2.200285e+01  1.300000e+01
   endloop
 endfacet
 facet normal  0.000000e+00  0.000000e+00 -1.000000e+00
   outer loop
     vertex  1.050000e+00  6.250000e+00  1.300000e+01
     vertex  1.292462e+01 -2.200285e+01  1.300000e+01
     vertex  1.289729e+01 -2.200529e+01  1.300000e+01
   endloop
 endfacet
 facet normal  0.000000e+00  0.000000e+00 -1.000000e+00
   outer loop
     vertex  1.050000e+00  6.250000e+00  1.300000e+01
     vertex  1.289729e+01 -2.200529e+01  1.300000e+01
     vertex  1.287004e+01 -2.200848e+01  1.300000e+01
   endloop
 endfacet
 facet normal  0.000000e+00  0.000000e+00 -1.000000e+00
   outer loop
     vertex  1.050000e+00  6.250000e+00  1.300000e+01
     vertex  1.287004e+01 -2.200848e+01  1.300000e+01
     vertex  1.284289e+01 -2.201242e+01  1.300000e+01
   endloop
 endfacet
 facet normal  0.000000e+00  0.000000e+00 -1.000000e+00
   outer loop
     vertex  1.050000e+00  6.250000e+00  1.300000e+01
     vertex  1.284289e+01 -2.201242e+01  1.300000e+01
     vertex  1.281585e+01 -2.201710e+01  1.300000e+01
   endloop
 endfacet
 facet normal  0.000000e+00  0.000000e+00 -1.000000e+00
   outer loop
     vertex  1.050000e+00  6.250000e+00  1.300000e+01
     vertex  1.281585e+01 -2.201710e+01  1.300000e+01
     vertex  1.278896e+01 -2.202252e+01  1.300000e+01
   endloop
 endfacet
 facet normal  0.000000e+00  0.000000e+00 -1.000000e+00
   outer loop
     vertex  1.050000e+00  6.250000e+00  1.300000e+01
     vertex  1.278896e+01 -2.202252e+01  1.300000e+01
     vertex  1.276222e+01 -2.202868e+01  1.300000e+01
   endloop
 endfacet
 facet normal  0.000000e+00  0.000000e+00 -1.000000e+00
   outer loop
     vertex  1.050000e+00  6.250000e+00  1.300000e+01
     vertex  1.276222e+01 -2.202868e+01  1.300000e+01
     vertex  1.273566e+01 -2.203557e+01  1.300000e+01
   endloop
 endfacet
 facet normal  0.000000e+00  0.000000e+00 -1.000000e+00
   outer loop
     vertex  1.050000e+00  6.250000e+00  1.300000e+01
     vertex  1.273566e+01 -2.203557e+01  1.300000e+01
     vertex  1.270931e+01 -2.204318e+01  1.300000e+01
   endloop
 endfacet
 facet normal  0.000000e+00  0.000000e+00 -1.000000e+00
   outer loop
     vertex  1.050000e+00  6.250000e+00  1.300000e+01
     vertex  1.270931e+01 -2.204318e+01  1.300000e+01
     vertex  1.268317e+01 -2.205152e+01  1.300000e+01
   endloop
 endfacet
 facet normal  0.000000e+00  0.000000e+00 -1.000000e+00
   outer loop
     vertex  1.050000e+00  6.250000e+00  1.300000e+01
     vertex  1.268317e+01 -2.205152e+01  1.300000e+01
     vertex  1.265726e+01 -2.206057e+01  1.300000e+01
   endloop
 endfacet
 facet normal  0.000000e+00  0.000000e+00 -1.000000e+00
   outer loop
     vertex  1.050000e+00  6.250000e+00  1.300000e+01
     vertex  1.265726e+01 -2.206057e+01  1.300000e+01
     vertex  1.263162e+01 -2.207032e+01  1.300000e+01
   endloop
 endfacet
 facet normal  0.000000e+00  0.000000e+00 -1.000000e+00
   outer loop
     vertex  1.050000e+00  6.250000e+00  1.300000e+01
     vertex  1.263162e+01 -2.207032e+01  1.300000e+01
     vertex  1.260625e+01 -2.208078e+01  1.300000e+01
   endloop
 endfacet
 facet normal  0.000000e+00  0.000000e+00 -1.000000e+00
   outer loop
     vertex  1.050000e+00  6.250000e+00  1.300000e+01
     vertex  1.260625e+01 -2.208078e+01  1.300000e+01
     vertex  1.258118e+01 -2.209193e+01  1.300000e+01
   endloop
 endfacet
 facet normal  0.000000e+00  0.000000e+00 -1.000000e+00
   outer loop
     vertex  1.050000e+00  6.250000e+00  1.300000e+01
     vertex  1.258118e+01 -2.209193e+01  1.300000e+01
     vertex  1.255643e+01 -2.210376e+01  1.300000e+01
   endloop
 endfacet
 facet normal  0.000000e+00  0.000000e+00 -1.000000e+00
   outer loop
     vertex  1.050000e+00  6.250000e+00  1.300000e+01
     vertex  1.255643e+01 -2.210376e+01  1.300000e+01
     vertex  1.253201e+01 -2.211627e+01  1.300000e+01
   endloop
 endfacet
 facet normal  0.000000e+00  0.000000e+00 -1.000000e+00
   outer loop
     vertex  1.050000e+00  6.250000e+00  1.300000e+01
     vertex  1.253201e+01 -2.211627e+01  1.300000e+01
     vertex  1.250794e+01 -2.212944e+01  1.300000e+01
   endloop
 endfacet
 facet normal  0.000000e+00  0.000000e+00 -1.000000e+00
   outer loop
     vertex  1.050000e+00  6.250000e+00  1.300000e+01
     vertex  1.250794e+01 -2.212944e+01  1.300000e+01
     vertex  1.248424e+01 -2.214326e+01  1.300000e+01
   endloop
 endfacet
 facet normal  0.000000e+00  0.000000e+00 -1.000000e+00
   outer loop
     vertex  1.050000e+00  6.250000e+00  1.300000e+01
     vertex  1.248424e+01 -2.214326e+01  1.300000e+01
     vertex  1.246093e+01 -2.215774e+01  1.300000e+01
   endloop
 endfacet
 facet normal  0.000000e+00  0.000000e+00 -1.000000e+00
   outer loop
     vertex  1.050000e+00  6.250000e+00  1.300000e+01
     vertex  1.246093e+01 -2.215774e+01  1.300000e+01
     vertex  1.243803e+01 -2.217284e+01  1.300000e+01
   endloop
 endfacet
 facet normal  0.000000e+00  0.000000e+00 -1.000000e+00
   outer loop
     vertex  1.050000e+00  6.250000e+00  1.300000e+01
     vertex  1.243803e+01 -2.217284e+01  1.300000e+01
     vertex  1.241555e+01 -2.218857e+01  1.300000e+01
   endloop
 endfacet
 facet normal  0.000000e+00  0.000000e+00 -1.000000e+00
   outer loop
     vertex  1.050000e+00  6.250000e+00  1.300000e+01
     vertex  1.241555e+01 -2.218857e+01  1.300000e+01
     vertex  1.239351e+01 -2.220491e+01  1.300000e+01
   endloop
 endfacet
 facet normal  0.000000e+00  0.000000e+00 -1.000000e+00
   outer loop
     vertex  1.050000e+00  6.250000e+00  1.300000e+01
     vertex  1.239351e+01 -2.220491e+01  1.300000e+01
     vertex  1.237192e+01 -2.222185e+01  1.300000e+01
   endloop
 endfacet
 facet normal  0.000000e+00  0.000000e+00 -1.000000e+00
   outer loop
     vertex  1.050000e+00  6.250000e+00  1.300000e+01
     vertex  1.237192e+01 -2.222185e+01  1.300000e+01
     vertex  1.235081e+01 -2.223937e+01  1.300000e+01
   endloop
 endfacet
 facet normal  0.000000e+00  0.000000e+00 -1.000000e+00
   outer loop
     vertex  1.050000e+00  6.250000e+00  1.300000e+01
     vertex  1.235081e+01 -2.223937e+01  1.300000e+01
     vertex  1.233019e+01 -2.225747e+01  1.300000e+01
   endloop
 endfacet
 facet normal  0.000000e+00  0.000000e+00 -1.000000e+00
   outer loop
     vertex  1.050000e+00  6.250000e+00  1.300000e+01
     vertex  1.233019e+01 -2.225747e+01  1.300000e+01
     vertex  1.231007e+01 -2.227612e+01  1.300000e+01
   endloop
 endfacet
 facet normal  0.000000e+00  0.000000e+00 -1.000000e+00
   outer loop
     vertex  1.050000e+00  6.250000e+00  1.300000e+01
     vertex  1.231007e+01 -2.227612e+01  1.300000e+01
     vertex  1.229047e+01 -2.229532e+01  1.300000e+01
   endloop
 endfacet
 facet normal  0.000000e+00  0.000000e+00 -1.000000e+00
   outer loop
     vertex  1.050000e+00  6.250000e+00  1.300000e+01
     vertex  1.229047e+01 -2.229532e+01  1.300000e+01
     vertex  1.227141e+01 -2.231505e+01  1.300000e+01
   endloop
 endfacet
 facet normal  0.000000e+00  0.000000e+00 -1.000000e+00
   outer loop
     vertex  1.050000e+00  6.250000e+00  1.300000e+01
     vertex  1.227141e+01 -2.231505e+01  1.300000e+01
     vertex  1.225289e+01 -2.233530e+01  1.300000e+01
   endloop
 endfacet
 facet normal  0.000000e+00  0.000000e+00 -1.000000e+00
   outer loop
     vertex  1.050000e+00  6.250000e+00  1.300000e+01
     vertex  1.225289e+01 -2.233530e+01  1.300000e+01
     vertex  1.223494e+01 -2.235605e+01  1.300000e+01
   endloop
 endfacet
 facet normal  0.000000e+00  0.000000e+00 -1.000000e+00
   outer loop
     vertex  1.050000e+00  6.250000e+00  1.300000e+01
     vertex  1.223494e+01 -2.235605e+01  1.300000e+01
     vertex  1.221756e+01 -2.237728e+01  1.300000e+01
   endloop
 endfacet
 facet normal  0.000000e+00  0.000000e+00 -1.000000e+00
   outer loop
     vertex  1.050000e+00  6.250000e+00  1.300000e+01
     vertex  1.221756e+01 -2.237728e+01  1.300000e+01
     vertex  1.220077e+01 -2.239898e+01  1.300000e+01
   endloop
 endfacet
 facet normal  0.000000e+00  0.000000e+00 -1.000000e+00
   outer loop
     vertex  1.050000e+00  6.250000e+00  1.300000e+01
     vertex  1.220077e+01 -2.239898e+01  1.300000e+01
     vertex  1.218458e+01 -2.242113e+01  1.300000e+01
   endloop
 endfacet
 facet normal  0.000000e+00  0.000000e+00 -1.000000e+00
   outer loop
     vertex  1.050000e+00  6.250000e+00  1.300000e+01
     vertex  1.218458e+01 -2.242113e+01  1.300000e+01
     vertex  1.216901e+01 -2.244372e+01  1.300000e+01
   endloop
 endfacet
 facet normal  0.000000e+00  0.000000e+00 -1.000000e+00
   outer loop
     vertex  1.050000e+00  6.250000e+00  1.300000e+01
     vertex  1.216901e+01 -2.244372e+01  1.300000e+01
     vertex  1.215406e+01 -2.246672e+01  1.300000e+01
   endloop
 endfacet
 facet normal  0.000000e+00  0.000000e+00 -1.000000e+00
   outer loop
     vertex  1.050000e+00  6.250000e+00  1.300000e+01
     vertex  1.215406e+01 -2.246672e+01  1.300000e+01
     vertex  1.213975e+01 -2.249013e+01  1.300000e+01
   endloop
 endfacet
 facet normal  0.000000e+00  0.000000e+00 -1.000000e+00
   outer loop
     vertex  1.050000e+00  6.250000e+00  1.300000e+01
     vertex  1.213975e+01 -2.249013e+01  1.300000e+01
     vertex  1.212608e+01 -2.251392e+01  1.300000e+01
   endloop
 endfacet
 facet normal  0.000000e+00  0.000000e+00 -1.000000e+00
   outer loop
     vertex  1.050000e+00  6.250000e+00  1.300000e+01
     vertex  1.212608e+01 -2.251392e+01  1.300000e+01
     vertex  1.211308e+01 -2.253808e+01  1.300000e+01
   endloop
 endfacet
 facet normal  0.000000e+00  0.000000e+00 -1.000000e+00
   outer loop
     vertex  1.050000e+00  6.250000e+00  1.300000e+01
     vertex  1.211308e+01 -2.253808e+01  1.300000e+01
     vertex  1.210074e+01 -2.256259e+01  1.300000e+01
   endloop
 endfacet
 facet normal  0.000000e+00  0.000000e+00 -1.000000e+00
   outer loop
     vertex  1.050000e+00  6.250000e+00  1.300000e+01
     vertex  1.210074e+01 -2.256259e+01  1.300000e+01
     vertex  1.208908e+01 -2.258742e+01  1.300000e+01
   endloop
 endfacet
 facet normal  0.000000e+00  0.000000e+00 -1.000000e+00
   outer loop
     vertex  1.050000e+00  6.250000e+00  1.300000e+01
     vertex  1.208908e+01 -2.258742e+01  1.300000e+01
     vertex  1.207810e+01 -2.261257e+01  1.300000e+01
   endloop
 endfacet
 facet normal  0.000000e+00  0.000000e+00 -1.000000e+00
   outer loop
     vertex  1.050000e+00  6.250000e+00  1.300000e+01
     vertex  1.207810e+01 -2.261257e+01  1.300000e+01
     vertex  1.206782e+01 -2.263801e+01  1.300000e+01
   endloop
 endfacet
 facet normal  0.000000e+00  0.000000e+00 -1.000000e+00
   outer loop
     vertex  1.050000e+00  6.250000e+00  1.300000e+01
     vertex  1.206782e+01 -2.263801e+01  1.300000e+01
     vertex  1.205824e+01 -2.266372e+01  1.300000e+01
   endloop
 endfacet
 facet normal  0.000000e+00  0.000000e+00 -1.000000e+00
   outer loop
     vertex  1.050000e+00  6.250000e+00  1.300000e+01
     vertex  1.205824e+01 -2.266372e+01  1.300000e+01
     vertex  1.204937e+01 -2.268968e+01  1.300000e+01
   endloop
 endfacet
 facet normal  0.000000e+00  0.000000e+00 -1.000000e+00
   outer loop
     vertex  1.050000e+00  6.250000e+00  1.300000e+01
     vertex  1.204937e+01 -2.268968e+01  1.300000e+01
     vertex  1.204121e+01 -2.271588e+01  1.300000e+01
   endloop
 endfacet
 facet normal  0.000000e+00  0.000000e+00 -1.000000e+00
   outer loop
     vertex  1.050000e+00  6.250000e+00  1.300000e+01
     vertex  1.204121e+01 -2.271588e+01  1.300000e+01
     vertex  1.203378e+01 -2.274229e+01  1.300000e+01
   endloop
 endfacet
 facet normal  0.000000e+00  0.000000e+00 -1.000000e+00
   outer loop
     vertex  1.050000e+00  6.250000e+00  1.300000e+01
     vertex  1.203378e+01 -2.274229e+01  1.300000e+01
     vertex  1.202707e+01 -2.276889e+01  1.300000e+01
   endloop
 endfacet
 facet normal  0.000000e+00  0.000000e+00 -1.000000e+00
   outer loop
     vertex  1.050000e+00  6.250000e+00  1.300000e+01
     vertex  1.202707e+01 -2.276889e+01  1.300000e+01
     vertex  1.202110e+01 -2.279567e+01  1.300000e+01
   endloop
 endfacet
 facet normal  0.000000e+00  0.000000e+00 -1.000000e+00
   outer loop
     vertex  3.095000e+01  6.250000e+00  1.300000e+01
     vertex  1.340632e+01 -2.208627e+01  1.300000e+01
     vertex  1.338110e+01 -2.207547e+01  1.300000e+01
   endloop
 endfacet
 facet normal  0.000000e+00  0.000000e+00 -1.000000e+00
   outer loop
     vertex  3.095000e+01  6.250000e+00  1.300000e+01
     vertex  1.338110e+01 -2.207547e+01  1.300000e+01
     vertex  1.335559e+01 -2.206536e+01  1.300000e+01
   endloop
 endfacet
 facet normal  0.000000e+00  0.000000e+00 -1.000000e+00
   outer loop
     vertex  3.095000e+01  6.250000e+00  1.300000e+01
     vertex  1.335559e+01 -2.206536e+01  1.300000e+01
     vertex  1.332982e+01 -2.205595e+01  1.300000e+01
   endloop
 endfacet
 facet normal  0.000000e+00  0.000000e+00 -1.000000e+00
   outer loop
     vertex  3.095000e+01  6.250000e+00  1.300000e+01
     vertex  1.332982e+01 -2.205595e+01  1.300000e+01
     vertex  1.330379e+01 -2.204726e+01  1.300000e+01
   endloop
 endfacet
 facet normal  0.000000e+00  0.000000e+00 -1.000000e+00
   outer loop
     vertex  3.095000e+01  6.250000e+00  1.300000e+01
     vertex  1.330379e+01 -2.204726e+01  1.300000e+01
     vertex  1.327754e+01 -2.203929e+01  1.300000e+01
   endloop
 endfacet
 facet normal  0.000000e+00  0.000000e+00 -1.000000e+00
   outer loop
     vertex  3.095000e+01  6.250000e+00  1.300000e+01
     vertex  1.327754e+01 -2.203929e+01  1.300000e+01
     vertex  1.325108e+01 -2.203203e+01  1.300000e+01
   endloop
 endfacet
 facet normal  0.000000e+00  0.000000e+00 -1.000000e+00
   outer loop
     vertex  3.095000e+01  6.250000e+00  1.300000e+01
     vertex  1.325108e+01 -2.203203e+01  1.300000e+01
     vertex  1.322443e+01 -2.202551e+01  1.300000e+01
   endloop
 endfacet
 facet normal  0.000000e+00  0.000000e+00 -1.000000e+00
   outer loop
     vertex  3.095000e+01  6.250000e+00  1.300000e+01
     vertex  1.322443e+01 -2.202551e+01  1.300000e+01
     vertex  1.319761e+01 -2.201972e+01  1.300000e+01
   endloop
 endfacet
 facet normal  0.000000e+00  0.000000e+00 -1.000000e+00
   outer loop
     vertex  3.095000e+01  6.250000e+00  1.300000e+01
     vertex  1.319761e+01 -2.201972e+01  1.300000e+01
     vertex  1.317065e+01 -2.201467e+01  1.300000e+01
   endloop
 endfacet
 facet normal  0.000000e+00  0.000000e+00 -1.000000e+00
   outer loop
     vertex  3.095000e+01  6.250000e+00  1.300000e+01
     vertex  1.317065e+01 -2.201467e+01  1.300000e+01
     vertex  1.314355e+01 -2.201036e+01  1.300000e+01
   endloop
 endfacet
 facet normal  0.000000e+00  0.000000e+00 -1.000000e+00
   outer loop
     vertex  3.095000e+01  6.250000e+00  1.300000e+01
     vertex  2.584763e+01 -2.862068e+01  1.300000e+01
     vertex  2.583672e+01 -2.858385e+01  1.300000e+01
   endloop
 endfacet
 facet normal  0.000000e+00  0.000000e+00 -1.000000e+00
   outer loop
     vertex  3.095000e+01  6.250000e+00  1.300000e+01
     vertex  2.583672e+01 -2.858385e+01  1.300000e+01
     vertex  2.582480e+01 -2.854733e+01  1.300000e+01
   endloop
 endfacet
 facet normal  0.000000e+00  0.000000e+00 -1.000000e+00
   outer loop
     vertex  3.095000e+01  6.250000e+00  1.300000e+01
     vertex  2.582480e+01 -2.854733e+01  1.300000e+01
     vertex  2.581188e+01 -2.851116e+01  1.300000e+01
   endloop
 endfacet
 facet normal  0.000000e+00  0.000000e+00 -1.000000e+00
   outer loop
     vertex  3.095000e+01  6.250000e+00  1.300000e+01
     vertex  2.581188e+01 -2.851116e+01  1.300000e+01
     vertex  2.579798e+01 -2.847535e+01  1.300000e+01
   endloop
 endfacet
 facet normal  0.000000e+00  0.000000e+00 -1.000000e+00
   outer loop
     vertex  3.095000e+01  6.250000e+00  1.300000e+01
     vertex  2.579798e+01 -2.847535e+01  1.300000e+01
     vertex  2.578310e+01 -2.843994e+01  1.300000e+01
   endloop
 endfacet
 facet normal  0.000000e+00  0.000000e+00 -1.000000e+00
   outer loop
     vertex  3.095000e+01  6.250000e+00  1.300000e+01
     vertex  2.578310e+01 -2.843994e+01  1.300000e+01
     vertex  2.576725e+01 -2.840495e+01  1.300000e+01
   endloop
 endfacet
 facet normal -0.000000e+00  0.000000e+00 -1.000000e+00
   outer loop
     vertex  3.095000e+01  6.250000e+00  1.300000e+01
     vertex  1.314355e+01 -2.201036e+01  1.300000e+01
     vertex  1.050000e+00  6.250000e+00  1.300000e+01
   endloop
 endfacet
 facet normal  0.000000e+00  0.000000e+00 -1.000000e+00
   outer loop
     vertex  3.095000e+01  6.250000e+00  1.300000e+01
     vertex  2.576725e+01 -2.840495e+01  1.300000e+01
     vertex  2.575045e+01 -2.837041e+01  1.300000e+01
   endloop
 endfacet
 facet normal  0.000000e+00  0.000000e+00 -1.000000e+00
   outer loop
     vertex  3.095000e+01  6.250000e+00  1.300000e+01
     vertex  2.575045e+01 -2.837041e+01  1.300000e+01
     vertex  2.573270e+01 -2.833634e+01  1.300000e+01
   endloop
 endfacet
 facet normal  0.000000e+00  0.000000e+00 -1.000000e+00
   outer loop
     vertex  3.095000e+01  6.250000e+00  1.300000e+01
     vertex  2.573270e+01 -2.833634e+01  1.300000e+01
     vertex  2.571403e+01 -2.830277e+01  1.300000e+01
   endloop
 endfacet
 facet normal  0.000000e+00 -0.000000e+00 -1.000000e+00
   outer loop
     vertex  3.095000e+01  6.250000e+00  1.300000e+01
     vertex  3.095000e+01 -3.995000e+01  1.300000e+01
     vertex  2.584763e+01 -2.862068e+01  1.300000e+01
   endloop
 endfacet
 facet normal  0.000000e+00  0.000000e+00 -1.000000e+00
   outer loop
     vertex  3.095000e+01  6.250000e+00  1.300000e+01
     vertex  2.571403e+01 -2.830277e+01  1.300000e+01
     vertex  2.569445e+01 -2.826973e+01  1.300000e+01
   endloop
 endfacet
 facet normal  0.000000e+00  0.000000e+00 -1.000000e+00
   outer loop
     vertex  3.095000e+01  6.250000e+00  1.300000e+01
     vertex  2.569445e+01 -2.826973e+01  1.300000e+01
     vertex  2.567396e+01 -2.823724e+01  1.300000e+01
   endloop
 endfacet
 facet normal  0.000000e+00  0.000000e+00 -1.000000e+00
   outer loop
     vertex  3.095000e+01  6.250000e+00  1.300000e+01
     vertex  2.567396e+01 -2.823724e+01  1.300000e+01
     vertex  2.565260e+01 -2.820532e+01  1.300000e+01
   endloop
 endfacet
 facet normal  0.000000e+00  0.000000e+00 -1.000000e+00
   outer loop
     vertex  3.095000e+01  6.250000e+00  1.300000e+01
     vertex  2.565260e+01 -2.820532e+01  1.300000e+01
     vertex  2.563036e+01 -2.817400e+01  1.300000e+01
   endloop
 endfacet
 facet normal  0.000000e+00  0.000000e+00 -1.000000e+00
   outer loop
     vertex  3.095000e+01  6.250000e+00  1.300000e+01
     vertex  2.563036e+01 -2.817400e+01  1.300000e+01
     vertex  2.560728e+01 -2.814330e+01  1.300000e+01
   endloop
 endfacet
 facet normal  0.000000e+00  0.000000e+00 -1.000000e+00
   outer loop
     vertex  3.095000e+01  6.250000e+00  1.300000e+01
     vertex  2.560728e+01 -2.814330e+01  1.300000e+01
     vertex  2.558336e+01 -2.811324e+01  1.300000e+01
   endloop
 endfacet
 facet normal  0.000000e+00  0.000000e+00 -1.000000e+00
   outer loop
     vertex  3.095000e+01  6.250000e+00  1.300000e+01
     vertex  2.558336e+01 -2.811324e+01  1.300000e+01
     vertex  2.555862e+01 -2.808385e+01  1.300000e+01
   endloop
 endfacet
 facet normal  0.000000e+00  0.000000e+00 -1.000000e+00
   outer loop
     vertex  3.095000e+01  6.250000e+00  1.300000e+01
     vertex  2.555862e+01 -2.808385e+01  1.300000e+01
     vertex  2.553309e+01 -2.805516e+01  1.300000e+01
   endloop
 endfacet
 facet normal  0.000000e+00  0.000000e+00 -1.000000e+00
   outer loop
     vertex  3.095000e+01  6.250000e+00  1.300000e+01
     vertex  2.553309e+01 -2.805516e+01  1.300000e+01
     vertex  2.550678e+01 -2.802717e+01  1.300000e+01
   endloop
 endfacet
 facet normal  0.000000e+00  0.000000e+00 -1.000000e+00
   outer loop
     vertex  3.095000e+01  6.250000e+00  1.300000e+01
     vertex  2.550678e+01 -2.802717e+01  1.300000e+01
     vertex  2.547971e+01 -2.799992e+01  1.300000e+01
   endloop
 endfacet
 facet normal  0.000000e+00  0.000000e+00 -1.000000e+00
   outer loop
     vertex  3.095000e+01  6.250000e+00  1.300000e+01
     vertex  2.547971e+01 -2.799992e+01  1.300000e+01
     vertex  2.545191e+01 -2.797342e+01  1.300000e+01
   endloop
 endfacet
 facet normal  0.000000e+00  0.000000e+00 -1.000000e+00
   outer loop
     vertex  3.095000e+01  6.250000e+00  1.300000e+01
     vertex  2.545191e+01 -2.797342e+01  1.300000e+01
     vertex  2.542338e+01 -2.794769e+01  1.300000e+01
   endloop
 endfacet
 facet normal  0.000000e+00  0.000000e+00 -1.000000e+00
   outer loop
     vertex  3.095000e+01  6.250000e+00  1.300000e+01
     vertex  2.542338e+01 -2.794769e+01  1.300000e+01
     vertex  2.539417e+01 -2.792275e+01  1.300000e+01
   endloop
 endfacet
 facet normal  0.000000e+00  0.000000e+00 -1.000000e+00
   outer loop
     vertex  3.095000e+01  6.250000e+00  1.300000e+01
     vertex  2.539417e+01 -2.792275e+01  1.300000e+01
     vertex  2.536428e+01 -2.789863e+01  1.300000e+01
   endloop
 endfacet
 facet normal  0.000000e+00  0.000000e+00 -1.000000e+00
   outer loop
     vertex  3.095000e+01  6.250000e+00  1.300000e+01
     vertex  2.536428e+01 -2.789863e+01  1.300000e+01
     vertex  2.533374e+01 -2.787533e+01  1.300000e+01
   endloop
 endfacet
 facet normal  0.000000e+00  0.000000e+00 -1.000000e+00
   outer loop
     vertex  3.095000e+01  6.250000e+00  1.300000e+01
     vertex  2.533374e+01 -2.787533e+01  1.300000e+01
     vertex  2.530257e+01 -2.785288e+01  1.300000e+01
   endloop
 endfacet
 facet normal  0.000000e+00  0.000000e+00 -1.000000e+00
   outer loop
     vertex  3.095000e+01  6.250000e+00  1.300000e+01
     vertex  2.530257e+01 -2.785288e+01  1.300000e+01
     vertex  2.527080e+01 -2.783130e+01  1.300000e+01
   endloop
 endfacet
 facet normal  0.000000e+00  0.000000e+00 -1.000000e+00
   outer loop
     vertex  3.095000e+01  6.250000e+00  1.300000e+01
     vertex  2.527080e+01 -2.783130e+01  1.300000e+01
     vertex  2.523845e+01 -2.781059e+01  1.300000e+01
   endloop
 endfacet
 facet normal  0.000000e+00  0.000000e+00 -1.000000e+00
   outer loop
     vertex  3.095000e+01  6.250000e+00  1.300000e+01
     vertex  2.523845e+01 -2.781059e+01  1.300000e+01
     vertex  2.520554e+01 -2.779078e+01  1.300000e+01
   endloop
 endfacet
 facet normal  0.000000e+00  0.000000e+00 -1.000000e+00
   outer loop
     vertex  3.095000e+01  6.250000e+00  1.300000e+01
     vertex  2.520554e+01 -2.779078e+01  1.300000e+01
     vertex  2.517210e+01 -2.777188e+01  1.300000e+01
   endloop
 endfacet
 facet normal  0.000000e+00  0.000000e+00 -1.000000e+00
   outer loop
     vertex  3.095000e+01  6.250000e+00  1.300000e+01
     vertex  2.517210e+01 -2.777188e+01  1.300000e+01
     vertex  2.513815e+01 -2.775390e+01  1.300000e+01
   endloop
 endfacet
 facet normal  0.000000e+00  0.000000e+00 -1.000000e+00
   outer loop
     vertex  3.095000e+01  6.250000e+00  1.300000e+01
     vertex  2.513815e+01 -2.775390e+01  1.300000e+01
     vertex  2.510373e+01 -2.773686e+01  1.300000e+01
   endloop
 endfacet
 facet normal  0.000000e+00  0.000000e+00 -1.000000e+00
   outer loop
     vertex  3.095000e+01  6.250000e+00  1.300000e+01
     vertex  2.510373e+01 -2.773686e+01  1.300000e+01
     vertex  2.506885e+01 -2.772078e+01  1.300000e+01
   endloop
 endfacet
 facet normal  0.000000e+00  0.000000e+00 -1.000000e+00
   outer loop
     vertex  3.095000e+01  6.250000e+00  1.300000e+01
     vertex  2.506885e+01 -2.772078e+01  1.300000e+01
     vertex  2.503354e+01 -2.770565e+01  1.300000e+01
   endloop
 endfacet
 facet normal  0.000000e+00  0.000000e+00 -1.000000e+00
   outer loop
     vertex  3.095000e+01  6.250000e+00  1.300000e+01
     vertex  2.503354e+01 -2.770565e+01  1.300000e+01
     vertex  2.499783e+01 -2.769150e+01  1.300000e+01
   endloop
 endfacet
 facet normal  0.000000e+00  0.000000e+00 -1.000000e+00
   outer loop
     vertex  3.095000e+01  6.250000e+00  1.300000e+01
     vertex  2.499783e+01 -2.769150e+01  1.300000e+01
     vertex  2.496174e+01 -2.767834e+01  1.300000e+01
   endloop
 endfacet
 facet normal  0.000000e+00  0.000000e+00 -1.000000e+00
   outer loop
     vertex  3.095000e+01  6.250000e+00  1.300000e+01
     vertex  2.496174e+01 -2.767834e+01  1.300000e+01
     vertex  2.492531e+01 -2.766617e+01  1.300000e+01
   endloop
 endfacet
 facet normal  0.000000e+00  0.000000e+00 -1.000000e+00
   outer loop
     vertex  3.095000e+01  6.250000e+00  1.300000e+01
     vertex  2.492531e+01 -2.766617e+01  1.300000e+01
     vertex  2.488856e+01 -2.765500e+01  1.300000e+01
   endloop
 endfacet
 facet normal  0.000000e+00  0.000000e+00 -1.000000e+00
   outer loop
     vertex  3.095000e+01  6.250000e+00  1.300000e+01
     vertex  2.488856e+01 -2.765500e+01  1.300000e+01
     vertex  2.485151e+01 -2.764485e+01  1.300000e+01
   endloop
 endfacet
 facet normal  0.000000e+00  0.000000e+00 -1.000000e+00
   outer loop
     vertex  3.095000e+01  6.250000e+00  1.300000e+01
     vertex  2.485151e+01 -2.764485e+01  1.300000e+01
     vertex  2.481420e+01 -2.763571e+01  1.300000e+01
   endloop
 endfacet
 facet normal  0.000000e+00  0.000000e+00 -1.000000e+00
   outer loop
     vertex  3.095000e+01  6.250000e+00  1.300000e+01
     vertex  2.481420e+01 -2.763571e+01  1.300000e+01
     vertex  2.477666e+01 -2.762761e+01  1.300000e+01
   endloop
 endfacet
 facet normal  0.000000e+00  0.000000e+00 -1.000000e+00
   outer loop
     vertex  3.095000e+01  6.250000e+00  1.300000e+01
     vertex  2.477666e+01 -2.762761e+01  1.300000e+01
     vertex  2.473890e+01 -2.762053e+01  1.300000e+01
   endloop
 endfacet
 facet normal  0.000000e+00  0.000000e+00 -1.000000e+00
   outer loop
     vertex  3.095000e+01  6.250000e+00  1.300000e+01
     vertex  2.473890e+01 -2.762053e+01  1.300000e+01
     vertex  2.470097e+01 -2.761450e+01  1.300000e+01
   endloop
 endfacet
 facet normal  0.000000e+00  0.000000e+00 -1.000000e+00
   outer loop
     vertex  3.095000e+01  6.250000e+00  1.300000e+01
     vertex  2.470097e+01 -2.761450e+01  1.300000e+01
     vertex  2.466288e+01 -2.760951e+01  1.300000e+01
   endloop
 endfacet
 facet normal  0.000000e+00  0.000000e+00 -1.000000e+00
   outer loop
     vertex  3.095000e+01  6.250000e+00  1.300000e+01
     vertex  2.466288e+01 -2.760951e+01  1.300000e+01
     vertex  2.462468e+01 -2.760556e+01  1.300000e+01
   endloop
 endfacet
 facet normal  0.000000e+00  0.000000e+00 -1.000000e+00
   outer loop
     vertex  3.095000e+01  6.250000e+00  1.300000e+01
     vertex  1.371913e+01 -2.230512e+01  1.300000e+01
     vertex  1.369979e+01 -2.228566e+01  1.300000e+01
   endloop
 endfacet
 facet normal  0.000000e+00  0.000000e+00 -1.000000e+00
   outer loop
     vertex  3.095000e+01  6.250000e+00  1.300000e+01
     vertex  1.369979e+01 -2.228566e+01  1.300000e+01
     vertex  1.367993e+01 -2.226673e+01  1.300000e+01
   endloop
 endfacet
 facet normal  0.000000e+00  0.000000e+00 -1.000000e+00
   outer loop
     vertex  3.095000e+01  6.250000e+00  1.300000e+01
     vertex  1.367993e+01 -2.226673e+01  1.300000e+01
     vertex  1.365956e+01 -2.224835e+01  1.300000e+01
   endloop
 endfacet
 facet normal  0.000000e+00  0.000000e+00 -1.000000e+00
   outer loop
     vertex  3.095000e+01  6.250000e+00  1.300000e+01
     vertex  1.365956e+01 -2.224835e+01  1.300000e+01
     vertex  1.363869e+01 -2.223054e+01  1.300000e+01
   endloop
 endfacet
 facet normal  0.000000e+00  0.000000e+00 -1.000000e+00
   outer loop
     vertex  3.095000e+01  6.250000e+00  1.300000e+01
     vertex  1.363869e+01 -2.223054e+01  1.300000e+01
     vertex  1.361734e+01 -2.221330e+01  1.300000e+01
   endloop
 endfacet
 facet normal  0.000000e+00  0.000000e+00 -1.000000e+00
   outer loop
     vertex  3.095000e+01  6.250000e+00  1.300000e+01
     vertex  1.361734e+01 -2.221330e+01  1.300000e+01
     vertex  1.359553e+01 -2.219666e+01  1.300000e+01
   endloop
 endfacet
 facet normal  0.000000e+00  0.000000e+00 -1.000000e+00
   outer loop
     vertex  3.095000e+01  6.250000e+00  1.300000e+01
     vertex  1.359553e+01 -2.219666e+01  1.300000e+01
     vertex  1.357326e+01 -2.218063e+01  1.300000e+01
   endloop
 endfacet
 facet normal  0.000000e+00  0.000000e+00 -1.000000e+00
   outer loop
     vertex  3.095000e+01  6.250000e+00  1.300000e+01
     vertex  1.357326e+01 -2.218063e+01  1.300000e+01
     vertex  1.355057e+01 -2.216521e+01  1.300000e+01
   endloop
 endfacet
 facet normal  0.000000e+00  0.000000e+00 -1.000000e+00
   outer loop
     vertex  3.095000e+01  6.250000e+00  1.300000e+01
     vertex  1.355057e+01 -2.216521e+01  1.300000e+01
     vertex  1.352746e+01 -2.215042e+01  1.300000e+01
   endloop
 endfacet
 facet normal  0.000000e+00  0.000000e+00 -1.000000e+00
   outer loop
     vertex  3.095000e+01  6.250000e+00  1.300000e+01
     vertex  1.352746e+01 -2.215042e+01  1.300000e+01
     vertex  1.350396e+01 -2.213627e+01  1.300000e+01
   endloop
 endfacet
 facet normal  0.000000e+00  0.000000e+00 -1.000000e+00
   outer loop
     vertex  3.095000e+01  6.250000e+00  1.300000e+01
     vertex  2.462468e+01 -2.760556e+01  1.300000e+01
     vertex  1.371913e+01 -2.230512e+01  1.300000e+01
   endloop
 endfacet
 facet normal  0.000000e+00  0.000000e+00 -1.000000e+00
   outer loop
     vertex  3.095000e+01  6.250000e+00  1.300000e+01
     vertex  1.350396e+01 -2.213627e+01  1.300000e+01
     vertex  1.348007e+01 -2.212277e+01  1.300000e+01
   endloop
 endfacet
 facet normal  0.000000e+00  0.000000e+00 -1.000000e+00
   outer loop
     vertex  3.095000e+01  6.250000e+00  1.300000e+01
     vertex  1.348007e+01 -2.212277e+01  1.300000e+01
     vertex  1.345582e+01 -2.210993e+01  1.300000e+01
   endloop
 endfacet
 facet normal  0.000000e+00  0.000000e+00 -1.000000e+00
   outer loop
     vertex  3.095000e+01  6.250000e+00  1.300000e+01
     vertex  1.345582e+01 -2.210993e+01  1.300000e+01
     vertex  1.343123e+01 -2.209776e+01  1.300000e+01
   endloop
 endfacet
 facet normal  0.000000e+00  0.000000e+00 -1.000000e+00
   outer loop
     vertex  3.095000e+01  6.250000e+00  1.300000e+01
     vertex  1.343123e+01 -2.209776e+01  1.300000e+01
     vertex  1.340632e+01 -2.208627e+01  1.300000e+01
   endloop
 endfacet
 facet normal -0.000000e+00  0.000000e+00 -1.000000e+00
   outer loop
     vertex  3.095000e+01 -3.995000e+01  1.050000e+01
     vertex -4.500000e-01 -4.145000e+01  1.050000e+01
     vertex  1.050000e+00 -3.995000e+01  1.050000e+01
   endloop
 endfacet
 facet normal  0.000000e+00  0.000000e+00 -1.000000e+00
   outer loop
     vertex  3.245000e+01 -4.145000e+01  1.050000e+01
     vertex -4.500000e-01 -4.145000e+01  1.050000e+01
     vertex  3.095000e+01 -3.995000e+01  1.050000e+01
   endloop
 endfacet
 facet normal  0.000000e+00  0.000000e+00 -1.000000e+00
   outer loop
     vertex -4.500000e-01  7.750000e+00  1.050000e+01
     vertex  1.050000e+00 -3.995000e+01  1.050000e+01
     vertex -4.500000e-01 -4.145000e+01  1.050000e+01
   endloop
 endfacet
 facet normal -0.000000e+00 -0.000000e+00 -1.000000e+00
   outer loop
     vertex  1.050000e+00  6.250000e+00  1.050000e+01
     vertex  1.050000e+00 -3.995000e+01  1.050000e+01
     vertex -4.500000e-01  7.750000e+00  1.050000e+01
   endloop
 endfacet
 facet normal  0.000000e+00  0.000000e+00 -1.000000e+00
   outer loop
     vertex  3.245000e+01  7.750000e+00  1.050000e+01
     vertex  3.095000e+01  6.250000e+00  1.050000e+01
     vertex  1.050000e+00  6.250000e+00  1.050000e+01
   endloop
 endfacet
 facet normal  0.000000e+00  0.000000e+00 -1.000000e+00
   outer loop
     vertex  3.245000e+01  7.750000e+00  1.050000e+01
     vertex  3.095000e+01 -3.995000e+01  1.050000e+01
     vertex  3.095000e+01  6.250000e+00  1.050000e+01
   endloop
 endfacet
 facet normal  0.000000e+00 -0.000000e+00 -1.000000e+00
   outer loop
     vertex  3.245000e+01  7.750000e+00  1.050000e+01
     vertex  3.245000e+01 -4.145000e+01  1.050000e+01
     vertex  3.095000e+01 -3.995000e+01  1.050000e+01
   endloop
 endfacet
 facet normal -0.000000e+00  0.000000e+00 -1.000000e+00
   outer loop
     vertex  3.245000e+01  7.750000e+00  1.050000e+01
     vertex  1.050000e+00  6.250000e+00  1.050000e+01
     vertex -4.500000e-01  7.750000e+00  1.050000e+01
   endloop
 endfacet
 facet normal  0.000000e+00  1.000000e+00  0.000000e+00
   outer loop
     vertex  3.095000e+01 -3.995000e+01  1.300000e+01
     vertex  3.095000e+01 -3.995000e+01  1.050000e+01
     vertex  1.050000e+00 -3.995000e+01  1.050000e+01
   endloop
 endfacet
 facet normal  0.000000e+00  1.000000e+00  0.000000e+00
   outer loop
     vertex  3.095000e+01 -3.995000e+01  1.300000e+01
     vertex  1.050000e+00 -3.995000e+01  1.050000e+01
     vertex  1.050000e+00 -3.995000e+01  1.300000e+01
   endloop
 endfacet
 facet normal -1.000000e+00  0.000000e+00  0.000000e+00
   outer loop
     vertex  3.095000e+01 -3.995000e+01  1.300000e+01
     vertex  3.095000e+01  6.250000e+00  1.050000e+01
     vertex  3.095000e+01 -3.995000e+01  1.050000e+01
   endloop
 endfacet
 facet normal -1.000000e+00  0.000000e+00  0.000000e+00
   outer loop
     vertex  3.095000e+01 -3.995000e+01  1.300000e+01
     vertex  3.095000e+01  6.250000e+00  1.300000e+01
     vertex  3.095000e+01  6.250000e+00  1.050000e+01
   endloop
 endfacet
 facet normal  1.000000e+00  0.000000e+00  0.000000e+00
   outer loop
     vertex  1.050000e+00 -3.995000e+01  1.300000e+01
     vertex  1.050000e+00 -3.995000e+01  1.050000e+01
     vertex  1.050000e+00  6.250000e+00  1.050000e+01
   endloop
 endfacet
 facet normal  1.000000e+00 -0.000000e+00  0.000000e+00
   outer loop
     vertex  1.050000e+00 -3.995000e+01  1.300000e+01
     vertex  1.050000e+00  6.250000e+00  1.050000e+01
     vertex  1.050000e+00  6.250000e+00  1.300000e+01
   endloop
 endfacet
 facet normal  0.000000e+00 -1.000000e+00 -0.000000e+00
   outer loop
     vertex  3.095000e+01  6.250000e+00  1.300000e+01
     vertex  1.050000e+00  6.250000e+00  1.050000e+01
     vertex  3.095000e+01  6.250000e+00  1.050000e+01
   endloop
 endfacet
 facet normal -0.000000e+00 -1.000000e+00  0.000000e+00
   outer loop
     vertex  3.095000e+01  6.250000e+00  1.300000e+01
     vertex  1.050000e+00  6.250000e+00  1.300000e+01
     vertex  1.050000e+00  6.250000e+00  1.050000e+01
   endloop
 endfacet
endsolid
