ISO-10303-21;
HEADER;
FILE_DESCRIPTION(('FreeCAD Model'),'2;1');
FILE_NAME('Open CASCADE Shape Model','2026-09-25T22:24:49',('FreeCAD'),(
    'FreeCAD'),'Open CASCADE STEP processor 7.8','FreeCAD','Unknown');
FILE_SCHEMA(('AUTOMOTIVE_DESIGN { 1 0 10303 214 1 1 1 1 }'));
ENDSEC;
DATA;
#1 = APPLICATION_PROTOCOL_DEFINITION('international standard',
  'automotive_design',2000,#2);
#2 = APPLICATION_CONTEXT(
  'core data for automotive mechanical design processes');
#3 = SHAPE_DEFINITION_REPRESENTATION(#4,#10);
#4 = PRODUCT_DEFINITION_SHAPE('','',#5);
#5 = PRODUCT_DEFINITION('design','',#6,#9);
#6 = PRODUCT_DEFINITION_FORMATION('','',#7);
#7 = PRODUCT('Open CASCADE STEP translator 7.8 1',
  'Open CASCADE STEP translator 7.8 1','',(#8));
#8 = PRODUCT_CONTEXT('',#2,'mechanical');
#9 = PRODUCT_DEFINITION_CONTEXT('part definition',#2,'design');
#10 = ADVANCED_BREP_SHAPE_REPRESENTATION('',(#11,#15),#3703);
#11 = AXIS2_PLACEMENT_3D('',#12,#13,#14);
#12 = CARTESIAN_POINT('',(0.,0.,0.));
#13 = DIRECTION('',(0.,0.,1.));
#14 = DIRECTION('',(1.,0.,-0.));
#15 = MANIFOLD_SOLID_BREP('',#16);
#16 = CLOSED_SHELL('',(#17,#560,#585,#668,#819,#982,#1143,#1548,#1564,
    #1580,#1597,#1656,#1683,#1707,#1724,#1740,#1764,#1781,#1792,#1803,
    #1813,#1838,#2365,#2516,#2679,#2840,#2899,#2926,#2951,#3478,#3503,
    #3528,#3553,#3601,#3626,#3651,#3676,#3685,#3694));
#17 = ADVANCED_FACE('',(#18,#45,#201,#378),#555,.T.);
#18 = FACE_BOUND('',#19,.T.);
#19 = EDGE_LOOP('',(#20,#30,#37,#38));
#20 = ORIENTED_EDGE('',*,*,#21,.F.);
#21 = EDGE_CURVE('',#22,#24,#26,.T.);
#22 = VERTEX_POINT('',#23);
#23 = CARTESIAN_POINT('',(27.,-6.613092715396E-15,0.));
#24 = VERTEX_POINT('',#25);
#25 = CARTESIAN_POINT('',(10.,-2.449293598295E-15,8.));
#26 = LINE('',#27,#28);
#27 = CARTESIAN_POINT('',(27.,-6.613092715396E-15,0.));
#28 = VECTOR('',#29,1.);
#29 = DIRECTION('',(-0.904818702201,2.216166654918E-16,0.42579703633));
#30 = ORIENTED_EDGE('',*,*,#31,.T.);
#31 = EDGE_CURVE('',#22,#22,#32,.T.);
#32 = CIRCLE('',#33,27.);
#33 = AXIS2_PLACEMENT_3D('',#34,#35,#36);
#34 = CARTESIAN_POINT('',(0.,0.,0.));
#35 = DIRECTION('',(0.,0.,1.));
#36 = DIRECTION('',(1.,0.,-0.));
#37 = ORIENTED_EDGE('',*,*,#21,.T.);
#38 = ORIENTED_EDGE('',*,*,#39,.F.);
#39 = EDGE_CURVE('',#24,#24,#40,.T.);
#40 = CIRCLE('',#41,10.);
#41 = AXIS2_PLACEMENT_3D('',#42,#43,#44);
#42 = CARTESIAN_POINT('',(0.,0.,8.));
#43 = DIRECTION('',(0.,0.,1.));
#44 = DIRECTION('',(1.,0.,-0.));
#45 = FACE_BOUND('',#46,.T.);
#46 = EDGE_LOOP('',(#47));
#47 = ORIENTED_EDGE('',*,*,#48,.F.);
#48 = EDGE_CURVE('',#49,#49,#51,.T.);
#49 = VERTEX_POINT('',#50);
#50 = CARTESIAN_POINT('',(2.5,22.,2.28631067036));
#51 = B_SPLINE_CURVE_WITH_KNOTS('',8,(#52,#53,#54,#55,#56,#57,#58,#59,
    #60,#61,#62,#63,#64,#65,#66,#67,#68,#69,#70,#71,#72,#73,#74,#75,#76,
    #77,#78,#79,#80,#81,#82,#83,#84,#85,#86,#87,#88,#89,#90,#91,#92,#93,
    #94,#95,#96,#97,#98,#99,#100,#101,#102,#103,#104,#105,#106,#107,#108
    ,#109,#110,#111,#112,#113,#114,#115,#116,#117,#118,#119,#120,#121,
    #122,#123,#124,#125,#126,#127,#128,#129,#130,#131,#132,#133,#134,
    #135,#136,#137,#138,#139,#140,#141,#142,#143,#144,#145,#146,#147,
    #148,#149,#150,#151,#152,#153,#154,#155,#156,#157,#158,#159,#160,
    #161,#162,#163,#164,#165,#166,#167,#168,#169,#170,#171,#172,#173,
    #174,#175,#176,#177,#178,#179,#180,#181,#182,#183,#184,#185,#186,
    #187,#188,#189,#190,#191,#192,#193,#194,#195,#196,#197,#198,#199,
    #200),.UNSPECIFIED.,.T.,.F.,(9,7,7,7,7,7,7,7,7,7,7,7,7,7,7,7,7,7,7,7
    ,7,9),(0.,0.127076139824,0.169285989245,0.199601919606,
    0.244887163904,0.29097553884,0.321329476544,0.364612099264,
    0.401155485509,0.511862984795,0.592639441538,0.619473233044,
    0.65047971915,0.685344697351,0.70951848851,0.744858811165,
    0.780587012562,0.80476109147,0.839626484683,0.905526847792,
    0.97824831982,1.),.UNSPECIFIED.);
#52 = CARTESIAN_POINT('',(2.5,22.,2.28631067036));
#53 = CARTESIAN_POINT('',(2.5,22.20806350814,2.189024555058));
#54 = CARTESIAN_POINT('',(2.480209341365,22.417037703847,2.092350716851)
  );
#55 = CARTESIAN_POINT('',(2.440330366701,22.626478117838,1.996474237413)
  );
#56 = CARTESIAN_POINT('',(2.379398760756,22.835452127774,1.901796973947)
  );
#57 = CARTESIAN_POINT('',(2.296208069316,23.042576050899,1.808902749991)
  );
#58 = CARTESIAN_POINT('',(2.189119995731,23.24588715024,1.718597016418)
  );
#59 = CARTESIAN_POINT('',(2.056468385889,23.442935412347,1.631856134487)
  );
#60 = CARTESIAN_POINT('',(1.841680415224,23.692618457545,1.522815072621)
  );
#61 = CARTESIAN_POINT('',(1.785014286169,23.753763365285,1.49618769926)
  );
#62 = CARTESIAN_POINT('',(1.725149476732,23.813660024445,1.470175767786)
  );
#63 = CARTESIAN_POINT('',(1.662003891866,23.872142578003,1.444845496832)
  );
#64 = CARTESIAN_POINT('',(1.59550453346,23.929017588792,1.420274261432)
  );
#65 = CARTESIAN_POINT('',(1.5255908058,23.98406524981,1.396549995585));
#66 = CARTESIAN_POINT('',(1.452217821015,24.037040594529,1.373770594812)
  );
#67 = CARTESIAN_POINT('',(1.320158718546,24.124041106404,1.336438368747)
  );
#68 = CARTESIAN_POINT('',(1.263166113596,24.159195547792,1.321377976451)
  );
#69 = CARTESIAN_POINT('',(1.204376573218,24.193037069951,1.306902501147)
  );
#70 = CARTESIAN_POINT('',(1.143796320572,24.225453945177,1.293056659174)
  );
#71 = CARTESIAN_POINT('',(1.081445695911,24.256326128565,1.279888531236)
  );
#72 = CARTESIAN_POINT('',(1.017361734054,24.285527707092,1.267448569739)
  );
#73 = CARTESIAN_POINT('',(0.951600741849,24.312929348692,1.25578860613)
  );
#74 = CARTESIAN_POINT('',(0.783620246122,24.376449350791,1.228786615755)
  );
#75 = CARTESIAN_POINT('',(0.679362335779,24.41021786193,1.214457884841)
  );
#76 = CARTESIAN_POINT('',(0.571815451214,24.439225982128,1.202168494012)
  );
#77 = CARTESIAN_POINT('',(0.461421930356,24.463031118385,1.192095969894)
  );
#78 = CARTESIAN_POINT('',(0.348724841883,24.481245516871,1.184395690328)
  );
#79 = CARTESIAN_POINT('',(0.234376549504,24.493565814943,1.179189495475)
  );
#80 = CARTESIAN_POINT('',(0.119149141111,24.499815015643,1.176548756904)
  );
#81 = CARTESIAN_POINT('',(-0.113298802335,24.500181979139,1.176393689478
    ));
#82 = CARTESIAN_POINT('',(-0.230615220145,24.494082757628,1.178971053904
    ));
#83 = CARTESIAN_POINT('',(-0.347045725056,24.481687591976,1.184208738553
    ));
#84 = CARTESIAN_POINT('',(-0.461774731515,24.463180204876,1.192032641947
    ));
#85 = CARTESIAN_POINT('',(-0.574114594039,24.438880252992,1.20231437971)
  );
#86 = CARTESIAN_POINT('',(-0.683494348307,24.409197638144,1.214889716332
    ));
#87 = CARTESIAN_POINT('',(-0.789450473314,24.374600546546,1.229570869504
    ));
#88 = CARTESIAN_POINT('',(-0.958908607508,24.309909509315,1.257073520249
    ));
#89 = CARTESIAN_POINT('',(-1.024588000434,24.282297630659,1.268824278251
    ));
#90 = CARTESIAN_POINT('',(-1.08858117306,24.25289230142,1.281352577938)
  );
#91 = CARTESIAN_POINT('',(-1.15083313501,24.221823070611,1.294606502853)
  );
#92 = CARTESIAN_POINT('',(-1.211308018033,24.189215898788,1.308535583048
    ));
#93 = CARTESIAN_POINT('',(-1.269986508225,24.155190741851,1.323091774948
    ));
#94 = CARTESIAN_POINT('',(-1.326863278241,24.119859134845,1.338230441213
    ));
#95 = CARTESIAN_POINT('',(-1.46048632995,24.031222020418,1.376271197925)
  );
#96 = CARTESIAN_POINT('',(-1.53536401633,23.976679840343,1.399729597089)
  );
#97 = CARTESIAN_POINT('',(-1.606608042949,23.919983000141,1.424171771349
    ));
#98 = CARTESIAN_POINT('',(-1.674268968931,23.861392928508,1.449493252259
    ));
#99 = CARTESIAN_POINT('',(-1.738413791961,23.801143475679,1.47560048457)
  );
#100 = CARTESIAN_POINT('',(-1.799122392013,23.73943967087,1.502411451127
    ));
#101 = CARTESIAN_POINT('',(-1.856483975084,23.676456479726,
    1.529856297758));
#102 = CARTESIAN_POINT('',(-1.95627803794,23.558202155047,1.581536560516
    ));
#103 = CARTESIAN_POINT('',(-1.999638800814,23.503263835756,1.60560343642
    ));
#104 = CARTESIAN_POINT('',(-2.040730432668,23.447612976409,
    1.630042563338));
#105 = CARTESIAN_POINT('',(-2.079605469085,23.391331743092,
    1.654821086981));
#106 = CARTESIAN_POINT('',(-2.116314443491,23.334494293504,
    1.679909280985));
#107 = CARTESIAN_POINT('',(-2.150905976526,23.277166975,1.705280506599)
  );
#108 = CARTESIAN_POINT('',(-2.183426865415,23.219408522642,
    1.730911172355));
#109 = CARTESIAN_POINT('',(-2.306307133479,22.985141478915,
    1.835151920835));
#110 = CARTESIAN_POINT('',(-2.380027612639,22.805668920838,
    1.915652121465));
#111 = CARTESIAN_POINT('',(-2.436454940716,22.624135145291,
    1.997771520427));
#112 = CARTESIAN_POINT('',(-2.47648926063,22.441588986826,2.081083434269
    ));
#113 = CARTESIAN_POINT('',(-2.500826153611,22.258904892155,
    2.165220692708));
#114 = CARTESIAN_POINT('',(-2.510005626372,22.07679987751,2.249871435874
    ));
#115 = CARTESIAN_POINT('',(-2.504346285753,21.895837387546,
    2.334781218843));
#116 = CARTESIAN_POINT('',(-2.468925434658,21.585557449619,
    2.481743650871));
#117 = CARTESIAN_POINT('',(-2.446104156654,21.455597427863,
    2.543725549581));
#118 = CARTESIAN_POINT('',(-2.41543112513,21.326756851692,2.605603929327
    ));
#119 = CARTESIAN_POINT('',(-2.376862415259,21.199254661961,2.66727130869
    ));
#120 = CARTESIAN_POINT('',(-2.330288439658,21.07333979697,2.728601431881
    ));
#121 = CARTESIAN_POINT('',(-2.275536318184,20.949290897659,
    2.789448382399));
#122 = CARTESIAN_POINT('',(-2.21234841529,20.827419947362,2.849643679968
    ));
#123 = CARTESIAN_POINT('',(-2.116387679334,20.668441760802,
    2.928703161548));
#124 = CARTESIAN_POINT('',(-2.091484676543,20.62908167576,2.948322178704
    ));
#125 = CARTESIAN_POINT('',(-2.065593410125,20.590018633537,
    2.967838048447));
#126 = CARTESIAN_POINT('',(-2.03869873426,20.551268259684,2.987242137463
    ));
#127 = CARTESIAN_POINT('',(-2.010784294177,20.512847677076,3.00652495792
    ));
#128 = CARTESIAN_POINT('',(-1.981832343889,20.474775557216,
    3.025676127494));
#129 = CARTESIAN_POINT('',(-1.95182356393,20.437072171534,3.044684329394
    ));
#130 = CARTESIAN_POINT('',(-1.884816168403,20.356644528844,
    3.085321876125));
#131 = CARTESIAN_POINT('',(-1.847457729627,20.314052909393,
    3.106898322826));
#132 = CARTESIAN_POINT('',(-1.808628017705,20.272017374675,3.12824816685
    ));
#133 = CARTESIAN_POINT('',(-1.768292241717,20.230575963109,
    3.149350063764));
#134 = CARTESIAN_POINT('',(-1.726413951097,20.189772136922,
    3.170179632514));
#135 = CARTESIAN_POINT('',(-1.682954621834,20.149654957881,3.19070931761
    ));
#136 = CARTESIAN_POINT('',(-1.637873242681,20.110279263022,
    3.210908251306));
#137 = CARTESIAN_POINT('',(-1.538561253093,20.028332285088,3.25304413511
    ));
#138 = CARTESIAN_POINT('',(-1.483897792905,19.985979424226,
    3.274881301631));
#139 = CARTESIAN_POINT('',(-1.427068795566,19.944729393362,
    3.296207066961));
#140 = CARTESIAN_POINT('',(-1.368012273153,19.904683558265,
    3.316964316798));
#141 = CARTESIAN_POINT('',(-1.306672513462,19.865961787684,3.33708567337
    ));
#142 = CARTESIAN_POINT('',(-1.243001618433,19.828701726131,
    3.356493797887));
#143 = CARTESIAN_POINT('',(-1.176961042564,19.793058066651,
    3.375101692991));
#144 = CARTESIAN_POINT('',(-1.061071394404,19.735727443563,
    3.405093224058));
#145 = CARTESIAN_POINT('',(-1.012472572079,19.713115161677,
    3.416940949434));
#146 = CARTESIAN_POINT('',(-0.962720690503,19.691422703991,
    3.428323726106));
#147 = CARTESIAN_POINT('',(-0.911817655654,19.670714388567,3.43920544545
    ));
#148 = CARTESIAN_POINT('',(-0.859774875796,19.651059626809,
    3.449547174856));
#149 = CARTESIAN_POINT('',(-0.80661488395,19.632531424793,3.45930798714)
  );
#150 = CARTESIAN_POINT('',(-0.752372960359,19.615204884597,3.46844578996
    ));
#151 = CARTESIAN_POINT('',(-0.616291890991,19.575692974453,
    3.489304136394));
#152 = CARTESIAN_POINT('',(-0.533235063815,19.554947236037,
    3.500274800666));
#153 = CARTESIAN_POINT('',(-0.448141819367,19.53717755911,3.509685848068
    ));
#154 = CARTESIAN_POINT('',(-0.361283202152,19.5226255812,3.517402000063)
  );
#155 = CARTESIAN_POINT('',(-0.272992935279,19.511503762054,3.52330422913
    ));
#156 = CARTESIAN_POINT('',(-0.18367361104,19.503978051539,3.527299753376
    ));
#157 = CARTESIAN_POINT('',(-9.38038920268E-02,19.500144972038,
    3.529334796156));
#158 = CARTESIAN_POINT('',(8.689667640919E-02,19.499859701661,
    3.529486251895));
#159 = CARTESIAN_POINT('',(0.177787992306,19.503488888191,3.527559461122
    ));
#160 = CARTESIAN_POINT('',(0.268143297694,19.510897332334,3.523626062121
    ));
#161 = CARTESIAN_POINT('',(0.357465807533,19.521988598396,3.517739768149
    ));
#162 = CARTESIAN_POINT('',(0.445337446423,19.536593081469,3.509995401226
    ));
#163 = CARTESIAN_POINT('',(0.531411445014,19.554492040554,3.500515516254
    ));
#164 = CARTESIAN_POINT('',(0.61540596532,19.575435740911,3.48943993004)
  );
#165 = CARTESIAN_POINT('',(0.752372960359,19.615204884597,3.46844578996)
  );
#166 = CARTESIAN_POINT('',(0.80661488395,19.632531424793,3.45930798714)
  );
#167 = CARTESIAN_POINT('',(0.859774875796,19.651059626809,3.449547174856
    ));
#168 = CARTESIAN_POINT('',(0.911817655655,19.670714388567,3.43920544545)
  );
#169 = CARTESIAN_POINT('',(0.962720690504,19.691422703992,3.428323726106
    ));
#170 = CARTESIAN_POINT('',(1.012472572079,19.713115161677,3.416940949434
    ));
#171 = CARTESIAN_POINT('',(1.061071394405,19.735727443563,3.405093224058
    ));
#172 = CARTESIAN_POINT('',(1.176961042564,19.793058066651,3.375101692991
    ));
#173 = CARTESIAN_POINT('',(1.243001618434,19.828701726131,3.356493797887
    ));
#174 = CARTESIAN_POINT('',(1.306672513463,19.865961787685,3.33708567337)
  );
#175 = CARTESIAN_POINT('',(1.368012273153,19.904683558265,3.316964316798
    ));
#176 = CARTESIAN_POINT('',(1.427068795567,19.944729393362,3.296207066961
    ));
#177 = CARTESIAN_POINT('',(1.483897792905,19.985979424226,3.274881301631
    ));
#178 = CARTESIAN_POINT('',(1.538561253094,20.028332285088,3.25304413511)
  );
#179 = CARTESIAN_POINT('',(1.690480277956,20.153687793823,3.188588248103
    ));
#180 = CARTESIAN_POINT('',(1.782274368419,20.239265119879,3.144800024526
    ));
#181 = CARTESIAN_POINT('',(1.866989701908,20.327889638063,3.099688391545
    ));
#182 = CARTESIAN_POINT('',(1.944983730062,20.419119159071,3.05350253445)
  );
#183 = CARTESIAN_POINT('',(2.016560841578,20.512590641666,3.006444897836
    ));
#184 = CARTESIAN_POINT('',(2.081991960429,20.608013616706,2.958676055751
    ));
#185 = CARTESIAN_POINT('',(2.141510719589,20.705172315285,2.910315331435
    ));
#186 = CARTESIAN_POINT('',(2.254686689078,20.912899088499,2.807512209852
    ));
#187 = CARTESIAN_POINT('',(2.307065737793,21.023751917157,2.752989262147
    ));
#188 = CARTESIAN_POINT('',(2.352703381359,21.136244874596,2.698005245184
    ));
#189 = CARTESIAN_POINT('',(2.391767634108,21.25016352975,2.642674876454)
  );
#190 = CARTESIAN_POINT('',(2.424369072772,21.365312967424,2.587099471498
    ));
#191 = CARTESIAN_POINT('',(2.450575582451,21.481515129765,2.531368854815
    ));
#192 = CARTESIAN_POINT('',(2.470415267371,21.598608101629,2.475562279391
    ));
#193 = CARTESIAN_POINT('',(2.487891224381,21.751694170671,2.403053882083
    ));
#194 = CARTESIAN_POINT('',(2.491343317483,21.787006301692,2.386359446219
    ));
#195 = CARTESIAN_POINT('',(2.494223288151,21.822379323305,2.36966713562)
  );
#196 = CARTESIAN_POINT('',(2.496530287516,21.857808776562,2.352979040299
    ));
#197 = CARTESIAN_POINT('',(2.498263135434,21.893290153171,2.336297251934
    ));
#198 = CARTESIAN_POINT('',(2.499420320491,21.928818895494,2.31962386387)
  );
#199 = CARTESIAN_POINT('',(2.5,21.964390396547,2.302960971119));
#200 = CARTESIAN_POINT('',(2.5,22.,2.28631067036));
#201 = FACE_BOUND('',#202,.T.);
#202 = EDGE_LOOP('',(#203));
#203 = ORIENTED_EDGE('',*,*,#204,.F.);
#204 = EDGE_CURVE('',#205,#205,#207,.T.);
#205 = VERTEX_POINT('',#206);
#206 = CARTESIAN_POINT('',(-16.55255888325,-11.,3.353277631402));
#207 = B_SPLINE_CURVE_WITH_KNOTS('',7,(#208,#209,#210,#211,#212,#213,
    #214,#215,#216,#217,#218,#219,#220,#221,#222,#223,#224,#225,#226,
    #227,#228,#229,#230,#231,#232,#233,#234,#235,#236,#237,#238,#239,
    #240,#241,#242,#243,#244,#245,#246,#247,#248,#249,#250,#251,#252,
    #253,#254,#255,#256,#257,#258,#259,#260,#261,#262,#263,#264,#265,
    #266,#267,#268,#269,#270,#271,#272,#273,#274,#275,#276,#277,#278,
    #279,#280,#281,#282,#283,#284,#285,#286,#287,#288,#289,#290,#291,
    #292,#293,#294,#295,#296,#297,#298,#299,#300,#301,#302,#303,#304,
    #305,#306,#307,#308,#309,#310,#311,#312,#313,#314,#315,#316,#317,
    #318,#319,#320,#321,#322,#323,#324,#325,#326,#327,#328,#329,#330,
    #331,#332,#333,#334,#335,#336,#337,#338,#339,#340,#341,#342,#343,
    #344,#345,#346,#347,#348,#349,#350,#351,#352,#353,#354,#355,#356,
    #357,#358,#359,#360,#361,#362,#363,#364,#365,#366,#367,#368,#369,
    #370,#371,#372,#373,#374,#375,#376,#377),.UNSPECIFIED.,.T.,.F.,(8,6,
    6,6,6,6,6,6,6,6,6,6,6,6,6,6,6,6,6,6,6,6,6,6,6,6,6,6,8),(0.,
    3.085021222566E-02,4.395557928573E-02,5.191925212579E-02,
    6.909537460054E-02,9.263404856718E-02,0.104851556444,0.128599281288,
    0.16344687862,0.194440520307,0.221265970752,0.302032960287,
    0.413311211733,0.44982854156,0.492621685735,0.523404482058,
    0.538899134933,0.569103839503,0.589777458466,0.599313843928,
    0.614812901323,0.645154011918,0.688417431928,0.724946932575,
    0.835634387938,0.910675418008,0.936119008938,0.966106104501,1.),
  .UNSPECIFIED.);
#208 = CARTESIAN_POINT('',(-16.55255888325,-11.,3.353277631402));
#209 = CARTESIAN_POINT('',(-16.55255888325,-10.92525344955,
    3.372746171743));
#210 = CARTESIAN_POINT('',(-16.55516612905,-10.84919821805,
    3.391426643596));
#211 = CARTESIAN_POINT('',(-16.56054518146,-10.77186258466,
    3.409230547098));
#212 = CARTESIAN_POINT('',(-16.56887540974,-10.69331997018,
    3.426050093385));
#213 = CARTESIAN_POINT('',(-16.58034250762,-10.61369247032,
    3.441760846443));
#214 = CARTESIAN_POINT('',(-16.59512434198,-10.53315585847,
    3.456227047321));
#215 = CARTESIAN_POINT('',(-16.62112248759,-10.41744761625,
    3.474867181385));
#216 = CARTESIAN_POINT('',(-16.62949870577,-10.38282957166,
    3.480174749181));
#217 = CARTESIAN_POINT('',(-16.63851083714,-10.34811137845,
    3.485221515482));
#218 = CARTESIAN_POINT('',(-16.64816879231,-10.31331497169,
    3.489996532295));
#219 = CARTESIAN_POINT('',(-16.6584808671,-10.27846481261,3.4944889308)
  );
#220 = CARTESIAN_POINT('',(-16.66945326586,-10.24358793409,
    3.498688139901));
#221 = CARTESIAN_POINT('',(-16.6881606327,-10.18752230854,3.504951546258
    ));
#222 = CARTESIAN_POINT('',(-16.69547680004,-10.16633167961,
    3.507207027995));
#223 = CARTESIAN_POINT('',(-16.70303897696,-10.14514878458,
    3.509348268266));
#224 = CARTESIAN_POINT('',(-16.71084761736,-10.12398058931,
    3.511373099107));
#225 = CARTESIAN_POINT('',(-16.71890277886,-10.10283434035,
    3.513279466314));
#226 = CARTESIAN_POINT('',(-16.7272041228,-10.08171756481,3.515065429438
    ));
#227 = CARTESIAN_POINT('',(-16.75418471221,-10.01517362408,
    3.520317514945));
#228 = CARTESIAN_POINT('',(-16.7737611835,-9.969880182664,3.523337507704
    ));
#229 = CARTESIAN_POINT('',(-16.79447124602,-9.924839431922,
    3.525770715873));
#230 = CARTESIAN_POINT('',(-16.81629745012,-9.880134010611,
    3.527602492228));
#231 = CARTESIAN_POINT('',(-16.83921305282,-9.835847055539,
    3.528822545956));
#232 = CARTESIAN_POINT('',(-16.86318109207,-9.792061746619,
    3.529425522085));
#233 = CARTESIAN_POINT('',(-16.92237634506,-9.689657048677,
    3.529392475551));
#234 = CARTESIAN_POINT('',(-16.958491999,-9.631539647903,3.528214709018)
  );
#235 = CARTESIAN_POINT('',(-16.99637382154,-9.574728318139,
    3.525878138979));
#236 = CARTESIAN_POINT('',(-17.03587657996,-9.519403918265,
    3.522402530135));
#237 = CARTESIAN_POINT('',(-17.07684124687,-9.465712452178,
    3.517824078761));
#238 = CARTESIAN_POINT('',(-17.11909983697,-9.413769023473,3.51219193723
    ));
#239 = CARTESIAN_POINT('',(-17.18499640027,-9.337654143345,
    3.502124958859));
#240 = CARTESIAN_POINT('',(-17.20781674796,-9.312138857906,
    3.498416814302));
#241 = CARTESIAN_POINT('',(-17.23091872113,-9.28712668549,3.494448228604
    ));
#242 = CARTESIAN_POINT('',(-17.25428040224,-9.262625607807,3.49022758933
    ));
#243 = CARTESIAN_POINT('',(-17.27788067649,-9.238641148348,3.4857635855)
  );
#244 = CARTESIAN_POINT('',(-17.30169938629,-9.215176684131,
    3.481065045218));
#245 = CARTESIAN_POINT('',(-17.37240255614,-9.147638549078,
    3.466569242396));
#246 = CARTESIAN_POINT('',(-17.41983888581,-9.105015916653,
    3.456145237368));
#247 = CARTESIAN_POINT('',(-17.46789004984,-9.064372572721,
    3.444933097206));
#248 = CARTESIAN_POINT('',(-17.51643403078,-9.025692811303,
    3.432996448903));
#249 = CARTESIAN_POINT('',(-17.56536439543,-8.988943757418,
    3.420396191137));
#250 = CARTESIAN_POINT('',(-17.61459147168,-8.954080616598,
    3.407188477944));
#251 = CARTESIAN_POINT('',(-17.7366098562,-8.872585362903,3.373222695579
    ));
#252 = CARTESIAN_POINT('',(-17.80964644988,-8.828077978433,
    3.351825059172));
#253 = CARTESIAN_POINT('',(-17.88293775671,-8.787355269081,
    3.329384123604));
#254 = CARTESIAN_POINT('',(-17.95630749046,-8.75023991693,3.306035535332
    ));
#255 = CARTESIAN_POINT('',(-18.0296182607,-8.716556380464,3.281895428173
    ));
#256 = CARTESIAN_POINT('',(-18.10277120507,-8.686135486988,
    3.257059594643));
#257 = CARTESIAN_POINT('',(-18.24057388639,-8.634523615938,
    3.208961119453));
#258 = CARTESIAN_POINT('',(-18.30525950082,-8.612687541468,
    3.185831713747));
#259 = CARTESIAN_POINT('',(-18.36971316088,-8.593201262045,
    3.162269466015));
#260 = CARTESIAN_POINT('',(-18.43389300883,-8.575966196268,
    3.138322487701));
#261 = CARTESIAN_POINT('',(-18.49776477721,-8.560893535969,
    3.114032343002));
#262 = CARTESIAN_POINT('',(-18.56130193281,-8.547903061255,
    3.089434415991));
#263 = CARTESIAN_POINT('',(-18.67917240021,-8.527417647858,
    3.043027616047));
#264 = CARTESIAN_POINT('',(-18.73359213257,-8.519419020428,
    3.021289400875));
#265 = CARTESIAN_POINT('',(-18.7877314571,-8.512879252847,2.999363343292
    ));
#266 = CARTESIAN_POINT('',(-18.84157792717,-8.507756221451,
    2.977267199517));
#267 = CARTESIAN_POINT('',(-18.89512033458,-8.504012009456,
    2.955016877804));
#268 = CARTESIAN_POINT('',(-18.94834883397,-8.501612417094,2.93262654533
    ));
#269 = CARTESIAN_POINT('',(-19.16054697517,-8.497256870102,
    2.842311336923));
#270 = CARTESIAN_POINT('',(-19.31687453573,-8.50589659575,2.773376606619
    ));
#271 = CARTESIAN_POINT('',(-19.47006844737,-8.525591476321,
    2.703622931039));
#272 = CARTESIAN_POINT('',(-19.61988830522,-8.555794652336,
    2.633308348689));
#273 = CARTESIAN_POINT('',(-19.76608174517,-8.596097450236,
    2.562650559711));
#274 = CARTESIAN_POINT('',(-19.90838524714,-8.646232096801,
    2.491828582882));
#275 = CARTESIAN_POINT('',(-20.23682620938,-8.788545911723,
    2.323382578702));
#276 = CARTESIAN_POINT('',(-20.41899575567,-8.889357703237,
    2.225853062131));
#277 = CARTESIAN_POINT('',(-20.59240791114,-9.008194683549,
    2.128724483489));
#278 = CARTESIAN_POINT('',(-20.75590431639,-9.145126294933,
    2.032431233209));
#279 = CARTESIAN_POINT('',(-20.90784275568,-9.300403620422,
    1.937528564768));
#280 = CARTESIAN_POINT('',(-21.04619120443,-9.474321376221,
    1.844677175962));
#281 = CARTESIAN_POINT('',(-21.2079975361,-9.731255475415,1.7251840901)
  );
#282 = CARTESIAN_POINT('',(-21.24618482907,-9.796822298817,
    1.695979482393));
#283 = CARTESIAN_POINT('',(-21.28247289872,-9.864494002987,
    1.667127643915));
#284 = CARTESIAN_POINT('',(-21.31673973006,-9.934287440579,
    1.638667639982));
#285 = CARTESIAN_POINT('',(-21.34884813543,-10.00621491964,1.61064468035
    ));
#286 = CARTESIAN_POINT('',(-21.37864518641,-10.0802841368,1.583110225558
    ));
#287 = CARTESIAN_POINT('',(-21.43797267134,-10.24581010499,
    1.524495820448));
#288 = CARTESIAN_POINT('',(-21.46657188943,-10.33805275309,
    1.493624972019));
#289 = CARTESIAN_POINT('',(-21.49149219937,-10.43324118869,
    1.463598441428));
#290 = CARTESIAN_POINT('',(-21.51242026399,-10.5313508581,1.434529579176
    ));
#291 = CARTESIAN_POINT('',(-21.52900374531,-10.63231130591,
    1.406554606534));
#292 = CARTESIAN_POINT('',(-21.54085854029,-10.73599996085,
    1.379831029263));
#293 = CARTESIAN_POINT('',(-21.55240816221,-10.9186556382,1.336340376101
    ));
#294 = CARTESIAN_POINT('',(-21.55458107965,-10.99638291214,
    1.318886539687));
#295 = CARTESIAN_POINT('',(-21.55394430987,-11.07534313377,
    1.302241536584));
#296 = CARTESIAN_POINT('',(-21.55033947208,-11.15542934797,
    1.286481683059));
#297 = CARTESIAN_POINT('',(-21.54360993427,-11.23649935957,
    1.271689808149));
#298 = CARTESIAN_POINT('',(-21.53361048387,-11.31837283862,
    1.257952444668));
#299 = CARTESIAN_POINT('',(-21.51347532988,-11.44233279993,
    1.239017059148));
#300 = CARTESIAN_POINT('',(-21.50587396803,-11.48398354576,
    1.232966578357));
#301 = CARTESIAN_POINT('',(-21.49739749451,-11.52575137741,
    1.227216807062));
#302 = CARTESIAN_POINT('',(-21.48803210335,-11.56760415515,
    1.221778988557));
#303 = CARTESIAN_POINT('',(-21.47776617894,-11.60950687297,
    1.216664182472));
#304 = CARTESIAN_POINT('',(-21.4665908741,-11.65142164626,1.211883067061
    ));
#305 = CARTESIAN_POINT('',(-21.43093252559,-11.77495882613,
    1.198795782723));
#306 = CARTESIAN_POINT('',(-21.40388260945,-11.85651794548,
    1.191450521358));
#307 = CARTESIAN_POINT('',(-21.37331568491,-11.93765918166,
    1.185487757308));
#308 = CARTESIAN_POINT('',(-21.3392416502,-12.0180427522,1.180972297131)
  );
#309 = CARTESIAN_POINT('',(-21.301725611,-12.09731963954,1.17795156495)
  );
#310 = CARTESIAN_POINT('',(-21.26089793486,-12.17513626255,
    1.176451213389));
#311 = CARTESIAN_POINT('',(-21.18689392002,-12.30315934553,
    1.176484095741));
#312 = CARTESIAN_POINT('',(-21.15536407813,-12.35433769841,
    1.177209424007));
#313 = CARTESIAN_POINT('',(-21.12243827212,-12.40456427007,
    1.178646706807));
#314 = CARTESIAN_POINT('',(-21.08818906221,-12.45374133497,
    1.180790329605));
#315 = CARTESIAN_POINT('',(-21.05269693929,-12.50178274513,
    1.183629594029));
#316 = CARTESIAN_POINT('',(-21.01604918748,-12.54861329655,
    1.187149236081));
#317 = CARTESIAN_POINT('',(-20.96094356803,-12.61518174225,
    1.193258433285));
#318 = CARTESIAN_POINT('',(-20.94332184626,-12.63592441052,
    1.195327637522));
#319 = CARTESIAN_POINT('',(-20.92548247017,-12.65639007922,
    1.197535674192));
#320 = CARTESIAN_POINT('',(-20.90743433544,-12.67657333775,
    1.199880535627));
#321 = CARTESIAN_POINT('',(-20.88918634475,-12.69646938608,
    1.202360089354));
#322 = CARTESIAN_POINT('',(-20.87074740783,-12.71607403478,
    1.204972078098));
#323 = CARTESIAN_POINT('',(-20.82186262412,-12.76676684156,
    1.212170636512));
#324 = CARTESIAN_POINT('',(-20.79111782409,-12.79737086565,
    1.216970726532));
#325 = CARTESIAN_POINT('',(-20.75993011842,-12.82718028417,
    1.222104259614));
#326 = CARTESIAN_POINT('',(-20.7283367406,-12.85618394223,1.227560532114
    ));
#327 = CARTESIAN_POINT('',(-20.69637380302,-12.88437451582,1.2333284645)
  );
#328 = CARTESIAN_POINT('',(-20.66407601965,-12.91174800434,
    1.239396798889));
#329 = CARTESIAN_POINT('',(-20.56765914119,-12.99028798674,
    1.258199797971));
#330 = CARTESIAN_POINT('',(-20.50268833392,-13.03913417612,
    1.271752886076));
#331 = CARTESIAN_POINT('',(-20.43680668554,-13.08483932509,
    1.286329835092));
#332 = CARTESIAN_POINT('',(-20.3702332175,-13.12743752292,1.30184779919)
  );
#333 = CARTESIAN_POINT('',(-20.30316111663,-13.16699024057,
    1.318227436859));
#334 = CARTESIAN_POINT('',(-20.23575555801,-13.20357715686,
    1.335395535263));
#335 = CARTESIAN_POINT('',(-20.07175487314,-13.28535386185,
    1.378799996939));
#336 = CARTESIAN_POINT('',(-19.9749740964,-13.3275619319,1.405779127593)
  );
#337 = CARTESIAN_POINT('',(-19.87818432368,-13.3641830027,1.434041273134
    ));
#338 = CARTESIAN_POINT('',(-19.78169497141,-13.39549748829,
    1.463423231061));
#339 = CARTESIAN_POINT('',(-19.68575160802,-13.42178446168,
    1.493784034668));
#340 = CARTESIAN_POINT('',(-19.59053781567,-13.44331170759,1.52500663794
    ));
#341 = CARTESIAN_POINT('',(-19.4165034716,-13.47469161582,1.584012881972
    ));
#342 = CARTESIAN_POINT('',(-19.33744947649,-13.48583787832,
    1.611571506642));
#343 = CARTESIAN_POINT('',(-19.25909682982,-13.49391259546,
    1.639617747618));
#344 = CARTESIAN_POINT('',(-19.18151513054,-13.49905199288,
    1.668100224889));
#345 = CARTESIAN_POINT('',(-19.10476215349,-13.50138095377,
    1.696973798331));
#346 = CARTESIAN_POINT('',(-19.02888418953,-13.50101348335,
    1.726199460768));
#347 = CARTESIAN_POINT('',(-18.7267576424,-13.48908318598,1.845267366656
    ));
#348 = CARTESIAN_POINT('',(-18.50816939745,-13.45631610549,
    1.937635991848));
#349 = CARTESIAN_POINT('',(-18.29883406655,-13.40268292683,
    2.032032778995));
#350 = CARTESIAN_POINT('',(-18.0994993589,-13.3300631543,2.12780729355)
  );
#351 = CARTESIAN_POINT('',(-17.91075964179,-13.23998135988,
    2.224412839313));
#352 = CARTESIAN_POINT('',(-17.7331261846,-13.13346266111,2.321421183284
    ));
#353 = CARTESIAN_POINT('',(-17.45467081273,-12.92777534631,
    2.484332055863));
#354 = CARTESIAN_POINT('',(-17.34761564849,-12.83734559842,
    2.550144088081));
#355 = CARTESIAN_POINT('',(-17.24620985993,-12.73974948842,
    2.615827138156));
#356 = CARTESIAN_POINT('',(-17.15074357051,-12.63506889255,
    2.681237167343));
#357 = CARTESIAN_POINT('',(-17.06157982781,-12.52333304292,
    2.746205645719));
#358 = CARTESIAN_POINT('',(-16.97917338044,-12.40449688393,2.81053499181
    ));
#359 = CARTESIAN_POINT('',(-16.8786815142,-12.23561052602,2.89550390775)
  );
#360 = CARTESIAN_POINT('',(-16.85408387167,-12.1920120143,2.916916778098
    ));
#361 = CARTESIAN_POINT('',(-16.83035816554,-12.1475725344,2.938217817245
    ));
#362 = CARTESIAN_POINT('',(-16.80753110761,-12.10228566796,
    2.959396071174));
#363 = CARTESIAN_POINT('',(-16.78563221397,-12.05614429798,
    2.980439386118));
#364 = CARTESIAN_POINT('',(-16.76469405083,-12.00914035905,
    3.001334339068));
#365 = CARTESIAN_POINT('',(-16.72124991053,-11.90483955942,
    3.046500114919));
#366 = CARTESIAN_POINT('',(-16.69913236731,-11.84720540335,
    3.070706688079));
#367 = CARTESIAN_POINT('',(-16.6784581173,-11.78834543071,3.094662291786
    ));
#368 = CARTESIAN_POINT('',(-16.65929332337,-11.72824439041,
    3.118339140313));
#369 = CARTESIAN_POINT('',(-16.6417128604,-11.66688779585,3.141704973458
    ));
#370 = CARTESIAN_POINT('',(-16.62580113092,-11.60426125186,3.16472277184
    ));
#371 = CARTESIAN_POINT('',(-16.59566135807,-11.4681117521,3.212926170576
    ));
#372 = CARTESIAN_POINT('',(-16.58192470146,-11.39424117926,
    3.238000322745));
#373 = CARTESIAN_POINT('',(-16.57057802268,-11.31870962978,
    3.262514703766));
#374 = CARTESIAN_POINT('',(-16.56177866957,-11.24150526325,
    3.286395953122));
#375 = CARTESIAN_POINT('',(-16.5557056212,-11.16263351066,3.309555448959
    ));
#376 = CARTESIAN_POINT('',(-16.55255888325,-11.08211775304,
    3.331889182323));
#377 = CARTESIAN_POINT('',(-16.55255888325,-11.,3.353277631402));
#378 = FACE_BOUND('',#379,.T.);
#379 = EDGE_LOOP('',(#380));
#380 = ORIENTED_EDGE('',*,*,#381,.F.);
#381 = EDGE_CURVE('',#382,#382,#384,.T.);
#382 = VERTEX_POINT('',#383);
#383 = CARTESIAN_POINT('',(21.552558883258,-11.,1.318883932834));
#384 = B_SPLINE_CURVE_WITH_KNOTS('',7,(#385,#386,#387,#388,#389,#390,
    #391,#392,#393,#394,#395,#396,#397,#398,#399,#400,#401,#402,#403,
    #404,#405,#406,#407,#408,#409,#410,#411,#412,#413,#414,#415,#416,
    #417,#418,#419,#420,#421,#422,#423,#424,#425,#426,#427,#428,#429,
    #430,#431,#432,#433,#434,#435,#436,#437,#438,#439,#440,#441,#442,
    #443,#444,#445,#446,#447,#448,#449,#450,#451,#452,#453,#454,#455,
    #456,#457,#458,#459,#460,#461,#462,#463,#464,#465,#466,#467,#468,
    #469,#470,#471,#472,#473,#474,#475,#476,#477,#478,#479,#480,#481,
    #482,#483,#484,#485,#486,#487,#488,#489,#490,#491,#492,#493,#494,
    #495,#496,#497,#498,#499,#500,#501,#502,#503,#504,#505,#506,#507,
    #508,#509,#510,#511,#512,#513,#514,#515,#516,#517,#518,#519,#520,
    #521,#522,#523,#524,#525,#526,#527,#528,#529,#530,#531,#532,#533,
    #534,#535,#536,#537,#538,#539,#540,#541,#542,#543,#544,#545,#546,
    #547,#548,#549,#550,#551,#552,#553,#554),.UNSPECIFIED.,.T.,.F.,(8,6,
    6,6,6,6,6,6,6,6,6,6,6,6,6,6,6,6,6,6,6,6,6,6,6,6,6,6,8),(0.,
    4.718907565621E-02,8.442912789532E-02,0.115184097315,0.199511931431,
    0.280279468201,0.307105100402,0.338098952085,0.372946785526,
    0.396694671272,0.408912261929,0.432451095381,0.455985833391,
    0.468198666391,0.492385188487,0.527269216646,0.558290017706,
    0.584561692677,0.665923359757,0.776615250083,0.813146214373,
    0.856411367838,0.886753694123,0.902253372525,0.911790140085,
    0.932464587388,0.960271832733,0.974032493615,1.),.UNSPECIFIED.);
#385 = CARTESIAN_POINT('',(21.552558883258,-11.,1.318883932834));
#386 = CARTESIAN_POINT('',(21.552558883258,-10.87951061428,
    1.344659862988));
#387 = CARTESIAN_POINT('',(21.545783811166,-10.76181374236,
    1.372416778486));
#388 = CARTESIAN_POINT('',(21.532799549963,-10.64725184072,
    1.401890870628));
#389 = CARTESIAN_POINT('',(21.51415066456,-10.53605977406,1.432846563924
    ));
#390 = CARTESIAN_POINT('',(21.490343043017,-10.42837755655,
    1.465080454602));
#391 = CARTESIAN_POINT('',(21.461826537746,-10.32426309305,
    1.498425249122));
#392 = CARTESIAN_POINT('',(21.403054320667,-10.14434774804,
    1.559844578846));
#393 = CARTESIAN_POINT('',(21.374437354681,-10.06721851545,
    1.587543545796));
#394 = CARTESIAN_POINT('',(21.343316013381,-9.99231961077,1.615784803912
    ));
#395 = CARTESIAN_POINT('',(21.309861310726,-9.919646831975,
    1.644509955165));
#396 = CARTESIAN_POINT('',(21.274226493747,-9.84918960355,1.673667899071
    ));
#397 = CARTESIAN_POINT('',(21.236547566258,-9.780931193301,
    1.703214728645));
#398 = CARTESIAN_POINT('',(21.164236763048,-9.660274408159,
    1.757805849603));
#399 = CARTESIAN_POINT('',(21.130218228055,-9.607186417867,
    1.782737177446));
#400 = CARTESIAN_POINT('',(21.094956192521,-9.555573669248,
    1.807886235579));
#401 = CARTESIAN_POINT('',(21.0585129029,-9.505425308262,1.833233452983)
  );
#402 = CARTESIAN_POINT('',(21.020945135065,-9.456730785123,
    1.858761023751));
#403 = CARTESIAN_POINT('',(20.982304462184,-9.40947972357,1.88445286893)
  );
#404 = CARTESIAN_POINT('',(20.833873730462,-9.238032431222,
    1.981150694565));
#405 = CARTESIAN_POINT('',(20.717422760146,-9.123210006351,
    2.053115202818));
#406 = CARTESIAN_POINT('',(20.594214388126,-9.018934071714,
    2.125914055656));
#407 = CARTESIAN_POINT('',(20.464984044082,-8.925087610243,2.19930491935
    ));
#408 = CARTESIAN_POINT('',(20.330331404535,-8.841626347099,
    2.273071656496));
#409 = CARTESIAN_POINT('',(20.190733900026,-8.768574065524,
    2.347021729197));
#410 = CARTESIAN_POINT('',(19.908385247146,-8.646232096801,
    2.491828582882));
#411 = CARTESIAN_POINT('',(19.766081745179,-8.596097450237,2.56265055971
    ));
#412 = CARTESIAN_POINT('',(19.619888305225,-8.555794652335,2.63330834869
    ));
#413 = CARTESIAN_POINT('',(19.470068447376,-8.525591476321,
    2.703622931038));
#414 = CARTESIAN_POINT('',(19.316874535729,-8.50589659575,2.77337660662)
  );
#415 = CARTESIAN_POINT('',(19.160546975177,-8.497256870102,
    2.842311336923));
#416 = CARTESIAN_POINT('',(18.948348833975,-8.501612417094,2.93262654533
    ));
#417 = CARTESIAN_POINT('',(18.895120334585,-8.504012009456,
    2.955016877804));
#418 = CARTESIAN_POINT('',(18.841577927171,-8.507756221451,
    2.977267199517));
#419 = CARTESIAN_POINT('',(18.787731457104,-8.512879252847,
    2.999363343292));
#420 = CARTESIAN_POINT('',(18.733592132577,-8.519419020428,
    3.021289400875));
#421 = CARTESIAN_POINT('',(18.67917240021,-8.527417647858,3.043027616047
    ));
#422 = CARTESIAN_POINT('',(18.561301932813,-8.547903061255,
    3.089434415991));
#423 = CARTESIAN_POINT('',(18.49776477722,-8.560893535969,3.114032343002
    ));
#424 = CARTESIAN_POINT('',(18.433893008836,-8.575966196268,
    3.138322487701));
#425 = CARTESIAN_POINT('',(18.36971316088,-8.593201262045,3.162269466015
    ));
#426 = CARTESIAN_POINT('',(18.305259500825,-8.612687541468,
    3.185831713747));
#427 = CARTESIAN_POINT('',(18.240573886397,-8.634523615938,
    3.208961119453));
#428 = CARTESIAN_POINT('',(18.102771205075,-8.686135486988,
    3.257059594643));
#429 = CARTESIAN_POINT('',(18.029618260701,-8.716556380464,
    3.281895428173));
#430 = CARTESIAN_POINT('',(17.956307490462,-8.75023991693,3.306035535332
    ));
#431 = CARTESIAN_POINT('',(17.882937756712,-8.787355269081,
    3.329384123604));
#432 = CARTESIAN_POINT('',(17.809646449882,-8.828077978433,
    3.351825059172));
#433 = CARTESIAN_POINT('',(17.736609856202,-8.872585362903,
    3.373222695579));
#434 = CARTESIAN_POINT('',(17.614591471684,-8.954080616598,
    3.407188477944));
#435 = CARTESIAN_POINT('',(17.565364395432,-8.988943757418,
    3.420396191137));
#436 = CARTESIAN_POINT('',(17.516434030789,-9.025692811303,
    3.432996448903));
#437 = CARTESIAN_POINT('',(17.467890049847,-9.064372572721,
    3.444933097206));
#438 = CARTESIAN_POINT('',(17.419838885811,-9.105015916653,
    3.456145237368));
#439 = CARTESIAN_POINT('',(17.372402556141,-9.147638549077,
    3.466569242396));
#440 = CARTESIAN_POINT('',(17.301699386292,-9.215176684131,
    3.481065045218));
#441 = CARTESIAN_POINT('',(17.277880676496,-9.238641148348,3.4857635855)
  );
#442 = CARTESIAN_POINT('',(17.254280402245,-9.262625607807,3.49022758933
    ));
#443 = CARTESIAN_POINT('',(17.230918721135,-9.28712668549,3.494448228604
    ));
#444 = CARTESIAN_POINT('',(17.207816747962,-9.312138857906,
    3.498416814302));
#445 = CARTESIAN_POINT('',(17.184996400274,-9.337654143345,
    3.502124958859));
#446 = CARTESIAN_POINT('',(17.119099836976,-9.413769023473,3.51219193723
    ));
#447 = CARTESIAN_POINT('',(17.076841246875,-9.465712452178,
    3.517824078761));
#448 = CARTESIAN_POINT('',(17.035876579969,-9.519403918265,
    3.522402530135));
#449 = CARTESIAN_POINT('',(16.996373821542,-9.574728318139,
    3.525878138979));
#450 = CARTESIAN_POINT('',(16.958491999001,-9.631539647903,
    3.528214709018));
#451 = CARTESIAN_POINT('',(16.922376345062,-9.689657048677,
    3.529392475551));
#452 = CARTESIAN_POINT('',(16.853936531152,-9.808054354489,
    3.529430682984));
#453 = CARTESIAN_POINT('',(16.821602904949,-9.868349115903,
    3.528291532704));
#454 = CARTESIAN_POINT('',(16.791280153861,-9.929526081059,
    3.525993564504));
#455 = CARTESIAN_POINT('',(16.76305303058,-9.991369223821,3.522556134664
    ));
#456 = CARTESIAN_POINT('',(16.73696924877,-10.05366776051,3.518015076213
    ));
#457 = CARTESIAN_POINT('',(16.713045262879,-10.1162183634,3.512419253815
    ));
#458 = CARTESIAN_POINT('',(16.679973318476,-10.21131693888,
    3.502406275576));
#459 = CARTESIAN_POINT('',(16.669252737519,-10.24382510525,
    3.498716845402));
#460 = CARTESIAN_POINT('',(16.65910842618,-10.27632690444,3.494766720916
    ));
#461 = CARTESIAN_POINT('',(16.649536422439,-10.30879930787,
    3.490564264517));
#462 = CARTESIAN_POINT('',(16.640531028323,-10.34122120587,3.48611814564
    ));
#463 = CARTESIAN_POINT('',(16.63208515709,-10.37357338646,3.481437178153
    ));
#464 = CARTESIAN_POINT('',(16.608556311654,-10.46973697406,
    3.466812203155));
#465 = CARTESIAN_POINT('',(16.595085449768,-10.5332908493,3.456208066462
    ));
#466 = CARTESIAN_POINT('',(16.583712444876,-10.59637129727,
    3.444785722031));
#467 = CARTESIAN_POINT('',(16.574358452334,-10.65887492495,
    3.432612414437));
#468 = CARTESIAN_POINT('',(16.566937031259,-10.72072203754,
    3.419752460286));
#469 = CARTESIAN_POINT('',(16.561359743052,-10.78185488719,
    3.406265049991));
#470 = CARTESIAN_POINT('',(16.55203508886,-10.92932300684,3.371919096079
    ));
#471 = CARTESIAN_POINT('',(16.550188848611,-11.01482925113,
    3.350442883914));
#472 = CARTESIAN_POINT('',(16.551743755198,-11.09865708745,
    3.327927412601));
#473 = CARTESIAN_POINT('',(16.556458096919,-11.18074390789,
    3.304507941782));
#474 = CARTESIAN_POINT('',(16.564111392753,-11.26105951205,
    3.280300206635));
#475 = CARTESIAN_POINT('',(16.574508060761,-11.33960355528,3.25539963329
    ));
#476 = CARTESIAN_POINT('',(16.599017416185,-11.48469729455,
    3.207187582238));
#477 = CARTESIAN_POINT('',(16.612589276323,-11.55160176597,
    3.184008958504));
#478 = CARTESIAN_POINT('',(16.628077462992,-11.61712877112,
    3.160399474366));
#479 = CARTESIAN_POINT('',(16.645375975827,-11.68129155315,
    3.136407035252));
#480 = CARTESIAN_POINT('',(16.664391057141,-11.74410496384,
    3.112073028585));
#481 = CARTESIAN_POINT('',(16.685040231067,-11.80558618895,
    3.087432691675));
#482 = CARTESIAN_POINT('',(16.726062046667,-11.91671314844,
    3.041412965355));
#483 = CARTESIAN_POINT('',(16.745992358839,-11.96672783632,
    3.020112670497));
#484 = CARTESIAN_POINT('',(16.766998067916,-12.01581044272,
    2.998633001948));
#485 = CARTESIAN_POINT('',(16.789039198932,-12.06397060717,
    2.976990575893));
#486 = CARTESIAN_POINT('',(16.81207968761,-12.11121702107,2.955200313781
    ));
#487 = CARTESIAN_POINT('',(16.836087054712,-12.15755774548,
    2.933275538311));
#488 = CARTESIAN_POINT('',(16.938285200998,-12.34373387045,
    2.842948493572));
#489 = CARTESIAN_POINT('',(17.02451020931,-12.4758163331,2.773510928679)
  );
#490 = CARTESIAN_POINT('',(17.118862221698,-12.59953673474,
    2.703241390363));
#491 = CARTESIAN_POINT('',(17.220734627283,-12.71496115283,
    2.632403646964));
#492 = CARTESIAN_POINT('',(17.329637199688,-12.82207445019,
    2.561220079264));
#493 = CARTESIAN_POINT('',(17.445199419001,-12.92077908859,
    2.489873313724));
#494 = CARTESIAN_POINT('',(17.733126184606,-13.13346266111,
    2.321421183283));
#495 = CARTESIAN_POINT('',(17.910759641797,-13.23998135988,
    2.224412839313));
#496 = CARTESIAN_POINT('',(18.099499358904,-13.3300631543,2.127807293549
    ));
#497 = CARTESIAN_POINT('',(18.298834066552,-13.40268292683,
    2.032032778996));
#498 = CARTESIAN_POINT('',(18.508169397456,-13.45631610549,
    1.937635991848));
#499 = CARTESIAN_POINT('',(18.726757642402,-13.48908318598,
    1.845267366656));
#500 = CARTESIAN_POINT('',(19.028884189536,-13.50101348335,
    1.726199460768));
#501 = CARTESIAN_POINT('',(19.104762153494,-13.50138095377,1.69697379833
    ));
#502 = CARTESIAN_POINT('',(19.181515130541,-13.49905199288,
    1.668100224889));
#503 = CARTESIAN_POINT('',(19.259096829829,-13.49391259546,
    1.639617747618));
#504 = CARTESIAN_POINT('',(19.337449476496,-13.48583787832,
    1.611571506642));
#505 = CARTESIAN_POINT('',(19.416503471603,-13.47469161582,
    1.584012881972));
#506 = CARTESIAN_POINT('',(19.590537815677,-13.44331170759,1.52500663794
    ));
#507 = CARTESIAN_POINT('',(19.685751608022,-13.42178446168,
    1.493784034668));
#508 = CARTESIAN_POINT('',(19.781694971418,-13.39549748829,
    1.463423231061));
#509 = CARTESIAN_POINT('',(19.878184323689,-13.3641830027,1.434041273134
    ));
#510 = CARTESIAN_POINT('',(19.974974096409,-13.3275619319,1.405779127593
    ));
#511 = CARTESIAN_POINT('',(20.071754873149,-13.28535386185,
    1.378799996939));
#512 = CARTESIAN_POINT('',(20.235755558018,-13.20357715686,
    1.335395535263));
#513 = CARTESIAN_POINT('',(20.303161116638,-13.16699024057,
    1.318227436859));
#514 = CARTESIAN_POINT('',(20.370233217501,-13.12743752292,1.30184779919
    ));
#515 = CARTESIAN_POINT('',(20.436806685544,-13.08483932509,
    1.286329835092));
#516 = CARTESIAN_POINT('',(20.502688333923,-13.03913417612,
    1.271752886076));
#517 = CARTESIAN_POINT('',(20.567659141198,-12.99028798674,
    1.258199797971));
#518 = CARTESIAN_POINT('',(20.664076019653,-12.91174800434,
    1.239396798889));
#519 = CARTESIAN_POINT('',(20.696373803026,-12.88437451582,1.2333284645)
  );
#520 = CARTESIAN_POINT('',(20.728336740601,-12.85618394223,
    1.227560532114));
#521 = CARTESIAN_POINT('',(20.759930118429,-12.82718028417,
    1.222104259614));
#522 = CARTESIAN_POINT('',(20.791117824094,-12.79737086565,
    1.216970726532));
#523 = CARTESIAN_POINT('',(20.821862624125,-12.76676684156,
    1.212170636512));
#524 = CARTESIAN_POINT('',(20.870747407833,-12.71607403478,
    1.204972078098));
#525 = CARTESIAN_POINT('',(20.889186344755,-12.69646938608,
    1.202360089354));
#526 = CARTESIAN_POINT('',(20.907434335443,-12.67657333775,
    1.199880535627));
#527 = CARTESIAN_POINT('',(20.925482470179,-12.65639007922,
    1.197535674192));
#528 = CARTESIAN_POINT('',(20.943321846267,-12.63592441052,
    1.195327637522));
#529 = CARTESIAN_POINT('',(20.960943568032,-12.61518174225,
    1.193258433285));
#530 = CARTESIAN_POINT('',(21.016049187485,-12.54861329655,
    1.187149236081));
#531 = CARTESIAN_POINT('',(21.052696939293,-12.50178274513,
    1.183629594029));
#532 = CARTESIAN_POINT('',(21.088189062217,-12.45374133497,
    1.180790329605));
#533 = CARTESIAN_POINT('',(21.122438272123,-12.40456427007,
    1.178646706807));
#534 = CARTESIAN_POINT('',(21.155364078137,-12.35433769841,
    1.177209424007));
#535 = CARTESIAN_POINT('',(21.186893920028,-12.30315934553,
    1.176484095741));
#536 = CARTESIAN_POINT('',(21.257409139534,-12.18117169636,
    1.176452763573));
#537 = CARTESIAN_POINT('',(21.29522082696,-12.10966883352,1.177722826971
    ));
#538 = CARTESIAN_POINT('',(21.330240234751,-12.03690410686,
    1.180281311235));
#539 = CARTESIAN_POINT('',(21.362361238217,-11.96315251999,1.18410990647
    ));
#540 = CARTESIAN_POINT('',(21.391524462038,-11.88868744451,
    1.189174375632));
#541 = CARTESIAN_POINT('',(21.417711021218,-11.81377753168,1.19542732381
    ));
#542 = CARTESIAN_POINT('',(21.452429477535,-11.70152274087,
    1.206464828781));
#543 = CARTESIAN_POINT('',(21.463198255577,-11.66431398136,
    1.210395898237));
#544 = CARTESIAN_POINT('',(21.473245355526,-11.62708695731,
    1.214597271154));
#545 = CARTESIAN_POINT('',(21.482575289801,-11.58986958291,1.21906177558
    ));
#546 = CARTESIAN_POINT('',(21.491194323878,-11.55268807482,
    1.223781972324));
#547 = CARTESIAN_POINT('',(21.499110476294,-11.51556695215,
    1.228750154957));
#548 = CARTESIAN_POINT('',(21.519963997591,-11.40863542298,
    1.243786644724));
#549 = CARTESIAN_POINT('',(21.531125338657,-11.33903928368,1.25446971435
    ));
#550 = CARTESIAN_POINT('',(21.539881992721,-11.26989047413,
    1.265955127553));
#551 = CARTESIAN_POINT('',(21.546313197449,-11.2013162675,1.278189857164
    ));
#552 = CARTESIAN_POINT('',(21.550507767254,-11.13342253262,
    1.291121860964));
#553 = CARTESIAN_POINT('',(21.552558883258,-11.06629491203,
    1.304701662654));
#554 = CARTESIAN_POINT('',(21.552558883258,-11.,1.318883932834));
#555 = CONICAL_SURFACE('',#556,27.,1.130953743979);
#556 = AXIS2_PLACEMENT_3D('',#557,#558,#559);
#557 = CARTESIAN_POINT('',(0.,0.,0.));
#558 = DIRECTION('',(-0.,-0.,-1.));
#559 = DIRECTION('',(1.,0.,-0.));
#560 = ADVANCED_FACE('',(#561),#580,.F.);
#561 = FACE_BOUND('',#562,.F.);
#562 = EDGE_LOOP('',(#563,#564,#572,#579));
#563 = ORIENTED_EDGE('',*,*,#39,.F.);
#564 = ORIENTED_EDGE('',*,*,#565,.F.);
#565 = EDGE_CURVE('',#566,#24,#568,.T.);
#566 = VERTEX_POINT('',#567);
#567 = CARTESIAN_POINT('',(10.,-2.449293598295E-15,6.5));
#568 = LINE('',#569,#570);
#569 = CARTESIAN_POINT('',(10.,-2.449293598295E-15,-1.));
#570 = VECTOR('',#571,1.);
#571 = DIRECTION('',(0.,0.,1.));
#572 = ORIENTED_EDGE('',*,*,#573,.T.);
#573 = EDGE_CURVE('',#566,#566,#574,.T.);
#574 = CIRCLE('',#575,10.);
#575 = AXIS2_PLACEMENT_3D('',#576,#577,#578);
#576 = CARTESIAN_POINT('',(0.,0.,6.5));
#577 = DIRECTION('',(0.,0.,1.));
#578 = DIRECTION('',(1.,0.,-0.));
#579 = ORIENTED_EDGE('',*,*,#565,.T.);
#580 = CYLINDRICAL_SURFACE('',#581,10.);
#581 = AXIS2_PLACEMENT_3D('',#582,#583,#584);
#582 = CARTESIAN_POINT('',(0.,0.,-1.));
#583 = DIRECTION('',(0.,0.,1.));
#584 = DIRECTION('',(1.,0.,-0.));
#585 = ADVANCED_FACE('',(#586,#589),#663,.F.);
#586 = FACE_BOUND('',#587,.F.);
#587 = EDGE_LOOP('',(#588));
#588 = ORIENTED_EDGE('',*,*,#31,.T.);
#589 = FACE_BOUND('',#590,.F.);
#590 = EDGE_LOOP('',(#591,#602,#611,#620,#629,#638,#647,#656));
#591 = ORIENTED_EDGE('',*,*,#592,.F.);
#592 = EDGE_CURVE('',#593,#595,#597,.T.);
#593 = VERTEX_POINT('',#594);
#594 = CARTESIAN_POINT('',(23.8125,-5.832380380939E-15,0.));
#595 = VERTEX_POINT('',#596);
#596 = CARTESIAN_POINT('',(1.790130163394,23.7451171875,0.));
#597 = CIRCLE('',#598,23.8125);
#598 = AXIS2_PLACEMENT_3D('',#599,#600,#601);
#599 = CARTESIAN_POINT('',(0.,0.,0.));
#600 = DIRECTION('',(0.,0.,1.));
#601 = DIRECTION('',(1.,0.,-0.));
#602 = ORIENTED_EDGE('',*,*,#603,.F.);
#603 = EDGE_CURVE('',#604,#593,#606,.T.);
#604 = VERTEX_POINT('',#605);
#605 = CARTESIAN_POINT('',(21.45893978191,-10.32226039617,0.));
#606 = CIRCLE('',#607,23.8125);
#607 = AXIS2_PLACEMENT_3D('',#608,#609,#610);
#608 = CARTESIAN_POINT('',(0.,0.,0.));
#609 = DIRECTION('',(0.,0.,1.));
#610 = DIRECTION('',(1.,0.,-0.));
#611 = ORIENTED_EDGE('',*,*,#612,.F.);
#612 = EDGE_CURVE('',#613,#604,#615,.T.);
#613 = VERTEX_POINT('',#614);
#614 = CARTESIAN_POINT('',(21.552558883258,-11.,0.));
#615 = CIRCLE('',#616,2.5);
#616 = AXIS2_PLACEMENT_3D('',#617,#618,#619);
#617 = CARTESIAN_POINT('',(19.052558883258,-11.,0.));
#618 = DIRECTION('',(0.,0.,1.));
#619 = DIRECTION('',(1.,0.,-0.));
#620 = ORIENTED_EDGE('',*,*,#621,.F.);
#621 = EDGE_CURVE('',#622,#613,#624,.T.);
#622 = VERTEX_POINT('',#623);
#623 = CARTESIAN_POINT('',(19.668809618517,-13.42285679133,0.));
#624 = CIRCLE('',#625,2.5);
#625 = AXIS2_PLACEMENT_3D('',#626,#627,#628);
#626 = CARTESIAN_POINT('',(19.052558883258,-11.,0.));
#627 = DIRECTION('',(0.,0.,1.));
#628 = DIRECTION('',(1.,0.,-0.));
#629 = ORIENTED_EDGE('',*,*,#630,.F.);
#630 = EDGE_CURVE('',#631,#622,#633,.T.);
#631 = VERTEX_POINT('',#632);
#632 = CARTESIAN_POINT('',(-19.66880961851,-13.42285679133,0.));
#633 = CIRCLE('',#634,23.8125);
#634 = AXIS2_PLACEMENT_3D('',#635,#636,#637);
#635 = CARTESIAN_POINT('',(0.,0.,0.));
#636 = DIRECTION('',(0.,0.,1.));
#637 = DIRECTION('',(1.,0.,-0.));
#638 = ORIENTED_EDGE('',*,*,#639,.F.);
#639 = EDGE_CURVE('',#640,#631,#642,.T.);
#640 = VERTEX_POINT('',#641);
#641 = CARTESIAN_POINT('',(-21.45893978191,-10.32226039617,0.));
#642 = CIRCLE('',#643,2.5);
#643 = AXIS2_PLACEMENT_3D('',#644,#645,#646);
#644 = CARTESIAN_POINT('',(-19.05255888325,-11.,0.));
#645 = DIRECTION('',(0.,0.,1.));
#646 = DIRECTION('',(1.,0.,-0.));
#647 = ORIENTED_EDGE('',*,*,#648,.F.);
#648 = EDGE_CURVE('',#649,#640,#651,.T.);
#649 = VERTEX_POINT('',#650);
#650 = CARTESIAN_POINT('',(-1.790130163394,23.7451171875,0.));
#651 = CIRCLE('',#652,23.8125);
#652 = AXIS2_PLACEMENT_3D('',#653,#654,#655);
#653 = CARTESIAN_POINT('',(0.,0.,0.));
#654 = DIRECTION('',(0.,0.,1.));
#655 = DIRECTION('',(1.,0.,-0.));
#656 = ORIENTED_EDGE('',*,*,#657,.F.);
#657 = EDGE_CURVE('',#595,#649,#658,.T.);
#658 = CIRCLE('',#659,2.5);
#659 = AXIS2_PLACEMENT_3D('',#660,#661,#662);
#660 = CARTESIAN_POINT('',(1.347111479062E-15,22.,0.));
#661 = DIRECTION('',(0.,0.,1.));
#662 = DIRECTION('',(1.,0.,-0.));
#663 = PLANE('',#664);
#664 = AXIS2_PLACEMENT_3D('',#665,#666,#667);
#665 = CARTESIAN_POINT('',(0.,0.,0.));
#666 = DIRECTION('',(0.,0.,1.));
#667 = DIRECTION('',(1.,0.,-0.));
#668 = ADVANCED_FACE('',(#669),#814,.T.);
#669 = FACE_BOUND('',#670,.T.);
#670 = EDGE_LOOP('',(#671,#690,#696,#697,#698,#807));
#671 = ORIENTED_EDGE('',*,*,#672,.F.);
#672 = EDGE_CURVE('',#673,#675,#677,.T.);
#673 = VERTEX_POINT('',#674);
#674 = CARTESIAN_POINT('',(2.5,22.,10.78631067036));
#675 = VERTEX_POINT('',#676);
#676 = CARTESIAN_POINT('',(1.790130163394,23.7451171875,10.));
#677 = B_SPLINE_CURVE_WITH_KNOTS('',6,(#678,#679,#680,#681,#682,#683,
    #684,#685,#686,#687,#688,#689),.UNSPECIFIED.,.F.,.F.,(7,5,7),(0.,
    0.544088450865,1.),.UNSPECIFIED.);
#678 = CARTESIAN_POINT('',(2.5,22.,10.78631067036));
#679 = CARTESIAN_POINT('',(2.5,22.162563420583,10.710299437924));
#680 = CARTESIAN_POINT('',(2.487314824192,22.325923775819,
    10.634580979521));
#681 = CARTESIAN_POINT('',(2.461713025053,22.489622903269,
    10.559359928057));
#682 = CARTESIAN_POINT('',(2.422710224828,22.653049859333,
    10.484900395276));
#683 = CARTESIAN_POINT('',(2.369684894932,22.815437775185,
    10.411521541232));
#684 = CARTESIAN_POINT('',(2.244715105336,23.110207478637,
    10.279359354648));
#685 = CARTESIAN_POINT('',(2.177256514576,23.243121413622,
    10.220167341078));
#686 = CARTESIAN_POINT('',(2.098758881767,23.374037523046,
    10.162245502905));
#687 = CARTESIAN_POINT('',(2.008549504129,23.502135681709,
    10.105926572455));
#688 = CARTESIAN_POINT('',(1.905946799552,23.626313215311,
    10.051652305957));
#689 = CARTESIAN_POINT('',(1.790130163394,23.7451171875,10.));
#690 = ORIENTED_EDGE('',*,*,#691,.F.);
#691 = EDGE_CURVE('',#49,#673,#692,.T.);
#692 = LINE('',#693,#694);
#693 = CARTESIAN_POINT('',(2.5,22.,0.));
#694 = VECTOR('',#695,1.);
#695 = DIRECTION('',(0.,0.,1.));
#696 = ORIENTED_EDGE('',*,*,#48,.T.);
#697 = ORIENTED_EDGE('',*,*,#691,.T.);
#698 = ORIENTED_EDGE('',*,*,#699,.F.);
#699 = EDGE_CURVE('',#700,#673,#702,.T.);
#700 = VERTEX_POINT('',#701);
#701 = CARTESIAN_POINT('',(-1.790130163394,23.7451171875,10.));
#702 = B_SPLINE_CURVE_WITH_KNOTS('',7,(#703,#704,#705,#706,#707,#708,
    #709,#710,#711,#712,#713,#714,#715,#716,#717,#718,#719,#720,#721,
    #722,#723,#724,#725,#726,#727,#728,#729,#730,#731,#732,#733,#734,
    #735,#736,#737,#738,#739,#740,#741,#742,#743,#744,#745,#746,#747,
    #748,#749,#750,#751,#752,#753,#754,#755,#756,#757,#758,#759,#760,
    #761,#762,#763,#764,#765,#766,#767,#768,#769,#770,#771,#772,#773,
    #774,#775,#776,#777,#778,#779,#780,#781,#782,#783,#784,#785,#786,
    #787,#788,#789,#790,#791,#792,#793,#794,#795,#796,#797,#798,#799,
    #800,#801,#802,#803,#804,#805,#806),.UNSPECIFIED.,.F.,.F.,(8,6,6,6,6
    ,6,6,6,6,6,6,6,6,6,6,6,6,8),(0.,5.984769864409E-02,0.109033247779,
    0.245488101959,0.370746115559,0.411655261303,0.459735831358,
    0.513545821471,0.550560176486,0.569384727058,0.605658680135,
    0.642308532421,0.661135552469,0.698156110507,0.751975471819,
    0.854282438785,0.966245966528,1.),.UNSPECIFIED.);
#703 = CARTESIAN_POINT('',(-1.790130163394,23.7451171875,10.));
#704 = CARTESIAN_POINT('',(-1.851706345895,23.681952729301,
    10.027461959902));
#705 = CARTESIAN_POINT('',(-1.90965944032,23.617302950901,
    10.055648202323));
#706 = CARTESIAN_POINT('',(-1.964091835364,23.551373017475,
    10.084477006068));
#707 = CARTESIAN_POINT('',(-2.015104054759,23.484343517219,
    10.11387617429));
#708 = CARTESIAN_POINT('',(-2.062794449348,23.416371069152,
    10.143782948162));
#709 = CARTESIAN_POINT('',(-2.107258889172,23.347588930944,
    10.174143920546));
#710 = CARTESIAN_POINT('',(-2.182558608615,23.221004707791,
    10.230203974951));
#711 = CARTESIAN_POINT('',(-2.214408839288,23.163432600922,
    10.255768620275));
#712 = CARTESIAN_POINT('',(-2.244191582413,23.105454579553,
    10.28158351791));
#713 = CARTESIAN_POINT('',(-2.271953590904,23.047127998083,
    10.307625561499));
#714 = CARTESIAN_POINT('',(-2.297738228325,22.98850448446,
    10.333873857267));
#715 = CARTESIAN_POINT('',(-2.321585761471,22.929630152774,
    10.360309675231));
#716 = CARTESIAN_POINT('',(-2.404423413938,22.706628878456,
    10.460731105542));
#717 = CARTESIAN_POINT('',(-2.450673179592,22.541148195148,
    10.53583754743));
#718 = CARTESIAN_POINT('',(-2.483117234566,22.374909811561,
    10.611909756327));
#719 = CARTESIAN_POINT('',(-2.502313394763,22.208595518351,
    10.688663146001));
#720 = CARTESIAN_POINT('',(-2.508664334609,22.04278421909,
    10.765846770256));
#721 = CARTESIAN_POINT('',(-2.502432519383,21.877964350093,
    10.843239918456));
#722 = CARTESIAN_POINT('',(-2.46640627382,21.564520401538,
    10.991714025911));
#723 = CARTESIAN_POINT('',(-2.438596563778,21.415754474311,
    11.062755200148));
#724 = CARTESIAN_POINT('',(-2.400262944925,21.268544950798,
    11.133631332978));
#725 = CARTESIAN_POINT('',(-2.351304206946,21.123257205736,
    11.204161792522));
#726 = CARTESIAN_POINT('',(-2.291489945647,20.980318346262,
    11.274126691465));
#727 = CARTESIAN_POINT('',(-2.220462863698,20.840215043623,
    11.343265241174));
#728 = CARTESIAN_POINT('',(-2.110482941172,20.658885618016,
    11.43346080847));
#729 = CARTESIAN_POINT('',(-2.082142256161,20.614611954699,
    11.455541825522));
#730 = CARTESIAN_POINT('',(-2.052515351508,20.570728500265,
    11.477486295119));
#731 = CARTESIAN_POINT('',(-2.021578484847,20.527259890941,
    11.499280596139));
#732 = CARTESIAN_POINT('',(-1.989305508447,20.48423364037,
    11.520909458609));
#733 = CARTESIAN_POINT('',(-1.955667414769,20.441680267621,
    11.542355863953));
#734 = CARTESIAN_POINT('',(-1.879454576661,20.350215718814,
    11.588570315809));
#735 = CARTESIAN_POINT('',(-1.836348920697,20.301499971894,
    11.613260441179));
#736 = CARTESIAN_POINT('',(-1.791260741007,20.253539104548,
    11.637641550783));
#737 = CARTESIAN_POINT('',(-1.744133353487,20.206396671012,
    11.661678000844));
#738 = CARTESIAN_POINT('',(-1.694906444662,20.160147335384,
    11.685327901223));
#739 = CARTESIAN_POINT('',(-1.643514953299,20.114877347351,
    11.708542742263));
#740 = CARTESIAN_POINT('',(-1.529870601837,20.021226602459,
    11.756699191971));
#741 = CARTESIAN_POINT('',(-1.46706329029,19.973126383682,
    11.781512577607));
#742 = CARTESIAN_POINT('',(-1.401359814492,19.926515403109,
    11.805632916226));
#743 = CARTESIAN_POINT('',(-1.332663447188,19.881562953942,
    11.828964927443));
#744 = CARTESIAN_POINT('',(-1.260891033253,19.838474639805,
    11.851393122819));
#745 = CARTESIAN_POINT('',(-1.1859770862,19.797490433479,11.872782615872
    ));
#746 = CARTESIAN_POINT('',(-1.054155675023,19.732325603198,
    11.90687308895));
#747 = CARTESIAN_POINT('',(-0.99893334747,19.706896609775,
    11.920200239563));
#748 = CARTESIAN_POINT('',(-0.942201732725,19.682685567066,
    11.93291088989));
#749 = CARTESIAN_POINT('',(-0.883966832962,19.659794925598,
    11.944947541501));
#750 = CARTESIAN_POINT('',(-0.824253937558,19.638335983623,
    11.956247789368));
#751 = CARTESIAN_POINT('',(-0.7631117388,19.618425096009,11.966746419657
    ));
#752 = CARTESIAN_POINT('',(-0.668832947147,19.590900836325,
    11.981275631517));
#753 = CARTESIAN_POINT('',(-0.636700251805,19.582052807537,
    11.985949266892));
#754 = CARTESIAN_POINT('',(-0.604229169873,19.573651360108,
    11.990389698376));
#755 = CARTESIAN_POINT('',(-0.571432628259,19.565712096666,
    11.994588190783));
#756 = CARTESIAN_POINT('',(-0.538325861838,19.558250373952,
    11.99853614888));
#757 = CARTESIAN_POINT('',(-0.504926602823,19.551281017649,
    12.002225277252));
#758 = CARTESIAN_POINT('',(-0.406372321763,19.532364202095,
    12.012242652418));
#759 = CARTESIAN_POINT('',(-0.340468205151,19.521788601135,
    12.017848473327));
#760 = CARTESIAN_POINT('',(-0.273703894443,19.513195061705,
    12.022407207489));
#761 = CARTESIAN_POINT('',(-0.206261372059,19.506670559238,
    12.025870234871));
#762 = CARTESIAN_POINT('',(-0.138344619755,19.50227914901,
    12.028201731039));
#763 = CARTESIAN_POINT('',(-7.018060970313E-02,19.500055897929,
    12.029382087375));
#764 = CARTESIAN_POINT('',(6.684634930996E-02,19.49994516391,
    12.029440878285));
#765 = CARTESIAN_POINT('',(0.135727151836,19.502102839691,12.02829533805
    ));
#766 = CARTESIAN_POINT('',(0.204362848647,19.506475029001,
    12.025974013651));
#767 = CARTESIAN_POINT('',(0.272518987688,19.513026275115,
    12.022496732281));
#768 = CARTESIAN_POINT('',(0.339984910786,19.521690827545,
    12.017900266953));
#769 = CARTESIAN_POINT('',(0.406572736216,19.532378990354,
    12.012234758176));
#770 = CARTESIAN_POINT('',(0.505786074963,19.551458388774,
    12.002131383668));
#771 = CARTESIAN_POINT('',(0.53918329274,19.558439558835,11.998436039987
    ));
#772 = CARTESIAN_POINT('',(0.572287605434,19.565912953031,
    11.994481950501));
#773 = CARTESIAN_POINT('',(0.605081310946,19.573863730933,
    11.990277418913));
#774 = CARTESIAN_POINT('',(0.637549204637,19.582276524341,
    11.985831046908));
#775 = CARTESIAN_POINT('',(0.669678389734,19.591135722325,11.98115157436
    ));
#776 = CARTESIAN_POINT('',(0.76394817648,19.618693237794,11.96660501235)
  );
#777 = CARTESIAN_POINT('',(0.825083938651,19.638625808307,
    11.956095112424));
#778 = CARTESIAN_POINT('',(0.884789383943,19.66010579759,11.944783973065
    ));
#779 = CARTESIAN_POINT('',(0.943016007955,19.683016833797,
    11.932736817982));
#780 = CARTESIAN_POINT('',(0.999738679875,19.707247627059,
    11.920016047799));
#781 = CARTESIAN_POINT('',(1.054951530172,19.732695753103,
    11.906679146575));
#782 = CARTESIAN_POINT('',(1.186749158182,19.797906357613,
    11.872565471924));
#783 = CARTESIAN_POINT('',(1.261648285668,19.838916582609,11.85116290463
    ));
#784 = CARTESIAN_POINT('',(1.33340523967,19.882029810737,11.82872230611)
  );
#785 = CARTESIAN_POINT('',(1.402085708802,19.927006184379,
    11.805378498744));
#786 = CARTESIAN_POINT('',(1.467772974217,19.973640217961,
    11.781246904877));
#787 = CARTESIAN_POINT('',(1.530563832454,20.02176272651,11.756422744115
    ));
#788 = CARTESIAN_POINT('',(1.704621765212,20.165300941376,
    11.682615732663));
#789 = CARTESIAN_POINT('',(1.808512724368,20.264195418341,
    11.632052448653));
#790 = CARTESIAN_POINT('',(1.903018449438,20.367037873926,
    11.579794279194));
#791 = CARTESIAN_POINT('',(1.988666947135,20.473155508774,
    11.526219545025));
#792 = CARTESIAN_POINT('',(2.065926936875,20.582017800572,
    11.471621953711));
#793 = CARTESIAN_POINT('',(2.135190792189,20.693246364111,
    11.416209945408));
#794 = CARTESIAN_POINT('',(2.26417530463,20.930679934076,11.298720928018
    ));
#795 = CARTESIAN_POINT('',(2.322333311714,21.057224799123,
    11.236549462471));
#796 = CARTESIAN_POINT('',(2.371646921627,21.185871435739,
    11.173804982321));
#797 = CARTESIAN_POINT('',(2.412347775335,21.316290973478,
    11.110662047431));
#798 = CARTESIAN_POINT('',(2.444571947188,21.448189805486,
    11.047270821616));
#799 = CARTESIAN_POINT('',(2.468382962994,21.581305197637,10.98376075776
    ));
#800 = CARTESIAN_POINT('',(2.488381074449,21.755837028296,
    10.901090735416));
#801 = CARTESIAN_POINT('',(2.492245688344,21.79635344404,10.881941028659
    ));
#802 = CARTESIAN_POINT('',(2.495341723823,21.836950568382,
    10.862794687782));
#803 = CARTESIAN_POINT('',(2.497667681115,21.877621168636,
    10.843655094714));
#804 = CARTESIAN_POINT('',(2.499221388038,21.918357912248,10.82452563463
    ));
#805 = CARTESIAN_POINT('',(2.5,21.959153366798,10.805409695956));
#806 = CARTESIAN_POINT('',(2.5,22.,10.78631067036));
#807 = ORIENTED_EDGE('',*,*,#808,.F.);
#808 = EDGE_CURVE('',#675,#700,#809,.T.);
#809 = CIRCLE('',#810,2.5);
#810 = AXIS2_PLACEMENT_3D('',#811,#812,#813);
#811 = CARTESIAN_POINT('',(1.347111479062E-15,22.,10.));
#812 = DIRECTION('',(0.,0.,1.));
#813 = DIRECTION('',(1.,0.,-0.));
#814 = CYLINDRICAL_SURFACE('',#815,2.5);
#815 = AXIS2_PLACEMENT_3D('',#816,#817,#818);
#816 = CARTESIAN_POINT('',(1.347111479062E-15,22.,0.));
#817 = DIRECTION('',(0.,0.,1.));
#818 = DIRECTION('',(1.,0.,-0.));
#819 = ADVANCED_FACE('',(#820),#977,.T.);
#820 = FACE_BOUND('',#821,.T.);
#821 = EDGE_LOOP('',(#822,#915,#921,#922,#923,#970));
#822 = ORIENTED_EDGE('',*,*,#823,.F.);
#823 = EDGE_CURVE('',#824,#826,#828,.T.);
#824 = VERTEX_POINT('',#825);
#825 = CARTESIAN_POINT('',(-16.55255888325,-11.,11.853277631402));
#826 = VERTEX_POINT('',#827);
#827 = CARTESIAN_POINT('',(-21.45893978191,-10.32226039617,10.));
#828 = B_SPLINE_CURVE_WITH_KNOTS('',7,(#829,#830,#831,#832,#833,#834,
    #835,#836,#837,#838,#839,#840,#841,#842,#843,#844,#845,#846,#847,
    #848,#849,#850,#851,#852,#853,#854,#855,#856,#857,#858,#859,#860,
    #861,#862,#863,#864,#865,#866,#867,#868,#869,#870,#871,#872,#873,
    #874,#875,#876,#877,#878,#879,#880,#881,#882,#883,#884,#885,#886,
    #887,#888,#889,#890,#891,#892,#893,#894,#895,#896,#897,#898,#899,
    #900,#901,#902,#903,#904,#905,#906,#907,#908,#909,#910,#911,#912,
    #913,#914),.UNSPECIFIED.,.F.,.F.,(8,6,6,6,6,6,6,6,6,6,6,6,6,6,8),(0.
    ,6.693930255321E-02,9.537554552899E-02,0.112655255042,0.149924290685
    ,0.200998896164,0.227508647547,0.279036855089,0.354649750195,
    0.421900268375,0.480106576012,0.655356130513,0.847003306632,
    0.915663233043,1.),.UNSPECIFIED.);
#829 = CARTESIAN_POINT('',(-16.55255888325,-11.,11.853277631402));
#830 = CARTESIAN_POINT('',(-16.55255888325,-10.92525344955,
    11.872746171743));
#831 = CARTESIAN_POINT('',(-16.55516612905,-10.84919821805,
    11.891426643596));
#832 = CARTESIAN_POINT('',(-16.56054518146,-10.77186258466,
    11.909230547098));
#833 = CARTESIAN_POINT('',(-16.56887540974,-10.69331997018,
    11.926050093385));
#834 = CARTESIAN_POINT('',(-16.58034250762,-10.61369247032,
    11.941760846443));
#835 = CARTESIAN_POINT('',(-16.59512434198,-10.53315585847,
    11.956227047321));
#836 = CARTESIAN_POINT('',(-16.62112248759,-10.41744761625,
    11.974867181385));
#837 = CARTESIAN_POINT('',(-16.62949870577,-10.38282957166,
    11.980174749181));
#838 = CARTESIAN_POINT('',(-16.63851083714,-10.34811137845,
    11.985221515482));
#839 = CARTESIAN_POINT('',(-16.64816879231,-10.31331497169,
    11.989996532295));
#840 = CARTESIAN_POINT('',(-16.6584808671,-10.27846481261,11.9944889308)
  );
#841 = CARTESIAN_POINT('',(-16.66945326586,-10.24358793409,
    11.998688139901));
#842 = CARTESIAN_POINT('',(-16.6881606327,-10.18752230854,
    12.004951546258));
#843 = CARTESIAN_POINT('',(-16.69547680004,-10.16633167961,
    12.007207027995));
#844 = CARTESIAN_POINT('',(-16.70303897696,-10.14514878458,
    12.009348268266));
#845 = CARTESIAN_POINT('',(-16.71084761736,-10.12398058931,
    12.011373099107));
#846 = CARTESIAN_POINT('',(-16.71890277886,-10.10283434035,
    12.013279466314));
#847 = CARTESIAN_POINT('',(-16.7272041228,-10.08171756481,
    12.015065429438));
#848 = CARTESIAN_POINT('',(-16.75418471221,-10.01517362408,
    12.020317514945));
#849 = CARTESIAN_POINT('',(-16.7737611835,-9.969880182664,
    12.023337507704));
#850 = CARTESIAN_POINT('',(-16.79447124602,-9.924839431922,
    12.025770715873));
#851 = CARTESIAN_POINT('',(-16.81629745012,-9.880134010611,
    12.027602492228));
#852 = CARTESIAN_POINT('',(-16.83921305282,-9.835847055539,
    12.028822545956));
#853 = CARTESIAN_POINT('',(-16.86318109207,-9.792061746619,
    12.029425522085));
#854 = CARTESIAN_POINT('',(-16.92237634506,-9.689657048677,
    12.029392475551));
#855 = CARTESIAN_POINT('',(-16.958491999,-9.631539647903,12.028214709018
    ));
#856 = CARTESIAN_POINT('',(-16.99637382154,-9.574728318139,
    12.025878138979));
#857 = CARTESIAN_POINT('',(-17.03587657996,-9.519403918265,
    12.022402530135));
#858 = CARTESIAN_POINT('',(-17.07684124687,-9.465712452178,
    12.017824078761));
#859 = CARTESIAN_POINT('',(-17.11909983697,-9.413769023473,
    12.01219193723));
#860 = CARTESIAN_POINT('',(-17.18499640027,-9.337654143344,
    12.002124958859));
#861 = CARTESIAN_POINT('',(-17.20781674796,-9.312138857906,
    11.998416814302));
#862 = CARTESIAN_POINT('',(-17.23091872113,-9.28712668549,
    11.994448228604));
#863 = CARTESIAN_POINT('',(-17.25428040224,-9.262625607807,
    11.99022758933));
#864 = CARTESIAN_POINT('',(-17.27788067649,-9.238641148348,11.9857635855
    ));
#865 = CARTESIAN_POINT('',(-17.30169938629,-9.215176684131,
    11.981065045218));
#866 = CARTESIAN_POINT('',(-17.37240255614,-9.147638549078,
    11.966569242396));
#867 = CARTESIAN_POINT('',(-17.41983888581,-9.105015916653,
    11.956145237368));
#868 = CARTESIAN_POINT('',(-17.46789004984,-9.064372572721,
    11.944933097206));
#869 = CARTESIAN_POINT('',(-17.51643403078,-9.025692811303,
    11.932996448903));
#870 = CARTESIAN_POINT('',(-17.56536439543,-8.988943757418,
    11.920396191137));
#871 = CARTESIAN_POINT('',(-17.61459147168,-8.954080616598,
    11.907188477944));
#872 = CARTESIAN_POINT('',(-17.7366098562,-8.872585362903,
    11.873222695579));
#873 = CARTESIAN_POINT('',(-17.80964644988,-8.828077978433,
    11.851825059172));
#874 = CARTESIAN_POINT('',(-17.88293775671,-8.787355269081,
    11.829384123604));
#875 = CARTESIAN_POINT('',(-17.95630749046,-8.75023991693,
    11.806035535332));
#876 = CARTESIAN_POINT('',(-18.0296182607,-8.716556380464,
    11.781895428173));
#877 = CARTESIAN_POINT('',(-18.10277120507,-8.686135486988,
    11.757059594643));
#878 = CARTESIAN_POINT('',(-18.24057388639,-8.634523615938,
    11.708961119453));
#879 = CARTESIAN_POINT('',(-18.30525950082,-8.612687541468,
    11.685831713747));
#880 = CARTESIAN_POINT('',(-18.36971316088,-8.593201262045,
    11.662269466015));
#881 = CARTESIAN_POINT('',(-18.43389300883,-8.575966196268,
    11.638322487701));
#882 = CARTESIAN_POINT('',(-18.49776477721,-8.560893535969,
    11.614032343002));
#883 = CARTESIAN_POINT('',(-18.56130193281,-8.547903061255,
    11.589434415991));
#884 = CARTESIAN_POINT('',(-18.67917240021,-8.527417647858,
    11.543027616047));
#885 = CARTESIAN_POINT('',(-18.73359213257,-8.519419020428,
    11.521289400875));
#886 = CARTESIAN_POINT('',(-18.7877314571,-8.512879252847,
    11.499363343292));
#887 = CARTESIAN_POINT('',(-18.84157792717,-8.507756221451,
    11.477267199517));
#888 = CARTESIAN_POINT('',(-18.89512033458,-8.504012009456,
    11.455016877804));
#889 = CARTESIAN_POINT('',(-18.94834883397,-8.501612417094,
    11.43262654533));
#890 = CARTESIAN_POINT('',(-19.16054697517,-8.497256870102,
    11.342311336923));
#891 = CARTESIAN_POINT('',(-19.31687453573,-8.50589659575,
    11.273376606619));
#892 = CARTESIAN_POINT('',(-19.47006844737,-8.52559147632,
    11.203622931039));
#893 = CARTESIAN_POINT('',(-19.61988830522,-8.555794652336,
    11.133308348688));
#894 = CARTESIAN_POINT('',(-19.76608174517,-8.596097450236,
    11.062650559711));
#895 = CARTESIAN_POINT('',(-19.90838524714,-8.646232096801,
    10.991828582882));
#896 = CARTESIAN_POINT('',(-20.19756946051,-8.771535921083,
    10.843516006761));
#897 = CARTESIAN_POINT('',(-20.34354780489,-8.848572400956,
    10.766064832863));
#898 = CARTESIAN_POINT('',(-20.48408665661,-8.937018533737,
    10.688822958704));
#899 = CARTESIAN_POINT('',(-20.61863075626,-9.036857209398,
    10.612011560489));
#900 = CARTESIAN_POINT('',(-20.74647602339,-9.148147722246,
    10.535882115695));
#901 = CARTESIAN_POINT('',(-20.86675127646,-9.271032503975,
    10.46071982102));
#902 = CARTESIAN_POINT('',(-21.01831631214,-9.454125425316,
    10.360387095082));
#903 = CARTESIAN_POINT('',(-21.05717415549,-9.503942704034,
    10.334091935434));
#904 = CARTESIAN_POINT('',(-21.0948590469,-9.555295575833,
    10.307982244791));
#905 = CARTESIAN_POINT('',(-21.13131189394,-9.608195664287,
    10.282076448683));
#906 = CARTESIAN_POINT('',(-21.16646742017,-9.662654524743,
    10.256395087435));
#907 = CARTESIAN_POINT('',(-21.20025384376,-9.71868378782,
    10.230960863574));
#908 = CARTESIAN_POINT('',(-21.27231503431,-9.847061019897,
    10.17489133839));
#909 = CARTESIAN_POINT('',(-21.30985069067,-9.920209285782,
    10.144396467174));
#910 = CARTESIAN_POINT('',(-21.34505583971,-9.995765853312,
    10.114358638518));
#911 = CARTESIAN_POINT('',(-21.37776537324,-10.07374739965,
    10.084831818826));
#912 = CARTESIAN_POINT('',(-21.40779237574,-10.15416094766,
    10.055879467033));
#913 = CARTESIAN_POINT('',(-21.43492773987,-10.23700328716,
    10.027574623685));
#914 = CARTESIAN_POINT('',(-21.45893978191,-10.32226039617,10.));
#915 = ORIENTED_EDGE('',*,*,#916,.F.);
#916 = EDGE_CURVE('',#205,#824,#917,.T.);
#917 = LINE('',#918,#919);
#918 = CARTESIAN_POINT('',(-16.55255888325,-11.,0.));
#919 = VECTOR('',#920,1.);
#920 = DIRECTION('',(0.,0.,1.));
#921 = ORIENTED_EDGE('',*,*,#204,.T.);
#922 = ORIENTED_EDGE('',*,*,#916,.T.);
#923 = ORIENTED_EDGE('',*,*,#924,.F.);
#924 = EDGE_CURVE('',#925,#824,#927,.T.);
#925 = VERTEX_POINT('',#926);
#926 = CARTESIAN_POINT('',(-19.66880961851,-13.42285679133,10.));
#927 = B_SPLINE_CURVE_WITH_KNOTS('',6,(#928,#929,#930,#931,#932,#933,
    #934,#935,#936,#937,#938,#939,#940,#941,#942,#943,#944,#945,#946,
    #947,#948,#949,#950,#951,#952,#953,#954,#955,#956,#957,#958,#959,
    #960,#961,#962,#963,#964,#965,#966,#967,#968,#969),.UNSPECIFIED.,.F.
  ,.F.,(7,5,5,5,5,5,5,5,7),(0.,0.119386230082,0.217975226974,
    0.352537669157,0.491314000019,0.650836231,0.802872383906,
    0.895563352187,1.),.UNSPECIFIED.);
#928 = CARTESIAN_POINT('',(-19.66880961851,-13.42285679133,10.));
#929 = CARTESIAN_POINT('',(-19.56951527828,-13.44811218834,
    10.031896285749));
#930 = CARTESIAN_POINT('',(-19.47094963205,-13.46798338954,
    10.064797582898));
#931 = CARTESIAN_POINT('',(-19.37333119713,-13.48280060898,
    10.09856274451));
#932 = CARTESIAN_POINT('',(-19.27683175407,-13.49286222407,
    10.133072480775));
#933 = CARTESIAN_POINT('',(-19.18157867883,-13.49843488238,
    10.168229067033));
#934 = CARTESIAN_POINT('',(-19.01009709918,-13.50084261073,
    10.23345935035));
#935 = CARTESIAN_POINT('',(-18.93345002369,-13.49903051209,
    10.263349760033));
#936 = CARTESIAN_POINT('',(-18.85776807775,-13.49444950149,
    10.293582733603));
#937 = CARTESIAN_POINT('',(-18.78309553384,-13.48721736226,
    10.324119024898));
#938 = CARTESIAN_POINT('',(-18.70946904214,-13.47743873373,
    10.354924517364));
#939 = CARTESIAN_POINT('',(-18.53789376268,-13.44851063188,
    10.428343574691));
#940 = CARTESIAN_POINT('',(-18.44087718416,-13.42724467641,
    10.471162364764));
#941 = CARTESIAN_POINT('',(-18.34594188143,-13.40164351713,
    10.514352566069));
#942 = CARTESIAN_POINT('',(-18.25315572673,-13.37190492753,10.5578488445
    ));
#943 = CARTESIAN_POINT('',(-18.16258059515,-13.3381931164,
    10.601593960165));
#944 = CARTESIAN_POINT('',(-17.98319868375,-13.26191576505,
    10.690858857448));
#945 = CARTESIAN_POINT('',(-17.89454016566,-13.21910772107,
    10.736389301565));
#946 = CARTESIAN_POINT('',(-17.80835973684,-13.17236519853,
    10.78207468447));
#947 = CARTESIAN_POINT('',(-17.72472671887,-13.12180693763,
    10.827862116295));
#948 = CARTESIAN_POINT('',(-17.64371766593,-13.06752386602,
    10.873700459208));
#949 = CARTESIAN_POINT('',(-17.47541151156,-12.94297288539,
    10.972232130838));
#950 = CARTESIAN_POINT('',(-17.38899002278,-12.87153272883,
    11.024922680601));
#951 = CARTESIAN_POINT('',(-17.30627993281,-12.79535157702,
    11.077537494039));
#952 = CARTESIAN_POINT('',(-17.2274400234,-12.71448899562,
    11.129994285772));
#953 = CARTESIAN_POINT('',(-17.15266831722,-12.62896293112,
    11.182200811089));
#954 = CARTESIAN_POINT('',(-17.01505760547,-12.45275320235,
    11.283471969329));
#955 = CARTESIAN_POINT('',(-16.95183159544,-12.3625096202,
    11.332563186794));
#956 = CARTESIAN_POINT('',(-16.89273757568,-12.26797572036,
    11.381240748267));
#957 = CARTESIAN_POINT('',(-16.83805163993,-12.16909602876,
    11.429390730601));
#958 = CARTESIAN_POINT('',(-16.78811485735,-12.06579830969,
    11.476870626111));
#959 = CARTESIAN_POINT('',(-16.71609858843,-11.89219978844,
    11.551928432013));
#960 = CARTESIAN_POINT('',(-16.69075597213,-11.82476299639,
    11.580038432127));
#961 = CARTESIAN_POINT('',(-16.66744875508,-11.75561117932,
    11.607788916103));
#962 = CARTESIAN_POINT('',(-16.64629695818,-11.68471864467,
    11.635128945334));
#963 = CARTESIAN_POINT('',(-16.62744176284,-11.612060758,11.661996851522
    ));
#964 = CARTESIAN_POINT('',(-16.59257755609,-11.45372837454,
    11.717977185535));
#965 = CARTESIAN_POINT('',(-16.57723464519,-11.36758348325,
    11.746938244756));
#966 = CARTESIAN_POINT('',(-16.56525297508,-11.27912832659,
    11.775101724246));
#967 = CARTESIAN_POINT('',(-16.55691674935,-11.18835234248,
    11.802332283878));
#968 = CARTESIAN_POINT('',(-16.55255888325,-11.09528537044,
    11.828459535214));
#969 = CARTESIAN_POINT('',(-16.55255888325,-11.,11.853277631402));
#970 = ORIENTED_EDGE('',*,*,#971,.F.);
#971 = EDGE_CURVE('',#826,#925,#972,.T.);
#972 = CIRCLE('',#973,2.5);
#973 = AXIS2_PLACEMENT_3D('',#974,#975,#976);
#974 = CARTESIAN_POINT('',(-19.05255888325,-11.,10.));
#975 = DIRECTION('',(0.,0.,1.));
#976 = DIRECTION('',(1.,0.,-0.));
#977 = CYLINDRICAL_SURFACE('',#978,2.5);
#978 = AXIS2_PLACEMENT_3D('',#979,#980,#981);
#979 = CARTESIAN_POINT('',(-19.05255888325,-11.,0.));
#980 = DIRECTION('',(0.,0.,1.));
#981 = DIRECTION('',(1.,0.,-0.));
#982 = ADVANCED_FACE('',(#983),#1138,.T.);
#983 = FACE_BOUND('',#984,.T.);
#984 = EDGE_LOOP('',(#985,#996,#1002,#1003,#1004,#1013));
#985 = ORIENTED_EDGE('',*,*,#986,.F.);
#986 = EDGE_CURVE('',#987,#989,#991,.T.);
#987 = VERTEX_POINT('',#988);
#988 = CARTESIAN_POINT('',(21.552558883258,-11.,10.));
#989 = VERTEX_POINT('',#990);
#990 = CARTESIAN_POINT('',(21.45893978191,-10.32226039617,10.));
#991 = CIRCLE('',#992,2.5);
#992 = AXIS2_PLACEMENT_3D('',#993,#994,#995);
#993 = CARTESIAN_POINT('',(19.052558883258,-11.,10.));
#994 = DIRECTION('',(0.,0.,1.));
#995 = DIRECTION('',(1.,0.,-0.));
#996 = ORIENTED_EDGE('',*,*,#997,.F.);
#997 = EDGE_CURVE('',#382,#987,#998,.T.);
#998 = LINE('',#999,#1000);
#999 = CARTESIAN_POINT('',(21.552558883258,-11.,0.));
#1000 = VECTOR('',#1001,1.);
#1001 = DIRECTION('',(0.,0.,1.));
#1002 = ORIENTED_EDGE('',*,*,#381,.T.);
#1003 = ORIENTED_EDGE('',*,*,#997,.T.);
#1004 = ORIENTED_EDGE('',*,*,#1005,.F.);
#1005 = EDGE_CURVE('',#1006,#987,#1008,.T.);
#1006 = VERTEX_POINT('',#1007);
#1007 = CARTESIAN_POINT('',(19.668809618517,-13.42285679133,10.));
#1008 = CIRCLE('',#1009,2.5);
#1009 = AXIS2_PLACEMENT_3D('',#1010,#1011,#1012);
#1010 = CARTESIAN_POINT('',(19.052558883258,-11.,10.));
#1011 = DIRECTION('',(0.,0.,1.));
#1012 = DIRECTION('',(1.,0.,-0.));
#1013 = ORIENTED_EDGE('',*,*,#1014,.F.);
#1014 = EDGE_CURVE('',#989,#1006,#1015,.T.);
#1015 = B_SPLINE_CURVE_WITH_KNOTS('',7,(#1016,#1017,#1018,#1019,#1020,
    #1021,#1022,#1023,#1024,#1025,#1026,#1027,#1028,#1029,#1030,#1031,
    #1032,#1033,#1034,#1035,#1036,#1037,#1038,#1039,#1040,#1041,#1042,
    #1043,#1044,#1045,#1046,#1047,#1048,#1049,#1050,#1051,#1052,#1053,
    #1054,#1055,#1056,#1057,#1058,#1059,#1060,#1061,#1062,#1063,#1064,
    #1065,#1066,#1067,#1068,#1069,#1070,#1071,#1072,#1073,#1074,#1075,
    #1076,#1077,#1078,#1079,#1080,#1081,#1082,#1083,#1084,#1085,#1086,
    #1087,#1088,#1089,#1090,#1091,#1092,#1093,#1094,#1095,#1096,#1097,
    #1098,#1099,#1100,#1101,#1102,#1103,#1104,#1105,#1106,#1107,#1108,
    #1109,#1110,#1111,#1112,#1113,#1114,#1115,#1116,#1117,#1118,#1119,
    #1120,#1121,#1122,#1123,#1124,#1125,#1126,#1127,#1128,#1129,#1130,
    #1131,#1132,#1133,#1134,#1135,#1136,#1137),.UNSPECIFIED.,.F.,.F.,(8,
    6,6,6,6,6,6,6,6,6,6,6,6,6,6,6,6,6,6,6,8),(0.,4.928100582179E-02,
    8.991667044057E-02,0.202021406874,0.305668187619,0.339773510013,
    0.379524762549,0.423806944065,0.454370858366,0.469776971456,
    0.4999389217,0.530096973413,0.545498642993,0.576051277441,
    0.620316458594,0.660054926622,0.694151891513,0.797788172858,
    0.909904164657,0.950549037356,1.),.UNSPECIFIED.);
#1016 = CARTESIAN_POINT('',(21.45893978191,-10.32226039617,10.));
#1017 = CARTESIAN_POINT('',(21.435080847626,-10.23754691122,
    10.027398799884));
#1018 = CARTESIAN_POINT('',(21.408138268366,-10.15521742147,
    10.055518563911));
#1019 = CARTESIAN_POINT('',(21.378339350876,-10.07528577596,
    10.084278122512));
#1020 = CARTESIAN_POINT('',(21.345889384782,-9.997755227485,
    10.113605749147));
#1021 = CARTESIAN_POINT('',(21.310972008375,-9.922618998647,
    10.143439075484));
#1022 = CARTESIAN_POINT('',(21.273749574373,-9.849860847872,
    10.173725006579));
#1023 = CARTESIAN_POINT('',(21.201886932799,-9.721401572782,
    10.229729522651));
#1024 = CARTESIAN_POINT('',(21.167940954466,-9.66495046333,
    10.255315947736));
#1025 = CARTESIAN_POINT('',(21.132605941104,-9.610090249414,
    10.281153435413));
#1026 = CARTESIAN_POINT('',(21.095955233438,-9.556809088492,
    10.307218783669));
#1027 = CARTESIAN_POINT('',(21.058055484769,-9.505095205498,
    10.333491015283));
#1028 = CARTESIAN_POINT('',(21.018966993251,-9.454936745195,
    10.359951328729));
#1029 = CARTESIAN_POINT('',(20.867777860207,-9.272203348339,
    10.460054026325));
#1030 = CARTESIAN_POINT('',(20.74821273629,-9.149873230174,
    10.534806325964));
#1031 = CARTESIAN_POINT('',(20.621149742832,-9.039016617546,
    10.610517935718));
#1032 = CARTESIAN_POINT('',(20.487448232844,-8.93949238434,
    10.686907715431));
#1033 = CARTESIAN_POINT('',(20.347803222469,-8.851240819668,
    10.763727806704));
#1034 = CARTESIAN_POINT('',(20.202763326282,-8.774276914795,
    10.840760306916));
#1035 = CARTESIAN_POINT('',(19.913937774305,-8.648203547408,
    10.989062328058));
#1036 = CARTESIAN_POINT('',(19.770954730724,-8.59746145034,
    11.060291491571));
#1037 = CARTESIAN_POINT('',(19.624030114208,-8.556656123435,
    11.131359474201));
#1038 = CARTESIAN_POINT('',(19.473432765639,-8.526057352218,
    11.202084659152));
#1039 = CARTESIAN_POINT('',(19.319419798449,-8.506078530353,
    11.272246147897));
#1040 = CARTESIAN_POINT('',(19.162235913878,-8.4972734593,
    11.341582117821));
#1041 = CARTESIAN_POINT('',(18.949343666894,-8.501575300465,
    11.432206507694));
#1042 = CARTESIAN_POINT('',(18.896314767899,-8.503944111687,
    11.454517317909));
#1043 = CARTESIAN_POINT('',(18.84297411693,-8.507647268893,
    11.476689331536));
#1044 = CARTESIAN_POINT('',(18.789331441966,-8.512718556076,
    11.498708553397));
#1045 = CARTESIAN_POINT('',(18.735397807196,-8.519195416364,
    11.520559276806));
#1046 = CARTESIAN_POINT('',(18.681185490839,-8.527119432268,
    11.5422239789));
#1047 = CARTESIAN_POINT('',(18.563211792838,-8.547513168931,
    11.588694900144));
#1048 = CARTESIAN_POINT('',(18.499358298451,-8.560517663476,
    11.613426295147));
#1049 = CARTESIAN_POINT('',(18.435166211585,-8.57562406493,
    11.63784747407));
#1050 = CARTESIAN_POINT('',(18.370662385353,-8.592913691483,
    11.661922590794));
#1051 = CARTESIAN_POINT('',(18.305881546316,-8.612476620255,
    11.68560950346));
#1052 = CARTESIAN_POINT('',(18.240866146593,-8.634412903396,
    11.708859397942));
#1053 = CARTESIAN_POINT('',(18.10303466403,-8.686038206873,
    11.756967315556));
#1054 = CARTESIAN_POINT('',(18.030186304625,-8.716321426354,
    11.781702277387));
#1055 = CARTESIAN_POINT('',(17.957181236223,-8.749839661766,
    11.805747539576));
#1056 = CARTESIAN_POINT('',(17.884117005141,-8.786759903788,
    11.829008564756));
#1057 = CARTESIAN_POINT('',(17.811128966829,-8.827255454633,
    11.851370835859));
#1058 = CARTESIAN_POINT('',(17.738390647163,-8.871501468036,
    11.872700656547));
#1059 = CARTESIAN_POINT('',(17.616228257921,-8.952917131248,
    11.906750394742));
#1060 = CARTESIAN_POINT('',(17.566569044284,-8.988028399187,
    11.920088647181));
#1061 = CARTESIAN_POINT('',(17.517209678831,-9.025057249191,
    11.932810173348));
#1062 = CARTESIAN_POINT('',(17.468241936242,-9.064049824514,
    11.944857418312));
#1063 = CARTESIAN_POINT('',(17.419774924844,-9.105039989223,
    11.95616790716));
#1064 = CARTESIAN_POINT('',(17.371933861577,-9.148043861891,
    11.966676344347));
#1065 = CARTESIAN_POINT('',(17.301130112767,-9.215742433423,
    11.98117605822));
#1066 = CARTESIAN_POINT('',(17.277596568066,-9.238939783969,
    11.985814746013));
#1067 = CARTESIAN_POINT('',(17.25427661336,-9.262644877247,
    11.990224279413));
#1068 = CARTESIAN_POINT('',(17.231189707684,-9.28685443493,
    11.994396141401));
#1069 = CARTESIAN_POINT('',(17.208356223125,-9.31156313009,
    11.998321947956));
#1070 = CARTESIAN_POINT('',(17.185797299333,-9.336763293255,
    12.001993601079));
#1071 = CARTESIAN_POINT('',(17.119949176552,-9.412723286967,
    12.012079197465));
#1072 = CARTESIAN_POINT('',(17.077491976917,-9.464854978245,
    12.017752557042));
#1073 = CARTESIAN_POINT('',(17.0363373596,-9.518750869588,
    12.022364031528));
#1074 = CARTESIAN_POINT('',(16.996655476897,-9.574294764894,
    12.025863724716));
#1075 = CARTESIAN_POINT('',(16.958607430303,-9.631339047682,
    12.028214886424));
#1076 = CARTESIAN_POINT('',(16.922340327891,-9.689700634116,
    12.029397465703));
#1077 = CARTESIAN_POINT('',(16.853628796374,-9.808605533021,
    12.029425860568));
#1078 = CARTESIAN_POINT('',(16.8211749141,-9.869164065375,
    12.028271982444));
#1079 = CARTESIAN_POINT('',(16.790749859699,-9.930610537666,
    12.025949510875));
#1080 = CARTESIAN_POINT('',(16.762439189838,-9.992726141682,
    12.022478190757));
#1081 = CARTESIAN_POINT('',(16.736290781283,-10.055297505,
    12.017894500333));
#1082 = CARTESIAN_POINT('',(16.712320759169,-10.1181189496,
    12.012248120841));
#1083 = CARTESIAN_POINT('',(16.679385518329,-10.21310532296,
    12.002202407324));
#1084 = CARTESIAN_POINT('',(16.66881622457,-10.24523290792,
    11.998544434718));
#1085 = CARTESIAN_POINT('',(16.658809654465,-10.2773534699,
    11.994632125307));
#1086 = CARTESIAN_POINT('',(16.64936194031,-10.30944482621,
    11.990473559196));
#1087 = CARTESIAN_POINT('',(16.640467563507,-10.34148662635,
    11.986077106444));
#1088 = CARTESIAN_POINT('',(16.632119681866,-10.37346033168,
    11.981451273884));
#1089 = CARTESIAN_POINT('',(16.60881912365,-10.46860784237,
    11.966990001839));
#1090 = CARTESIAN_POINT('',(16.595448346993,-10.53152962899,
    11.956506606788));
#1091 = CARTESIAN_POINT('',(16.584134561477,-10.5939893084,
    11.945220320017));
#1092 = CARTESIAN_POINT('',(16.574801441685,-10.65588615592,
    11.933196414847));
#1093 = CARTESIAN_POINT('',(16.567365266926,-10.71714229822,
    11.92049737578));
#1094 = CARTESIAN_POINT('',(16.561740285929,-10.77770104287,
    11.907180789588));
#1095 = CARTESIAN_POINT('',(16.552199193732,-10.92419948505,
    11.873182506281));
#1096 = CARTESIAN_POINT('',(16.550183882686,-11.00931529481,
    11.851881648265));
#1097 = CARTESIAN_POINT('',(16.551542829964,-11.0927745849,
    11.829546857824));
#1098 = CARTESIAN_POINT('',(16.556037589067,-11.17451414117,
    11.80631197218));
#1099 = CARTESIAN_POINT('',(16.563450312718,-11.25450302198,
    11.782291653814));
#1100 = CARTESIAN_POINT('',(16.573587480141,-11.33273999245,
    11.75758057397));
#1101 = CARTESIAN_POINT('',(16.597681416186,-11.4779376446,
    11.709514746449));
#1102 = CARTESIAN_POINT('',(16.611139786409,-11.54522296761,
    11.686283185281));
#1103 = CARTESIAN_POINT('',(16.626537263672,-11.61111911283,
    11.66261386383));
#1104 = CARTESIAN_POINT('',(16.643765860753,-11.67563926492,
    11.638555673746));
#1105 = CARTESIAN_POINT('',(16.662730097889,-11.73879834121,
    11.614150823382));
#1106 = CARTESIAN_POINT('',(16.683346026101,-11.80061372463,
    11.589435214025));
#1107 = CARTESIAN_POINT('',(16.724583654302,-11.91301043551,
    11.542991051685));
#1108 = CARTESIAN_POINT('',(16.744788303669,-11.96393863687,
    11.521337424602));
#1109 = CARTESIAN_POINT('',(16.766107434906,-12.0139021244,
    11.499497411559));
#1110 = CARTESIAN_POINT('',(16.788498837313,-12.06291106192,
    11.477488564048));
#1111 = CARTESIAN_POINT('',(16.811924498007,-12.1109745996,
    11.455326613245));
#1112 = CARTESIAN_POINT('',(16.8363502467,-12.15810121998,
    11.433025574887));
#1113 = CARTESIAN_POINT('',(16.938932895326,-12.34471553589,
    11.342429746348));
#1114 = CARTESIAN_POINT('',(17.025054917025,-12.4765132799,
    11.273110004786));
#1115 = CARTESIAN_POINT('',(17.119272376742,-12.59997870171,
    11.202962491946));
#1116 = CARTESIAN_POINT('',(17.220982294329,-12.71517740635,
    11.132249392567));
#1117 = CARTESIAN_POINT('',(17.329697307062,-12.82209417005,
    11.061191825929));
#1118 = CARTESIAN_POINT('',(17.445048827821,-12.92063190119,
    10.989971486277));
#1119 = CARTESIAN_POINT('',(17.69849928128,-13.10792349486,
    10.841668862596));
#1120 = CARTESIAN_POINT('',(17.837614077931,-13.19516247762,
    10.764626675618));
#1121 = CARTESIAN_POINT('',(17.983810841578,-13.27208689253,
    10.687795143248));
#1122 = CARTESIAN_POINT('',(18.13680187347,-13.33823014205,
    10.611392164508));
#1123 = CARTESIAN_POINT('',(18.296291269551,-13.39296155051,
    10.535665461319));
#1124 = CARTESIAN_POINT('',(18.461971743386,-13.43546756919,
    10.460895901944));
#1125 = CARTESIAN_POINT('',(18.695772834761,-13.47521418885,
    10.360762781488));
#1126 = CARTESIAN_POINT('',(18.758750051191,-13.48403574599,
    10.334291605534));
#1127 = CARTESIAN_POINT('',(18.822480695796,-13.49105053834,
    10.308008194424));
#1128 = CARTESIAN_POINT('',(18.886944915887,-13.49620047117,
    10.281931330293));
#1129 = CARTESIAN_POINT('',(18.952119622267,-13.49942198684,
    10.256081967034));
#1130 = CARTESIAN_POINT('',(19.017978451329,-13.50064570291,
    10.230483279353));
#1131 = CARTESIAN_POINT('',(19.165415723243,-13.49876231271,
    10.174351774372));
#1132 = CARTESIAN_POINT('',(19.247303145241,-13.49465961676,
    10.143953567453));
#1133 = CARTESIAN_POINT('',(19.330104728842,-13.48735169759,
    10.114010349632));
#1134 = CARTESIAN_POINT('',(19.41375282657,-13.47668843651,
    10.084575683211));
#1135 = CARTESIAN_POINT('',(19.498160723801,-13.46250582213,
    10.055712521308));
#1136 = CARTESIAN_POINT('',(19.583221954757,-13.44462591153,
    10.02749329492));
#1137 = CARTESIAN_POINT('',(19.668809618517,-13.42285679133,10.));
#1138 = CYLINDRICAL_SURFACE('',#1139,2.5);
#1139 = AXIS2_PLACEMENT_3D('',#1140,#1141,#1142);
#1140 = CARTESIAN_POINT('',(19.052558883258,-11.,0.));
#1141 = DIRECTION('',(0.,0.,1.));
#1142 = DIRECTION('',(1.,0.,-0.));
#1143 = ADVANCED_FACE('',(#1144),#1543,.F.);
#1144 = FACE_BOUND('',#1145,.F.);
#1145 = EDGE_LOOP('',(#1146,#1255,#1256,#1347,#1392,#1393,#1518,#1519,
    #1525,#1526,#1527,#1528));
#1146 = ORIENTED_EDGE('',*,*,#1147,.F.);
#1147 = EDGE_CURVE('',#649,#1148,#1150,.T.);
#1148 = VERTEX_POINT('',#1149);
#1149 = CARTESIAN_POINT('',(2.5,22.,0.78631067036));
#1150 = B_SPLINE_CURVE_WITH_KNOTS('',7,(#1151,#1152,#1153,#1154,#1155,
    #1156,#1157,#1158,#1159,#1160,#1161,#1162,#1163,#1164,#1165,#1166,
    #1167,#1168,#1169,#1170,#1171,#1172,#1173,#1174,#1175,#1176,#1177,
    #1178,#1179,#1180,#1181,#1182,#1183,#1184,#1185,#1186,#1187,#1188,
    #1189,#1190,#1191,#1192,#1193,#1194,#1195,#1196,#1197,#1198,#1199,
    #1200,#1201,#1202,#1203,#1204,#1205,#1206,#1207,#1208,#1209,#1210,
    #1211,#1212,#1213,#1214,#1215,#1216,#1217,#1218,#1219,#1220,#1221,
    #1222,#1223,#1224,#1225,#1226,#1227,#1228,#1229,#1230,#1231,#1232,
    #1233,#1234,#1235,#1236,#1237,#1238,#1239,#1240,#1241,#1242,#1243,
    #1244,#1245,#1246,#1247,#1248,#1249,#1250,#1251,#1252,#1253,#1254),
  .UNSPECIFIED.,.F.,.F.,(8,6,6,6,6,6,6,6,6,6,6,6,6,6,6,6,6,8),(0.,
    5.984769864408E-02,0.109033247779,0.245488101959,0.370746115559,
    0.411655261303,0.459735831358,0.513545821471,0.550560176486,
    0.569384727058,0.605658680135,0.642308532421,0.661135552469,
    0.698156110507,0.751975471819,0.854282438785,0.966245966528,1.),
  .UNSPECIFIED.);
#1151 = CARTESIAN_POINT('',(-1.790130163394,23.7451171875,0.));
#1152 = CARTESIAN_POINT('',(-1.851706345895,23.681952729301,
    2.746195990235E-02));
#1153 = CARTESIAN_POINT('',(-1.90965944032,23.617302950901,
    5.564820232293E-02));
#1154 = CARTESIAN_POINT('',(-1.964091835364,23.551373017475,
    8.447700606768E-02));
#1155 = CARTESIAN_POINT('',(-2.015104054759,23.484343517219,
    0.11387617429));
#1156 = CARTESIAN_POINT('',(-2.062794449348,23.416371069152,
    0.143782948162));
#1157 = CARTESIAN_POINT('',(-2.107258889172,23.347588930944,
    0.174143920546));
#1158 = CARTESIAN_POINT('',(-2.182558608615,23.221004707791,
    0.230203974951));
#1159 = CARTESIAN_POINT('',(-2.214408839288,23.163432600922,
    0.255768620275));
#1160 = CARTESIAN_POINT('',(-2.244191582413,23.105454579553,
    0.28158351791));
#1161 = CARTESIAN_POINT('',(-2.271953590904,23.047127998083,
    0.307625561499));
#1162 = CARTESIAN_POINT('',(-2.297738228325,22.98850448446,
    0.333873857267));
#1163 = CARTESIAN_POINT('',(-2.321585761471,22.929630152774,
    0.360309675231));
#1164 = CARTESIAN_POINT('',(-2.404423413938,22.706628878456,
    0.460731105542));
#1165 = CARTESIAN_POINT('',(-2.450673179592,22.541148195148,
    0.53583754743));
#1166 = CARTESIAN_POINT('',(-2.483117234566,22.374909811561,
    0.611909756327));
#1167 = CARTESIAN_POINT('',(-2.502313394763,22.208595518351,
    0.688663146001));
#1168 = CARTESIAN_POINT('',(-2.508664334609,22.04278421909,
    0.765846770256));
#1169 = CARTESIAN_POINT('',(-2.502432519383,21.877964350093,
    0.843239918456));
#1170 = CARTESIAN_POINT('',(-2.46640627382,21.564520401538,
    0.991714025911));
#1171 = CARTESIAN_POINT('',(-2.438596563778,21.415754474312,
    1.062755200148));
#1172 = CARTESIAN_POINT('',(-2.400262944925,21.268544950798,
    1.133631332978));
#1173 = CARTESIAN_POINT('',(-2.351304206946,21.123257205737,
    1.204161792522));
#1174 = CARTESIAN_POINT('',(-2.291489945647,20.980318346262,
    1.274126691465));
#1175 = CARTESIAN_POINT('',(-2.220462863698,20.840215043623,
    1.343265241174));
#1176 = CARTESIAN_POINT('',(-2.110482941172,20.658885618016,
    1.43346080847));
#1177 = CARTESIAN_POINT('',(-2.082142256161,20.614611954699,
    1.455541825522));
#1178 = CARTESIAN_POINT('',(-2.052515351508,20.570728500265,
    1.477486295119));
#1179 = CARTESIAN_POINT('',(-2.021578484847,20.527259890941,
    1.499280596139));
#1180 = CARTESIAN_POINT('',(-1.989305508447,20.48423364037,
    1.520909458609));
#1181 = CARTESIAN_POINT('',(-1.955667414769,20.441680267621,
    1.542355863953));
#1182 = CARTESIAN_POINT('',(-1.879454576661,20.350215718814,
    1.588570315809));
#1183 = CARTESIAN_POINT('',(-1.836348920697,20.301499971894,
    1.613260441179));
#1184 = CARTESIAN_POINT('',(-1.791260741007,20.253539104548,
    1.637641550783));
#1185 = CARTESIAN_POINT('',(-1.744133353487,20.206396671012,
    1.661678000844));
#1186 = CARTESIAN_POINT('',(-1.694906444662,20.160147335383,
    1.685327901223));
#1187 = CARTESIAN_POINT('',(-1.643514953299,20.114877347351,
    1.708542742263));
#1188 = CARTESIAN_POINT('',(-1.529870601837,20.021226602459,
    1.756699191971));
#1189 = CARTESIAN_POINT('',(-1.46706329029,19.973126383682,
    1.781512577607));
#1190 = CARTESIAN_POINT('',(-1.401359814492,19.926515403109,
    1.805632916226));
#1191 = CARTESIAN_POINT('',(-1.332663447188,19.881562953942,
    1.828964927443));
#1192 = CARTESIAN_POINT('',(-1.260891033253,19.838474639805,
    1.851393122819));
#1193 = CARTESIAN_POINT('',(-1.1859770862,19.797490433479,1.872782615872
    ));
#1194 = CARTESIAN_POINT('',(-1.054155675023,19.732325603198,
    1.90687308895));
#1195 = CARTESIAN_POINT('',(-0.99893334747,19.706896609775,
    1.920200239563));
#1196 = CARTESIAN_POINT('',(-0.942201732725,19.682685567066,
    1.93291088989));
#1197 = CARTESIAN_POINT('',(-0.883966832962,19.659794925598,
    1.944947541501));
#1198 = CARTESIAN_POINT('',(-0.824253937558,19.638335983623,
    1.956247789368));
#1199 = CARTESIAN_POINT('',(-0.7631117388,19.618425096009,1.966746419657
    ));
#1200 = CARTESIAN_POINT('',(-0.668832947147,19.590900836325,
    1.981275631517));
#1201 = CARTESIAN_POINT('',(-0.636700251805,19.582052807537,
    1.985949266892));
#1202 = CARTESIAN_POINT('',(-0.604229169873,19.573651360108,
    1.990389698376));
#1203 = CARTESIAN_POINT('',(-0.571432628259,19.565712096666,
    1.994588190783));
#1204 = CARTESIAN_POINT('',(-0.538325861838,19.558250373952,
    1.99853614888));
#1205 = CARTESIAN_POINT('',(-0.504926602823,19.551281017649,
    2.002225277252));
#1206 = CARTESIAN_POINT('',(-0.406372321763,19.532364202095,
    2.012242652418));
#1207 = CARTESIAN_POINT('',(-0.340468205151,19.521788601135,
    2.017848473327));
#1208 = CARTESIAN_POINT('',(-0.273703894444,19.513195061705,
    2.022407207489));
#1209 = CARTESIAN_POINT('',(-0.206261372059,19.506670559238,
    2.025870234871));
#1210 = CARTESIAN_POINT('',(-0.138344619755,19.50227914901,
    2.028201731039));
#1211 = CARTESIAN_POINT('',(-7.018060970318E-02,19.500055897929,
    2.029382087375));
#1212 = CARTESIAN_POINT('',(6.684634930995E-02,19.49994516391,
    2.029440878285));
#1213 = CARTESIAN_POINT('',(0.135727151836,19.502102839691,2.02829533805
    ));
#1214 = CARTESIAN_POINT('',(0.204362848647,19.506475029001,
    2.025974013651));
#1215 = CARTESIAN_POINT('',(0.272518987688,19.513026275115,
    2.022496732281));
#1216 = CARTESIAN_POINT('',(0.339984910786,19.521690827545,
    2.017900266953));
#1217 = CARTESIAN_POINT('',(0.406572736216,19.532378990354,
    2.012234758176));
#1218 = CARTESIAN_POINT('',(0.505786074963,19.551458388774,
    2.002131383668));
#1219 = CARTESIAN_POINT('',(0.53918329274,19.558439558835,1.998436039987
    ));
#1220 = CARTESIAN_POINT('',(0.572287605434,19.565912953031,
    1.994481950501));
#1221 = CARTESIAN_POINT('',(0.605081310946,19.573863730933,
    1.990277418913));
#1222 = CARTESIAN_POINT('',(0.637549204637,19.582276524341,
    1.985831046908));
#1223 = CARTESIAN_POINT('',(0.669678389734,19.591135722325,1.98115157436
    ));
#1224 = CARTESIAN_POINT('',(0.76394817648,19.618693237794,1.96660501235)
  );
#1225 = CARTESIAN_POINT('',(0.825083938651,19.638625808307,
    1.956095112424));
#1226 = CARTESIAN_POINT('',(0.884789383943,19.66010579759,1.944783973065
    ));
#1227 = CARTESIAN_POINT('',(0.943016007955,19.683016833797,
    1.932736817982));
#1228 = CARTESIAN_POINT('',(0.999738679875,19.707247627059,
    1.920016047799));
#1229 = CARTESIAN_POINT('',(1.054951530172,19.732695753103,
    1.906679146575));
#1230 = CARTESIAN_POINT('',(1.186749158182,19.797906357613,
    1.872565471924));
#1231 = CARTESIAN_POINT('',(1.261648285668,19.838916582609,1.85116290463
    ));
#1232 = CARTESIAN_POINT('',(1.33340523967,19.882029810737,1.82872230611)
  );
#1233 = CARTESIAN_POINT('',(1.402085708802,19.927006184379,
    1.805378498744));
#1234 = CARTESIAN_POINT('',(1.467772974217,19.973640217961,
    1.781246904877));
#1235 = CARTESIAN_POINT('',(1.530563832454,20.02176272651,1.756422744115
    ));
#1236 = CARTESIAN_POINT('',(1.704621765212,20.165300941376,
    1.682615732663));
#1237 = CARTESIAN_POINT('',(1.808512724368,20.264195418341,
    1.632052448652));
#1238 = CARTESIAN_POINT('',(1.903018449437,20.367037873926,
    1.579794279195));
#1239 = CARTESIAN_POINT('',(1.988666947136,20.473155508774,
    1.526219545025));
#1240 = CARTESIAN_POINT('',(2.065926936875,20.582017800571,
    1.471621953711));
#1241 = CARTESIAN_POINT('',(2.135190792189,20.693246364111,
    1.416209945408));
#1242 = CARTESIAN_POINT('',(2.26417530463,20.930679934076,1.298720928018
    ));
#1243 = CARTESIAN_POINT('',(2.322333311713,21.057224799123,
    1.236549462472));
#1244 = CARTESIAN_POINT('',(2.371646921627,21.185871435739,
    1.173804982321));
#1245 = CARTESIAN_POINT('',(2.412347775335,21.316290973478,
    1.110662047431));
#1246 = CARTESIAN_POINT('',(2.444571947188,21.448189805486,
    1.047270821616));
#1247 = CARTESIAN_POINT('',(2.468382962994,21.581305197637,0.98376075776
    ));
#1248 = CARTESIAN_POINT('',(2.488381074449,21.755837028296,
    0.901090735416));
#1249 = CARTESIAN_POINT('',(2.492245688344,21.79635344404,0.881941028659
    ));
#1250 = CARTESIAN_POINT('',(2.495341723823,21.836950568382,
    0.862794687782));
#1251 = CARTESIAN_POINT('',(2.497667681115,21.877621168636,
    0.843655094714));
#1252 = CARTESIAN_POINT('',(2.499221388038,21.918357912248,0.82452563463
    ));
#1253 = CARTESIAN_POINT('',(2.5,21.959153366798,0.805409695956));
#1254 = CARTESIAN_POINT('',(2.5,22.,0.78631067036));
#1255 = ORIENTED_EDGE('',*,*,#648,.T.);
#1256 = ORIENTED_EDGE('',*,*,#1257,.F.);
#1257 = EDGE_CURVE('',#1258,#640,#1260,.T.);
#1258 = VERTEX_POINT('',#1259);
#1259 = CARTESIAN_POINT('',(-16.55255888325,-11.,1.853277631402));
#1260 = B_SPLINE_CURVE_WITH_KNOTS('',7,(#1261,#1262,#1263,#1264,#1265,
    #1266,#1267,#1268,#1269,#1270,#1271,#1272,#1273,#1274,#1275,#1276,
    #1277,#1278,#1279,#1280,#1281,#1282,#1283,#1284,#1285,#1286,#1287,
    #1288,#1289,#1290,#1291,#1292,#1293,#1294,#1295,#1296,#1297,#1298,
    #1299,#1300,#1301,#1302,#1303,#1304,#1305,#1306,#1307,#1308,#1309,
    #1310,#1311,#1312,#1313,#1314,#1315,#1316,#1317,#1318,#1319,#1320,
    #1321,#1322,#1323,#1324,#1325,#1326,#1327,#1328,#1329,#1330,#1331,
    #1332,#1333,#1334,#1335,#1336,#1337,#1338,#1339,#1340,#1341,#1342,
    #1343,#1344,#1345,#1346),.UNSPECIFIED.,.F.,.F.,(8,6,6,6,6,6,6,6,6,6,
    6,6,6,6,8),(0.,6.693928500304E-02,9.537552052336E-02,0.112655225506,
    0.149924251378,0.200998843465,0.227508587898,0.279036781931,
    0.354649657213,0.42190015776,0.480106450137,0.65535595869,
    0.847003084563,0.915662992973,1.),.UNSPECIFIED.);
#1261 = CARTESIAN_POINT('',(-16.55255888325,-11.,1.853277631402));
#1262 = CARTESIAN_POINT('',(-16.55255888325,-10.92525344955,
    1.872746171743));
#1263 = CARTESIAN_POINT('',(-16.55516612905,-10.84919821805,
    1.891426643596));
#1264 = CARTESIAN_POINT('',(-16.56054518146,-10.77186258466,
    1.909230547098));
#1265 = CARTESIAN_POINT('',(-16.56887540974,-10.69331997018,
    1.926050093385));
#1266 = CARTESIAN_POINT('',(-16.58034250762,-10.61369247032,
    1.941760846443));
#1267 = CARTESIAN_POINT('',(-16.59512434198,-10.53315585847,
    1.956227047321));
#1268 = CARTESIAN_POINT('',(-16.62112248759,-10.41744761625,
    1.974867181385));
#1269 = CARTESIAN_POINT('',(-16.62949870577,-10.38282957166,
    1.980174749181));
#1270 = CARTESIAN_POINT('',(-16.63851083714,-10.34811137845,
    1.985221515482));
#1271 = CARTESIAN_POINT('',(-16.64816879231,-10.31331497169,
    1.989996532295));
#1272 = CARTESIAN_POINT('',(-16.6584808671,-10.27846481261,1.9944889308)
  );
#1273 = CARTESIAN_POINT('',(-16.66945326586,-10.24358793409,
    1.998688139901));
#1274 = CARTESIAN_POINT('',(-16.6881606327,-10.18752230854,
    2.004951546258));
#1275 = CARTESIAN_POINT('',(-16.69547680004,-10.16633167961,
    2.007207027995));
#1276 = CARTESIAN_POINT('',(-16.70303897696,-10.14514878458,
    2.009348268266));
#1277 = CARTESIAN_POINT('',(-16.71084761736,-10.12398058931,
    2.011373099107));
#1278 = CARTESIAN_POINT('',(-16.71890277886,-10.10283434035,
    2.013279466314));
#1279 = CARTESIAN_POINT('',(-16.7272041228,-10.08171756481,
    2.015065429438));
#1280 = CARTESIAN_POINT('',(-16.75418471221,-10.01517362408,
    2.020317514945));
#1281 = CARTESIAN_POINT('',(-16.7737611835,-9.969880182664,
    2.023337507704));
#1282 = CARTESIAN_POINT('',(-16.79447124602,-9.924839431922,
    2.025770715873));
#1283 = CARTESIAN_POINT('',(-16.81629745012,-9.880134010611,
    2.027602492228));
#1284 = CARTESIAN_POINT('',(-16.83921305282,-9.835847055539,
    2.028822545956));
#1285 = CARTESIAN_POINT('',(-16.86318109207,-9.792061746619,
    2.029425522085));
#1286 = CARTESIAN_POINT('',(-16.92237634506,-9.689657048677,
    2.029392475551));
#1287 = CARTESIAN_POINT('',(-16.958491999,-9.631539647903,2.028214709018
    ));
#1288 = CARTESIAN_POINT('',(-16.99637382154,-9.574728318139,
    2.025878138979));
#1289 = CARTESIAN_POINT('',(-17.03587657996,-9.519403918265,
    2.022402530135));
#1290 = CARTESIAN_POINT('',(-17.07684124687,-9.465712452178,
    2.017824078761));
#1291 = CARTESIAN_POINT('',(-17.11909983697,-9.413769023473,
    2.01219193723));
#1292 = CARTESIAN_POINT('',(-17.18499640027,-9.337654143344,
    2.002124958859));
#1293 = CARTESIAN_POINT('',(-17.20781674796,-9.312138857906,
    1.998416814302));
#1294 = CARTESIAN_POINT('',(-17.23091872113,-9.28712668549,
    1.994448228604));
#1295 = CARTESIAN_POINT('',(-17.25428040224,-9.262625607807,
    1.99022758933));
#1296 = CARTESIAN_POINT('',(-17.27788067649,-9.238641148348,1.9857635855
    ));
#1297 = CARTESIAN_POINT('',(-17.30169938629,-9.215176684131,
    1.981065045218));
#1298 = CARTESIAN_POINT('',(-17.37240255614,-9.147638549078,
    1.966569242396));
#1299 = CARTESIAN_POINT('',(-17.41983888581,-9.105015916653,
    1.956145237368));
#1300 = CARTESIAN_POINT('',(-17.46789004984,-9.064372572721,
    1.944933097206));
#1301 = CARTESIAN_POINT('',(-17.51643403078,-9.025692811303,
    1.932996448903));
#1302 = CARTESIAN_POINT('',(-17.56536439543,-8.988943757419,
    1.920396191137));
#1303 = CARTESIAN_POINT('',(-17.61459147168,-8.954080616598,
    1.907188477944));
#1304 = CARTESIAN_POINT('',(-17.7366098562,-8.872585362903,
    1.873222695579));
#1305 = CARTESIAN_POINT('',(-17.80964644988,-8.828077978433,
    1.851825059172));
#1306 = CARTESIAN_POINT('',(-17.88293775671,-8.787355269081,
    1.829384123604));
#1307 = CARTESIAN_POINT('',(-17.95630749046,-8.75023991693,
    1.806035535332));
#1308 = CARTESIAN_POINT('',(-18.0296182607,-8.716556380464,
    1.781895428173));
#1309 = CARTESIAN_POINT('',(-18.10277120507,-8.686135486988,
    1.757059594643));
#1310 = CARTESIAN_POINT('',(-18.24057388639,-8.634523615938,
    1.708961119453));
#1311 = CARTESIAN_POINT('',(-18.30525950082,-8.612687541468,
    1.685831713747));
#1312 = CARTESIAN_POINT('',(-18.36971316088,-8.593201262045,
    1.662269466015));
#1313 = CARTESIAN_POINT('',(-18.43389300883,-8.575966196268,
    1.638322487701));
#1314 = CARTESIAN_POINT('',(-18.49776477721,-8.560893535969,
    1.614032343002));
#1315 = CARTESIAN_POINT('',(-18.56130193281,-8.547903061255,
    1.589434415991));
#1316 = CARTESIAN_POINT('',(-18.67917240021,-8.527417647858,
    1.543027616047));
#1317 = CARTESIAN_POINT('',(-18.73359213257,-8.519419020428,
    1.521289400875));
#1318 = CARTESIAN_POINT('',(-18.7877314571,-8.512879252847,
    1.499363343292));
#1319 = CARTESIAN_POINT('',(-18.84157792717,-8.507756221451,
    1.477267199517));
#1320 = CARTESIAN_POINT('',(-18.89512033458,-8.504012009456,
    1.455016877804));
#1321 = CARTESIAN_POINT('',(-18.94834883397,-8.501612417094,
    1.43262654533));
#1322 = CARTESIAN_POINT('',(-19.16054697517,-8.497256870102,
    1.342311336923));
#1323 = CARTESIAN_POINT('',(-19.31687453573,-8.50589659575,
    1.273376606619));
#1324 = CARTESIAN_POINT('',(-19.47006844737,-8.52559147632,
    1.203622931039));
#1325 = CARTESIAN_POINT('',(-19.61988830522,-8.555794652336,
    1.133308348689));
#1326 = CARTESIAN_POINT('',(-19.76608174517,-8.596097450236,
    1.062650559711));
#1327 = CARTESIAN_POINT('',(-19.90838524714,-8.646232096801,
    0.991828582882));
#1328 = CARTESIAN_POINT('',(-20.19756946051,-8.771535921083,
    0.843516006761));
#1329 = CARTESIAN_POINT('',(-20.34354780489,-8.848572400956,
    0.766064832863));
#1330 = CARTESIAN_POINT('',(-20.48408665661,-8.937018533737,
    0.688822958704));
#1331 = CARTESIAN_POINT('',(-20.61863075626,-9.036857209398,
    0.612011560489));
#1332 = CARTESIAN_POINT('',(-20.74647602339,-9.148147722246,
    0.535882115695));
#1333 = CARTESIAN_POINT('',(-20.86675127646,-9.271032503975,
    0.46071982102));
#1334 = CARTESIAN_POINT('',(-21.01831631214,-9.454125425316,
    0.360387095082));
#1335 = CARTESIAN_POINT('',(-21.05717415549,-9.503942704034,
    0.334091935434));
#1336 = CARTESIAN_POINT('',(-21.0948590469,-9.555295575833,
    0.307982244791));
#1337 = CARTESIAN_POINT('',(-21.13131189394,-9.608195664287,
    0.282076448683));
#1338 = CARTESIAN_POINT('',(-21.16646742017,-9.662654524743,
    0.256395087435));
#1339 = CARTESIAN_POINT('',(-21.20025384376,-9.71868378782,
    0.230960863574));
#1340 = CARTESIAN_POINT('',(-21.27231515779,-9.84706123989,
    0.174891242307));
#1341 = CARTESIAN_POINT('',(-21.30985092403,-9.920209740542,
    0.144396277588));
#1342 = CARTESIAN_POINT('',(-21.345056168,-9.995766557896,0.114358358408
    ));
#1343 = CARTESIAN_POINT('',(-21.37776577994,-10.07374836926,
    8.483145169251E-02));
#1344 = CARTESIAN_POINT('',(-21.40779284245,-10.15416219751,
    5.587901703376E-02));
#1345 = CARTESIAN_POINT('',(-21.43492824599,-10.23700483229,
    2.757409575789E-02));
#1346 = CARTESIAN_POINT('',(-21.45894030439,-10.32226225129,-6.E-07));
#1347 = ORIENTED_EDGE('',*,*,#1348,.F.);
#1348 = EDGE_CURVE('',#631,#1258,#1349,.T.);
#1349 = B_SPLINE_CURVE_WITH_KNOTS('',6,(#1350,#1351,#1352,#1353,#1354,
    #1355,#1356,#1357,#1358,#1359,#1360,#1361,#1362,#1363,#1364,#1365,
    #1366,#1367,#1368,#1369,#1370,#1371,#1372,#1373,#1374,#1375,#1376,
    #1377,#1378,#1379,#1380,#1381,#1382,#1383,#1384,#1385,#1386,#1387,
    #1388,#1389,#1390,#1391),.UNSPECIFIED.,.F.,.F.,(7,5,5,5,5,5,5,5,7),(
    0.,0.119386230082,0.217975226974,0.352537669157,0.491314000019,
    0.650836231,0.802872383906,0.895563352187,1.),.UNSPECIFIED.);
#1350 = CARTESIAN_POINT('',(-19.66880961851,-13.42285679133,
    -1.573520245282E-15));
#1351 = CARTESIAN_POINT('',(-19.56951527828,-13.44811218834,
    3.18962857489E-02));
#1352 = CARTESIAN_POINT('',(-19.47094963205,-13.46798338954,
    6.479758289787E-02));
#1353 = CARTESIAN_POINT('',(-19.37333119713,-13.48280060898,
    9.856274451018E-02));
#1354 = CARTESIAN_POINT('',(-19.27683175407,-13.49286222407,
    0.133072480775));
#1355 = CARTESIAN_POINT('',(-19.18157867883,-13.49843488238,
    0.168229067033));
#1356 = CARTESIAN_POINT('',(-19.01009709918,-13.50084261073,
    0.23345935035));
#1357 = CARTESIAN_POINT('',(-18.93345002369,-13.49903051209,
    0.263349760033));
#1358 = CARTESIAN_POINT('',(-18.85776807775,-13.49444950149,
    0.293582733603));
#1359 = CARTESIAN_POINT('',(-18.78309553384,-13.48721736226,
    0.324119024898));
#1360 = CARTESIAN_POINT('',(-18.70946904214,-13.47743873373,
    0.354924517364));
#1361 = CARTESIAN_POINT('',(-18.53789376268,-13.44851063188,
    0.428343574691));
#1362 = CARTESIAN_POINT('',(-18.44087718416,-13.42724467641,
    0.471162364764));
#1363 = CARTESIAN_POINT('',(-18.34594188143,-13.40164351713,
    0.514352566069));
#1364 = CARTESIAN_POINT('',(-18.25315572673,-13.37190492753,0.5578488445
    ));
#1365 = CARTESIAN_POINT('',(-18.16258059515,-13.3381931164,
    0.601593960165));
#1366 = CARTESIAN_POINT('',(-17.98319868375,-13.26191576505,
    0.690858857448));
#1367 = CARTESIAN_POINT('',(-17.89454016566,-13.21910772107,
    0.736389301565));
#1368 = CARTESIAN_POINT('',(-17.80835973684,-13.17236519853,
    0.78207468447));
#1369 = CARTESIAN_POINT('',(-17.72472671887,-13.12180693763,
    0.827862116295));
#1370 = CARTESIAN_POINT('',(-17.64371766593,-13.06752386602,
    0.873700459208));
#1371 = CARTESIAN_POINT('',(-17.47541151156,-12.94297288539,
    0.972232130838));
#1372 = CARTESIAN_POINT('',(-17.38899002278,-12.87153272883,
    1.024922680601));
#1373 = CARTESIAN_POINT('',(-17.30627993281,-12.79535157702,
    1.077537494039));
#1374 = CARTESIAN_POINT('',(-17.2274400234,-12.71448899562,
    1.129994285772));
#1375 = CARTESIAN_POINT('',(-17.15266831722,-12.62896293112,
    1.182200811089));
#1376 = CARTESIAN_POINT('',(-17.01505760547,-12.45275320235,
    1.283471969329));
#1377 = CARTESIAN_POINT('',(-16.95183159544,-12.3625096202,
    1.332563186794));
#1378 = CARTESIAN_POINT('',(-16.89273757568,-12.26797572036,
    1.381240748267));
#1379 = CARTESIAN_POINT('',(-16.83805163993,-12.16909602876,
    1.429390730601));
#1380 = CARTESIAN_POINT('',(-16.78811485735,-12.06579830969,
    1.476870626111));
#1381 = CARTESIAN_POINT('',(-16.71609858843,-11.89219978844,
    1.551928432013));
#1382 = CARTESIAN_POINT('',(-16.69075597213,-11.82476299639,
    1.580038432127));
#1383 = CARTESIAN_POINT('',(-16.66744875508,-11.75561117932,
    1.607788916103));
#1384 = CARTESIAN_POINT('',(-16.64629695818,-11.68471864467,
    1.635128945334));
#1385 = CARTESIAN_POINT('',(-16.62744176284,-11.612060758,1.661996851522
    ));
#1386 = CARTESIAN_POINT('',(-16.59257755609,-11.45372837454,
    1.717977185535));
#1387 = CARTESIAN_POINT('',(-16.57723464519,-11.36758348325,
    1.746938244756));
#1388 = CARTESIAN_POINT('',(-16.56525297508,-11.27912832659,
    1.775101724246));
#1389 = CARTESIAN_POINT('',(-16.55691674935,-11.18835234248,
    1.802332283878));
#1390 = CARTESIAN_POINT('',(-16.55255888325,-11.09528537044,
    1.828459535214));
#1391 = CARTESIAN_POINT('',(-16.55255888325,-11.,1.853277631402));
#1392 = ORIENTED_EDGE('',*,*,#630,.T.);
#1393 = ORIENTED_EDGE('',*,*,#1394,.F.);
#1394 = EDGE_CURVE('',#604,#622,#1395,.T.);
#1395 = B_SPLINE_CURVE_WITH_KNOTS('',7,(#1396,#1397,#1398,#1399,#1400,
    #1401,#1402,#1403,#1404,#1405,#1406,#1407,#1408,#1409,#1410,#1411,
    #1412,#1413,#1414,#1415,#1416,#1417,#1418,#1419,#1420,#1421,#1422,
    #1423,#1424,#1425,#1426,#1427,#1428,#1429,#1430,#1431,#1432,#1433,
    #1434,#1435,#1436,#1437,#1438,#1439,#1440,#1441,#1442,#1443,#1444,
    #1445,#1446,#1447,#1448,#1449,#1450,#1451,#1452,#1453,#1454,#1455,
    #1456,#1457,#1458,#1459,#1460,#1461,#1462,#1463,#1464,#1465,#1466,
    #1467,#1468,#1469,#1470,#1471,#1472,#1473,#1474,#1475,#1476,#1477,
    #1478,#1479,#1480,#1481,#1482,#1483,#1484,#1485,#1486,#1487,#1488,
    #1489,#1490,#1491,#1492,#1493,#1494,#1495,#1496,#1497,#1498,#1499,
    #1500,#1501,#1502,#1503,#1504,#1505,#1506,#1507,#1508,#1509,#1510,
    #1511,#1512,#1513,#1514,#1515,#1516,#1517),.UNSPECIFIED.,.F.,.F.,(8,
    6,6,6,6,6,6,6,6,6,6,6,6,6,6,6,6,6,6,6,8),(0.,4.928099822336E-02,
    8.99166565767E-02,0.202021375725,0.305668140489,0.339773457625,
    0.379524704032,0.42380687872,0.454370788309,0.469776899023,
    0.499938844617,0.53009689168,0.545498558885,0.576051188622,
    0.620316362951,0.660054824851,0.694151784485,0.797788049851,
    0.909904024363,0.950548890795,1.),.UNSPECIFIED.);
#1396 = CARTESIAN_POINT('',(21.45893978191,-10.32226039617,
    -3.147040483603E-15));
#1397 = CARTESIAN_POINT('',(21.435080847626,-10.23754691122,
    2.739879988374E-02));
#1398 = CARTESIAN_POINT('',(21.408138268366,-10.15521742147,
    5.551856391085E-02));
#1399 = CARTESIAN_POINT('',(21.378339350876,-10.07528577596,
    8.427812251189E-02));
#1400 = CARTESIAN_POINT('',(21.345889384782,-9.997755227485,
    0.113605749147));
#1401 = CARTESIAN_POINT('',(21.310972008375,-9.922618998647,
    0.143439075484));
#1402 = CARTESIAN_POINT('',(21.273749574373,-9.849860847872,
    0.173725006579));
#1403 = CARTESIAN_POINT('',(21.201886932799,-9.721401572782,
    0.229729522651));
#1404 = CARTESIAN_POINT('',(21.167940954465,-9.66495046333,
    0.255315947736));
#1405 = CARTESIAN_POINT('',(21.132605941104,-9.610090249414,
    0.281153435413));
#1406 = CARTESIAN_POINT('',(21.095955233438,-9.556809088492,
    0.307218783669));
#1407 = CARTESIAN_POINT('',(21.058055484769,-9.505095205498,
    0.333491015283));
#1408 = CARTESIAN_POINT('',(21.018966993251,-9.454936745195,
    0.359951328729));
#1409 = CARTESIAN_POINT('',(20.867777860207,-9.27220334834,
    0.460054026325));
#1410 = CARTESIAN_POINT('',(20.74821273629,-9.149873230173,
    0.534806325964));
#1411 = CARTESIAN_POINT('',(20.621149742833,-9.039016617546,
    0.610517935718));
#1412 = CARTESIAN_POINT('',(20.487448232844,-8.93949238434,
    0.686907715431));
#1413 = CARTESIAN_POINT('',(20.347803222469,-8.851240819668,
    0.763727806704));
#1414 = CARTESIAN_POINT('',(20.202763326282,-8.774276914795,
    0.840760306916));
#1415 = CARTESIAN_POINT('',(19.913937774305,-8.648203547407,
    0.989062328059));
#1416 = CARTESIAN_POINT('',(19.770954730726,-8.597461450341,
    1.06029149157));
#1417 = CARTESIAN_POINT('',(19.624030114205,-8.556656123434,
    1.131359474202));
#1418 = CARTESIAN_POINT('',(19.473432765642,-8.526057352219,
    1.202084659151));
#1419 = CARTESIAN_POINT('',(19.319419798448,-8.506078530353,
    1.272246147897));
#1420 = CARTESIAN_POINT('',(19.162235913878,-8.4972734593,1.341582117821
    ));
#1421 = CARTESIAN_POINT('',(18.949343666894,-8.501575300465,
    1.432206507694));
#1422 = CARTESIAN_POINT('',(18.896314767899,-8.503944111687,
    1.454517317909));
#1423 = CARTESIAN_POINT('',(18.84297411693,-8.507647268893,
    1.476689331536));
#1424 = CARTESIAN_POINT('',(18.789331441966,-8.512718556076,
    1.498708553397));
#1425 = CARTESIAN_POINT('',(18.735397807196,-8.519195416364,
    1.520559276806));
#1426 = CARTESIAN_POINT('',(18.681185490839,-8.527119432268,1.5422239789
    ));
#1427 = CARTESIAN_POINT('',(18.563211792838,-8.547513168931,
    1.588694900144));
#1428 = CARTESIAN_POINT('',(18.499358298451,-8.560517663476,
    1.613426295147));
#1429 = CARTESIAN_POINT('',(18.435166211585,-8.57562406493,1.63784747407
    ));
#1430 = CARTESIAN_POINT('',(18.370662385353,-8.592913691483,
    1.661922590794));
#1431 = CARTESIAN_POINT('',(18.305881546316,-8.612476620255,
    1.68560950346));
#1432 = CARTESIAN_POINT('',(18.240866146592,-8.634412903396,
    1.708859397942));
#1433 = CARTESIAN_POINT('',(18.10303466403,-8.686038206873,
    1.756967315556));
#1434 = CARTESIAN_POINT('',(18.030186304625,-8.716321426354,
    1.781702277387));
#1435 = CARTESIAN_POINT('',(17.957181236223,-8.749839661766,
    1.805747539576));
#1436 = CARTESIAN_POINT('',(17.884117005141,-8.786759903788,
    1.829008564756));
#1437 = CARTESIAN_POINT('',(17.811128966829,-8.827255454633,
    1.851370835859));
#1438 = CARTESIAN_POINT('',(17.738390647163,-8.871501468036,
    1.872700656547));
#1439 = CARTESIAN_POINT('',(17.616228257921,-8.952917131248,
    1.906750394742));
#1440 = CARTESIAN_POINT('',(17.566569044284,-8.988028399187,
    1.920088647181));
#1441 = CARTESIAN_POINT('',(17.517209678831,-9.025057249191,
    1.932810173348));
#1442 = CARTESIAN_POINT('',(17.468241936242,-9.064049824514,
    1.944857418312));
#1443 = CARTESIAN_POINT('',(17.419774924844,-9.105039989223,
    1.95616790716));
#1444 = CARTESIAN_POINT('',(17.371933861577,-9.148043861891,
    1.966676344347));
#1445 = CARTESIAN_POINT('',(17.301130112767,-9.215742433423,
    1.98117605822));
#1446 = CARTESIAN_POINT('',(17.277596568066,-9.238939783969,
    1.985814746013));
#1447 = CARTESIAN_POINT('',(17.25427661336,-9.262644877247,
    1.990224279413));
#1448 = CARTESIAN_POINT('',(17.231189707684,-9.28685443493,
    1.994396141401));
#1449 = CARTESIAN_POINT('',(17.208356223125,-9.31156313009,
    1.998321947956));
#1450 = CARTESIAN_POINT('',(17.185797299333,-9.336763293255,
    2.001993601079));
#1451 = CARTESIAN_POINT('',(17.119949176552,-9.412723286967,
    2.012079197465));
#1452 = CARTESIAN_POINT('',(17.077491976917,-9.464854978245,
    2.017752557042));
#1453 = CARTESIAN_POINT('',(17.0363373596,-9.518750869588,2.022364031528
    ));
#1454 = CARTESIAN_POINT('',(16.996655476897,-9.574294764894,
    2.025863724716));
#1455 = CARTESIAN_POINT('',(16.958607430303,-9.631339047682,
    2.028214886424));
#1456 = CARTESIAN_POINT('',(16.922340327891,-9.689700634116,
    2.029397465703));
#1457 = CARTESIAN_POINT('',(16.853628796374,-9.808605533021,
    2.029425860568));
#1458 = CARTESIAN_POINT('',(16.8211749141,-9.869164065375,2.028271982444
    ));
#1459 = CARTESIAN_POINT('',(16.790749859699,-9.930610537666,
    2.025949510875));
#1460 = CARTESIAN_POINT('',(16.762439189838,-9.992726141682,
    2.022478190757));
#1461 = CARTESIAN_POINT('',(16.736290781283,-10.055297505,2.017894500333
    ));
#1462 = CARTESIAN_POINT('',(16.712320759169,-10.1181189496,
    2.012248120841));
#1463 = CARTESIAN_POINT('',(16.679385518329,-10.21310532296,
    2.002202407324));
#1464 = CARTESIAN_POINT('',(16.66881622457,-10.24523290792,
    1.998544434718));
#1465 = CARTESIAN_POINT('',(16.658809654465,-10.2773534699,
    1.994632125307));
#1466 = CARTESIAN_POINT('',(16.64936194031,-10.30944482621,
    1.990473559196));
#1467 = CARTESIAN_POINT('',(16.640467563507,-10.34148662635,
    1.986077106444));
#1468 = CARTESIAN_POINT('',(16.632119681866,-10.37346033168,
    1.981451273884));
#1469 = CARTESIAN_POINT('',(16.60881912365,-10.46860784237,
    1.966990001839));
#1470 = CARTESIAN_POINT('',(16.595448346993,-10.53152962899,
    1.956506606788));
#1471 = CARTESIAN_POINT('',(16.584134561477,-10.5939893084,
    1.945220320017));
#1472 = CARTESIAN_POINT('',(16.574801441685,-10.65588615592,
    1.933196414847));
#1473 = CARTESIAN_POINT('',(16.567365266926,-10.71714229822,
    1.92049737578));
#1474 = CARTESIAN_POINT('',(16.561740285929,-10.77770104287,
    1.907180789588));
#1475 = CARTESIAN_POINT('',(16.552199193732,-10.92419948505,
    1.873182506281));
#1476 = CARTESIAN_POINT('',(16.550183882686,-11.00931529481,
    1.851881648265));
#1477 = CARTESIAN_POINT('',(16.551542829964,-11.0927745849,
    1.829546857824));
#1478 = CARTESIAN_POINT('',(16.556037589067,-11.17451414117,
    1.80631197218));
#1479 = CARTESIAN_POINT('',(16.563450312718,-11.25450302198,
    1.782291653814));
#1480 = CARTESIAN_POINT('',(16.573587480141,-11.33273999245,
    1.75758057397));
#1481 = CARTESIAN_POINT('',(16.597681416186,-11.4779376446,
    1.709514746449));
#1482 = CARTESIAN_POINT('',(16.611139786409,-11.54522296761,
    1.686283185281));
#1483 = CARTESIAN_POINT('',(16.626537263672,-11.61111911283,
    1.66261386383));
#1484 = CARTESIAN_POINT('',(16.643765860753,-11.67563926492,
    1.638555673746));
#1485 = CARTESIAN_POINT('',(16.662730097889,-11.73879834121,
    1.614150823382));
#1486 = CARTESIAN_POINT('',(16.683346026101,-11.80061372463,
    1.589435214025));
#1487 = CARTESIAN_POINT('',(16.724583654302,-11.91301043551,
    1.542991051685));
#1488 = CARTESIAN_POINT('',(16.744788303669,-11.96393863687,
    1.521337424602));
#1489 = CARTESIAN_POINT('',(16.766107434906,-12.0139021244,
    1.499497411559));
#1490 = CARTESIAN_POINT('',(16.788498837313,-12.06291106192,
    1.477488564048));
#1491 = CARTESIAN_POINT('',(16.811924498007,-12.1109745996,
    1.455326613245));
#1492 = CARTESIAN_POINT('',(16.8363502467,-12.15810121998,1.433025574887
    ));
#1493 = CARTESIAN_POINT('',(16.938932895326,-12.34471553589,
    1.342429746349));
#1494 = CARTESIAN_POINT('',(17.025054917026,-12.4765132799,
    1.273110004786));
#1495 = CARTESIAN_POINT('',(17.119272376741,-12.59997870171,
    1.202962491946));
#1496 = CARTESIAN_POINT('',(17.22098229433,-12.71517740635,
    1.132249392567));
#1497 = CARTESIAN_POINT('',(17.329697307061,-12.82209417005,
    1.061191825929));
#1498 = CARTESIAN_POINT('',(17.445048827821,-12.92063190119,
    0.989971486277));
#1499 = CARTESIAN_POINT('',(17.69849928128,-13.10792349486,
    0.841668862596));
#1500 = CARTESIAN_POINT('',(17.837614077931,-13.19516247762,
    0.764626675618));
#1501 = CARTESIAN_POINT('',(17.983810841578,-13.27208689253,
    0.687795143248));
#1502 = CARTESIAN_POINT('',(18.13680187347,-13.33823014205,
    0.611392164508));
#1503 = CARTESIAN_POINT('',(18.296291269552,-13.39296155051,
    0.535665461319));
#1504 = CARTESIAN_POINT('',(18.461971743386,-13.43546756919,
    0.460895901944));
#1505 = CARTESIAN_POINT('',(18.695772834761,-13.47521418885,
    0.360762781488));
#1506 = CARTESIAN_POINT('',(18.758750051191,-13.48403574599,
    0.334291605534));
#1507 = CARTESIAN_POINT('',(18.822480695796,-13.49105053834,
    0.308008194424));
#1508 = CARTESIAN_POINT('',(18.886944915887,-13.49620047117,
    0.281931330293));
#1509 = CARTESIAN_POINT('',(18.952119622267,-13.49942198684,
    0.256081967034));
#1510 = CARTESIAN_POINT('',(19.017978451329,-13.50064570291,
    0.230483279353));
#1511 = CARTESIAN_POINT('',(19.165415975559,-13.49876230948,
    0.174351678312));
#1512 = CARTESIAN_POINT('',(19.247303655838,-13.49465959117,
    0.14395337791));
#1513 = CARTESIAN_POINT('',(19.330105503272,-13.48735162924,
    0.114010069577));
#1514 = CARTESIAN_POINT('',(19.413753869718,-13.47668830353,
    8.457531614115E-02));
#1515 = CARTESIAN_POINT('',(19.498162039614,-13.46250560104,
    5.571207136738E-02));
#1516 = CARTESIAN_POINT('',(19.583223545966,-13.44462557705,
    2.749276703377E-02));
#1517 = CARTESIAN_POINT('',(19.66881148634,-13.42285631625,-6.E-07));
#1518 = ORIENTED_EDGE('',*,*,#603,.T.);
#1519 = ORIENTED_EDGE('',*,*,#1520,.T.);
#1520 = EDGE_CURVE('',#593,#566,#1521,.T.);
#1521 = LINE('',#1522,#1523);
#1522 = CARTESIAN_POINT('',(27.,-6.613092715396E-15,-1.5));
#1523 = VECTOR('',#1524,1.);
#1524 = DIRECTION('',(-0.904818702201,2.216166654918E-16,0.42579703633)
  );
#1525 = ORIENTED_EDGE('',*,*,#573,.F.);
#1526 = ORIENTED_EDGE('',*,*,#1520,.F.);
#1527 = ORIENTED_EDGE('',*,*,#592,.T.);
#1528 = ORIENTED_EDGE('',*,*,#1529,.F.);
#1529 = EDGE_CURVE('',#1148,#595,#1530,.T.);
#1530 = B_SPLINE_CURVE_WITH_KNOTS('',6,(#1531,#1532,#1533,#1534,#1535,
    #1536,#1537,#1538,#1539,#1540,#1541,#1542),.UNSPECIFIED.,.F.,.F.,(7,
    5,7),(0.,0.544087970369,1.),.UNSPECIFIED.);
#1531 = CARTESIAN_POINT('',(2.5,22.,0.78631067036));
#1532 = CARTESIAN_POINT('',(2.5,22.162563420582,0.710299437924));
#1533 = CARTESIAN_POINT('',(2.487314824192,22.325923775819,
    0.634580979521));
#1534 = CARTESIAN_POINT('',(2.461713025053,22.489622903269,
    0.559359928057));
#1535 = CARTESIAN_POINT('',(2.422710224828,22.653049859334,
    0.484900395276));
#1536 = CARTESIAN_POINT('',(2.369684894932,22.815437775185,
    0.411521541232));
#1537 = CARTESIAN_POINT('',(2.244714994972,23.110207738954,
    0.279359237933));
#1538 = CARTESIAN_POINT('',(2.177256253358,23.243121928242,
    0.220167111898));
#1539 = CARTESIAN_POINT('',(2.098758425899,23.374038283368,
    0.162245166511));
#1540 = CARTESIAN_POINT('',(2.008548805482,23.502136673847,
    0.105926136256));
#1541 = CARTESIAN_POINT('',(1.905945806059,23.626314417665,
    5.165178044482E-02));
#1542 = CARTESIAN_POINT('',(1.790128818051,23.745118567543,-6.E-07));
#1543 = CONICAL_SURFACE('',#1544,27.,1.130953743979);
#1544 = AXIS2_PLACEMENT_3D('',#1545,#1546,#1547);
#1545 = CARTESIAN_POINT('',(0.,0.,-1.5));
#1546 = DIRECTION('',(-0.,-0.,-1.));
#1547 = DIRECTION('',(1.,0.,-0.));
#1548 = ADVANCED_FACE('',(#1549),#1559,.F.);
#1549 = FACE_BOUND('',#1550,.F.);
#1550 = EDGE_LOOP('',(#1551,#1558));
#1551 = ORIENTED_EDGE('',*,*,#1552,.F.);
#1552 = EDGE_CURVE('',#595,#649,#1553,.T.);
#1553 = CIRCLE('',#1554,23.8125);
#1554 = AXIS2_PLACEMENT_3D('',#1555,#1556,#1557);
#1555 = CARTESIAN_POINT('',(0.,0.,0.));
#1556 = DIRECTION('',(0.,0.,1.));
#1557 = DIRECTION('',(1.,0.,-0.));
#1558 = ORIENTED_EDGE('',*,*,#657,.T.);
#1559 = PLANE('',#1560);
#1560 = AXIS2_PLACEMENT_3D('',#1561,#1562,#1563);
#1561 = CARTESIAN_POINT('',(0.,0.,0.));
#1562 = DIRECTION('',(0.,0.,1.));
#1563 = DIRECTION('',(1.,0.,-0.));
#1564 = ADVANCED_FACE('',(#1565),#1575,.F.);
#1565 = FACE_BOUND('',#1566,.F.);
#1566 = EDGE_LOOP('',(#1567,#1568));
#1567 = ORIENTED_EDGE('',*,*,#639,.T.);
#1568 = ORIENTED_EDGE('',*,*,#1569,.F.);
#1569 = EDGE_CURVE('',#640,#631,#1570,.T.);
#1570 = CIRCLE('',#1571,23.8125);
#1571 = AXIS2_PLACEMENT_3D('',#1572,#1573,#1574);
#1572 = CARTESIAN_POINT('',(0.,0.,0.));
#1573 = DIRECTION('',(0.,0.,1.));
#1574 = DIRECTION('',(1.,0.,-0.));
#1575 = PLANE('',#1576);
#1576 = AXIS2_PLACEMENT_3D('',#1577,#1578,#1579);
#1577 = CARTESIAN_POINT('',(0.,0.,0.));
#1578 = DIRECTION('',(0.,0.,1.));
#1579 = DIRECTION('',(1.,0.,-0.));
#1580 = ADVANCED_FACE('',(#1581),#1592,.F.);
#1581 = FACE_BOUND('',#1582,.F.);
#1582 = EDGE_LOOP('',(#1583,#1584,#1591));
#1583 = ORIENTED_EDGE('',*,*,#612,.T.);
#1584 = ORIENTED_EDGE('',*,*,#1585,.F.);
#1585 = EDGE_CURVE('',#622,#604,#1586,.T.);
#1586 = CIRCLE('',#1587,23.8125);
#1587 = AXIS2_PLACEMENT_3D('',#1588,#1589,#1590);
#1588 = CARTESIAN_POINT('',(0.,0.,0.));
#1589 = DIRECTION('',(0.,0.,1.));
#1590 = DIRECTION('',(1.,0.,-0.));
#1591 = ORIENTED_EDGE('',*,*,#621,.T.);
#1592 = PLANE('',#1593);
#1593 = AXIS2_PLACEMENT_3D('',#1594,#1595,#1596);
#1594 = CARTESIAN_POINT('',(0.,0.,0.));
#1595 = DIRECTION('',(0.,0.,1.));
#1596 = DIRECTION('',(1.,0.,-0.));
#1597 = ADVANCED_FACE('',(#1598),#1651,.F.);
#1598 = FACE_BOUND('',#1599,.F.);
#1599 = EDGE_LOOP('',(#1600,#1601,#1608,#1609,#1610,#1617,#1618,#1627,
    #1635,#1642,#1643,#1650));
#1600 = ORIENTED_EDGE('',*,*,#699,.F.);
#1601 = ORIENTED_EDGE('',*,*,#1602,.T.);
#1602 = EDGE_CURVE('',#700,#826,#1603,.T.);
#1603 = CIRCLE('',#1604,23.8125);
#1604 = AXIS2_PLACEMENT_3D('',#1605,#1606,#1607);
#1605 = CARTESIAN_POINT('',(0.,0.,10.));
#1606 = DIRECTION('',(0.,0.,1.));
#1607 = DIRECTION('',(1.,0.,-0.));
#1608 = ORIENTED_EDGE('',*,*,#823,.F.);
#1609 = ORIENTED_EDGE('',*,*,#924,.F.);
#1610 = ORIENTED_EDGE('',*,*,#1611,.T.);
#1611 = EDGE_CURVE('',#925,#1006,#1612,.T.);
#1612 = CIRCLE('',#1613,23.8125);
#1613 = AXIS2_PLACEMENT_3D('',#1614,#1615,#1616);
#1614 = CARTESIAN_POINT('',(0.,0.,10.));
#1615 = DIRECTION('',(0.,0.,1.));
#1616 = DIRECTION('',(1.,0.,-0.));
#1617 = ORIENTED_EDGE('',*,*,#1014,.F.);
#1618 = ORIENTED_EDGE('',*,*,#1619,.T.);
#1619 = EDGE_CURVE('',#989,#1620,#1622,.T.);
#1620 = VERTEX_POINT('',#1621);
#1621 = CARTESIAN_POINT('',(23.8125,-5.832380380939E-15,10.));
#1622 = CIRCLE('',#1623,23.8125);
#1623 = AXIS2_PLACEMENT_3D('',#1624,#1625,#1626);
#1624 = CARTESIAN_POINT('',(0.,0.,10.));
#1625 = DIRECTION('',(0.,0.,1.));
#1626 = DIRECTION('',(1.,0.,-0.));
#1627 = ORIENTED_EDGE('',*,*,#1628,.T.);
#1628 = EDGE_CURVE('',#1620,#1629,#1631,.T.);
#1629 = VERTEX_POINT('',#1630);
#1630 = CARTESIAN_POINT('',(10.,-2.449293598295E-15,16.5));
#1631 = LINE('',#1632,#1633);
#1632 = CARTESIAN_POINT('',(27.,-6.613092715396E-15,8.5));
#1633 = VECTOR('',#1634,1.);
#1634 = DIRECTION('',(-0.904818702201,2.216166654918E-16,0.42579703633)
  );
#1635 = ORIENTED_EDGE('',*,*,#1636,.F.);
#1636 = EDGE_CURVE('',#1629,#1629,#1637,.T.);
#1637 = CIRCLE('',#1638,10.);
#1638 = AXIS2_PLACEMENT_3D('',#1639,#1640,#1641);
#1639 = CARTESIAN_POINT('',(0.,0.,16.5));
#1640 = DIRECTION('',(0.,0.,1.));
#1641 = DIRECTION('',(1.,0.,-0.));
#1642 = ORIENTED_EDGE('',*,*,#1628,.F.);
#1643 = ORIENTED_EDGE('',*,*,#1644,.T.);
#1644 = EDGE_CURVE('',#1620,#675,#1645,.T.);
#1645 = CIRCLE('',#1646,23.8125);
#1646 = AXIS2_PLACEMENT_3D('',#1647,#1648,#1649);
#1647 = CARTESIAN_POINT('',(0.,0.,10.));
#1648 = DIRECTION('',(0.,0.,1.));
#1649 = DIRECTION('',(1.,0.,-0.));
#1650 = ORIENTED_EDGE('',*,*,#672,.F.);
#1651 = CONICAL_SURFACE('',#1652,27.,1.130953743979);
#1652 = AXIS2_PLACEMENT_3D('',#1653,#1654,#1655);
#1653 = CARTESIAN_POINT('',(0.,0.,8.5));
#1654 = DIRECTION('',(-0.,-0.,-1.));
#1655 = DIRECTION('',(1.,0.,-0.));
#1656 = ADVANCED_FACE('',(#1657,#1668),#1678,.F.);
#1657 = FACE_BOUND('',#1658,.F.);
#1658 = EDGE_LOOP('',(#1659));
#1659 = ORIENTED_EDGE('',*,*,#1660,.T.);
#1660 = EDGE_CURVE('',#1661,#1661,#1663,.T.);
#1661 = VERTEX_POINT('',#1662);
#1662 = CARTESIAN_POINT('',(27.,-6.613092715396E-15,10.));
#1663 = CIRCLE('',#1664,27.);
#1664 = AXIS2_PLACEMENT_3D('',#1665,#1666,#1667);
#1665 = CARTESIAN_POINT('',(0.,0.,10.));
#1666 = DIRECTION('',(0.,0.,1.));
#1667 = DIRECTION('',(1.,0.,-0.));
#1668 = FACE_BOUND('',#1669,.F.);
#1669 = EDGE_LOOP('',(#1670,#1671,#1672,#1673,#1674,#1675,#1676,#1677));
#1670 = ORIENTED_EDGE('',*,*,#1644,.F.);
#1671 = ORIENTED_EDGE('',*,*,#1619,.F.);
#1672 = ORIENTED_EDGE('',*,*,#986,.F.);
#1673 = ORIENTED_EDGE('',*,*,#1005,.F.);
#1674 = ORIENTED_EDGE('',*,*,#1611,.F.);
#1675 = ORIENTED_EDGE('',*,*,#971,.F.);
#1676 = ORIENTED_EDGE('',*,*,#1602,.F.);
#1677 = ORIENTED_EDGE('',*,*,#808,.F.);
#1678 = PLANE('',#1679);
#1679 = AXIS2_PLACEMENT_3D('',#1680,#1681,#1682);
#1680 = CARTESIAN_POINT('',(0.,0.,10.));
#1681 = DIRECTION('',(0.,0.,1.));
#1682 = DIRECTION('',(1.,0.,-0.));
#1683 = ADVANCED_FACE('',(#1684),#1702,.T.);
#1684 = FACE_BOUND('',#1685,.T.);
#1685 = EDGE_LOOP('',(#1686,#1694,#1695));
#1686 = ORIENTED_EDGE('',*,*,#1687,.T.);
#1687 = EDGE_CURVE('',#1688,#1148,#1690,.T.);
#1688 = VERTEX_POINT('',#1689);
#1689 = CARTESIAN_POINT('',(2.5,22.,0.));
#1690 = LINE('',#1691,#1692);
#1691 = CARTESIAN_POINT('',(2.5,22.,0.));
#1692 = VECTOR('',#1693,1.);
#1693 = DIRECTION('',(0.,0.,1.));
#1694 = ORIENTED_EDGE('',*,*,#1147,.F.);
#1695 = ORIENTED_EDGE('',*,*,#1696,.T.);
#1696 = EDGE_CURVE('',#649,#1688,#1697,.T.);
#1697 = CIRCLE('',#1698,2.5);
#1698 = AXIS2_PLACEMENT_3D('',#1699,#1700,#1701);
#1699 = CARTESIAN_POINT('',(1.347111479062E-15,22.,0.));
#1700 = DIRECTION('',(0.,0.,1.));
#1701 = DIRECTION('',(1.,0.,-0.));
#1702 = CYLINDRICAL_SURFACE('',#1703,2.5);
#1703 = AXIS2_PLACEMENT_3D('',#1704,#1705,#1706);
#1704 = CARTESIAN_POINT('',(1.347111479062E-15,22.,0.));
#1705 = DIRECTION('',(0.,0.,1.));
#1706 = DIRECTION('',(1.,0.,-0.));
#1707 = ADVANCED_FACE('',(#1708),#1719,.T.);
#1708 = FACE_BOUND('',#1709,.T.);
#1709 = EDGE_LOOP('',(#1710,#1711,#1712));
#1710 = ORIENTED_EDGE('',*,*,#1529,.F.);
#1711 = ORIENTED_EDGE('',*,*,#1687,.F.);
#1712 = ORIENTED_EDGE('',*,*,#1713,.T.);
#1713 = EDGE_CURVE('',#1688,#595,#1714,.T.);
#1714 = CIRCLE('',#1715,2.5);
#1715 = AXIS2_PLACEMENT_3D('',#1716,#1717,#1718);
#1716 = CARTESIAN_POINT('',(1.347111479062E-15,22.,0.));
#1717 = DIRECTION('',(0.,0.,1.));
#1718 = DIRECTION('',(1.,0.,-0.));
#1719 = CYLINDRICAL_SURFACE('',#1720,2.5);
#1720 = AXIS2_PLACEMENT_3D('',#1721,#1722,#1723);
#1721 = CARTESIAN_POINT('',(1.347111479062E-15,22.,0.));
#1722 = DIRECTION('',(0.,0.,1.));
#1723 = DIRECTION('',(1.,0.,-0.));
#1724 = ADVANCED_FACE('',(#1725),#1735,.T.);
#1725 = FACE_BOUND('',#1726,.T.);
#1726 = EDGE_LOOP('',(#1727,#1728));
#1727 = ORIENTED_EDGE('',*,*,#1394,.F.);
#1728 = ORIENTED_EDGE('',*,*,#1729,.T.);
#1729 = EDGE_CURVE('',#604,#622,#1730,.T.);
#1730 = CIRCLE('',#1731,2.5);
#1731 = AXIS2_PLACEMENT_3D('',#1732,#1733,#1734);
#1732 = CARTESIAN_POINT('',(19.052558883258,-11.,0.));
#1733 = DIRECTION('',(0.,0.,1.));
#1734 = DIRECTION('',(1.,0.,-0.));
#1735 = CYLINDRICAL_SURFACE('',#1736,2.5);
#1736 = AXIS2_PLACEMENT_3D('',#1737,#1738,#1739);
#1737 = CARTESIAN_POINT('',(19.052558883258,-11.,0.));
#1738 = DIRECTION('',(0.,0.,1.));
#1739 = DIRECTION('',(1.,0.,-0.));
#1740 = ADVANCED_FACE('',(#1741),#1759,.T.);
#1741 = FACE_BOUND('',#1742,.T.);
#1742 = EDGE_LOOP('',(#1743,#1751,#1752));
#1743 = ORIENTED_EDGE('',*,*,#1744,.T.);
#1744 = EDGE_CURVE('',#1745,#1258,#1747,.T.);
#1745 = VERTEX_POINT('',#1746);
#1746 = CARTESIAN_POINT('',(-16.55255888325,-11.,0.));
#1747 = LINE('',#1748,#1749);
#1748 = CARTESIAN_POINT('',(-16.55255888325,-11.,0.));
#1749 = VECTOR('',#1750,1.);
#1750 = DIRECTION('',(0.,0.,1.));
#1751 = ORIENTED_EDGE('',*,*,#1348,.F.);
#1752 = ORIENTED_EDGE('',*,*,#1753,.T.);
#1753 = EDGE_CURVE('',#631,#1745,#1754,.T.);
#1754 = CIRCLE('',#1755,2.5);
#1755 = AXIS2_PLACEMENT_3D('',#1756,#1757,#1758);
#1756 = CARTESIAN_POINT('',(-19.05255888325,-11.,0.));
#1757 = DIRECTION('',(0.,0.,1.));
#1758 = DIRECTION('',(1.,0.,-0.));
#1759 = CYLINDRICAL_SURFACE('',#1760,2.5);
#1760 = AXIS2_PLACEMENT_3D('',#1761,#1762,#1763);
#1761 = CARTESIAN_POINT('',(-19.05255888325,-11.,0.));
#1762 = DIRECTION('',(0.,0.,1.));
#1763 = DIRECTION('',(1.,0.,-0.));
#1764 = ADVANCED_FACE('',(#1765),#1776,.T.);
#1765 = FACE_BOUND('',#1766,.T.);
#1766 = EDGE_LOOP('',(#1767,#1768,#1769));
#1767 = ORIENTED_EDGE('',*,*,#1257,.F.);
#1768 = ORIENTED_EDGE('',*,*,#1744,.F.);
#1769 = ORIENTED_EDGE('',*,*,#1770,.T.);
#1770 = EDGE_CURVE('',#1745,#640,#1771,.T.);
#1771 = CIRCLE('',#1772,2.5);
#1772 = AXIS2_PLACEMENT_3D('',#1773,#1774,#1775);
#1773 = CARTESIAN_POINT('',(-19.05255888325,-11.,0.));
#1774 = DIRECTION('',(0.,0.,1.));
#1775 = DIRECTION('',(1.,0.,-0.));
#1776 = CYLINDRICAL_SURFACE('',#1777,2.5);
#1777 = AXIS2_PLACEMENT_3D('',#1778,#1779,#1780);
#1778 = CARTESIAN_POINT('',(-19.05255888325,-11.,0.));
#1779 = DIRECTION('',(0.,0.,1.));
#1780 = DIRECTION('',(1.,0.,-0.));
#1781 = ADVANCED_FACE('',(#1782),#1787,.F.);
#1782 = FACE_BOUND('',#1783,.F.);
#1783 = EDGE_LOOP('',(#1784,#1785,#1786));
#1784 = ORIENTED_EDGE('',*,*,#1696,.T.);
#1785 = ORIENTED_EDGE('',*,*,#1713,.T.);
#1786 = ORIENTED_EDGE('',*,*,#1552,.T.);
#1787 = PLANE('',#1788);
#1788 = AXIS2_PLACEMENT_3D('',#1789,#1790,#1791);
#1789 = CARTESIAN_POINT('',(1.347111479062E-15,22.,0.));
#1790 = DIRECTION('',(0.,0.,1.));
#1791 = DIRECTION('',(1.,0.,-0.));
#1792 = ADVANCED_FACE('',(#1793),#1798,.F.);
#1793 = FACE_BOUND('',#1794,.F.);
#1794 = EDGE_LOOP('',(#1795,#1796,#1797));
#1795 = ORIENTED_EDGE('',*,*,#1753,.T.);
#1796 = ORIENTED_EDGE('',*,*,#1770,.T.);
#1797 = ORIENTED_EDGE('',*,*,#1569,.T.);
#1798 = PLANE('',#1799);
#1799 = AXIS2_PLACEMENT_3D('',#1800,#1801,#1802);
#1800 = CARTESIAN_POINT('',(-19.05255888325,-11.,0.));
#1801 = DIRECTION('',(0.,0.,1.));
#1802 = DIRECTION('',(1.,0.,-0.));
#1803 = ADVANCED_FACE('',(#1804),#1808,.F.);
#1804 = FACE_BOUND('',#1805,.F.);
#1805 = EDGE_LOOP('',(#1806,#1807));
#1806 = ORIENTED_EDGE('',*,*,#1585,.T.);
#1807 = ORIENTED_EDGE('',*,*,#1729,.T.);
#1808 = PLANE('',#1809);
#1809 = AXIS2_PLACEMENT_3D('',#1810,#1811,#1812);
#1810 = CARTESIAN_POINT('',(19.052558883258,-11.,0.));
#1811 = DIRECTION('',(0.,0.,1.));
#1812 = DIRECTION('',(1.,0.,-0.));
#1813 = ADVANCED_FACE('',(#1814),#1833,.F.);
#1814 = FACE_BOUND('',#1815,.F.);
#1815 = EDGE_LOOP('',(#1816,#1825,#1831,#1832));
#1816 = ORIENTED_EDGE('',*,*,#1817,.F.);
#1817 = EDGE_CURVE('',#1818,#1818,#1820,.T.);
#1818 = VERTEX_POINT('',#1819);
#1819 = CARTESIAN_POINT('',(10.,-2.449293598295E-15,18.));
#1820 = CIRCLE('',#1821,10.);
#1821 = AXIS2_PLACEMENT_3D('',#1822,#1823,#1824);
#1822 = CARTESIAN_POINT('',(0.,0.,18.));
#1823 = DIRECTION('',(0.,0.,1.));
#1824 = DIRECTION('',(1.,0.,-0.));
#1825 = ORIENTED_EDGE('',*,*,#1826,.F.);
#1826 = EDGE_CURVE('',#1629,#1818,#1827,.T.);
#1827 = LINE('',#1828,#1829);
#1828 = CARTESIAN_POINT('',(10.,-2.449293598295E-15,9.));
#1829 = VECTOR('',#1830,1.);
#1830 = DIRECTION('',(0.,0.,1.));
#1831 = ORIENTED_EDGE('',*,*,#1636,.T.);
#1832 = ORIENTED_EDGE('',*,*,#1826,.T.);
#1833 = CYLINDRICAL_SURFACE('',#1834,10.);
#1834 = AXIS2_PLACEMENT_3D('',#1835,#1836,#1837);
#1835 = CARTESIAN_POINT('',(0.,0.,9.));
#1836 = DIRECTION('',(0.,0.,1.));
#1837 = DIRECTION('',(1.,0.,-0.));
#1838 = ADVANCED_FACE('',(#1839,#1850,#2006,#2183),#2360,.T.);
#1839 = FACE_BOUND('',#1840,.T.);
#1840 = EDGE_LOOP('',(#1841,#1847,#1848,#1849));
#1841 = ORIENTED_EDGE('',*,*,#1842,.F.);
#1842 = EDGE_CURVE('',#1661,#1818,#1843,.T.);
#1843 = LINE('',#1844,#1845);
#1844 = CARTESIAN_POINT('',(27.,-6.613092715396E-15,10.));
#1845 = VECTOR('',#1846,1.);
#1846 = DIRECTION('',(-0.904818702201,2.216166654918E-16,0.42579703633)
  );
#1847 = ORIENTED_EDGE('',*,*,#1660,.T.);
#1848 = ORIENTED_EDGE('',*,*,#1842,.T.);
#1849 = ORIENTED_EDGE('',*,*,#1817,.F.);
#1850 = FACE_BOUND('',#1851,.T.);
#1851 = EDGE_LOOP('',(#1852));
#1852 = ORIENTED_EDGE('',*,*,#1853,.F.);
#1853 = EDGE_CURVE('',#1854,#1854,#1856,.T.);
#1854 = VERTEX_POINT('',#1855);
#1855 = CARTESIAN_POINT('',(2.5,22.,12.28631067036));
#1856 = B_SPLINE_CURVE_WITH_KNOTS('',8,(#1857,#1858,#1859,#1860,#1861,
    #1862,#1863,#1864,#1865,#1866,#1867,#1868,#1869,#1870,#1871,#1872,
    #1873,#1874,#1875,#1876,#1877,#1878,#1879,#1880,#1881,#1882,#1883,
    #1884,#1885,#1886,#1887,#1888,#1889,#1890,#1891,#1892,#1893,#1894,
    #1895,#1896,#1897,#1898,#1899,#1900,#1901,#1902,#1903,#1904,#1905,
    #1906,#1907,#1908,#1909,#1910,#1911,#1912,#1913,#1914,#1915,#1916,
    #1917,#1918,#1919,#1920,#1921,#1922,#1923,#1924,#1925,#1926,#1927,
    #1928,#1929,#1930,#1931,#1932,#1933,#1934,#1935,#1936,#1937,#1938,
    #1939,#1940,#1941,#1942,#1943,#1944,#1945,#1946,#1947,#1948,#1949,
    #1950,#1951,#1952,#1953,#1954,#1955,#1956,#1957,#1958,#1959,#1960,
    #1961,#1962,#1963,#1964,#1965,#1966,#1967,#1968,#1969,#1970,#1971,
    #1972,#1973,#1974,#1975,#1976,#1977,#1978,#1979,#1980,#1981,#1982,
    #1983,#1984,#1985,#1986,#1987,#1988,#1989,#1990,#1991,#1992,#1993,
    #1994,#1995,#1996,#1997,#1998,#1999,#2000,#2001,#2002,#2003,#2004,
    #2005),.UNSPECIFIED.,.T.,.F.,(9,7,7,7,7,7,7,7,7,7,7,7,7,7,7,7,7,7,7,
    7,7,9),(0.,0.127076139824,0.169285989246,0.199601919606,
    0.244887163905,0.290975538841,0.321329476545,0.364612099265,
    0.40115548551,0.511862984796,0.592639441539,0.619473233045,
    0.650479719151,0.685344697352,0.709518488511,0.744858811166,
    0.780587012563,0.804761091471,0.839626484684,0.905526847792,
    0.978248319821,1.),.UNSPECIFIED.);
#1857 = CARTESIAN_POINT('',(2.5,22.,12.28631067036));
#1858 = CARTESIAN_POINT('',(2.5,22.208063508139,12.189024555058));
#1859 = CARTESIAN_POINT('',(2.480209341364,22.417037703853,
    12.092350716848));
#1860 = CARTESIAN_POINT('',(2.440330366705,22.626478117827,
    11.996474237417));
#1861 = CARTESIAN_POINT('',(2.37939876075,22.835452127787,
    11.901796973941));
#1862 = CARTESIAN_POINT('',(2.296208069323,23.042576050889,
    11.808902749995));
#1863 = CARTESIAN_POINT('',(2.189119995728,23.245887150244,
    11.718597016416));
#1864 = CARTESIAN_POINT('',(2.056468385889,23.442935412346,
    11.631856134487));
#1865 = CARTESIAN_POINT('',(1.841680415224,23.692618457545,
    11.522815072621));
#1866 = CARTESIAN_POINT('',(1.785014286169,23.753763365285,
    11.49618769926));
#1867 = CARTESIAN_POINT('',(1.725149476732,23.813660024445,
    11.470175767786));
#1868 = CARTESIAN_POINT('',(1.662003891866,23.872142578003,
    11.444845496832));
#1869 = CARTESIAN_POINT('',(1.59550453346,23.929017588792,
    11.420274261432));
#1870 = CARTESIAN_POINT('',(1.5255908058,23.98406524981,11.396549995585)
  );
#1871 = CARTESIAN_POINT('',(1.452217821015,24.037040594529,
    11.373770594812));
#1872 = CARTESIAN_POINT('',(1.320158718546,24.124041106404,
    11.336438368747));
#1873 = CARTESIAN_POINT('',(1.263166113596,24.159195547792,
    11.321377976451));
#1874 = CARTESIAN_POINT('',(1.204376573218,24.193037069951,
    11.306902501147));
#1875 = CARTESIAN_POINT('',(1.143796320572,24.225453945177,
    11.293056659174));
#1876 = CARTESIAN_POINT('',(1.081445695911,24.256326128565,
    11.279888531236));
#1877 = CARTESIAN_POINT('',(1.017361734054,24.285527707092,
    11.267448569739));
#1878 = CARTESIAN_POINT('',(0.951600741849,24.312929348692,
    11.25578860613));
#1879 = CARTESIAN_POINT('',(0.783620246122,24.376449350791,
    11.228786615755));
#1880 = CARTESIAN_POINT('',(0.679362335779,24.41021786193,
    11.214457884841));
#1881 = CARTESIAN_POINT('',(0.571815451214,24.439225982128,
    11.202168494012));
#1882 = CARTESIAN_POINT('',(0.461421930356,24.463031118385,
    11.192095969894));
#1883 = CARTESIAN_POINT('',(0.348724841883,24.481245516871,
    11.184395690328));
#1884 = CARTESIAN_POINT('',(0.234376549504,24.493565814943,
    11.179189495475));
#1885 = CARTESIAN_POINT('',(0.119149141111,24.499815015643,
    11.176548756904));
#1886 = CARTESIAN_POINT('',(-0.113298802335,24.500181979139,
    11.176393689478));
#1887 = CARTESIAN_POINT('',(-0.230615220145,24.494082757628,
    11.178971053904));
#1888 = CARTESIAN_POINT('',(-0.347045725056,24.481687591976,
    11.184208738553));
#1889 = CARTESIAN_POINT('',(-0.461774731516,24.463180204876,
    11.192032641947));
#1890 = CARTESIAN_POINT('',(-0.574114594039,24.438880252992,
    11.20231437971));
#1891 = CARTESIAN_POINT('',(-0.683494348307,24.409197638144,
    11.214889716332));
#1892 = CARTESIAN_POINT('',(-0.789450473314,24.374600546546,
    11.229570869504));
#1893 = CARTESIAN_POINT('',(-0.958908607508,24.309909509315,
    11.257073520249));
#1894 = CARTESIAN_POINT('',(-1.024588000434,24.282297630659,
    11.268824278251));
#1895 = CARTESIAN_POINT('',(-1.08858117306,24.25289230142,
    11.281352577938));
#1896 = CARTESIAN_POINT('',(-1.15083313501,24.221823070611,
    11.294606502853));
#1897 = CARTESIAN_POINT('',(-1.211308018033,24.189215898788,
    11.308535583048));
#1898 = CARTESIAN_POINT('',(-1.269986508225,24.155190741851,
    11.323091774948));
#1899 = CARTESIAN_POINT('',(-1.326863278241,24.119859134845,
    11.338230441213));
#1900 = CARTESIAN_POINT('',(-1.46048632995,24.031222020418,
    11.376271197925));
#1901 = CARTESIAN_POINT('',(-1.53536401633,23.976679840343,
    11.399729597089));
#1902 = CARTESIAN_POINT('',(-1.606608042949,23.919983000141,
    11.424171771349));
#1903 = CARTESIAN_POINT('',(-1.674268968931,23.861392928508,
    11.449493252259));
#1904 = CARTESIAN_POINT('',(-1.738413791961,23.801143475679,
    11.47560048457));
#1905 = CARTESIAN_POINT('',(-1.799122392013,23.73943967087,
    11.502411451127));
#1906 = CARTESIAN_POINT('',(-1.856483975084,23.676456479726,
    11.529856297758));
#1907 = CARTESIAN_POINT('',(-1.95627803794,23.558202155047,
    11.581536560516));
#1908 = CARTESIAN_POINT('',(-1.999638800814,23.503263835756,
    11.60560343642));
#1909 = CARTESIAN_POINT('',(-2.040730432668,23.447612976409,
    11.630042563338));
#1910 = CARTESIAN_POINT('',(-2.079605469085,23.391331743092,
    11.654821086981));
#1911 = CARTESIAN_POINT('',(-2.116314443491,23.334494293504,
    11.679909280985));
#1912 = CARTESIAN_POINT('',(-2.150905976526,23.277166975,11.705280506599
    ));
#1913 = CARTESIAN_POINT('',(-2.183426865415,23.219408522642,
    11.730911172355));
#1914 = CARTESIAN_POINT('',(-2.306307133479,22.985141478915,
    11.835151920835));
#1915 = CARTESIAN_POINT('',(-2.380027612639,22.805668920838,
    11.915652121465));
#1916 = CARTESIAN_POINT('',(-2.436454940716,22.62413514529,
    11.997771520427));
#1917 = CARTESIAN_POINT('',(-2.47648926063,22.441588986826,
    12.081083434269));
#1918 = CARTESIAN_POINT('',(-2.500826153611,22.258904892156,
    12.165220692708));
#1919 = CARTESIAN_POINT('',(-2.510005626372,22.076799877509,
    12.249871435874));
#1920 = CARTESIAN_POINT('',(-2.504346285753,21.895837387547,
    12.334781218843));
#1921 = CARTESIAN_POINT('',(-2.468925434658,21.585557449618,
    12.481743650871));
#1922 = CARTESIAN_POINT('',(-2.446104156654,21.455597427864,
    12.543725549581));
#1923 = CARTESIAN_POINT('',(-2.415431125129,21.326756851691,
    12.605603929327));
#1924 = CARTESIAN_POINT('',(-2.37686241526,21.199254661961,
    12.66727130869));
#1925 = CARTESIAN_POINT('',(-2.330288439659,21.073339796971,
    12.728601431881));
#1926 = CARTESIAN_POINT('',(-2.275536318184,20.949290897658,
    12.789448382399));
#1927 = CARTESIAN_POINT('',(-2.21234841529,20.827419947362,
    12.849643679968));
#1928 = CARTESIAN_POINT('',(-2.116387679334,20.668441760802,
    12.928703161548));
#1929 = CARTESIAN_POINT('',(-2.091484676543,20.62908167576,
    12.948322178704));
#1930 = CARTESIAN_POINT('',(-2.065593410125,20.590018633537,
    12.967838048447));
#1931 = CARTESIAN_POINT('',(-2.03869873426,20.551268259684,
    12.987242137463));
#1932 = CARTESIAN_POINT('',(-2.010784294177,20.512847677076,
    13.00652495792));
#1933 = CARTESIAN_POINT('',(-1.981832343889,20.474775557216,
    13.025676127494));
#1934 = CARTESIAN_POINT('',(-1.95182356393,20.437072171534,
    13.044684329393));
#1935 = CARTESIAN_POINT('',(-1.884816168403,20.356644528844,
    13.085321876125));
#1936 = CARTESIAN_POINT('',(-1.847457729627,20.314052909393,
    13.106898322826));
#1937 = CARTESIAN_POINT('',(-1.808628017705,20.272017374675,
    13.12824816685));
#1938 = CARTESIAN_POINT('',(-1.768292241717,20.230575963109,
    13.149350063764));
#1939 = CARTESIAN_POINT('',(-1.726413951097,20.189772136922,
    13.170179632514));
#1940 = CARTESIAN_POINT('',(-1.682954621834,20.149654957881,
    13.19070931761));
#1941 = CARTESIAN_POINT('',(-1.637873242681,20.110279263022,
    13.210908251306));
#1942 = CARTESIAN_POINT('',(-1.538561253093,20.028332285088,
    13.25304413511));
#1943 = CARTESIAN_POINT('',(-1.483897792905,19.985979424226,
    13.274881301631));
#1944 = CARTESIAN_POINT('',(-1.427068795566,19.944729393362,
    13.296207066961));
#1945 = CARTESIAN_POINT('',(-1.368012273153,19.904683558265,
    13.316964316798));
#1946 = CARTESIAN_POINT('',(-1.306672513462,19.865961787684,
    13.33708567337));
#1947 = CARTESIAN_POINT('',(-1.243001618433,19.828701726131,
    13.356493797887));
#1948 = CARTESIAN_POINT('',(-1.176961042564,19.793058066651,
    13.375101692991));
#1949 = CARTESIAN_POINT('',(-1.061071394404,19.735727443563,
    13.405093224058));
#1950 = CARTESIAN_POINT('',(-1.012472572079,19.713115161677,
    13.416940949434));
#1951 = CARTESIAN_POINT('',(-0.962720690503,19.691422703991,
    13.428323726106));
#1952 = CARTESIAN_POINT('',(-0.911817655654,19.670714388567,
    13.43920544545));
#1953 = CARTESIAN_POINT('',(-0.859774875796,19.651059626809,
    13.449547174856));
#1954 = CARTESIAN_POINT('',(-0.80661488395,19.632531424793,
    13.45930798714));
#1955 = CARTESIAN_POINT('',(-0.752372960359,19.615204884597,
    13.46844578996));
#1956 = CARTESIAN_POINT('',(-0.616291890991,19.575692974453,
    13.489304136394));
#1957 = CARTESIAN_POINT('',(-0.533235063815,19.554947236037,
    13.500274800666));
#1958 = CARTESIAN_POINT('',(-0.448141819367,19.53717755911,
    13.509685848068));
#1959 = CARTESIAN_POINT('',(-0.361283202152,19.5226255812,
    13.517402000063));
#1960 = CARTESIAN_POINT('',(-0.272992935279,19.511503762054,
    13.52330422913));
#1961 = CARTESIAN_POINT('',(-0.18367361104,19.503978051539,
    13.527299753376));
#1962 = CARTESIAN_POINT('',(-9.380389202689E-02,19.500144972038,
    13.529334796156));
#1963 = CARTESIAN_POINT('',(8.689667640904E-02,19.499859701661,
    13.529486251895));
#1964 = CARTESIAN_POINT('',(0.177787992306,19.503488888191,
    13.527559461122));
#1965 = CARTESIAN_POINT('',(0.268143297694,19.510897332334,
    13.523626062121));
#1966 = CARTESIAN_POINT('',(0.357465807532,19.521988598396,
    13.517739768149));
#1967 = CARTESIAN_POINT('',(0.445337446423,19.536593081469,
    13.509995401226));
#1968 = CARTESIAN_POINT('',(0.531411445014,19.554492040554,
    13.500515516254));
#1969 = CARTESIAN_POINT('',(0.61540596532,19.575435740911,13.48943993004
    ));
#1970 = CARTESIAN_POINT('',(0.752372960359,19.615204884597,
    13.46844578996));
#1971 = CARTESIAN_POINT('',(0.80661488395,19.632531424793,13.45930798714
    ));
#1972 = CARTESIAN_POINT('',(0.859774875796,19.651059626809,
    13.449547174856));
#1973 = CARTESIAN_POINT('',(0.911817655655,19.670714388567,
    13.43920544545));
#1974 = CARTESIAN_POINT('',(0.962720690504,19.691422703992,
    13.428323726106));
#1975 = CARTESIAN_POINT('',(1.012472572079,19.713115161677,
    13.416940949434));
#1976 = CARTESIAN_POINT('',(1.061071394405,19.735727443563,
    13.405093224058));
#1977 = CARTESIAN_POINT('',(1.176961042564,19.793058066651,
    13.375101692991));
#1978 = CARTESIAN_POINT('',(1.243001618434,19.828701726131,
    13.356493797887));
#1979 = CARTESIAN_POINT('',(1.306672513463,19.865961787685,
    13.33708567337));
#1980 = CARTESIAN_POINT('',(1.368012273153,19.904683558265,
    13.316964316798));
#1981 = CARTESIAN_POINT('',(1.427068795567,19.944729393362,
    13.296207066961));
#1982 = CARTESIAN_POINT('',(1.483897792905,19.985979424226,
    13.274881301631));
#1983 = CARTESIAN_POINT('',(1.538561253094,20.028332285088,
    13.25304413511));
#1984 = CARTESIAN_POINT('',(1.690480277956,20.153687793822,
    13.188588248103));
#1985 = CARTESIAN_POINT('',(1.78227436842,20.23926511988,13.144800024526
    ));
#1986 = CARTESIAN_POINT('',(1.866989701907,20.327889638062,
    13.099688391545));
#1987 = CARTESIAN_POINT('',(1.944983730062,20.419119159071,
    13.05350253445));
#1988 = CARTESIAN_POINT('',(2.016560841579,20.512590641667,
    13.006444897835));
#1989 = CARTESIAN_POINT('',(2.081991960428,20.608013616706,
    12.958676055752));
#1990 = CARTESIAN_POINT('',(2.141510719589,20.705172315285,
    12.910315331435));
#1991 = CARTESIAN_POINT('',(2.254686689078,20.912899088499,
    12.807512209852));
#1992 = CARTESIAN_POINT('',(2.307065737793,21.023751917157,
    12.752989262147));
#1993 = CARTESIAN_POINT('',(2.352703381359,21.136244874596,
    12.698005245184));
#1994 = CARTESIAN_POINT('',(2.391767634108,21.25016352975,
    12.642674876454));
#1995 = CARTESIAN_POINT('',(2.424369072772,21.365312967424,
    12.587099471498));
#1996 = CARTESIAN_POINT('',(2.450575582451,21.481515129765,
    12.531368854815));
#1997 = CARTESIAN_POINT('',(2.470415267371,21.598608101629,
    12.475562279391));
#1998 = CARTESIAN_POINT('',(2.487891224381,21.751694170671,
    12.403053882083));
#1999 = CARTESIAN_POINT('',(2.491343317483,21.787006301692,
    12.386359446219));
#2000 = CARTESIAN_POINT('',(2.494223288151,21.822379323305,
    12.36966713562));
#2001 = CARTESIAN_POINT('',(2.496530287516,21.857808776562,
    12.352979040299));
#2002 = CARTESIAN_POINT('',(2.498263135434,21.893290153171,
    12.336297251934));
#2003 = CARTESIAN_POINT('',(2.499420320491,21.928818895494,
    12.31962386387));
#2004 = CARTESIAN_POINT('',(2.5,21.964390396547,12.302960971119));
#2005 = CARTESIAN_POINT('',(2.5,22.,12.28631067036));
#2006 = FACE_BOUND('',#2007,.T.);
#2007 = EDGE_LOOP('',(#2008));
#2008 = ORIENTED_EDGE('',*,*,#2009,.F.);
#2009 = EDGE_CURVE('',#2010,#2010,#2012,.T.);
#2010 = VERTEX_POINT('',#2011);
#2011 = CARTESIAN_POINT('',(-16.55255888325,-11.,13.353277631402));
#2012 = B_SPLINE_CURVE_WITH_KNOTS('',7,(#2013,#2014,#2015,#2016,#2017,
    #2018,#2019,#2020,#2021,#2022,#2023,#2024,#2025,#2026,#2027,#2028,
    #2029,#2030,#2031,#2032,#2033,#2034,#2035,#2036,#2037,#2038,#2039,
    #2040,#2041,#2042,#2043,#2044,#2045,#2046,#2047,#2048,#2049,#2050,
    #2051,#2052,#2053,#2054,#2055,#2056,#2057,#2058,#2059,#2060,#2061,
    #2062,#2063,#2064,#2065,#2066,#2067,#2068,#2069,#2070,#2071,#2072,
    #2073,#2074,#2075,#2076,#2077,#2078,#2079,#2080,#2081,#2082,#2083,
    #2084,#2085,#2086,#2087,#2088,#2089,#2090,#2091,#2092,#2093,#2094,
    #2095,#2096,#2097,#2098,#2099,#2100,#2101,#2102,#2103,#2104,#2105,
    #2106,#2107,#2108,#2109,#2110,#2111,#2112,#2113,#2114,#2115,#2116,
    #2117,#2118,#2119,#2120,#2121,#2122,#2123,#2124,#2125,#2126,#2127,
    #2128,#2129,#2130,#2131,#2132,#2133,#2134,#2135,#2136,#2137,#2138,
    #2139,#2140,#2141,#2142,#2143,#2144,#2145,#2146,#2147,#2148,#2149,
    #2150,#2151,#2152,#2153,#2154,#2155,#2156,#2157,#2158,#2159,#2160,
    #2161,#2162,#2163,#2164,#2165,#2166,#2167,#2168,#2169,#2170,#2171,
    #2172,#2173,#2174,#2175,#2176,#2177,#2178,#2179,#2180,#2181,#2182),
  .UNSPECIFIED.,.T.,.F.,(8,6,6,6,6,6,6,6,6,6,6,6,6,6,6,6,6,6,6,6,6,6,6,6
    ,6,6,6,6,8),(0.,3.08502122256E-02,4.395557928563E-02,
    5.191925212568E-02,6.90953746004E-02,9.263404856701E-02,
    0.104851556444,0.128599281288,0.163446878619,0.194440520307,
    0.221265970752,0.302032960287,0.413311211733,0.44982854156,
    0.492621685735,0.523404482058,0.538899134933,0.569103839503,
    0.589777458466,0.599313843928,0.614812901323,0.645154011917,
    0.688417431928,0.724946932575,0.835634387938,0.910675418008,
    0.936119008938,0.966106104501,1.),.UNSPECIFIED.);
#2013 = CARTESIAN_POINT('',(-16.55255888325,-11.,13.353277631402));
#2014 = CARTESIAN_POINT('',(-16.55255888325,-10.92525344955,
    13.372746171743));
#2015 = CARTESIAN_POINT('',(-16.55516612905,-10.84919821805,
    13.391426643596));
#2016 = CARTESIAN_POINT('',(-16.56054518146,-10.77186258466,
    13.409230547098));
#2017 = CARTESIAN_POINT('',(-16.56887540974,-10.69331997018,
    13.426050093385));
#2018 = CARTESIAN_POINT('',(-16.58034250762,-10.61369247032,
    13.441760846443));
#2019 = CARTESIAN_POINT('',(-16.59512434198,-10.53315585847,
    13.456227047321));
#2020 = CARTESIAN_POINT('',(-16.62112248759,-10.41744761625,
    13.474867181385));
#2021 = CARTESIAN_POINT('',(-16.62949870577,-10.38282957166,
    13.480174749181));
#2022 = CARTESIAN_POINT('',(-16.63851083714,-10.34811137845,
    13.485221515482));
#2023 = CARTESIAN_POINT('',(-16.64816879231,-10.31331497169,
    13.489996532295));
#2024 = CARTESIAN_POINT('',(-16.6584808671,-10.27846481261,13.4944889308
    ));
#2025 = CARTESIAN_POINT('',(-16.66945326586,-10.24358793409,
    13.498688139901));
#2026 = CARTESIAN_POINT('',(-16.6881606327,-10.18752230854,
    13.504951546258));
#2027 = CARTESIAN_POINT('',(-16.69547680004,-10.16633167961,
    13.507207027995));
#2028 = CARTESIAN_POINT('',(-16.70303897696,-10.14514878458,
    13.509348268266));
#2029 = CARTESIAN_POINT('',(-16.71084761736,-10.12398058931,
    13.511373099107));
#2030 = CARTESIAN_POINT('',(-16.71890277886,-10.10283434035,
    13.513279466314));
#2031 = CARTESIAN_POINT('',(-16.7272041228,-10.08171756481,
    13.515065429438));
#2032 = CARTESIAN_POINT('',(-16.75418471221,-10.01517362408,
    13.520317514945));
#2033 = CARTESIAN_POINT('',(-16.7737611835,-9.969880182664,
    13.523337507704));
#2034 = CARTESIAN_POINT('',(-16.79447124602,-9.924839431922,
    13.525770715873));
#2035 = CARTESIAN_POINT('',(-16.81629745012,-9.880134010611,
    13.527602492228));
#2036 = CARTESIAN_POINT('',(-16.83921305282,-9.835847055539,
    13.528822545956));
#2037 = CARTESIAN_POINT('',(-16.86318109207,-9.792061746619,
    13.529425522085));
#2038 = CARTESIAN_POINT('',(-16.92237634506,-9.689657048677,
    13.529392475551));
#2039 = CARTESIAN_POINT('',(-16.958491999,-9.631539647903,
    13.528214709018));
#2040 = CARTESIAN_POINT('',(-16.99637382154,-9.574728318139,
    13.525878138979));
#2041 = CARTESIAN_POINT('',(-17.03587657996,-9.519403918265,
    13.522402530135));
#2042 = CARTESIAN_POINT('',(-17.07684124687,-9.465712452178,
    13.517824078761));
#2043 = CARTESIAN_POINT('',(-17.11909983697,-9.413769023473,
    13.51219193723));
#2044 = CARTESIAN_POINT('',(-17.18499640027,-9.337654143345,
    13.502124958859));
#2045 = CARTESIAN_POINT('',(-17.20781674796,-9.312138857906,
    13.498416814302));
#2046 = CARTESIAN_POINT('',(-17.23091872113,-9.28712668549,
    13.494448228604));
#2047 = CARTESIAN_POINT('',(-17.25428040224,-9.262625607807,
    13.49022758933));
#2048 = CARTESIAN_POINT('',(-17.27788067649,-9.238641148348,
    13.4857635855));
#2049 = CARTESIAN_POINT('',(-17.30169938629,-9.215176684131,
    13.481065045218));
#2050 = CARTESIAN_POINT('',(-17.37240255614,-9.147638549077,
    13.466569242396));
#2051 = CARTESIAN_POINT('',(-17.41983888581,-9.105015916653,
    13.456145237368));
#2052 = CARTESIAN_POINT('',(-17.46789004984,-9.064372572721,
    13.444933097206));
#2053 = CARTESIAN_POINT('',(-17.51643403078,-9.025692811303,
    13.432996448903));
#2054 = CARTESIAN_POINT('',(-17.56536439543,-8.988943757418,
    13.420396191137));
#2055 = CARTESIAN_POINT('',(-17.61459147168,-8.954080616598,
    13.407188477944));
#2056 = CARTESIAN_POINT('',(-17.7366098562,-8.872585362903,
    13.373222695579));
#2057 = CARTESIAN_POINT('',(-17.80964644988,-8.828077978433,
    13.351825059172));
#2058 = CARTESIAN_POINT('',(-17.88293775671,-8.787355269081,
    13.329384123604));
#2059 = CARTESIAN_POINT('',(-17.95630749046,-8.75023991693,
    13.306035535332));
#2060 = CARTESIAN_POINT('',(-18.0296182607,-8.716556380464,
    13.281895428173));
#2061 = CARTESIAN_POINT('',(-18.10277120507,-8.686135486988,
    13.257059594643));
#2062 = CARTESIAN_POINT('',(-18.24057388639,-8.634523615938,
    13.208961119453));
#2063 = CARTESIAN_POINT('',(-18.30525950082,-8.612687541468,
    13.185831713747));
#2064 = CARTESIAN_POINT('',(-18.36971316088,-8.593201262045,
    13.162269466015));
#2065 = CARTESIAN_POINT('',(-18.43389300883,-8.575966196268,
    13.138322487701));
#2066 = CARTESIAN_POINT('',(-18.49776477721,-8.560893535969,
    13.114032343002));
#2067 = CARTESIAN_POINT('',(-18.56130193281,-8.547903061255,
    13.089434415991));
#2068 = CARTESIAN_POINT('',(-18.67917240021,-8.527417647858,
    13.043027616047));
#2069 = CARTESIAN_POINT('',(-18.73359213257,-8.519419020428,
    13.021289400875));
#2070 = CARTESIAN_POINT('',(-18.7877314571,-8.512879252847,
    12.999363343292));
#2071 = CARTESIAN_POINT('',(-18.84157792717,-8.507756221451,
    12.977267199517));
#2072 = CARTESIAN_POINT('',(-18.89512033458,-8.504012009456,
    12.955016877804));
#2073 = CARTESIAN_POINT('',(-18.94834883397,-8.501612417094,
    12.93262654533));
#2074 = CARTESIAN_POINT('',(-19.16054697517,-8.497256870102,
    12.842311336923));
#2075 = CARTESIAN_POINT('',(-19.31687453573,-8.50589659575,
    12.773376606619));
#2076 = CARTESIAN_POINT('',(-19.47006844737,-8.525591476321,
    12.703622931039));
#2077 = CARTESIAN_POINT('',(-19.61988830522,-8.555794652336,
    12.633308348689));
#2078 = CARTESIAN_POINT('',(-19.76608174517,-8.596097450236,
    12.562650559711));
#2079 = CARTESIAN_POINT('',(-19.90838524714,-8.646232096801,
    12.491828582882));
#2080 = CARTESIAN_POINT('',(-20.23682620938,-8.788545911723,
    12.323382578703));
#2081 = CARTESIAN_POINT('',(-20.41899575567,-8.889357703237,
    12.225853062131));
#2082 = CARTESIAN_POINT('',(-20.59240791113,-9.008194683548,
    12.12872448349));
#2083 = CARTESIAN_POINT('',(-20.75590431639,-9.145126294934,
    12.032431233208));
#2084 = CARTESIAN_POINT('',(-20.90784275568,-9.300403620421,
    11.937528564769));
#2085 = CARTESIAN_POINT('',(-21.04619120443,-9.474321376221,
    11.844677175962));
#2086 = CARTESIAN_POINT('',(-21.2079975361,-9.731255475415,11.7251840901
    ));
#2087 = CARTESIAN_POINT('',(-21.24618482907,-9.796822298816,
    11.695979482393));
#2088 = CARTESIAN_POINT('',(-21.28247289872,-9.864494002987,
    11.667127643915));
#2089 = CARTESIAN_POINT('',(-21.31673973006,-9.934287440579,
    11.638667639982));
#2090 = CARTESIAN_POINT('',(-21.34884813543,-10.00621491964,
    11.61064468035));
#2091 = CARTESIAN_POINT('',(-21.37864518641,-10.0802841368,
    11.583110225558));
#2092 = CARTESIAN_POINT('',(-21.43797267134,-10.24581010499,
    11.524495820448));
#2093 = CARTESIAN_POINT('',(-21.46657188943,-10.33805275309,
    11.493624972019));
#2094 = CARTESIAN_POINT('',(-21.49149219937,-10.43324118869,
    11.463598441428));
#2095 = CARTESIAN_POINT('',(-21.51242026399,-10.5313508581,
    11.434529579176));
#2096 = CARTESIAN_POINT('',(-21.52900374531,-10.63231130591,
    11.406554606534));
#2097 = CARTESIAN_POINT('',(-21.54085854029,-10.73599996085,
    11.379831029263));
#2098 = CARTESIAN_POINT('',(-21.55240816221,-10.9186556382,
    11.336340376101));
#2099 = CARTESIAN_POINT('',(-21.55458107965,-10.99638291214,
    11.318886539687));
#2100 = CARTESIAN_POINT('',(-21.55394430987,-11.07534313377,
    11.302241536584));
#2101 = CARTESIAN_POINT('',(-21.55033947208,-11.15542934797,
    11.286481683059));
#2102 = CARTESIAN_POINT('',(-21.54360993427,-11.23649935957,
    11.271689808149));
#2103 = CARTESIAN_POINT('',(-21.53361048387,-11.31837283862,
    11.257952444668));
#2104 = CARTESIAN_POINT('',(-21.51347532988,-11.44233279993,
    11.239017059148));
#2105 = CARTESIAN_POINT('',(-21.50587396803,-11.48398354576,
    11.232966578357));
#2106 = CARTESIAN_POINT('',(-21.49739749451,-11.52575137741,
    11.227216807062));
#2107 = CARTESIAN_POINT('',(-21.48803210335,-11.56760415515,
    11.221778988557));
#2108 = CARTESIAN_POINT('',(-21.47776617894,-11.60950687297,
    11.216664182472));
#2109 = CARTESIAN_POINT('',(-21.4665908741,-11.65142164626,
    11.211883067061));
#2110 = CARTESIAN_POINT('',(-21.43093252559,-11.77495882613,
    11.198795782723));
#2111 = CARTESIAN_POINT('',(-21.40388260945,-11.85651794548,
    11.191450521358));
#2112 = CARTESIAN_POINT('',(-21.37331568491,-11.93765918166,
    11.185487757308));
#2113 = CARTESIAN_POINT('',(-21.3392416502,-12.0180427522,
    11.180972297131));
#2114 = CARTESIAN_POINT('',(-21.301725611,-12.09731963954,11.17795156495
    ));
#2115 = CARTESIAN_POINT('',(-21.26089793486,-12.17513626255,
    11.176451213389));
#2116 = CARTESIAN_POINT('',(-21.18689392002,-12.30315934553,
    11.176484095741));
#2117 = CARTESIAN_POINT('',(-21.15536407813,-12.35433769841,
    11.177209424007));
#2118 = CARTESIAN_POINT('',(-21.12243827212,-12.40456427007,
    11.178646706807));
#2119 = CARTESIAN_POINT('',(-21.08818906221,-12.45374133497,
    11.180790329605));
#2120 = CARTESIAN_POINT('',(-21.05269693929,-12.50178274513,
    11.183629594029));
#2121 = CARTESIAN_POINT('',(-21.01604918748,-12.54861329655,
    11.187149236081));
#2122 = CARTESIAN_POINT('',(-20.96094356803,-12.61518174225,
    11.193258433285));
#2123 = CARTESIAN_POINT('',(-20.94332184626,-12.63592441052,
    11.195327637522));
#2124 = CARTESIAN_POINT('',(-20.92548247017,-12.65639007922,
    11.197535674192));
#2125 = CARTESIAN_POINT('',(-20.90743433544,-12.67657333775,
    11.199880535627));
#2126 = CARTESIAN_POINT('',(-20.88918634475,-12.69646938608,
    11.202360089354));
#2127 = CARTESIAN_POINT('',(-20.87074740783,-12.71607403478,
    11.204972078098));
#2128 = CARTESIAN_POINT('',(-20.82186262412,-12.76676684156,
    11.212170636512));
#2129 = CARTESIAN_POINT('',(-20.79111782409,-12.79737086565,
    11.216970726532));
#2130 = CARTESIAN_POINT('',(-20.75993011842,-12.82718028417,
    11.222104259614));
#2131 = CARTESIAN_POINT('',(-20.7283367406,-12.85618394223,
    11.227560532114));
#2132 = CARTESIAN_POINT('',(-20.69637380302,-12.88437451582,
    11.2333284645));
#2133 = CARTESIAN_POINT('',(-20.66407601965,-12.91174800434,
    11.239396798889));
#2134 = CARTESIAN_POINT('',(-20.56765914119,-12.99028798674,
    11.258199797971));
#2135 = CARTESIAN_POINT('',(-20.50268833392,-13.03913417612,
    11.271752886076));
#2136 = CARTESIAN_POINT('',(-20.43680668554,-13.08483932509,
    11.286329835092));
#2137 = CARTESIAN_POINT('',(-20.3702332175,-13.12743752292,
    11.30184779919));
#2138 = CARTESIAN_POINT('',(-20.30316111663,-13.16699024057,
    11.318227436859));
#2139 = CARTESIAN_POINT('',(-20.23575555801,-13.20357715686,
    11.335395535263));
#2140 = CARTESIAN_POINT('',(-20.07175487314,-13.28535386185,
    11.378799996939));
#2141 = CARTESIAN_POINT('',(-19.9749740964,-13.3275619319,
    11.405779127593));
#2142 = CARTESIAN_POINT('',(-19.87818432368,-13.3641830027,
    11.434041273134));
#2143 = CARTESIAN_POINT('',(-19.78169497141,-13.39549748829,
    11.463423231061));
#2144 = CARTESIAN_POINT('',(-19.68575160802,-13.42178446168,
    11.493784034668));
#2145 = CARTESIAN_POINT('',(-19.59053781567,-13.44331170759,
    11.52500663794));
#2146 = CARTESIAN_POINT('',(-19.4165034716,-13.47469161582,
    11.584012881972));
#2147 = CARTESIAN_POINT('',(-19.33744947649,-13.48583787832,
    11.611571506642));
#2148 = CARTESIAN_POINT('',(-19.25909682982,-13.49391259546,
    11.639617747618));
#2149 = CARTESIAN_POINT('',(-19.18151513054,-13.49905199288,
    11.668100224889));
#2150 = CARTESIAN_POINT('',(-19.10476215349,-13.50138095377,
    11.696973798331));
#2151 = CARTESIAN_POINT('',(-19.02888418953,-13.50101348335,
    11.726199460768));
#2152 = CARTESIAN_POINT('',(-18.7267576424,-13.48908318598,
    11.845267366656));
#2153 = CARTESIAN_POINT('',(-18.50816939745,-13.45631610549,
    11.937635991849));
#2154 = CARTESIAN_POINT('',(-18.29883406655,-13.40268292683,
    12.032032778994));
#2155 = CARTESIAN_POINT('',(-18.0994993589,-13.3300631543,
    12.127807293551));
#2156 = CARTESIAN_POINT('',(-17.91075964179,-13.23998135988,
    12.224412839313));
#2157 = CARTESIAN_POINT('',(-17.7331261846,-13.13346266111,
    12.321421183284));
#2158 = CARTESIAN_POINT('',(-17.45467081273,-12.92777534631,
    12.484332055863));
#2159 = CARTESIAN_POINT('',(-17.34761564849,-12.83734559842,
    12.550144088081));
#2160 = CARTESIAN_POINT('',(-17.24620985993,-12.73974948842,
    12.615827138156));
#2161 = CARTESIAN_POINT('',(-17.15074357051,-12.63506889255,
    12.681237167343));
#2162 = CARTESIAN_POINT('',(-17.06157982781,-12.52333304292,
    12.746205645719));
#2163 = CARTESIAN_POINT('',(-16.97917338044,-12.40449688393,
    12.81053499181));
#2164 = CARTESIAN_POINT('',(-16.8786815142,-12.23561052602,
    12.89550390775));
#2165 = CARTESIAN_POINT('',(-16.85408387167,-12.1920120143,
    12.916916778098));
#2166 = CARTESIAN_POINT('',(-16.83035816554,-12.1475725344,
    12.938217817245));
#2167 = CARTESIAN_POINT('',(-16.80753110761,-12.10228566796,
    12.959396071174));
#2168 = CARTESIAN_POINT('',(-16.78563221397,-12.05614429798,
    12.980439386118));
#2169 = CARTESIAN_POINT('',(-16.76469405083,-12.00914035905,
    13.001334339068));
#2170 = CARTESIAN_POINT('',(-16.72124991053,-11.90483955942,
    13.046500114919));
#2171 = CARTESIAN_POINT('',(-16.69913236731,-11.84720540335,
    13.070706688079));
#2172 = CARTESIAN_POINT('',(-16.6784581173,-11.78834543071,
    13.094662291786));
#2173 = CARTESIAN_POINT('',(-16.65929332337,-11.72824439041,
    13.118339140313));
#2174 = CARTESIAN_POINT('',(-16.6417128604,-11.66688779585,
    13.141704973458));
#2175 = CARTESIAN_POINT('',(-16.62580113092,-11.60426125186,
    13.16472277184));
#2176 = CARTESIAN_POINT('',(-16.59566135807,-11.4681117521,
    13.212926170576));
#2177 = CARTESIAN_POINT('',(-16.58192470146,-11.39424117926,
    13.238000322745));
#2178 = CARTESIAN_POINT('',(-16.57057802268,-11.31870962978,
    13.262514703766));
#2179 = CARTESIAN_POINT('',(-16.56177866957,-11.24150526325,
    13.286395953122));
#2180 = CARTESIAN_POINT('',(-16.5557056212,-11.16263351066,
    13.309555448959));
#2181 = CARTESIAN_POINT('',(-16.55255888325,-11.08211775304,
    13.331889182323));
#2182 = CARTESIAN_POINT('',(-16.55255888325,-11.,13.353277631402));
#2183 = FACE_BOUND('',#2184,.T.);
#2184 = EDGE_LOOP('',(#2185));
#2185 = ORIENTED_EDGE('',*,*,#2186,.F.);
#2186 = EDGE_CURVE('',#2187,#2187,#2189,.T.);
#2187 = VERTEX_POINT('',#2188);
#2188 = CARTESIAN_POINT('',(21.552558883258,-11.,11.318883932834));
#2189 = B_SPLINE_CURVE_WITH_KNOTS('',7,(#2190,#2191,#2192,#2193,#2194,
    #2195,#2196,#2197,#2198,#2199,#2200,#2201,#2202,#2203,#2204,#2205,
    #2206,#2207,#2208,#2209,#2210,#2211,#2212,#2213,#2214,#2215,#2216,
    #2217,#2218,#2219,#2220,#2221,#2222,#2223,#2224,#2225,#2226,#2227,
    #2228,#2229,#2230,#2231,#2232,#2233,#2234,#2235,#2236,#2237,#2238,
    #2239,#2240,#2241,#2242,#2243,#2244,#2245,#2246,#2247,#2248,#2249,
    #2250,#2251,#2252,#2253,#2254,#2255,#2256,#2257,#2258,#2259,#2260,
    #2261,#2262,#2263,#2264,#2265,#2266,#2267,#2268,#2269,#2270,#2271,
    #2272,#2273,#2274,#2275,#2276,#2277,#2278,#2279,#2280,#2281,#2282,
    #2283,#2284,#2285,#2286,#2287,#2288,#2289,#2290,#2291,#2292,#2293,
    #2294,#2295,#2296,#2297,#2298,#2299,#2300,#2301,#2302,#2303,#2304,
    #2305,#2306,#2307,#2308,#2309,#2310,#2311,#2312,#2313,#2314,#2315,
    #2316,#2317,#2318,#2319,#2320,#2321,#2322,#2323,#2324,#2325,#2326,
    #2327,#2328,#2329,#2330,#2331,#2332,#2333,#2334,#2335,#2336,#2337,
    #2338,#2339,#2340,#2341,#2342,#2343,#2344,#2345,#2346,#2347,#2348,
    #2349,#2350,#2351,#2352,#2353,#2354,#2355,#2356,#2357,#2358,#2359),
  .UNSPECIFIED.,.T.,.F.,(8,6,6,6,6,6,6,6,6,6,6,6,6,6,6,6,6,6,6,6,6,6,6,6
    ,6,6,6,6,8),(0.,4.718907565622E-02,8.442912789535E-02,0.115184097316
    ,0.199511931431,0.280279468201,0.307105100401,0.338098952085,
    0.372946785526,0.396694671272,0.408912261928,0.432451095381,
    0.455985833391,0.468198666391,0.492385188486,0.527269216646,
    0.558290017706,0.584561692677,0.665923359757,0.776615250082,
    0.813146214373,0.856411367837,0.886753694122,0.902253372525,
    0.911790140085,0.932464587387,0.960271832733,0.974032493615,1.),
  .UNSPECIFIED.);
#2190 = CARTESIAN_POINT('',(21.552558883258,-11.,11.318883932834));
#2191 = CARTESIAN_POINT('',(21.552558883258,-10.87951061428,
    11.344659862988));
#2192 = CARTESIAN_POINT('',(21.545783811166,-10.76181374236,
    11.372416778486));
#2193 = CARTESIAN_POINT('',(21.532799549963,-10.64725184072,
    11.401890870628));
#2194 = CARTESIAN_POINT('',(21.51415066456,-10.53605977406,
    11.432846563924));
#2195 = CARTESIAN_POINT('',(21.490343043017,-10.42837755655,
    11.465080454602));
#2196 = CARTESIAN_POINT('',(21.461826537746,-10.32426309305,
    11.498425249122));
#2197 = CARTESIAN_POINT('',(21.403054320667,-10.14434774804,
    11.559844578846));
#2198 = CARTESIAN_POINT('',(21.374437354681,-10.06721851545,
    11.587543545796));
#2199 = CARTESIAN_POINT('',(21.343316013381,-9.99231961077,
    11.615784803912));
#2200 = CARTESIAN_POINT('',(21.309861310726,-9.919646831975,
    11.644509955165));
#2201 = CARTESIAN_POINT('',(21.274226493747,-9.84918960355,
    11.673667899071));
#2202 = CARTESIAN_POINT('',(21.236547566258,-9.780931193301,
    11.703214728645));
#2203 = CARTESIAN_POINT('',(21.164236763048,-9.660274408159,
    11.757805849603));
#2204 = CARTESIAN_POINT('',(21.130218228055,-9.607186417867,
    11.782737177446));
#2205 = CARTESIAN_POINT('',(21.094956192521,-9.555573669248,
    11.807886235579));
#2206 = CARTESIAN_POINT('',(21.0585129029,-9.505425308262,
    11.833233452982));
#2207 = CARTESIAN_POINT('',(21.020945135065,-9.456730785124,
    11.858761023751));
#2208 = CARTESIAN_POINT('',(20.982304462184,-9.40947972357,
    11.88445286893));
#2209 = CARTESIAN_POINT('',(20.833873730463,-9.238032431222,
    11.981150694565));
#2210 = CARTESIAN_POINT('',(20.717422760146,-9.123210006351,
    12.053115202818));
#2211 = CARTESIAN_POINT('',(20.594214388126,-9.018934071714,
    12.125914055656));
#2212 = CARTESIAN_POINT('',(20.464984044082,-8.925087610244,
    12.19930491935));
#2213 = CARTESIAN_POINT('',(20.330331404535,-8.841626347099,
    12.273071656496));
#2214 = CARTESIAN_POINT('',(20.190733900026,-8.768574065524,
    12.347021729196));
#2215 = CARTESIAN_POINT('',(19.908385247147,-8.646232096801,
    12.491828582882));
#2216 = CARTESIAN_POINT('',(19.766081745176,-8.596097450236,
    12.562650559711));
#2217 = CARTESIAN_POINT('',(19.61988830523,-8.555794652336,
    12.633308348688));
#2218 = CARTESIAN_POINT('',(19.470068447371,-8.525591476321,
    12.70362293104));
#2219 = CARTESIAN_POINT('',(19.316874535732,-8.50589659575,
    12.773376606619));
#2220 = CARTESIAN_POINT('',(19.160546975176,-8.497256870102,
    12.842311336923));
#2221 = CARTESIAN_POINT('',(18.948348833975,-8.501612417094,
    12.93262654533));
#2222 = CARTESIAN_POINT('',(18.895120334585,-8.504012009456,
    12.955016877804));
#2223 = CARTESIAN_POINT('',(18.841577927171,-8.507756221451,
    12.977267199517));
#2224 = CARTESIAN_POINT('',(18.787731457104,-8.512879252847,
    12.999363343292));
#2225 = CARTESIAN_POINT('',(18.733592132577,-8.519419020428,
    13.021289400875));
#2226 = CARTESIAN_POINT('',(18.67917240021,-8.527417647858,
    13.043027616047));
#2227 = CARTESIAN_POINT('',(18.561301932813,-8.547903061255,
    13.089434415991));
#2228 = CARTESIAN_POINT('',(18.49776477722,-8.560893535969,
    13.114032343002));
#2229 = CARTESIAN_POINT('',(18.433893008836,-8.575966196268,
    13.138322487701));
#2230 = CARTESIAN_POINT('',(18.36971316088,-8.593201262045,
    13.162269466015));
#2231 = CARTESIAN_POINT('',(18.305259500825,-8.612687541468,
    13.185831713747));
#2232 = CARTESIAN_POINT('',(18.240573886397,-8.634523615938,
    13.208961119453));
#2233 = CARTESIAN_POINT('',(18.102771205075,-8.686135486988,
    13.257059594643));
#2234 = CARTESIAN_POINT('',(18.029618260701,-8.716556380464,
    13.281895428173));
#2235 = CARTESIAN_POINT('',(17.956307490462,-8.75023991693,
    13.306035535332));
#2236 = CARTESIAN_POINT('',(17.882937756712,-8.787355269081,
    13.329384123604));
#2237 = CARTESIAN_POINT('',(17.809646449882,-8.828077978433,
    13.351825059172));
#2238 = CARTESIAN_POINT('',(17.736609856202,-8.872585362903,
    13.373222695579));
#2239 = CARTESIAN_POINT('',(17.614591471684,-8.954080616598,
    13.407188477944));
#2240 = CARTESIAN_POINT('',(17.565364395432,-8.988943757418,
    13.420396191137));
#2241 = CARTESIAN_POINT('',(17.516434030789,-9.025692811303,
    13.432996448903));
#2242 = CARTESIAN_POINT('',(17.467890049847,-9.064372572721,
    13.444933097206));
#2243 = CARTESIAN_POINT('',(17.419838885811,-9.105015916653,
    13.456145237368));
#2244 = CARTESIAN_POINT('',(17.372402556141,-9.147638549077,
    13.466569242396));
#2245 = CARTESIAN_POINT('',(17.301699386292,-9.215176684131,
    13.481065045218));
#2246 = CARTESIAN_POINT('',(17.277880676496,-9.238641148348,
    13.4857635855));
#2247 = CARTESIAN_POINT('',(17.254280402245,-9.262625607807,
    13.49022758933));
#2248 = CARTESIAN_POINT('',(17.230918721135,-9.28712668549,
    13.494448228604));
#2249 = CARTESIAN_POINT('',(17.207816747962,-9.312138857906,
    13.498416814302));
#2250 = CARTESIAN_POINT('',(17.184996400274,-9.337654143345,
    13.502124958859));
#2251 = CARTESIAN_POINT('',(17.119099836976,-9.413769023473,
    13.51219193723));
#2252 = CARTESIAN_POINT('',(17.076841246875,-9.465712452178,
    13.517824078761));
#2253 = CARTESIAN_POINT('',(17.035876579969,-9.519403918265,
    13.522402530135));
#2254 = CARTESIAN_POINT('',(16.996373821542,-9.574728318139,
    13.525878138979));
#2255 = CARTESIAN_POINT('',(16.958491999001,-9.631539647903,
    13.528214709018));
#2256 = CARTESIAN_POINT('',(16.922376345062,-9.689657048677,
    13.529392475551));
#2257 = CARTESIAN_POINT('',(16.853936531152,-9.808054354489,
    13.529430682984));
#2258 = CARTESIAN_POINT('',(16.821602904949,-9.868349115903,
    13.528291532704));
#2259 = CARTESIAN_POINT('',(16.791280153861,-9.929526081059,
    13.525993564504));
#2260 = CARTESIAN_POINT('',(16.76305303058,-9.991369223821,
    13.522556134664));
#2261 = CARTESIAN_POINT('',(16.73696924877,-10.05366776051,
    13.518015076213));
#2262 = CARTESIAN_POINT('',(16.713045262879,-10.1162183634,
    13.512419253815));
#2263 = CARTESIAN_POINT('',(16.679973318476,-10.21131693888,
    13.502406275576));
#2264 = CARTESIAN_POINT('',(16.669252737519,-10.24382510525,
    13.498716845402));
#2265 = CARTESIAN_POINT('',(16.65910842618,-10.27632690444,
    13.494766720916));
#2266 = CARTESIAN_POINT('',(16.649536422439,-10.30879930787,
    13.490564264517));
#2267 = CARTESIAN_POINT('',(16.640531028323,-10.34122120587,
    13.48611814564));
#2268 = CARTESIAN_POINT('',(16.63208515709,-10.37357338646,
    13.481437178153));
#2269 = CARTESIAN_POINT('',(16.608556311654,-10.46973697406,
    13.466812203155));
#2270 = CARTESIAN_POINT('',(16.595085449768,-10.5332908493,
    13.456208066462));
#2271 = CARTESIAN_POINT('',(16.583712444876,-10.59637129727,
    13.444785722031));
#2272 = CARTESIAN_POINT('',(16.574358452334,-10.65887492495,
    13.432612414437));
#2273 = CARTESIAN_POINT('',(16.566937031259,-10.72072203754,
    13.419752460286));
#2274 = CARTESIAN_POINT('',(16.561359743052,-10.78185488719,
    13.406265049991));
#2275 = CARTESIAN_POINT('',(16.55203508886,-10.92932300684,
    13.371919096079));
#2276 = CARTESIAN_POINT('',(16.550188848611,-11.01482925113,
    13.350442883914));
#2277 = CARTESIAN_POINT('',(16.551743755198,-11.09865708745,
    13.327927412601));
#2278 = CARTESIAN_POINT('',(16.556458096919,-11.18074390789,
    13.304507941782));
#2279 = CARTESIAN_POINT('',(16.564111392753,-11.26105951205,
    13.280300206635));
#2280 = CARTESIAN_POINT('',(16.574508060761,-11.33960355528,
    13.25539963329));
#2281 = CARTESIAN_POINT('',(16.599017416185,-11.48469729455,
    13.207187582238));
#2282 = CARTESIAN_POINT('',(16.612589276323,-11.55160176597,
    13.184008958504));
#2283 = CARTESIAN_POINT('',(16.628077462992,-11.61712877112,
    13.160399474366));
#2284 = CARTESIAN_POINT('',(16.645375975827,-11.68129155315,
    13.136407035252));
#2285 = CARTESIAN_POINT('',(16.664391057141,-11.74410496384,
    13.112073028585));
#2286 = CARTESIAN_POINT('',(16.685040231067,-11.80558618895,
    13.087432691675));
#2287 = CARTESIAN_POINT('',(16.726062046667,-11.91671314844,
    13.041412965355));
#2288 = CARTESIAN_POINT('',(16.745992358839,-11.96672783632,
    13.020112670497));
#2289 = CARTESIAN_POINT('',(16.766998067916,-12.01581044272,
    12.998633001948));
#2290 = CARTESIAN_POINT('',(16.789039198932,-12.06397060717,
    12.976990575893));
#2291 = CARTESIAN_POINT('',(16.81207968761,-12.11121702107,
    12.955200313781));
#2292 = CARTESIAN_POINT('',(16.836087054712,-12.15755774548,
    12.933275538311));
#2293 = CARTESIAN_POINT('',(16.938285200998,-12.34373387045,
    12.842948493572));
#2294 = CARTESIAN_POINT('',(17.024510209309,-12.4758163331,
    12.773510928679));
#2295 = CARTESIAN_POINT('',(17.118862221699,-12.59953673474,
    12.703241390362));
#2296 = CARTESIAN_POINT('',(17.220734627282,-12.71496115283,
    12.632403646965));
#2297 = CARTESIAN_POINT('',(17.329637199689,-12.8220744502,
    12.561220079264));
#2298 = CARTESIAN_POINT('',(17.445199419001,-12.92077908859,
    12.489873313724));
#2299 = CARTESIAN_POINT('',(17.733126184606,-13.13346266111,
    12.321421183283));
#2300 = CARTESIAN_POINT('',(17.910759641798,-13.23998135988,
    12.224412839313));
#2301 = CARTESIAN_POINT('',(18.099499358902,-13.3300631543,
    12.12780729355));
#2302 = CARTESIAN_POINT('',(18.298834066554,-13.40268292683,
    12.032032778995));
#2303 = CARTESIAN_POINT('',(18.508169397455,-13.45631610549,
    11.937635991848));
#2304 = CARTESIAN_POINT('',(18.726757642402,-13.48908318598,
    11.845267366656));
#2305 = CARTESIAN_POINT('',(19.028884189536,-13.50101348335,
    11.726199460768));
#2306 = CARTESIAN_POINT('',(19.104762153494,-13.50138095377,
    11.69697379833));
#2307 = CARTESIAN_POINT('',(19.181515130541,-13.49905199288,
    11.668100224889));
#2308 = CARTESIAN_POINT('',(19.259096829829,-13.49391259546,
    11.639617747618));
#2309 = CARTESIAN_POINT('',(19.337449476496,-13.48583787832,
    11.611571506642));
#2310 = CARTESIAN_POINT('',(19.416503471603,-13.47469161582,
    11.584012881972));
#2311 = CARTESIAN_POINT('',(19.590537815677,-13.44331170759,
    11.52500663794));
#2312 = CARTESIAN_POINT('',(19.685751608022,-13.42178446168,
    11.493784034668));
#2313 = CARTESIAN_POINT('',(19.781694971418,-13.39549748829,
    11.463423231061));
#2314 = CARTESIAN_POINT('',(19.878184323689,-13.3641830027,
    11.434041273134));
#2315 = CARTESIAN_POINT('',(19.974974096409,-13.3275619319,
    11.405779127593));
#2316 = CARTESIAN_POINT('',(20.071754873149,-13.28535386185,
    11.378799996939));
#2317 = CARTESIAN_POINT('',(20.235755558018,-13.20357715686,
    11.335395535263));
#2318 = CARTESIAN_POINT('',(20.303161116638,-13.16699024057,
    11.318227436859));
#2319 = CARTESIAN_POINT('',(20.370233217501,-13.12743752292,
    11.30184779919));
#2320 = CARTESIAN_POINT('',(20.436806685544,-13.08483932509,
    11.286329835092));
#2321 = CARTESIAN_POINT('',(20.502688333923,-13.03913417612,
    11.271752886076));
#2322 = CARTESIAN_POINT('',(20.567659141198,-12.99028798674,
    11.258199797971));
#2323 = CARTESIAN_POINT('',(20.664076019653,-12.91174800434,
    11.239396798889));
#2324 = CARTESIAN_POINT('',(20.696373803026,-12.88437451582,
    11.2333284645));
#2325 = CARTESIAN_POINT('',(20.728336740601,-12.85618394223,
    11.227560532114));
#2326 = CARTESIAN_POINT('',(20.759930118429,-12.82718028417,
    11.222104259614));
#2327 = CARTESIAN_POINT('',(20.791117824094,-12.79737086565,
    11.216970726532));
#2328 = CARTESIAN_POINT('',(20.821862624125,-12.76676684156,
    11.212170636512));
#2329 = CARTESIAN_POINT('',(20.870747407833,-12.71607403478,
    11.204972078098));
#2330 = CARTESIAN_POINT('',(20.889186344755,-12.69646938608,
    11.202360089354));
#2331 = CARTESIAN_POINT('',(20.907434335442,-12.67657333775,
    11.199880535627));
#2332 = CARTESIAN_POINT('',(20.925482470179,-12.65639007922,
    11.197535674192));
#2333 = CARTESIAN_POINT('',(20.943321846267,-12.63592441052,
    11.195327637522));
#2334 = CARTESIAN_POINT('',(20.960943568032,-12.61518174225,
    11.193258433285));
#2335 = CARTESIAN_POINT('',(21.016049187485,-12.54861329655,
    11.187149236081));
#2336 = CARTESIAN_POINT('',(21.052696939293,-12.50178274513,
    11.183629594029));
#2337 = CARTESIAN_POINT('',(21.088189062217,-12.45374133497,
    11.180790329605));
#2338 = CARTESIAN_POINT('',(21.122438272123,-12.40456427007,
    11.178646706807));
#2339 = CARTESIAN_POINT('',(21.155364078137,-12.35433769841,
    11.177209424007));
#2340 = CARTESIAN_POINT('',(21.186893920028,-12.30315934553,
    11.176484095741));
#2341 = CARTESIAN_POINT('',(21.257409139534,-12.18117169636,
    11.176452763573));
#2342 = CARTESIAN_POINT('',(21.29522082696,-12.10966883352,
    11.177722826971));
#2343 = CARTESIAN_POINT('',(21.330240234751,-12.03690410686,
    11.180281311235));
#2344 = CARTESIAN_POINT('',(21.362361238217,-11.96315251999,
    11.18410990647));
#2345 = CARTESIAN_POINT('',(21.391524462038,-11.88868744451,
    11.189174375632));
#2346 = CARTESIAN_POINT('',(21.417711021218,-11.81377753168,
    11.19542732381));
#2347 = CARTESIAN_POINT('',(21.452429477535,-11.70152274087,
    11.206464828781));
#2348 = CARTESIAN_POINT('',(21.463198255577,-11.66431398136,
    11.210395898237));
#2349 = CARTESIAN_POINT('',(21.473245355526,-11.62708695731,
    11.214597271154));
#2350 = CARTESIAN_POINT('',(21.482575289801,-11.58986958291,
    11.21906177558));
#2351 = CARTESIAN_POINT('',(21.491194323878,-11.55268807482,
    11.223781972324));
#2352 = CARTESIAN_POINT('',(21.499110476294,-11.51556695215,
    11.228750154957));
#2353 = CARTESIAN_POINT('',(21.519963997591,-11.40863542298,
    11.243786644724));
#2354 = CARTESIAN_POINT('',(21.531125338657,-11.33903928368,
    11.25446971435));
#2355 = CARTESIAN_POINT('',(21.539881992721,-11.26989047413,
    11.265955127553));
#2356 = CARTESIAN_POINT('',(21.546313197449,-11.2013162675,
    11.278189857164));
#2357 = CARTESIAN_POINT('',(21.550507767254,-11.13342253262,
    11.291121860964));
#2358 = CARTESIAN_POINT('',(21.552558883258,-11.06629491203,
    11.304701662654));
#2359 = CARTESIAN_POINT('',(21.552558883258,-11.,11.318883932834));
#2360 = CONICAL_SURFACE('',#2361,27.,1.130953743979);
#2361 = AXIS2_PLACEMENT_3D('',#2362,#2363,#2364);
#2362 = CARTESIAN_POINT('',(0.,0.,10.));
#2363 = DIRECTION('',(-0.,-0.,-1.));
#2364 = DIRECTION('',(1.,0.,-0.));
#2365 = ADVANCED_FACE('',(#2366),#2511,.T.);
#2366 = FACE_BOUND('',#2367,.T.);
#2367 = EDGE_LOOP('',(#2368,#2387,#2393,#2394,#2395,#2504));
#2368 = ORIENTED_EDGE('',*,*,#2369,.F.);
#2369 = EDGE_CURVE('',#2370,#2372,#2374,.T.);
#2370 = VERTEX_POINT('',#2371);
#2371 = CARTESIAN_POINT('',(2.5,22.,20.78631067036));
#2372 = VERTEX_POINT('',#2373);
#2373 = CARTESIAN_POINT('',(1.790130163394,23.7451171875,20.));
#2374 = B_SPLINE_CURVE_WITH_KNOTS('',6,(#2375,#2376,#2377,#2378,#2379,
    #2380,#2381,#2382,#2383,#2384,#2385,#2386),.UNSPECIFIED.,.F.,.F.,(7,
    5,7),(0.,0.544088450865,1.),.UNSPECIFIED.);
#2375 = CARTESIAN_POINT('',(2.5,22.,20.78631067036));
#2376 = CARTESIAN_POINT('',(2.5,22.162563420582,20.710299437924));
#2377 = CARTESIAN_POINT('',(2.487314824192,22.325923775819,
    20.634580979521));
#2378 = CARTESIAN_POINT('',(2.461713025053,22.489622903269,
    20.559359928057));
#2379 = CARTESIAN_POINT('',(2.422710224828,22.653049859334,
    20.484900395276));
#2380 = CARTESIAN_POINT('',(2.369684894932,22.815437775185,
    20.411521541232));
#2381 = CARTESIAN_POINT('',(2.244715105336,23.110207478637,
    20.279359354648));
#2382 = CARTESIAN_POINT('',(2.177256514576,23.243121413622,
    20.220167341078));
#2383 = CARTESIAN_POINT('',(2.098758881767,23.374037523046,
    20.162245502905));
#2384 = CARTESIAN_POINT('',(2.008549504129,23.502135681709,
    20.105926572455));
#2385 = CARTESIAN_POINT('',(1.905946799552,23.626313215311,
    20.051652305957));
#2386 = CARTESIAN_POINT('',(1.790130163394,23.7451171875,20.));
#2387 = ORIENTED_EDGE('',*,*,#2388,.F.);
#2388 = EDGE_CURVE('',#1854,#2370,#2389,.T.);
#2389 = LINE('',#2390,#2391);
#2390 = CARTESIAN_POINT('',(2.5,22.,0.));
#2391 = VECTOR('',#2392,1.);
#2392 = DIRECTION('',(0.,0.,1.));
#2393 = ORIENTED_EDGE('',*,*,#1853,.T.);
#2394 = ORIENTED_EDGE('',*,*,#2388,.T.);
#2395 = ORIENTED_EDGE('',*,*,#2396,.F.);
#2396 = EDGE_CURVE('',#2397,#2370,#2399,.T.);
#2397 = VERTEX_POINT('',#2398);
#2398 = CARTESIAN_POINT('',(-1.790130163394,23.7451171875,20.));
#2399 = B_SPLINE_CURVE_WITH_KNOTS('',7,(#2400,#2401,#2402,#2403,#2404,
    #2405,#2406,#2407,#2408,#2409,#2410,#2411,#2412,#2413,#2414,#2415,
    #2416,#2417,#2418,#2419,#2420,#2421,#2422,#2423,#2424,#2425,#2426,
    #2427,#2428,#2429,#2430,#2431,#2432,#2433,#2434,#2435,#2436,#2437,
    #2438,#2439,#2440,#2441,#2442,#2443,#2444,#2445,#2446,#2447,#2448,
    #2449,#2450,#2451,#2452,#2453,#2454,#2455,#2456,#2457,#2458,#2459,
    #2460,#2461,#2462,#2463,#2464,#2465,#2466,#2467,#2468,#2469,#2470,
    #2471,#2472,#2473,#2474,#2475,#2476,#2477,#2478,#2479,#2480,#2481,
    #2482,#2483,#2484,#2485,#2486,#2487,#2488,#2489,#2490,#2491,#2492,
    #2493,#2494,#2495,#2496,#2497,#2498,#2499,#2500,#2501,#2502,#2503),
  .UNSPECIFIED.,.F.,.F.,(8,6,6,6,6,6,6,6,6,6,6,6,6,6,6,6,6,8),(0.,
    5.984769864412E-02,0.109033247779,0.245488101959,0.370746115559,
    0.411655261303,0.459735831358,0.513545821471,0.550560176486,
    0.569384727058,0.605658680135,0.642308532421,0.661135552469,
    0.698156110507,0.751975471819,0.854282438785,0.966245966528,1.),
  .UNSPECIFIED.);
#2400 = CARTESIAN_POINT('',(-1.790130163394,23.7451171875,20.));
#2401 = CARTESIAN_POINT('',(-1.851706345895,23.681952729301,
    20.027461959902));
#2402 = CARTESIAN_POINT('',(-1.90965944032,23.617302950901,
    20.055648202323));
#2403 = CARTESIAN_POINT('',(-1.964091835364,23.551373017475,
    20.084477006068));
#2404 = CARTESIAN_POINT('',(-2.015104054759,23.484343517219,
    20.11387617429));
#2405 = CARTESIAN_POINT('',(-2.062794449348,23.416371069152,
    20.143782948162));
#2406 = CARTESIAN_POINT('',(-2.107258889172,23.347588930944,
    20.174143920546));
#2407 = CARTESIAN_POINT('',(-2.182558608615,23.221004707791,
    20.230203974951));
#2408 = CARTESIAN_POINT('',(-2.214408839288,23.163432600922,
    20.255768620275));
#2409 = CARTESIAN_POINT('',(-2.244191582413,23.105454579553,
    20.28158351791));
#2410 = CARTESIAN_POINT('',(-2.271953590904,23.047127998083,
    20.307625561499));
#2411 = CARTESIAN_POINT('',(-2.297738228325,22.98850448446,
    20.333873857267));
#2412 = CARTESIAN_POINT('',(-2.321585761471,22.929630152774,
    20.360309675231));
#2413 = CARTESIAN_POINT('',(-2.404423413938,22.706628878456,
    20.460731105542));
#2414 = CARTESIAN_POINT('',(-2.450673179592,22.541148195148,
    20.53583754743));
#2415 = CARTESIAN_POINT('',(-2.483117234566,22.374909811561,
    20.611909756327));
#2416 = CARTESIAN_POINT('',(-2.502313394763,22.208595518351,
    20.688663146001));
#2417 = CARTESIAN_POINT('',(-2.508664334609,22.04278421909,
    20.765846770256));
#2418 = CARTESIAN_POINT('',(-2.502432519383,21.877964350093,
    20.843239918456));
#2419 = CARTESIAN_POINT('',(-2.46640627382,21.564520401539,
    20.99171402591));
#2420 = CARTESIAN_POINT('',(-2.438596563778,21.415754474311,
    21.062755200148));
#2421 = CARTESIAN_POINT('',(-2.400262944925,21.268544950798,
    21.133631332978));
#2422 = CARTESIAN_POINT('',(-2.351304206946,21.123257205736,
    21.204161792522));
#2423 = CARTESIAN_POINT('',(-2.291489945647,20.980318346262,
    21.274126691465));
#2424 = CARTESIAN_POINT('',(-2.220462863698,20.840215043623,
    21.343265241174));
#2425 = CARTESIAN_POINT('',(-2.110482941172,20.658885618016,
    21.43346080847));
#2426 = CARTESIAN_POINT('',(-2.082142256161,20.614611954699,
    21.455541825522));
#2427 = CARTESIAN_POINT('',(-2.052515351508,20.570728500265,
    21.477486295119));
#2428 = CARTESIAN_POINT('',(-2.021578484847,20.527259890941,
    21.499280596139));
#2429 = CARTESIAN_POINT('',(-1.989305508447,20.48423364037,
    21.520909458609));
#2430 = CARTESIAN_POINT('',(-1.955667414769,20.441680267621,
    21.542355863953));
#2431 = CARTESIAN_POINT('',(-1.879454576661,20.350215718814,
    21.588570315809));
#2432 = CARTESIAN_POINT('',(-1.836348920697,20.301499971894,
    21.613260441179));
#2433 = CARTESIAN_POINT('',(-1.791260741007,20.253539104548,
    21.637641550783));
#2434 = CARTESIAN_POINT('',(-1.744133353487,20.206396671012,
    21.661678000844));
#2435 = CARTESIAN_POINT('',(-1.694906444662,20.160147335384,
    21.685327901223));
#2436 = CARTESIAN_POINT('',(-1.643514953299,20.114877347351,
    21.708542742263));
#2437 = CARTESIAN_POINT('',(-1.529870601837,20.021226602459,
    21.756699191971));
#2438 = CARTESIAN_POINT('',(-1.46706329029,19.973126383682,
    21.781512577607));
#2439 = CARTESIAN_POINT('',(-1.401359814492,19.926515403109,
    21.805632916226));
#2440 = CARTESIAN_POINT('',(-1.332663447188,19.881562953942,
    21.828964927443));
#2441 = CARTESIAN_POINT('',(-1.260891033253,19.838474639805,
    21.851393122819));
#2442 = CARTESIAN_POINT('',(-1.1859770862,19.797490433479,
    21.872782615872));
#2443 = CARTESIAN_POINT('',(-1.054155675023,19.732325603198,
    21.90687308895));
#2444 = CARTESIAN_POINT('',(-0.99893334747,19.706896609775,
    21.920200239563));
#2445 = CARTESIAN_POINT('',(-0.942201732724,19.682685567066,
    21.93291088989));
#2446 = CARTESIAN_POINT('',(-0.883966832962,19.659794925598,
    21.944947541501));
#2447 = CARTESIAN_POINT('',(-0.824253937558,19.638335983623,
    21.956247789368));
#2448 = CARTESIAN_POINT('',(-0.7631117388,19.618425096009,
    21.966746419657));
#2449 = CARTESIAN_POINT('',(-0.668832947147,19.590900836325,
    21.981275631517));
#2450 = CARTESIAN_POINT('',(-0.636700251805,19.582052807537,
    21.985949266892));
#2451 = CARTESIAN_POINT('',(-0.604229169873,19.573651360108,
    21.990389698376));
#2452 = CARTESIAN_POINT('',(-0.571432628259,19.565712096666,
    21.994588190783));
#2453 = CARTESIAN_POINT('',(-0.538325861838,19.558250373952,
    21.99853614888));
#2454 = CARTESIAN_POINT('',(-0.504926602823,19.551281017649,
    22.002225277252));
#2455 = CARTESIAN_POINT('',(-0.406372321763,19.532364202095,
    22.012242652418));
#2456 = CARTESIAN_POINT('',(-0.340468205151,19.521788601135,
    22.017848473327));
#2457 = CARTESIAN_POINT('',(-0.273703894444,19.513195061705,
    22.022407207489));
#2458 = CARTESIAN_POINT('',(-0.206261372059,19.506670559238,
    22.025870234871));
#2459 = CARTESIAN_POINT('',(-0.138344619755,19.50227914901,
    22.028201731039));
#2460 = CARTESIAN_POINT('',(-7.018060970319E-02,19.500055897929,
    22.029382087375));
#2461 = CARTESIAN_POINT('',(6.684634930997E-02,19.49994516391,
    22.029440878285));
#2462 = CARTESIAN_POINT('',(0.135727151836,19.502102839691,
    22.02829533805));
#2463 = CARTESIAN_POINT('',(0.204362848647,19.506475029001,
    22.025974013651));
#2464 = CARTESIAN_POINT('',(0.272518987688,19.513026275115,
    22.022496732281));
#2465 = CARTESIAN_POINT('',(0.339984910786,19.521690827545,
    22.017900266953));
#2466 = CARTESIAN_POINT('',(0.406572736216,19.532378990354,
    22.012234758176));
#2467 = CARTESIAN_POINT('',(0.505786074963,19.551458388774,
    22.002131383668));
#2468 = CARTESIAN_POINT('',(0.53918329274,19.558439558835,
    21.998436039987));
#2469 = CARTESIAN_POINT('',(0.572287605434,19.565912953031,
    21.994481950501));
#2470 = CARTESIAN_POINT('',(0.605081310946,19.573863730933,
    21.990277418913));
#2471 = CARTESIAN_POINT('',(0.637549204637,19.582276524341,
    21.985831046908));
#2472 = CARTESIAN_POINT('',(0.669678389734,19.591135722325,
    21.98115157436));
#2473 = CARTESIAN_POINT('',(0.76394817648,19.618693237794,21.96660501235
    ));
#2474 = CARTESIAN_POINT('',(0.825083938651,19.638625808307,
    21.956095112424));
#2475 = CARTESIAN_POINT('',(0.884789383943,19.66010579759,
    21.944783973065));
#2476 = CARTESIAN_POINT('',(0.943016007955,19.683016833797,
    21.932736817982));
#2477 = CARTESIAN_POINT('',(0.999738679875,19.707247627059,
    21.920016047799));
#2478 = CARTESIAN_POINT('',(1.054951530172,19.732695753103,
    21.906679146575));
#2479 = CARTESIAN_POINT('',(1.186749158182,19.797906357613,
    21.872565471924));
#2480 = CARTESIAN_POINT('',(1.261648285668,19.838916582609,
    21.85116290463));
#2481 = CARTESIAN_POINT('',(1.33340523967,19.882029810737,21.82872230611
    ));
#2482 = CARTESIAN_POINT('',(1.402085708802,19.927006184379,
    21.805378498744));
#2483 = CARTESIAN_POINT('',(1.467772974217,19.973640217961,
    21.781246904877));
#2484 = CARTESIAN_POINT('',(1.530563832454,20.02176272651,
    21.756422744115));
#2485 = CARTESIAN_POINT('',(1.704621765212,20.165300941376,
    21.682615732663));
#2486 = CARTESIAN_POINT('',(1.808512724367,20.26419541834,
    21.632052448653));
#2487 = CARTESIAN_POINT('',(1.90301844944,20.367037873928,
    21.579794279194));
#2488 = CARTESIAN_POINT('',(1.988666947134,20.473155508772,
    21.526219545026));
#2489 = CARTESIAN_POINT('',(2.065926936876,20.582017800573,
    21.471621953711));
#2490 = CARTESIAN_POINT('',(2.135190792188,20.693246364111,
    21.416209945408));
#2491 = CARTESIAN_POINT('',(2.26417530463,20.930679934076,
    21.298720928018));
#2492 = CARTESIAN_POINT('',(2.322333311713,21.057224799123,
    21.236549462472));
#2493 = CARTESIAN_POINT('',(2.371646921627,21.185871435739,
    21.173804982321));
#2494 = CARTESIAN_POINT('',(2.412347775335,21.316290973478,
    21.110662047431));
#2495 = CARTESIAN_POINT('',(2.444571947188,21.448189805486,
    21.047270821616));
#2496 = CARTESIAN_POINT('',(2.468382962994,21.581305197637,
    20.98376075776));
#2497 = CARTESIAN_POINT('',(2.488381074449,21.755837028296,
    20.901090735416));
#2498 = CARTESIAN_POINT('',(2.492245688344,21.79635344404,
    20.881941028659));
#2499 = CARTESIAN_POINT('',(2.495341723823,21.836950568382,
    20.862794687782));
#2500 = CARTESIAN_POINT('',(2.497667681115,21.877621168636,
    20.843655094714));
#2501 = CARTESIAN_POINT('',(2.499221388038,21.918357912248,
    20.82452563463));
#2502 = CARTESIAN_POINT('',(2.5,21.959153366798,20.805409695956));
#2503 = CARTESIAN_POINT('',(2.5,22.,20.78631067036));
#2504 = ORIENTED_EDGE('',*,*,#2505,.F.);
#2505 = EDGE_CURVE('',#2372,#2397,#2506,.T.);
#2506 = CIRCLE('',#2507,2.5);
#2507 = AXIS2_PLACEMENT_3D('',#2508,#2509,#2510);
#2508 = CARTESIAN_POINT('',(1.347111479062E-15,22.,20.));
#2509 = DIRECTION('',(0.,0.,1.));
#2510 = DIRECTION('',(1.,0.,-0.));
#2511 = CYLINDRICAL_SURFACE('',#2512,2.5);
#2512 = AXIS2_PLACEMENT_3D('',#2513,#2514,#2515);
#2513 = CARTESIAN_POINT('',(1.347111479062E-15,22.,0.));
#2514 = DIRECTION('',(0.,0.,1.));
#2515 = DIRECTION('',(1.,0.,-0.));
#2516 = ADVANCED_FACE('',(#2517),#2674,.T.);
#2517 = FACE_BOUND('',#2518,.T.);
#2518 = EDGE_LOOP('',(#2519,#2612,#2618,#2619,#2620,#2667));
#2519 = ORIENTED_EDGE('',*,*,#2520,.F.);
#2520 = EDGE_CURVE('',#2521,#2523,#2525,.T.);
#2521 = VERTEX_POINT('',#2522);
#2522 = CARTESIAN_POINT('',(-16.55255888325,-11.,21.853277631402));
#2523 = VERTEX_POINT('',#2524);
#2524 = CARTESIAN_POINT('',(-21.45893978191,-10.32226039617,20.));
#2525 = B_SPLINE_CURVE_WITH_KNOTS('',7,(#2526,#2527,#2528,#2529,#2530,
    #2531,#2532,#2533,#2534,#2535,#2536,#2537,#2538,#2539,#2540,#2541,
    #2542,#2543,#2544,#2545,#2546,#2547,#2548,#2549,#2550,#2551,#2552,
    #2553,#2554,#2555,#2556,#2557,#2558,#2559,#2560,#2561,#2562,#2563,
    #2564,#2565,#2566,#2567,#2568,#2569,#2570,#2571,#2572,#2573,#2574,
    #2575,#2576,#2577,#2578,#2579,#2580,#2581,#2582,#2583,#2584,#2585,
    #2586,#2587,#2588,#2589,#2590,#2591,#2592,#2593,#2594,#2595,#2596,
    #2597,#2598,#2599,#2600,#2601,#2602,#2603,#2604,#2605,#2606,#2607,
    #2608,#2609,#2610,#2611),.UNSPECIFIED.,.F.,.F.,(8,6,6,6,6,6,6,6,6,6,
    6,6,6,6,8),(0.,6.693930255317E-02,9.537554552894E-02,0.112655255042,
    0.149924290685,0.200998896163,0.227508647547,0.279036855089,
    0.354649750195,0.421900268375,0.480106576012,0.655356130512,
    0.847003306632,0.915663233043,1.),.UNSPECIFIED.);
#2526 = CARTESIAN_POINT('',(-16.55255888325,-11.,21.853277631402));
#2527 = CARTESIAN_POINT('',(-16.55255888325,-10.92525344955,
    21.872746171743));
#2528 = CARTESIAN_POINT('',(-16.55516612905,-10.84919821805,
    21.891426643596));
#2529 = CARTESIAN_POINT('',(-16.56054518146,-10.77186258466,
    21.909230547098));
#2530 = CARTESIAN_POINT('',(-16.56887540974,-10.69331997018,
    21.926050093385));
#2531 = CARTESIAN_POINT('',(-16.58034250762,-10.61369247032,
    21.941760846443));
#2532 = CARTESIAN_POINT('',(-16.59512434198,-10.53315585847,
    21.956227047321));
#2533 = CARTESIAN_POINT('',(-16.62112248759,-10.41744761625,
    21.974867181385));
#2534 = CARTESIAN_POINT('',(-16.62949870577,-10.38282957166,
    21.980174749181));
#2535 = CARTESIAN_POINT('',(-16.63851083714,-10.34811137845,
    21.985221515482));
#2536 = CARTESIAN_POINT('',(-16.64816879231,-10.31331497169,
    21.989996532295));
#2537 = CARTESIAN_POINT('',(-16.6584808671,-10.27846481261,21.9944889308
    ));
#2538 = CARTESIAN_POINT('',(-16.66945326586,-10.24358793409,
    21.998688139901));
#2539 = CARTESIAN_POINT('',(-16.6881606327,-10.18752230854,
    22.004951546258));
#2540 = CARTESIAN_POINT('',(-16.69547680004,-10.16633167961,
    22.007207027995));
#2541 = CARTESIAN_POINT('',(-16.70303897696,-10.14514878458,
    22.009348268266));
#2542 = CARTESIAN_POINT('',(-16.71084761736,-10.12398058931,
    22.011373099107));
#2543 = CARTESIAN_POINT('',(-16.71890277886,-10.10283434035,
    22.013279466314));
#2544 = CARTESIAN_POINT('',(-16.7272041228,-10.08171756481,
    22.015065429438));
#2545 = CARTESIAN_POINT('',(-16.75418471221,-10.01517362408,
    22.020317514945));
#2546 = CARTESIAN_POINT('',(-16.7737611835,-9.969880182664,
    22.023337507704));
#2547 = CARTESIAN_POINT('',(-16.79447124602,-9.924839431922,
    22.025770715873));
#2548 = CARTESIAN_POINT('',(-16.81629745012,-9.880134010611,
    22.027602492228));
#2549 = CARTESIAN_POINT('',(-16.83921305282,-9.835847055539,
    22.028822545956));
#2550 = CARTESIAN_POINT('',(-16.86318109207,-9.792061746619,
    22.029425522085));
#2551 = CARTESIAN_POINT('',(-16.92237634506,-9.689657048677,
    22.029392475551));
#2552 = CARTESIAN_POINT('',(-16.958491999,-9.631539647903,
    22.028214709018));
#2553 = CARTESIAN_POINT('',(-16.99637382154,-9.574728318139,
    22.025878138979));
#2554 = CARTESIAN_POINT('',(-17.03587657996,-9.519403918265,
    22.022402530135));
#2555 = CARTESIAN_POINT('',(-17.07684124687,-9.465712452178,
    22.017824078761));
#2556 = CARTESIAN_POINT('',(-17.11909983697,-9.413769023473,
    22.01219193723));
#2557 = CARTESIAN_POINT('',(-17.18499640027,-9.337654143345,
    22.002124958859));
#2558 = CARTESIAN_POINT('',(-17.20781674796,-9.312138857906,
    21.998416814302));
#2559 = CARTESIAN_POINT('',(-17.23091872113,-9.28712668549,
    21.994448228604));
#2560 = CARTESIAN_POINT('',(-17.25428040224,-9.262625607807,
    21.99022758933));
#2561 = CARTESIAN_POINT('',(-17.27788067649,-9.238641148348,
    21.9857635855));
#2562 = CARTESIAN_POINT('',(-17.30169938629,-9.215176684131,
    21.981065045218));
#2563 = CARTESIAN_POINT('',(-17.37240255614,-9.147638549077,
    21.966569242396));
#2564 = CARTESIAN_POINT('',(-17.41983888581,-9.105015916653,
    21.956145237368));
#2565 = CARTESIAN_POINT('',(-17.46789004984,-9.064372572721,
    21.944933097206));
#2566 = CARTESIAN_POINT('',(-17.51643403078,-9.025692811303,
    21.932996448903));
#2567 = CARTESIAN_POINT('',(-17.56536439543,-8.988943757418,
    21.920396191137));
#2568 = CARTESIAN_POINT('',(-17.61459147168,-8.954080616598,
    21.907188477944));
#2569 = CARTESIAN_POINT('',(-17.7366098562,-8.872585362903,
    21.873222695579));
#2570 = CARTESIAN_POINT('',(-17.80964644988,-8.828077978433,
    21.851825059172));
#2571 = CARTESIAN_POINT('',(-17.88293775671,-8.787355269081,
    21.829384123604));
#2572 = CARTESIAN_POINT('',(-17.95630749046,-8.75023991693,
    21.806035535332));
#2573 = CARTESIAN_POINT('',(-18.0296182607,-8.716556380464,
    21.781895428173));
#2574 = CARTESIAN_POINT('',(-18.10277120507,-8.686135486988,
    21.757059594643));
#2575 = CARTESIAN_POINT('',(-18.24057388639,-8.634523615938,
    21.708961119453));
#2576 = CARTESIAN_POINT('',(-18.30525950082,-8.612687541468,
    21.685831713747));
#2577 = CARTESIAN_POINT('',(-18.36971316088,-8.593201262045,
    21.662269466015));
#2578 = CARTESIAN_POINT('',(-18.43389300883,-8.575966196268,
    21.638322487701));
#2579 = CARTESIAN_POINT('',(-18.49776477722,-8.560893535969,
    21.614032343002));
#2580 = CARTESIAN_POINT('',(-18.56130193281,-8.547903061255,
    21.589434415991));
#2581 = CARTESIAN_POINT('',(-18.67917240021,-8.527417647858,
    21.543027616047));
#2582 = CARTESIAN_POINT('',(-18.73359213257,-8.519419020428,
    21.521289400875));
#2583 = CARTESIAN_POINT('',(-18.7877314571,-8.512879252847,
    21.499363343292));
#2584 = CARTESIAN_POINT('',(-18.84157792717,-8.507756221451,
    21.477267199517));
#2585 = CARTESIAN_POINT('',(-18.89512033458,-8.504012009456,
    21.455016877804));
#2586 = CARTESIAN_POINT('',(-18.94834883397,-8.501612417094,
    21.43262654533));
#2587 = CARTESIAN_POINT('',(-19.16054697517,-8.497256870102,
    21.342311336923));
#2588 = CARTESIAN_POINT('',(-19.31687453573,-8.50589659575,
    21.273376606619));
#2589 = CARTESIAN_POINT('',(-19.47006844737,-8.52559147632,
    21.20362293104));
#2590 = CARTESIAN_POINT('',(-19.61988830523,-8.555794652337,
    21.133308348688));
#2591 = CARTESIAN_POINT('',(-19.76608174517,-8.596097450236,
    21.062650559711));
#2592 = CARTESIAN_POINT('',(-19.90838524714,-8.646232096801,
    20.991828582882));
#2593 = CARTESIAN_POINT('',(-20.19756946051,-8.771535921083,
    20.843516006761));
#2594 = CARTESIAN_POINT('',(-20.34354780489,-8.848572400956,
    20.766064832863));
#2595 = CARTESIAN_POINT('',(-20.48408665661,-8.937018533737,
    20.688822958704));
#2596 = CARTESIAN_POINT('',(-20.61863075626,-9.036857209398,
    20.612011560489));
#2597 = CARTESIAN_POINT('',(-20.74647602339,-9.148147722246,
    20.535882115695));
#2598 = CARTESIAN_POINT('',(-20.86675127646,-9.271032503975,
    20.46071982102));
#2599 = CARTESIAN_POINT('',(-21.01831631214,-9.454125425316,
    20.360387095082));
#2600 = CARTESIAN_POINT('',(-21.05717415549,-9.503942704034,
    20.334091935434));
#2601 = CARTESIAN_POINT('',(-21.0948590469,-9.555295575833,
    20.307982244791));
#2602 = CARTESIAN_POINT('',(-21.13131189394,-9.608195664287,
    20.282076448683));
#2603 = CARTESIAN_POINT('',(-21.16646742017,-9.662654524743,
    20.256395087435));
#2604 = CARTESIAN_POINT('',(-21.20025384376,-9.71868378782,
    20.230960863574));
#2605 = CARTESIAN_POINT('',(-21.27231503431,-9.847061019897,
    20.17489133839));
#2606 = CARTESIAN_POINT('',(-21.30985069067,-9.920209285782,
    20.144396467174));
#2607 = CARTESIAN_POINT('',(-21.34505583971,-9.995765853312,
    20.114358638518));
#2608 = CARTESIAN_POINT('',(-21.37776537324,-10.07374739965,
    20.084831818826));
#2609 = CARTESIAN_POINT('',(-21.40779237574,-10.15416094766,
    20.055879467033));
#2610 = CARTESIAN_POINT('',(-21.43492773987,-10.23700328716,
    20.027574623685));
#2611 = CARTESIAN_POINT('',(-21.45893978191,-10.32226039617,20.));
#2612 = ORIENTED_EDGE('',*,*,#2613,.F.);
#2613 = EDGE_CURVE('',#2010,#2521,#2614,.T.);
#2614 = LINE('',#2615,#2616);
#2615 = CARTESIAN_POINT('',(-16.55255888325,-11.,0.));
#2616 = VECTOR('',#2617,1.);
#2617 = DIRECTION('',(0.,0.,1.));
#2618 = ORIENTED_EDGE('',*,*,#2009,.T.);
#2619 = ORIENTED_EDGE('',*,*,#2613,.T.);
#2620 = ORIENTED_EDGE('',*,*,#2621,.F.);
#2621 = EDGE_CURVE('',#2622,#2521,#2624,.T.);
#2622 = VERTEX_POINT('',#2623);
#2623 = CARTESIAN_POINT('',(-19.66880961851,-13.42285679133,20.));
#2624 = B_SPLINE_CURVE_WITH_KNOTS('',6,(#2625,#2626,#2627,#2628,#2629,
    #2630,#2631,#2632,#2633,#2634,#2635,#2636,#2637,#2638,#2639,#2640,
    #2641,#2642,#2643,#2644,#2645,#2646,#2647,#2648,#2649,#2650,#2651,
    #2652,#2653,#2654,#2655,#2656,#2657,#2658,#2659,#2660,#2661,#2662,
    #2663,#2664,#2665,#2666),.UNSPECIFIED.,.F.,.F.,(7,5,5,5,5,5,5,5,7),(
    0.,0.119386230082,0.217975226974,0.352537669157,0.491314000018,
    0.650836230999,0.802872383906,0.895563352187,1.),.UNSPECIFIED.);
#2625 = CARTESIAN_POINT('',(-19.66880961851,-13.42285679133,20.));
#2626 = CARTESIAN_POINT('',(-19.56951527828,-13.44811218834,
    20.031896285749));
#2627 = CARTESIAN_POINT('',(-19.47094963205,-13.46798338954,
    20.064797582898));
#2628 = CARTESIAN_POINT('',(-19.37333119713,-13.48280060898,
    20.09856274451));
#2629 = CARTESIAN_POINT('',(-19.27683175407,-13.49286222407,
    20.133072480775));
#2630 = CARTESIAN_POINT('',(-19.18157867883,-13.49843488238,
    20.168229067033));
#2631 = CARTESIAN_POINT('',(-19.01009709918,-13.50084261073,
    20.23345935035));
#2632 = CARTESIAN_POINT('',(-18.93345002369,-13.49903051209,
    20.263349760033));
#2633 = CARTESIAN_POINT('',(-18.85776807775,-13.49444950149,
    20.293582733603));
#2634 = CARTESIAN_POINT('',(-18.78309553384,-13.48721736226,
    20.324119024898));
#2635 = CARTESIAN_POINT('',(-18.70946904214,-13.47743873373,
    20.354924517364));
#2636 = CARTESIAN_POINT('',(-18.53789376268,-13.44851063188,
    20.428343574691));
#2637 = CARTESIAN_POINT('',(-18.44087718416,-13.42724467641,
    20.471162364764));
#2638 = CARTESIAN_POINT('',(-18.34594188143,-13.40164351713,
    20.514352566069));
#2639 = CARTESIAN_POINT('',(-18.25315572673,-13.37190492753,
    20.5578488445));
#2640 = CARTESIAN_POINT('',(-18.16258059515,-13.3381931164,
    20.601593960165));
#2641 = CARTESIAN_POINT('',(-17.98319868375,-13.26191576505,
    20.690858857448));
#2642 = CARTESIAN_POINT('',(-17.89454016566,-13.21910772107,
    20.736389301565));
#2643 = CARTESIAN_POINT('',(-17.80835973684,-13.17236519853,
    20.78207468447));
#2644 = CARTESIAN_POINT('',(-17.72472671887,-13.12180693763,
    20.827862116295));
#2645 = CARTESIAN_POINT('',(-17.64371766593,-13.06752386602,
    20.873700459208));
#2646 = CARTESIAN_POINT('',(-17.47541151156,-12.94297288539,
    20.972232130838));
#2647 = CARTESIAN_POINT('',(-17.38899002278,-12.87153272883,
    21.024922680601));
#2648 = CARTESIAN_POINT('',(-17.30627993281,-12.79535157702,
    21.077537494039));
#2649 = CARTESIAN_POINT('',(-17.2274400234,-12.71448899562,
    21.129994285772));
#2650 = CARTESIAN_POINT('',(-17.15266831722,-12.62896293112,
    21.182200811089));
#2651 = CARTESIAN_POINT('',(-17.01505760547,-12.45275320235,
    21.283471969329));
#2652 = CARTESIAN_POINT('',(-16.95183159544,-12.3625096202,
    21.332563186794));
#2653 = CARTESIAN_POINT('',(-16.89273757568,-12.26797572036,
    21.381240748268));
#2654 = CARTESIAN_POINT('',(-16.83805163993,-12.16909602876,
    21.429390730601));
#2655 = CARTESIAN_POINT('',(-16.78811485735,-12.06579830969,
    21.476870626111));
#2656 = CARTESIAN_POINT('',(-16.71609858843,-11.89219978844,
    21.551928432013));
#2657 = CARTESIAN_POINT('',(-16.69075597213,-11.82476299639,
    21.580038432127));
#2658 = CARTESIAN_POINT('',(-16.66744875508,-11.75561117932,
    21.607788916103));
#2659 = CARTESIAN_POINT('',(-16.64629695818,-11.68471864467,
    21.635128945334));
#2660 = CARTESIAN_POINT('',(-16.62744176284,-11.612060758,
    21.661996851522));
#2661 = CARTESIAN_POINT('',(-16.59257755609,-11.45372837454,
    21.717977185535));
#2662 = CARTESIAN_POINT('',(-16.57723464519,-11.36758348325,
    21.746938244756));
#2663 = CARTESIAN_POINT('',(-16.56525297508,-11.27912832659,
    21.775101724246));
#2664 = CARTESIAN_POINT('',(-16.55691674935,-11.18835234248,
    21.802332283878));
#2665 = CARTESIAN_POINT('',(-16.55255888325,-11.09528537044,
    21.828459535214));
#2666 = CARTESIAN_POINT('',(-16.55255888325,-11.,21.853277631402));
#2667 = ORIENTED_EDGE('',*,*,#2668,.F.);
#2668 = EDGE_CURVE('',#2523,#2622,#2669,.T.);
#2669 = CIRCLE('',#2670,2.5);
#2670 = AXIS2_PLACEMENT_3D('',#2671,#2672,#2673);
#2671 = CARTESIAN_POINT('',(-19.05255888325,-11.,20.));
#2672 = DIRECTION('',(0.,0.,1.));
#2673 = DIRECTION('',(1.,0.,-0.));
#2674 = CYLINDRICAL_SURFACE('',#2675,2.5);
#2675 = AXIS2_PLACEMENT_3D('',#2676,#2677,#2678);
#2676 = CARTESIAN_POINT('',(-19.05255888325,-11.,0.));
#2677 = DIRECTION('',(0.,0.,1.));
#2678 = DIRECTION('',(1.,0.,-0.));
#2679 = ADVANCED_FACE('',(#2680),#2835,.T.);
#2680 = FACE_BOUND('',#2681,.T.);
#2681 = EDGE_LOOP('',(#2682,#2693,#2699,#2700,#2701,#2710));
#2682 = ORIENTED_EDGE('',*,*,#2683,.F.);
#2683 = EDGE_CURVE('',#2684,#2686,#2688,.T.);
#2684 = VERTEX_POINT('',#2685);
#2685 = CARTESIAN_POINT('',(21.552558883258,-11.,20.));
#2686 = VERTEX_POINT('',#2687);
#2687 = CARTESIAN_POINT('',(21.45893978191,-10.32226039617,20.));
#2688 = CIRCLE('',#2689,2.5);
#2689 = AXIS2_PLACEMENT_3D('',#2690,#2691,#2692);
#2690 = CARTESIAN_POINT('',(19.052558883258,-11.,20.));
#2691 = DIRECTION('',(0.,0.,1.));
#2692 = DIRECTION('',(1.,0.,-0.));
#2693 = ORIENTED_EDGE('',*,*,#2694,.F.);
#2694 = EDGE_CURVE('',#2187,#2684,#2695,.T.);
#2695 = LINE('',#2696,#2697);
#2696 = CARTESIAN_POINT('',(21.552558883258,-11.,0.));
#2697 = VECTOR('',#2698,1.);
#2698 = DIRECTION('',(0.,0.,1.));
#2699 = ORIENTED_EDGE('',*,*,#2186,.T.);
#2700 = ORIENTED_EDGE('',*,*,#2694,.T.);
#2701 = ORIENTED_EDGE('',*,*,#2702,.F.);
#2702 = EDGE_CURVE('',#2703,#2684,#2705,.T.);
#2703 = VERTEX_POINT('',#2704);
#2704 = CARTESIAN_POINT('',(19.668809618517,-13.42285679133,20.));
#2705 = CIRCLE('',#2706,2.5);
#2706 = AXIS2_PLACEMENT_3D('',#2707,#2708,#2709);
#2707 = CARTESIAN_POINT('',(19.052558883258,-11.,20.));
#2708 = DIRECTION('',(0.,0.,1.));
#2709 = DIRECTION('',(1.,0.,-0.));
#2710 = ORIENTED_EDGE('',*,*,#2711,.F.);
#2711 = EDGE_CURVE('',#2686,#2703,#2712,.T.);
#2712 = B_SPLINE_CURVE_WITH_KNOTS('',7,(#2713,#2714,#2715,#2716,#2717,
    #2718,#2719,#2720,#2721,#2722,#2723,#2724,#2725,#2726,#2727,#2728,
    #2729,#2730,#2731,#2732,#2733,#2734,#2735,#2736,#2737,#2738,#2739,
    #2740,#2741,#2742,#2743,#2744,#2745,#2746,#2747,#2748,#2749,#2750,
    #2751,#2752,#2753,#2754,#2755,#2756,#2757,#2758,#2759,#2760,#2761,
    #2762,#2763,#2764,#2765,#2766,#2767,#2768,#2769,#2770,#2771,#2772,
    #2773,#2774,#2775,#2776,#2777,#2778,#2779,#2780,#2781,#2782,#2783,
    #2784,#2785,#2786,#2787,#2788,#2789,#2790,#2791,#2792,#2793,#2794,
    #2795,#2796,#2797,#2798,#2799,#2800,#2801,#2802,#2803,#2804,#2805,
    #2806,#2807,#2808,#2809,#2810,#2811,#2812,#2813,#2814,#2815,#2816,
    #2817,#2818,#2819,#2820,#2821,#2822,#2823,#2824,#2825,#2826,#2827,
    #2828,#2829,#2830,#2831,#2832,#2833,#2834),.UNSPECIFIED.,.F.,.F.,(8,
    6,6,6,6,6,6,6,6,6,6,6,6,6,6,6,6,6,6,6,8),(0.,4.928100582165E-02,
    8.991667044031E-02,0.202021406874,0.305668187618,0.339773510012,
    0.379524762549,0.423806944065,0.454370858366,0.469776971455,
    0.4999389217,0.530096973413,0.545498642992,0.576051277441,
    0.620316458594,0.660054926621,0.694151891512,0.797788172858,
    0.909904164657,0.950549037356,1.),.UNSPECIFIED.);
#2713 = CARTESIAN_POINT('',(21.45893978191,-10.32226039617,20.));
#2714 = CARTESIAN_POINT('',(21.435080847626,-10.23754691122,
    20.027398799884));
#2715 = CARTESIAN_POINT('',(21.408138268366,-10.15521742147,
    20.055518563911));
#2716 = CARTESIAN_POINT('',(21.378339350876,-10.07528577596,
    20.084278122512));
#2717 = CARTESIAN_POINT('',(21.345889384782,-9.997755227485,
    20.113605749147));
#2718 = CARTESIAN_POINT('',(21.310972008375,-9.922618998647,
    20.143439075484));
#2719 = CARTESIAN_POINT('',(21.273749574373,-9.849860847872,
    20.173725006579));
#2720 = CARTESIAN_POINT('',(21.201886932799,-9.721401572782,
    20.229729522651));
#2721 = CARTESIAN_POINT('',(21.167940954465,-9.66495046333,
    20.255315947736));
#2722 = CARTESIAN_POINT('',(21.132605941104,-9.610090249414,
    20.281153435413));
#2723 = CARTESIAN_POINT('',(21.095955233438,-9.556809088492,
    20.307218783669));
#2724 = CARTESIAN_POINT('',(21.058055484769,-9.505095205498,
    20.333491015283));
#2725 = CARTESIAN_POINT('',(21.018966993251,-9.454936745195,
    20.359951328729));
#2726 = CARTESIAN_POINT('',(20.867777860206,-9.272203348339,
    20.460054026325));
#2727 = CARTESIAN_POINT('',(20.748212736291,-9.149873230174,
    20.534806325964));
#2728 = CARTESIAN_POINT('',(20.621149742832,-9.039016617546,
    20.610517935718));
#2729 = CARTESIAN_POINT('',(20.487448232844,-8.93949238434,
    20.686907715431));
#2730 = CARTESIAN_POINT('',(20.347803222469,-8.851240819669,
    20.763727806704));
#2731 = CARTESIAN_POINT('',(20.202763326282,-8.774276914794,
    20.840760306916));
#2732 = CARTESIAN_POINT('',(19.913937774305,-8.648203547407,
    20.989062328059));
#2733 = CARTESIAN_POINT('',(19.770954730725,-8.59746145034,
    21.060291491571));
#2734 = CARTESIAN_POINT('',(19.624030114207,-8.556656123436,
    21.131359474201));
#2735 = CARTESIAN_POINT('',(19.47343276564,-8.526057352218,
    21.202084659152));
#2736 = CARTESIAN_POINT('',(19.319419798448,-8.506078530353,
    21.272246147896));
#2737 = CARTESIAN_POINT('',(19.162235913878,-8.4972734593,
    21.341582117821));
#2738 = CARTESIAN_POINT('',(18.949343666894,-8.501575300465,
    21.432206507694));
#2739 = CARTESIAN_POINT('',(18.896314767899,-8.503944111687,
    21.454517317909));
#2740 = CARTESIAN_POINT('',(18.84297411693,-8.507647268893,
    21.476689331536));
#2741 = CARTESIAN_POINT('',(18.789331441966,-8.512718556076,
    21.498708553397));
#2742 = CARTESIAN_POINT('',(18.735397807196,-8.519195416364,
    21.520559276806));
#2743 = CARTESIAN_POINT('',(18.681185490839,-8.527119432268,
    21.5422239789));
#2744 = CARTESIAN_POINT('',(18.563211792838,-8.547513168931,
    21.588694900144));
#2745 = CARTESIAN_POINT('',(18.499358298451,-8.560517663476,
    21.613426295147));
#2746 = CARTESIAN_POINT('',(18.435166211585,-8.57562406493,
    21.63784747407));
#2747 = CARTESIAN_POINT('',(18.370662385353,-8.592913691483,
    21.661922590794));
#2748 = CARTESIAN_POINT('',(18.305881546316,-8.612476620255,
    21.68560950346));
#2749 = CARTESIAN_POINT('',(18.240866146592,-8.634412903396,
    21.708859397942));
#2750 = CARTESIAN_POINT('',(18.10303466403,-8.686038206873,
    21.756967315556));
#2751 = CARTESIAN_POINT('',(18.030186304625,-8.716321426354,
    21.781702277387));
#2752 = CARTESIAN_POINT('',(17.957181236223,-8.749839661766,
    21.805747539576));
#2753 = CARTESIAN_POINT('',(17.884117005141,-8.786759903788,
    21.829008564756));
#2754 = CARTESIAN_POINT('',(17.811128966829,-8.827255454633,
    21.851370835859));
#2755 = CARTESIAN_POINT('',(17.738390647163,-8.871501468036,
    21.872700656547));
#2756 = CARTESIAN_POINT('',(17.616228257921,-8.952917131248,
    21.906750394742));
#2757 = CARTESIAN_POINT('',(17.566569044284,-8.988028399187,
    21.920088647181));
#2758 = CARTESIAN_POINT('',(17.517209678831,-9.025057249191,
    21.932810173348));
#2759 = CARTESIAN_POINT('',(17.468241936242,-9.064049824514,
    21.944857418312));
#2760 = CARTESIAN_POINT('',(17.419774924844,-9.105039989223,
    21.95616790716));
#2761 = CARTESIAN_POINT('',(17.371933861577,-9.148043861891,
    21.966676344347));
#2762 = CARTESIAN_POINT('',(17.301130112767,-9.215742433423,
    21.98117605822));
#2763 = CARTESIAN_POINT('',(17.277596568066,-9.238939783969,
    21.985814746013));
#2764 = CARTESIAN_POINT('',(17.25427661336,-9.262644877247,
    21.990224279413));
#2765 = CARTESIAN_POINT('',(17.231189707684,-9.28685443493,
    21.994396141401));
#2766 = CARTESIAN_POINT('',(17.208356223125,-9.31156313009,
    21.998321947956));
#2767 = CARTESIAN_POINT('',(17.185797299333,-9.336763293255,
    22.001993601079));
#2768 = CARTESIAN_POINT('',(17.119949176552,-9.412723286967,
    22.012079197465));
#2769 = CARTESIAN_POINT('',(17.077491976917,-9.464854978245,
    22.017752557042));
#2770 = CARTESIAN_POINT('',(17.0363373596,-9.518750869588,
    22.022364031528));
#2771 = CARTESIAN_POINT('',(16.996655476897,-9.574294764894,
    22.025863724716));
#2772 = CARTESIAN_POINT('',(16.958607430303,-9.631339047682,
    22.028214886424));
#2773 = CARTESIAN_POINT('',(16.922340327891,-9.689700634116,
    22.029397465703));
#2774 = CARTESIAN_POINT('',(16.853628796374,-9.808605533021,
    22.029425860568));
#2775 = CARTESIAN_POINT('',(16.8211749141,-9.869164065375,
    22.028271982444));
#2776 = CARTESIAN_POINT('',(16.790749859699,-9.930610537666,
    22.025949510875));
#2777 = CARTESIAN_POINT('',(16.762439189838,-9.992726141682,
    22.022478190757));
#2778 = CARTESIAN_POINT('',(16.736290781283,-10.055297505,
    22.017894500333));
#2779 = CARTESIAN_POINT('',(16.712320759169,-10.1181189496,
    22.012248120841));
#2780 = CARTESIAN_POINT('',(16.679385518329,-10.21310532296,
    22.002202407324));
#2781 = CARTESIAN_POINT('',(16.66881622457,-10.24523290792,
    21.998544434718));
#2782 = CARTESIAN_POINT('',(16.658809654465,-10.2773534699,
    21.994632125307));
#2783 = CARTESIAN_POINT('',(16.64936194031,-10.30944482621,
    21.990473559196));
#2784 = CARTESIAN_POINT('',(16.640467563507,-10.34148662635,
    21.986077106444));
#2785 = CARTESIAN_POINT('',(16.632119681866,-10.37346033168,
    21.981451273884));
#2786 = CARTESIAN_POINT('',(16.60881912365,-10.46860784237,
    21.966990001839));
#2787 = CARTESIAN_POINT('',(16.595448346993,-10.53152962899,
    21.956506606788));
#2788 = CARTESIAN_POINT('',(16.584134561477,-10.5939893084,
    21.945220320017));
#2789 = CARTESIAN_POINT('',(16.574801441685,-10.65588615592,
    21.933196414847));
#2790 = CARTESIAN_POINT('',(16.567365266926,-10.71714229822,
    21.92049737578));
#2791 = CARTESIAN_POINT('',(16.561740285929,-10.77770104287,
    21.907180789588));
#2792 = CARTESIAN_POINT('',(16.552199193732,-10.92419948505,
    21.873182506281));
#2793 = CARTESIAN_POINT('',(16.550183882686,-11.00931529481,
    21.851881648265));
#2794 = CARTESIAN_POINT('',(16.551542829964,-11.0927745849,
    21.829546857824));
#2795 = CARTESIAN_POINT('',(16.556037589067,-11.17451414117,
    21.80631197218));
#2796 = CARTESIAN_POINT('',(16.563450312718,-11.25450302198,
    21.782291653814));
#2797 = CARTESIAN_POINT('',(16.573587480141,-11.33273999245,
    21.75758057397));
#2798 = CARTESIAN_POINT('',(16.597681416186,-11.4779376446,
    21.709514746449));
#2799 = CARTESIAN_POINT('',(16.611139786409,-11.54522296761,
    21.686283185281));
#2800 = CARTESIAN_POINT('',(16.626537263672,-11.61111911283,
    21.66261386383));
#2801 = CARTESIAN_POINT('',(16.643765860753,-11.67563926492,
    21.638555673746));
#2802 = CARTESIAN_POINT('',(16.662730097889,-11.73879834121,
    21.614150823382));
#2803 = CARTESIAN_POINT('',(16.683346026101,-11.80061372463,
    21.589435214025));
#2804 = CARTESIAN_POINT('',(16.724583654302,-11.91301043551,
    21.542991051685));
#2805 = CARTESIAN_POINT('',(16.744788303669,-11.96393863687,
    21.521337424602));
#2806 = CARTESIAN_POINT('',(16.766107434906,-12.0139021244,
    21.499497411559));
#2807 = CARTESIAN_POINT('',(16.788498837313,-12.06291106192,
    21.477488564048));
#2808 = CARTESIAN_POINT('',(16.811924498007,-12.1109745996,
    21.455326613245));
#2809 = CARTESIAN_POINT('',(16.8363502467,-12.15810121998,
    21.433025574887));
#2810 = CARTESIAN_POINT('',(16.938932895326,-12.34471553589,
    21.342429746348));
#2811 = CARTESIAN_POINT('',(17.025054917025,-12.4765132799,
    21.273110004786));
#2812 = CARTESIAN_POINT('',(17.119272376743,-12.59997870172,
    21.202962491945));
#2813 = CARTESIAN_POINT('',(17.220982294328,-12.71517740635,
    21.132249392567));
#2814 = CARTESIAN_POINT('',(17.329697307062,-12.82209417005,
    21.061191825929));
#2815 = CARTESIAN_POINT('',(17.445048827821,-12.92063190119,
    20.989971486277));
#2816 = CARTESIAN_POINT('',(17.69849928128,-13.10792349486,
    20.841668862596));
#2817 = CARTESIAN_POINT('',(17.837614077931,-13.19516247762,
    20.764626675618));
#2818 = CARTESIAN_POINT('',(17.983810841578,-13.27208689253,
    20.687795143248));
#2819 = CARTESIAN_POINT('',(18.13680187347,-13.33823014205,
    20.611392164508));
#2820 = CARTESIAN_POINT('',(18.296291269551,-13.39296155051,
    20.535665461319));
#2821 = CARTESIAN_POINT('',(18.461971743386,-13.43546756919,
    20.460895901944));
#2822 = CARTESIAN_POINT('',(18.695772834761,-13.47521418885,
    20.360762781488));
#2823 = CARTESIAN_POINT('',(18.758750051191,-13.48403574599,
    20.334291605534));
#2824 = CARTESIAN_POINT('',(18.822480695796,-13.49105053834,
    20.308008194424));
#2825 = CARTESIAN_POINT('',(18.886944915887,-13.49620047117,
    20.281931330293));
#2826 = CARTESIAN_POINT('',(18.952119622267,-13.49942198684,
    20.256081967034));
#2827 = CARTESIAN_POINT('',(19.017978451329,-13.50064570291,
    20.230483279353));
#2828 = CARTESIAN_POINT('',(19.165415723243,-13.49876231271,
    20.174351774372));
#2829 = CARTESIAN_POINT('',(19.247303145241,-13.49465961676,
    20.143953567453));
#2830 = CARTESIAN_POINT('',(19.330104728842,-13.48735169759,
    20.114010349632));
#2831 = CARTESIAN_POINT('',(19.41375282657,-13.47668843651,
    20.084575683211));
#2832 = CARTESIAN_POINT('',(19.498160723801,-13.46250582213,
    20.055712521308));
#2833 = CARTESIAN_POINT('',(19.583221954757,-13.44462591153,
    20.02749329492));
#2834 = CARTESIAN_POINT('',(19.668809618517,-13.42285679133,20.));
#2835 = CYLINDRICAL_SURFACE('',#2836,2.5);
#2836 = AXIS2_PLACEMENT_3D('',#2837,#2838,#2839);
#2837 = CARTESIAN_POINT('',(19.052558883258,-11.,0.));
#2838 = DIRECTION('',(0.,0.,1.));
#2839 = DIRECTION('',(1.,0.,-0.));
#2840 = ADVANCED_FACE('',(#2841),#2894,.F.);
#2841 = FACE_BOUND('',#2842,.F.);
#2842 = EDGE_LOOP('',(#2843,#2844,#2851,#2852,#2853,#2860,#2861,#2870,
    #2878,#2885,#2886,#2893));
#2843 = ORIENTED_EDGE('',*,*,#2396,.F.);
#2844 = ORIENTED_EDGE('',*,*,#2845,.T.);
#2845 = EDGE_CURVE('',#2397,#2523,#2846,.T.);
#2846 = CIRCLE('',#2847,23.8125);
#2847 = AXIS2_PLACEMENT_3D('',#2848,#2849,#2850);
#2848 = CARTESIAN_POINT('',(0.,0.,20.));
#2849 = DIRECTION('',(0.,0.,1.));
#2850 = DIRECTION('',(1.,0.,-0.));
#2851 = ORIENTED_EDGE('',*,*,#2520,.F.);
#2852 = ORIENTED_EDGE('',*,*,#2621,.F.);
#2853 = ORIENTED_EDGE('',*,*,#2854,.T.);
#2854 = EDGE_CURVE('',#2622,#2703,#2855,.T.);
#2855 = CIRCLE('',#2856,23.8125);
#2856 = AXIS2_PLACEMENT_3D('',#2857,#2858,#2859);
#2857 = CARTESIAN_POINT('',(0.,0.,20.));
#2858 = DIRECTION('',(0.,0.,1.));
#2859 = DIRECTION('',(1.,0.,-0.));
#2860 = ORIENTED_EDGE('',*,*,#2711,.F.);
#2861 = ORIENTED_EDGE('',*,*,#2862,.T.);
#2862 = EDGE_CURVE('',#2686,#2863,#2865,.T.);
#2863 = VERTEX_POINT('',#2864);
#2864 = CARTESIAN_POINT('',(23.8125,-5.832380380939E-15,20.));
#2865 = CIRCLE('',#2866,23.8125);
#2866 = AXIS2_PLACEMENT_3D('',#2867,#2868,#2869);
#2867 = CARTESIAN_POINT('',(0.,0.,20.));
#2868 = DIRECTION('',(0.,0.,1.));
#2869 = DIRECTION('',(1.,0.,-0.));
#2870 = ORIENTED_EDGE('',*,*,#2871,.T.);
#2871 = EDGE_CURVE('',#2863,#2872,#2874,.T.);
#2872 = VERTEX_POINT('',#2873);
#2873 = CARTESIAN_POINT('',(10.,-2.449293598295E-15,26.5));
#2874 = LINE('',#2875,#2876);
#2875 = CARTESIAN_POINT('',(27.,-6.613092715396E-15,18.5));
#2876 = VECTOR('',#2877,1.);
#2877 = DIRECTION('',(-0.904818702201,2.216166654918E-16,0.42579703633)
  );
#2878 = ORIENTED_EDGE('',*,*,#2879,.F.);
#2879 = EDGE_CURVE('',#2872,#2872,#2880,.T.);
#2880 = CIRCLE('',#2881,10.);
#2881 = AXIS2_PLACEMENT_3D('',#2882,#2883,#2884);
#2882 = CARTESIAN_POINT('',(0.,0.,26.5));
#2883 = DIRECTION('',(0.,0.,1.));
#2884 = DIRECTION('',(1.,0.,-0.));
#2885 = ORIENTED_EDGE('',*,*,#2871,.F.);
#2886 = ORIENTED_EDGE('',*,*,#2887,.T.);
#2887 = EDGE_CURVE('',#2863,#2372,#2888,.T.);
#2888 = CIRCLE('',#2889,23.8125);
#2889 = AXIS2_PLACEMENT_3D('',#2890,#2891,#2892);
#2890 = CARTESIAN_POINT('',(0.,0.,20.));
#2891 = DIRECTION('',(0.,0.,1.));
#2892 = DIRECTION('',(1.,0.,-0.));
#2893 = ORIENTED_EDGE('',*,*,#2369,.F.);
#2894 = CONICAL_SURFACE('',#2895,27.,1.130953743979);
#2895 = AXIS2_PLACEMENT_3D('',#2896,#2897,#2898);
#2896 = CARTESIAN_POINT('',(0.,0.,18.5));
#2897 = DIRECTION('',(-0.,-0.,-1.));
#2898 = DIRECTION('',(1.,0.,-0.));
#2899 = ADVANCED_FACE('',(#2900,#2911),#2921,.F.);
#2900 = FACE_BOUND('',#2901,.F.);
#2901 = EDGE_LOOP('',(#2902));
#2902 = ORIENTED_EDGE('',*,*,#2903,.T.);
#2903 = EDGE_CURVE('',#2904,#2904,#2906,.T.);
#2904 = VERTEX_POINT('',#2905);
#2905 = CARTESIAN_POINT('',(27.,-6.613092715396E-15,20.));
#2906 = CIRCLE('',#2907,27.);
#2907 = AXIS2_PLACEMENT_3D('',#2908,#2909,#2910);
#2908 = CARTESIAN_POINT('',(0.,0.,20.));
#2909 = DIRECTION('',(0.,0.,1.));
#2910 = DIRECTION('',(1.,0.,-0.));
#2911 = FACE_BOUND('',#2912,.F.);
#2912 = EDGE_LOOP('',(#2913,#2914,#2915,#2916,#2917,#2918,#2919,#2920));
#2913 = ORIENTED_EDGE('',*,*,#2887,.F.);
#2914 = ORIENTED_EDGE('',*,*,#2862,.F.);
#2915 = ORIENTED_EDGE('',*,*,#2683,.F.);
#2916 = ORIENTED_EDGE('',*,*,#2702,.F.);
#2917 = ORIENTED_EDGE('',*,*,#2854,.F.);
#2918 = ORIENTED_EDGE('',*,*,#2668,.F.);
#2919 = ORIENTED_EDGE('',*,*,#2845,.F.);
#2920 = ORIENTED_EDGE('',*,*,#2505,.F.);
#2921 = PLANE('',#2922);
#2922 = AXIS2_PLACEMENT_3D('',#2923,#2924,#2925);
#2923 = CARTESIAN_POINT('',(0.,0.,20.));
#2924 = DIRECTION('',(0.,0.,1.));
#2925 = DIRECTION('',(1.,0.,-0.));
#2926 = ADVANCED_FACE('',(#2927),#2946,.F.);
#2927 = FACE_BOUND('',#2928,.F.);
#2928 = EDGE_LOOP('',(#2929,#2938,#2944,#2945));
#2929 = ORIENTED_EDGE('',*,*,#2930,.F.);
#2930 = EDGE_CURVE('',#2931,#2931,#2933,.T.);
#2931 = VERTEX_POINT('',#2932);
#2932 = CARTESIAN_POINT('',(10.,-2.449293598295E-15,28.));
#2933 = CIRCLE('',#2934,10.);
#2934 = AXIS2_PLACEMENT_3D('',#2935,#2936,#2937);
#2935 = CARTESIAN_POINT('',(0.,0.,28.));
#2936 = DIRECTION('',(0.,0.,1.));
#2937 = DIRECTION('',(1.,0.,-0.));
#2938 = ORIENTED_EDGE('',*,*,#2939,.F.);
#2939 = EDGE_CURVE('',#2872,#2931,#2940,.T.);
#2940 = LINE('',#2941,#2942);
#2941 = CARTESIAN_POINT('',(10.,-2.449293598295E-15,19.));
#2942 = VECTOR('',#2943,1.);
#2943 = DIRECTION('',(0.,0.,1.));
#2944 = ORIENTED_EDGE('',*,*,#2879,.T.);
#2945 = ORIENTED_EDGE('',*,*,#2939,.T.);
#2946 = CYLINDRICAL_SURFACE('',#2947,10.);
#2947 = AXIS2_PLACEMENT_3D('',#2948,#2949,#2950);
#2948 = CARTESIAN_POINT('',(0.,0.,19.));
#2949 = DIRECTION('',(0.,0.,1.));
#2950 = DIRECTION('',(1.,0.,-0.));
#2951 = ADVANCED_FACE('',(#2952,#2963,#3119,#3296),#3473,.T.);
#2952 = FACE_BOUND('',#2953,.T.);
#2953 = EDGE_LOOP('',(#2954,#2960,#2961,#2962));
#2954 = ORIENTED_EDGE('',*,*,#2955,.F.);
#2955 = EDGE_CURVE('',#2904,#2931,#2956,.T.);
#2956 = LINE('',#2957,#2958);
#2957 = CARTESIAN_POINT('',(27.,-6.613092715396E-15,20.));
#2958 = VECTOR('',#2959,1.);
#2959 = DIRECTION('',(-0.904818702201,2.216166654918E-16,0.42579703633)
  );
#2960 = ORIENTED_EDGE('',*,*,#2903,.T.);
#2961 = ORIENTED_EDGE('',*,*,#2955,.T.);
#2962 = ORIENTED_EDGE('',*,*,#2930,.F.);
#2963 = FACE_BOUND('',#2964,.T.);
#2964 = EDGE_LOOP('',(#2965));
#2965 = ORIENTED_EDGE('',*,*,#2966,.F.);
#2966 = EDGE_CURVE('',#2967,#2967,#2969,.T.);
#2967 = VERTEX_POINT('',#2968);
#2968 = CARTESIAN_POINT('',(2.5,22.,22.28631067036));
#2969 = B_SPLINE_CURVE_WITH_KNOTS('',8,(#2970,#2971,#2972,#2973,#2974,
    #2975,#2976,#2977,#2978,#2979,#2980,#2981,#2982,#2983,#2984,#2985,
    #2986,#2987,#2988,#2989,#2990,#2991,#2992,#2993,#2994,#2995,#2996,
    #2997,#2998,#2999,#3000,#3001,#3002,#3003,#3004,#3005,#3006,#3007,
    #3008,#3009,#3010,#3011,#3012,#3013,#3014,#3015,#3016,#3017,#3018,
    #3019,#3020,#3021,#3022,#3023,#3024,#3025,#3026,#3027,#3028,#3029,
    #3030,#3031,#3032,#3033,#3034,#3035,#3036,#3037,#3038,#3039,#3040,
    #3041,#3042,#3043,#3044,#3045,#3046,#3047,#3048,#3049,#3050,#3051,
    #3052,#3053,#3054,#3055,#3056,#3057,#3058,#3059,#3060,#3061,#3062,
    #3063,#3064,#3065,#3066,#3067,#3068,#3069,#3070,#3071,#3072,#3073,
    #3074,#3075,#3076,#3077,#3078,#3079,#3080,#3081,#3082,#3083,#3084,
    #3085,#3086,#3087,#3088,#3089,#3090,#3091,#3092,#3093,#3094,#3095,
    #3096,#3097,#3098,#3099,#3100,#3101,#3102,#3103,#3104,#3105,#3106,
    #3107,#3108,#3109,#3110,#3111,#3112,#3113,#3114,#3115,#3116,#3117,
    #3118),.UNSPECIFIED.,.T.,.F.,(9,7,7,7,7,7,7,7,7,7,7,7,7,7,7,7,7,7,7,
    7,7,9),(0.,0.127076139824,0.169285989246,0.199601919607,
    0.244887163905,0.290975538841,0.321329476545,0.364612099265,
    0.40115548551,0.511862984796,0.592639441539,0.619473233044,
    0.65047971915,0.685344697352,0.70951848851,0.744858811165,
    0.780587012562,0.804761091471,0.839626484684,0.905526847792,
    0.978248319821,1.),.UNSPECIFIED.);
#2970 = CARTESIAN_POINT('',(2.5,22.,22.28631067036));
#2971 = CARTESIAN_POINT('',(2.5,22.208063508138,22.189024555058));
#2972 = CARTESIAN_POINT('',(2.480209341362,22.417037703854,
    22.092350716848));
#2973 = CARTESIAN_POINT('',(2.440330366712,22.626478117825,
    21.996474237418));
#2974 = CARTESIAN_POINT('',(2.379398760739,22.83545212779,
    21.901796973941));
#2975 = CARTESIAN_POINT('',(2.296208069331,23.042576050887,
    21.808902749996));
#2976 = CARTESIAN_POINT('',(2.189119995725,23.245887150245,
    21.718597016416));
#2977 = CARTESIAN_POINT('',(2.05646838589,23.442935412346,
    21.631856134487));
#2978 = CARTESIAN_POINT('',(1.841680415224,23.692618457545,
    21.522815072621));
#2979 = CARTESIAN_POINT('',(1.785014286169,23.753763365285,
    21.49618769926));
#2980 = CARTESIAN_POINT('',(1.725149476732,23.813660024445,
    21.470175767786));
#2981 = CARTESIAN_POINT('',(1.662003891866,23.872142578003,
    21.444845496832));
#2982 = CARTESIAN_POINT('',(1.59550453346,23.929017588792,
    21.420274261432));
#2983 = CARTESIAN_POINT('',(1.5255908058,23.98406524981,21.396549995585)
  );
#2984 = CARTESIAN_POINT('',(1.452217821015,24.037040594529,
    21.373770594812));
#2985 = CARTESIAN_POINT('',(1.320158718546,24.124041106404,
    21.336438368747));
#2986 = CARTESIAN_POINT('',(1.263166113596,24.159195547792,
    21.321377976451));
#2987 = CARTESIAN_POINT('',(1.204376573218,24.193037069951,
    21.306902501147));
#2988 = CARTESIAN_POINT('',(1.143796320572,24.225453945177,
    21.293056659174));
#2989 = CARTESIAN_POINT('',(1.081445695911,24.256326128565,
    21.279888531236));
#2990 = CARTESIAN_POINT('',(1.017361734054,24.285527707092,
    21.267448569739));
#2991 = CARTESIAN_POINT('',(0.951600741849,24.312929348692,
    21.25578860613));
#2992 = CARTESIAN_POINT('',(0.783620246122,24.376449350791,
    21.228786615755));
#2993 = CARTESIAN_POINT('',(0.679362335779,24.41021786193,
    21.214457884841));
#2994 = CARTESIAN_POINT('',(0.571815451214,24.439225982128,
    21.202168494012));
#2995 = CARTESIAN_POINT('',(0.461421930356,24.463031118385,
    21.192095969894));
#2996 = CARTESIAN_POINT('',(0.348724841883,24.481245516871,
    21.184395690328));
#2997 = CARTESIAN_POINT('',(0.234376549504,24.493565814943,
    21.179189495475));
#2998 = CARTESIAN_POINT('',(0.119149141111,24.499815015643,
    21.176548756904));
#2999 = CARTESIAN_POINT('',(-0.113298802335,24.500181979139,
    21.176393689478));
#3000 = CARTESIAN_POINT('',(-0.230615220145,24.494082757628,
    21.178971053904));
#3001 = CARTESIAN_POINT('',(-0.347045725056,24.481687591976,
    21.184208738553));
#3002 = CARTESIAN_POINT('',(-0.461774731515,24.463180204876,
    21.192032641947));
#3003 = CARTESIAN_POINT('',(-0.574114594039,24.438880252992,
    21.20231437971));
#3004 = CARTESIAN_POINT('',(-0.683494348307,24.409197638144,
    21.214889716332));
#3005 = CARTESIAN_POINT('',(-0.789450473314,24.374600546546,
    21.229570869504));
#3006 = CARTESIAN_POINT('',(-0.958908607508,24.309909509315,
    21.257073520249));
#3007 = CARTESIAN_POINT('',(-1.024588000434,24.282297630659,
    21.268824278251));
#3008 = CARTESIAN_POINT('',(-1.08858117306,24.25289230142,
    21.281352577938));
#3009 = CARTESIAN_POINT('',(-1.15083313501,24.221823070611,
    21.294606502853));
#3010 = CARTESIAN_POINT('',(-1.211308018033,24.189215898788,
    21.308535583048));
#3011 = CARTESIAN_POINT('',(-1.269986508225,24.155190741851,
    21.323091774948));
#3012 = CARTESIAN_POINT('',(-1.326863278241,24.119859134845,
    21.338230441213));
#3013 = CARTESIAN_POINT('',(-1.46048632995,24.031222020418,
    21.376271197925));
#3014 = CARTESIAN_POINT('',(-1.53536401633,23.976679840343,
    21.399729597089));
#3015 = CARTESIAN_POINT('',(-1.606608042949,23.919983000141,
    21.424171771349));
#3016 = CARTESIAN_POINT('',(-1.674268968931,23.861392928508,
    21.449493252259));
#3017 = CARTESIAN_POINT('',(-1.738413791961,23.801143475679,
    21.47560048457));
#3018 = CARTESIAN_POINT('',(-1.799122392013,23.73943967087,
    21.502411451127));
#3019 = CARTESIAN_POINT('',(-1.856483975084,23.676456479726,
    21.529856297758));
#3020 = CARTESIAN_POINT('',(-1.95627803794,23.558202155047,
    21.581536560516));
#3021 = CARTESIAN_POINT('',(-1.999638800814,23.503263835756,
    21.60560343642));
#3022 = CARTESIAN_POINT('',(-2.040730432668,23.447612976409,
    21.630042563338));
#3023 = CARTESIAN_POINT('',(-2.079605469085,23.391331743092,
    21.654821086981));
#3024 = CARTESIAN_POINT('',(-2.116314443491,23.334494293504,
    21.679909280985));
#3025 = CARTESIAN_POINT('',(-2.150905976526,23.277166975,21.705280506599
    ));
#3026 = CARTESIAN_POINT('',(-2.183426865415,23.219408522642,
    21.730911172355));
#3027 = CARTESIAN_POINT('',(-2.306307133479,22.985141478915,
    21.835151920835));
#3028 = CARTESIAN_POINT('',(-2.380027612639,22.805668920838,
    21.915652121465));
#3029 = CARTESIAN_POINT('',(-2.436454940716,22.62413514529,
    21.997771520427));
#3030 = CARTESIAN_POINT('',(-2.47648926063,22.441588986826,
    22.081083434269));
#3031 = CARTESIAN_POINT('',(-2.500826153611,22.258904892156,
    22.165220692708));
#3032 = CARTESIAN_POINT('',(-2.510005626372,22.07679987751,
    22.249871435874));
#3033 = CARTESIAN_POINT('',(-2.504346285753,21.895837387547,
    22.334781218843));
#3034 = CARTESIAN_POINT('',(-2.468925434658,21.585557449619,
    22.481743650871));
#3035 = CARTESIAN_POINT('',(-2.446104156654,21.455597427863,
    22.543725549581));
#3036 = CARTESIAN_POINT('',(-2.41543112513,21.326756851692,
    22.605603929326));
#3037 = CARTESIAN_POINT('',(-2.376862415259,21.199254661961,
    22.66727130869));
#3038 = CARTESIAN_POINT('',(-2.330288439658,21.07333979697,
    22.728601431881));
#3039 = CARTESIAN_POINT('',(-2.275536318185,20.949290897659,
    22.789448382398));
#3040 = CARTESIAN_POINT('',(-2.21234841529,20.827419947362,
    22.849643679968));
#3041 = CARTESIAN_POINT('',(-2.116387679334,20.668441760802,
    22.928703161548));
#3042 = CARTESIAN_POINT('',(-2.091484676543,20.62908167576,
    22.948322178704));
#3043 = CARTESIAN_POINT('',(-2.065593410125,20.590018633537,
    22.967838048447));
#3044 = CARTESIAN_POINT('',(-2.03869873426,20.551268259684,
    22.987242137463));
#3045 = CARTESIAN_POINT('',(-2.010784294177,20.512847677076,
    23.00652495792));
#3046 = CARTESIAN_POINT('',(-1.981832343889,20.474775557216,
    23.025676127494));
#3047 = CARTESIAN_POINT('',(-1.95182356393,20.437072171534,
    23.044684329393));
#3048 = CARTESIAN_POINT('',(-1.884816168403,20.356644528844,
    23.085321876125));
#3049 = CARTESIAN_POINT('',(-1.847457729627,20.314052909393,
    23.106898322826));
#3050 = CARTESIAN_POINT('',(-1.808628017705,20.272017374675,
    23.12824816685));
#3051 = CARTESIAN_POINT('',(-1.768292241717,20.230575963108,
    23.149350063764));
#3052 = CARTESIAN_POINT('',(-1.726413951097,20.189772136922,
    23.170179632514));
#3053 = CARTESIAN_POINT('',(-1.682954621834,20.149654957881,
    23.19070931761));
#3054 = CARTESIAN_POINT('',(-1.637873242681,20.110279263022,
    23.210908251306));
#3055 = CARTESIAN_POINT('',(-1.538561253093,20.028332285088,
    23.25304413511));
#3056 = CARTESIAN_POINT('',(-1.483897792905,19.985979424226,
    23.274881301631));
#3057 = CARTESIAN_POINT('',(-1.427068795566,19.944729393362,
    23.296207066961));
#3058 = CARTESIAN_POINT('',(-1.368012273153,19.904683558265,
    23.316964316798));
#3059 = CARTESIAN_POINT('',(-1.306672513462,19.865961787684,
    23.33708567337));
#3060 = CARTESIAN_POINT('',(-1.243001618433,19.828701726131,
    23.356493797887));
#3061 = CARTESIAN_POINT('',(-1.176961042564,19.793058066651,
    23.375101692991));
#3062 = CARTESIAN_POINT('',(-1.061071394404,19.735727443563,
    23.405093224058));
#3063 = CARTESIAN_POINT('',(-1.012472572079,19.713115161677,
    23.416940949434));
#3064 = CARTESIAN_POINT('',(-0.962720690503,19.691422703991,
    23.428323726106));
#3065 = CARTESIAN_POINT('',(-0.911817655654,19.670714388567,
    23.43920544545));
#3066 = CARTESIAN_POINT('',(-0.859774875796,19.651059626809,
    23.449547174856));
#3067 = CARTESIAN_POINT('',(-0.80661488395,19.632531424793,
    23.45930798714));
#3068 = CARTESIAN_POINT('',(-0.752372960359,19.615204884597,
    23.46844578996));
#3069 = CARTESIAN_POINT('',(-0.616291890991,19.575692974453,
    23.489304136394));
#3070 = CARTESIAN_POINT('',(-0.533235063815,19.554947236037,
    23.500274800666));
#3071 = CARTESIAN_POINT('',(-0.448141819367,19.53717755911,
    23.509685848068));
#3072 = CARTESIAN_POINT('',(-0.361283202152,19.5226255812,
    23.517402000063));
#3073 = CARTESIAN_POINT('',(-0.272992935279,19.511503762054,
    23.52330422913));
#3074 = CARTESIAN_POINT('',(-0.18367361104,19.503978051539,
    23.527299753376));
#3075 = CARTESIAN_POINT('',(-9.380389202681E-02,19.500144972038,
    23.529334796156));
#3076 = CARTESIAN_POINT('',(8.68966764091E-02,19.499859701661,
    23.529486251895));
#3077 = CARTESIAN_POINT('',(0.177787992306,19.503488888191,
    23.527559461122));
#3078 = CARTESIAN_POINT('',(0.268143297694,19.510897332334,
    23.523626062121));
#3079 = CARTESIAN_POINT('',(0.357465807532,19.521988598396,
    23.517739768149));
#3080 = CARTESIAN_POINT('',(0.445337446423,19.536593081469,
    23.509995401226));
#3081 = CARTESIAN_POINT('',(0.531411445014,19.554492040554,
    23.500515516254));
#3082 = CARTESIAN_POINT('',(0.61540596532,19.575435740911,23.48943993004
    ));
#3083 = CARTESIAN_POINT('',(0.752372960359,19.615204884597,
    23.46844578996));
#3084 = CARTESIAN_POINT('',(0.80661488395,19.632531424793,23.45930798714
    ));
#3085 = CARTESIAN_POINT('',(0.859774875796,19.651059626809,
    23.449547174856));
#3086 = CARTESIAN_POINT('',(0.911817655654,19.670714388567,
    23.43920544545));
#3087 = CARTESIAN_POINT('',(0.962720690504,19.691422703992,
    23.428323726106));
#3088 = CARTESIAN_POINT('',(1.012472572079,19.713115161677,
    23.416940949434));
#3089 = CARTESIAN_POINT('',(1.061071394405,19.735727443563,
    23.405093224058));
#3090 = CARTESIAN_POINT('',(1.176961042564,19.793058066651,
    23.375101692991));
#3091 = CARTESIAN_POINT('',(1.243001618434,19.828701726131,
    23.356493797887));
#3092 = CARTESIAN_POINT('',(1.306672513463,19.865961787685,
    23.33708567337));
#3093 = CARTESIAN_POINT('',(1.368012273153,19.904683558265,
    23.316964316798));
#3094 = CARTESIAN_POINT('',(1.427068795567,19.944729393362,
    23.296207066961));
#3095 = CARTESIAN_POINT('',(1.483897792905,19.985979424226,
    23.274881301631));
#3096 = CARTESIAN_POINT('',(1.538561253094,20.028332285088,
    23.25304413511));
#3097 = CARTESIAN_POINT('',(1.690480277956,20.153687793822,
    23.188588248103));
#3098 = CARTESIAN_POINT('',(1.78227436842,20.239265119879,
    23.144800024526));
#3099 = CARTESIAN_POINT('',(1.866989701907,20.327889638063,
    23.099688391545));
#3100 = CARTESIAN_POINT('',(1.944983730062,20.419119159071,
    23.05350253445));
#3101 = CARTESIAN_POINT('',(2.016560841579,20.512590641667,
    23.006444897836));
#3102 = CARTESIAN_POINT('',(2.081991960428,20.608013616706,
    22.958676055752));
#3103 = CARTESIAN_POINT('',(2.141510719589,20.705172315285,
    22.910315331435));
#3104 = CARTESIAN_POINT('',(2.254686689078,20.912899088499,
    22.807512209852));
#3105 = CARTESIAN_POINT('',(2.307065737793,21.023751917158,
    22.752989262147));
#3106 = CARTESIAN_POINT('',(2.352703381359,21.136244874596,
    22.698005245184));
#3107 = CARTESIAN_POINT('',(2.391767634108,21.25016352975,
    22.642674876454));
#3108 = CARTESIAN_POINT('',(2.424369072772,21.365312967424,
    22.587099471498));
#3109 = CARTESIAN_POINT('',(2.450575582451,21.481515129765,
    22.531368854815));
#3110 = CARTESIAN_POINT('',(2.470415267371,21.598608101629,
    22.475562279391));
#3111 = CARTESIAN_POINT('',(2.487891224381,21.751694170671,
    22.403053882083));
#3112 = CARTESIAN_POINT('',(2.491343317483,21.787006301692,
    22.386359446219));
#3113 = CARTESIAN_POINT('',(2.494223288151,21.822379323305,
    22.36966713562));
#3114 = CARTESIAN_POINT('',(2.496530287516,21.857808776562,
    22.352979040299));
#3115 = CARTESIAN_POINT('',(2.498263135434,21.893290153171,
    22.336297251934));
#3116 = CARTESIAN_POINT('',(2.499420320491,21.928818895494,
    22.31962386387));
#3117 = CARTESIAN_POINT('',(2.5,21.964390396547,22.302960971119));
#3118 = CARTESIAN_POINT('',(2.5,22.,22.28631067036));
#3119 = FACE_BOUND('',#3120,.T.);
#3120 = EDGE_LOOP('',(#3121));
#3121 = ORIENTED_EDGE('',*,*,#3122,.F.);
#3122 = EDGE_CURVE('',#3123,#3123,#3125,.T.);
#3123 = VERTEX_POINT('',#3124);
#3124 = CARTESIAN_POINT('',(-16.55255888325,-11.,23.353277631402));
#3125 = B_SPLINE_CURVE_WITH_KNOTS('',7,(#3126,#3127,#3128,#3129,#3130,
    #3131,#3132,#3133,#3134,#3135,#3136,#3137,#3138,#3139,#3140,#3141,
    #3142,#3143,#3144,#3145,#3146,#3147,#3148,#3149,#3150,#3151,#3152,
    #3153,#3154,#3155,#3156,#3157,#3158,#3159,#3160,#3161,#3162,#3163,
    #3164,#3165,#3166,#3167,#3168,#3169,#3170,#3171,#3172,#3173,#3174,
    #3175,#3176,#3177,#3178,#3179,#3180,#3181,#3182,#3183,#3184,#3185,
    #3186,#3187,#3188,#3189,#3190,#3191,#3192,#3193,#3194,#3195,#3196,
    #3197,#3198,#3199,#3200,#3201,#3202,#3203,#3204,#3205,#3206,#3207,
    #3208,#3209,#3210,#3211,#3212,#3213,#3214,#3215,#3216,#3217,#3218,
    #3219,#3220,#3221,#3222,#3223,#3224,#3225,#3226,#3227,#3228,#3229,
    #3230,#3231,#3232,#3233,#3234,#3235,#3236,#3237,#3238,#3239,#3240,
    #3241,#3242,#3243,#3244,#3245,#3246,#3247,#3248,#3249,#3250,#3251,
    #3252,#3253,#3254,#3255,#3256,#3257,#3258,#3259,#3260,#3261,#3262,
    #3263,#3264,#3265,#3266,#3267,#3268,#3269,#3270,#3271,#3272,#3273,
    #3274,#3275,#3276,#3277,#3278,#3279,#3280,#3281,#3282,#3283,#3284,
    #3285,#3286,#3287,#3288,#3289,#3290,#3291,#3292,#3293,#3294,#3295),
  .UNSPECIFIED.,.T.,.F.,(8,6,6,6,6,6,6,6,6,6,6,6,6,6,6,6,6,6,6,6,6,6,6,6
    ,6,6,6,6,8),(0.,3.085021222549E-02,4.39555792855E-02,
    5.191925212553E-02,6.909537460025E-02,9.263404856685E-02,
    0.104851556444,0.128599281288,0.163446878619,0.194440520306,
    0.221265970751,0.302032960286,0.413311211733,0.44982854156,
    0.492621685735,0.523404482058,0.538899134933,0.569103839502,
    0.589777458466,0.599313843927,0.614812901323,0.645154011917,
    0.688417431928,0.724946932575,0.835634387938,0.910675418008,
    0.936119008938,0.966106104501,1.),.UNSPECIFIED.);
#3126 = CARTESIAN_POINT('',(-16.55255888325,-11.,23.353277631402));
#3127 = CARTESIAN_POINT('',(-16.55255888325,-10.92525344955,
    23.372746171744));
#3128 = CARTESIAN_POINT('',(-16.55516612905,-10.84919821805,
    23.391426643595));
#3129 = CARTESIAN_POINT('',(-16.56054518146,-10.77186258466,
    23.409230547098));
#3130 = CARTESIAN_POINT('',(-16.56887540974,-10.69331997018,
    23.426050093385));
#3131 = CARTESIAN_POINT('',(-16.58034250762,-10.61369247032,
    23.441760846443));
#3132 = CARTESIAN_POINT('',(-16.59512434198,-10.53315585847,
    23.456227047321));
#3133 = CARTESIAN_POINT('',(-16.62112248759,-10.41744761625,
    23.474867181385));
#3134 = CARTESIAN_POINT('',(-16.62949870577,-10.38282957166,
    23.480174749181));
#3135 = CARTESIAN_POINT('',(-16.63851083714,-10.34811137845,
    23.485221515482));
#3136 = CARTESIAN_POINT('',(-16.64816879231,-10.31331497169,
    23.489996532295));
#3137 = CARTESIAN_POINT('',(-16.6584808671,-10.27846481261,23.4944889308
    ));
#3138 = CARTESIAN_POINT('',(-16.66945326586,-10.24358793409,
    23.498688139901));
#3139 = CARTESIAN_POINT('',(-16.6881606327,-10.18752230854,
    23.504951546258));
#3140 = CARTESIAN_POINT('',(-16.69547680004,-10.16633167961,
    23.507207027995));
#3141 = CARTESIAN_POINT('',(-16.70303897696,-10.14514878458,
    23.509348268266));
#3142 = CARTESIAN_POINT('',(-16.71084761736,-10.12398058931,
    23.511373099107));
#3143 = CARTESIAN_POINT('',(-16.71890277886,-10.10283434035,
    23.513279466314));
#3144 = CARTESIAN_POINT('',(-16.7272041228,-10.08171756481,
    23.515065429438));
#3145 = CARTESIAN_POINT('',(-16.75418471221,-10.01517362408,
    23.520317514945));
#3146 = CARTESIAN_POINT('',(-16.7737611835,-9.969880182664,
    23.523337507704));
#3147 = CARTESIAN_POINT('',(-16.79447124602,-9.924839431922,
    23.525770715873));
#3148 = CARTESIAN_POINT('',(-16.81629745012,-9.880134010611,
    23.527602492228));
#3149 = CARTESIAN_POINT('',(-16.83921305282,-9.835847055539,
    23.528822545956));
#3150 = CARTESIAN_POINT('',(-16.86318109207,-9.792061746619,
    23.529425522085));
#3151 = CARTESIAN_POINT('',(-16.92237634506,-9.689657048677,
    23.529392475551));
#3152 = CARTESIAN_POINT('',(-16.958491999,-9.631539647903,
    23.528214709018));
#3153 = CARTESIAN_POINT('',(-16.99637382154,-9.574728318139,
    23.525878138979));
#3154 = CARTESIAN_POINT('',(-17.03587657996,-9.519403918265,
    23.522402530135));
#3155 = CARTESIAN_POINT('',(-17.07684124687,-9.465712452178,
    23.517824078761));
#3156 = CARTESIAN_POINT('',(-17.11909983697,-9.413769023473,
    23.51219193723));
#3157 = CARTESIAN_POINT('',(-17.18499640027,-9.337654143344,
    23.502124958859));
#3158 = CARTESIAN_POINT('',(-17.20781674796,-9.312138857906,
    23.498416814302));
#3159 = CARTESIAN_POINT('',(-17.23091872113,-9.28712668549,
    23.494448228604));
#3160 = CARTESIAN_POINT('',(-17.25428040224,-9.262625607807,
    23.49022758933));
#3161 = CARTESIAN_POINT('',(-17.27788067649,-9.238641148348,
    23.4857635855));
#3162 = CARTESIAN_POINT('',(-17.30169938629,-9.215176684131,
    23.481065045218));
#3163 = CARTESIAN_POINT('',(-17.37240255614,-9.147638549077,
    23.466569242396));
#3164 = CARTESIAN_POINT('',(-17.41983888581,-9.105015916653,
    23.456145237368));
#3165 = CARTESIAN_POINT('',(-17.46789004984,-9.064372572721,
    23.444933097206));
#3166 = CARTESIAN_POINT('',(-17.51643403078,-9.025692811303,
    23.432996448903));
#3167 = CARTESIAN_POINT('',(-17.56536439543,-8.988943757418,
    23.420396191137));
#3168 = CARTESIAN_POINT('',(-17.61459147168,-8.954080616598,
    23.407188477944));
#3169 = CARTESIAN_POINT('',(-17.7366098562,-8.872585362903,
    23.373222695579));
#3170 = CARTESIAN_POINT('',(-17.80964644988,-8.828077978433,
    23.351825059171));
#3171 = CARTESIAN_POINT('',(-17.88293775671,-8.787355269081,
    23.329384123604));
#3172 = CARTESIAN_POINT('',(-17.95630749046,-8.75023991693,
    23.306035535332));
#3173 = CARTESIAN_POINT('',(-18.0296182607,-8.716556380464,
    23.281895428173));
#3174 = CARTESIAN_POINT('',(-18.10277120507,-8.686135486988,
    23.257059594643));
#3175 = CARTESIAN_POINT('',(-18.24057388639,-8.634523615938,
    23.208961119453));
#3176 = CARTESIAN_POINT('',(-18.30525950082,-8.612687541468,
    23.185831713747));
#3177 = CARTESIAN_POINT('',(-18.36971316088,-8.593201262045,
    23.162269466015));
#3178 = CARTESIAN_POINT('',(-18.43389300883,-8.575966196268,
    23.138322487701));
#3179 = CARTESIAN_POINT('',(-18.49776477721,-8.560893535969,
    23.114032343002));
#3180 = CARTESIAN_POINT('',(-18.56130193281,-8.547903061255,
    23.089434415991));
#3181 = CARTESIAN_POINT('',(-18.67917240021,-8.527417647858,
    23.043027616047));
#3182 = CARTESIAN_POINT('',(-18.73359213257,-8.519419020428,
    23.021289400875));
#3183 = CARTESIAN_POINT('',(-18.7877314571,-8.512879252847,
    22.999363343292));
#3184 = CARTESIAN_POINT('',(-18.84157792717,-8.507756221451,
    22.977267199517));
#3185 = CARTESIAN_POINT('',(-18.89512033458,-8.504012009456,
    22.955016877804));
#3186 = CARTESIAN_POINT('',(-18.94834883397,-8.501612417094,
    22.93262654533));
#3187 = CARTESIAN_POINT('',(-19.16054697517,-8.497256870102,
    22.842311336923));
#3188 = CARTESIAN_POINT('',(-19.31687453573,-8.50589659575,
    22.773376606619));
#3189 = CARTESIAN_POINT('',(-19.47006844737,-8.52559147632,
    22.70362293104));
#3190 = CARTESIAN_POINT('',(-19.61988830522,-8.555794652337,
    22.633308348688));
#3191 = CARTESIAN_POINT('',(-19.76608174517,-8.596097450236,
    22.562650559711));
#3192 = CARTESIAN_POINT('',(-19.90838524714,-8.646232096801,
    22.491828582882));
#3193 = CARTESIAN_POINT('',(-20.23682620938,-8.788545911723,
    22.323382578702));
#3194 = CARTESIAN_POINT('',(-20.41899575567,-8.889357703236,
    22.225853062131));
#3195 = CARTESIAN_POINT('',(-20.59240791114,-9.00819468355,
    22.128724483489));
#3196 = CARTESIAN_POINT('',(-20.75590431639,-9.145126294932,
    22.032431233209));
#3197 = CARTESIAN_POINT('',(-20.90784275568,-9.300403620422,
    21.937528564768));
#3198 = CARTESIAN_POINT('',(-21.04619120443,-9.474321376221,
    21.844677175962));
#3199 = CARTESIAN_POINT('',(-21.2079975361,-9.731255475415,21.7251840901
    ));
#3200 = CARTESIAN_POINT('',(-21.24618482907,-9.796822298817,
    21.695979482393));
#3201 = CARTESIAN_POINT('',(-21.28247289872,-9.864494002987,
    21.667127643915));
#3202 = CARTESIAN_POINT('',(-21.31673973006,-9.934287440579,
    21.638667639982));
#3203 = CARTESIAN_POINT('',(-21.34884813543,-10.00621491964,
    21.61064468035));
#3204 = CARTESIAN_POINT('',(-21.37864518641,-10.0802841368,
    21.583110225558));
#3205 = CARTESIAN_POINT('',(-21.43797267134,-10.24581010499,
    21.524495820448));
#3206 = CARTESIAN_POINT('',(-21.46657188943,-10.33805275309,
    21.493624972019));
#3207 = CARTESIAN_POINT('',(-21.49149219937,-10.43324118869,
    21.463598441428));
#3208 = CARTESIAN_POINT('',(-21.51242026399,-10.5313508581,
    21.434529579176));
#3209 = CARTESIAN_POINT('',(-21.52900374531,-10.63231130591,
    21.406554606534));
#3210 = CARTESIAN_POINT('',(-21.54085854029,-10.73599996085,
    21.379831029263));
#3211 = CARTESIAN_POINT('',(-21.55240816221,-10.9186556382,
    21.336340376101));
#3212 = CARTESIAN_POINT('',(-21.55458107965,-10.99638291214,
    21.318886539687));
#3213 = CARTESIAN_POINT('',(-21.55394430987,-11.07534313377,
    21.302241536584));
#3214 = CARTESIAN_POINT('',(-21.55033947208,-11.15542934797,
    21.286481683059));
#3215 = CARTESIAN_POINT('',(-21.54360993427,-11.23649935957,
    21.271689808149));
#3216 = CARTESIAN_POINT('',(-21.53361048387,-11.31837283862,
    21.257952444668));
#3217 = CARTESIAN_POINT('',(-21.51347532988,-11.44233279993,
    21.239017059148));
#3218 = CARTESIAN_POINT('',(-21.50587396803,-11.48398354576,
    21.232966578357));
#3219 = CARTESIAN_POINT('',(-21.49739749451,-11.52575137741,
    21.227216807062));
#3220 = CARTESIAN_POINT('',(-21.48803210335,-11.56760415515,
    21.221778988557));
#3221 = CARTESIAN_POINT('',(-21.47776617894,-11.60950687297,
    21.216664182472));
#3222 = CARTESIAN_POINT('',(-21.4665908741,-11.65142164626,
    21.211883067061));
#3223 = CARTESIAN_POINT('',(-21.43093252559,-11.77495882613,
    21.198795782723));
#3224 = CARTESIAN_POINT('',(-21.40388260945,-11.85651794548,
    21.191450521358));
#3225 = CARTESIAN_POINT('',(-21.37331568491,-11.93765918166,
    21.185487757308));
#3226 = CARTESIAN_POINT('',(-21.3392416502,-12.0180427522,
    21.180972297131));
#3227 = CARTESIAN_POINT('',(-21.301725611,-12.09731963954,21.17795156495
    ));
#3228 = CARTESIAN_POINT('',(-21.26089793486,-12.17513626255,
    21.176451213389));
#3229 = CARTESIAN_POINT('',(-21.18689392002,-12.30315934553,
    21.176484095741));
#3230 = CARTESIAN_POINT('',(-21.15536407813,-12.35433769841,
    21.177209424007));
#3231 = CARTESIAN_POINT('',(-21.12243827212,-12.40456427007,
    21.178646706807));
#3232 = CARTESIAN_POINT('',(-21.08818906221,-12.45374133497,
    21.180790329605));
#3233 = CARTESIAN_POINT('',(-21.05269693929,-12.50178274513,
    21.183629594029));
#3234 = CARTESIAN_POINT('',(-21.01604918748,-12.54861329655,
    21.187149236081));
#3235 = CARTESIAN_POINT('',(-20.96094356803,-12.61518174225,
    21.193258433285));
#3236 = CARTESIAN_POINT('',(-20.94332184626,-12.63592441052,
    21.195327637522));
#3237 = CARTESIAN_POINT('',(-20.92548247017,-12.65639007922,
    21.197535674192));
#3238 = CARTESIAN_POINT('',(-20.90743433544,-12.67657333775,
    21.199880535627));
#3239 = CARTESIAN_POINT('',(-20.88918634475,-12.69646938608,
    21.202360089354));
#3240 = CARTESIAN_POINT('',(-20.87074740783,-12.71607403478,
    21.204972078098));
#3241 = CARTESIAN_POINT('',(-20.82186262412,-12.76676684156,
    21.212170636512));
#3242 = CARTESIAN_POINT('',(-20.79111782409,-12.79737086565,
    21.216970726532));
#3243 = CARTESIAN_POINT('',(-20.75993011842,-12.82718028417,
    21.222104259614));
#3244 = CARTESIAN_POINT('',(-20.7283367406,-12.85618394223,
    21.227560532114));
#3245 = CARTESIAN_POINT('',(-20.69637380302,-12.88437451582,
    21.2333284645));
#3246 = CARTESIAN_POINT('',(-20.66407601965,-12.91174800434,
    21.239396798889));
#3247 = CARTESIAN_POINT('',(-20.56765914119,-12.99028798674,
    21.258199797971));
#3248 = CARTESIAN_POINT('',(-20.50268833392,-13.03913417612,
    21.271752886076));
#3249 = CARTESIAN_POINT('',(-20.43680668554,-13.08483932509,
    21.286329835092));
#3250 = CARTESIAN_POINT('',(-20.3702332175,-13.12743752292,
    21.30184779919));
#3251 = CARTESIAN_POINT('',(-20.30316111663,-13.16699024057,
    21.318227436859));
#3252 = CARTESIAN_POINT('',(-20.23575555801,-13.20357715686,
    21.335395535263));
#3253 = CARTESIAN_POINT('',(-20.07175487314,-13.28535386185,
    21.378799996939));
#3254 = CARTESIAN_POINT('',(-19.9749740964,-13.3275619319,
    21.405779127593));
#3255 = CARTESIAN_POINT('',(-19.87818432368,-13.3641830027,
    21.434041273134));
#3256 = CARTESIAN_POINT('',(-19.78169497141,-13.39549748829,
    21.463423231061));
#3257 = CARTESIAN_POINT('',(-19.68575160802,-13.42178446168,
    21.493784034668));
#3258 = CARTESIAN_POINT('',(-19.59053781567,-13.44331170759,
    21.52500663794));
#3259 = CARTESIAN_POINT('',(-19.4165034716,-13.47469161582,
    21.584012881972));
#3260 = CARTESIAN_POINT('',(-19.33744947649,-13.48583787832,
    21.611571506642));
#3261 = CARTESIAN_POINT('',(-19.25909682982,-13.49391259546,
    21.639617747618));
#3262 = CARTESIAN_POINT('',(-19.18151513054,-13.49905199288,
    21.668100224889));
#3263 = CARTESIAN_POINT('',(-19.10476215349,-13.50138095377,
    21.696973798331));
#3264 = CARTESIAN_POINT('',(-19.02888418953,-13.50101348335,
    21.726199460768));
#3265 = CARTESIAN_POINT('',(-18.7267576424,-13.48908318598,
    21.845267366656));
#3266 = CARTESIAN_POINT('',(-18.50816939745,-13.45631610549,
    21.937635991849));
#3267 = CARTESIAN_POINT('',(-18.29883406655,-13.40268292683,
    22.032032778994));
#3268 = CARTESIAN_POINT('',(-18.09949935889,-13.3300631543,
    22.127807293551));
#3269 = CARTESIAN_POINT('',(-17.9107596418,-13.23998135988,
    22.224412839312));
#3270 = CARTESIAN_POINT('',(-17.7331261846,-13.13346266111,
    22.321421183284));
#3271 = CARTESIAN_POINT('',(-17.45467081273,-12.92777534631,
    22.484332055863));
#3272 = CARTESIAN_POINT('',(-17.34761564849,-12.83734559842,
    22.550144088081));
#3273 = CARTESIAN_POINT('',(-17.24620985993,-12.73974948842,
    22.615827138156));
#3274 = CARTESIAN_POINT('',(-17.15074357051,-12.63506889255,
    22.681237167343));
#3275 = CARTESIAN_POINT('',(-17.06157982781,-12.52333304292,
    22.746205645719));
#3276 = CARTESIAN_POINT('',(-16.97917338044,-12.40449688393,
    22.81053499181));
#3277 = CARTESIAN_POINT('',(-16.8786815142,-12.23561052602,
    22.89550390775));
#3278 = CARTESIAN_POINT('',(-16.85408387167,-12.1920120143,
    22.916916778098));
#3279 = CARTESIAN_POINT('',(-16.83035816554,-12.1475725344,
    22.938217817245));
#3280 = CARTESIAN_POINT('',(-16.80753110761,-12.10228566796,
    22.959396071174));
#3281 = CARTESIAN_POINT('',(-16.78563221397,-12.05614429798,
    22.980439386118));
#3282 = CARTESIAN_POINT('',(-16.76469405083,-12.00914035905,
    23.001334339068));
#3283 = CARTESIAN_POINT('',(-16.72124991053,-11.90483955942,
    23.046500114919));
#3284 = CARTESIAN_POINT('',(-16.69913236731,-11.84720540335,
    23.070706688079));
#3285 = CARTESIAN_POINT('',(-16.6784581173,-11.78834543071,
    23.094662291786));
#3286 = CARTESIAN_POINT('',(-16.65929332337,-11.72824439041,
    23.118339140313));
#3287 = CARTESIAN_POINT('',(-16.6417128604,-11.66688779585,
    23.141704973458));
#3288 = CARTESIAN_POINT('',(-16.62580113092,-11.60426125186,
    23.16472277184));
#3289 = CARTESIAN_POINT('',(-16.59566135807,-11.4681117521,
    23.212926170576));
#3290 = CARTESIAN_POINT('',(-16.58192470146,-11.39424117926,
    23.238000322745));
#3291 = CARTESIAN_POINT('',(-16.57057802268,-11.31870962978,
    23.262514703766));
#3292 = CARTESIAN_POINT('',(-16.56177866957,-11.24150526325,
    23.286395953122));
#3293 = CARTESIAN_POINT('',(-16.5557056212,-11.16263351066,
    23.309555448959));
#3294 = CARTESIAN_POINT('',(-16.55255888325,-11.08211775304,
    23.331889182323));
#3295 = CARTESIAN_POINT('',(-16.55255888325,-11.,23.353277631402));
#3296 = FACE_BOUND('',#3297,.T.);
#3297 = EDGE_LOOP('',(#3298));
#3298 = ORIENTED_EDGE('',*,*,#3299,.F.);
#3299 = EDGE_CURVE('',#3300,#3300,#3302,.T.);
#3300 = VERTEX_POINT('',#3301);
#3301 = CARTESIAN_POINT('',(21.552558883258,-11.,21.318883932834));
#3302 = B_SPLINE_CURVE_WITH_KNOTS('',7,(#3303,#3304,#3305,#3306,#3307,
    #3308,#3309,#3310,#3311,#3312,#3313,#3314,#3315,#3316,#3317,#3318,
    #3319,#3320,#3321,#3322,#3323,#3324,#3325,#3326,#3327,#3328,#3329,
    #3330,#3331,#3332,#3333,#3334,#3335,#3336,#3337,#3338,#3339,#3340,
    #3341,#3342,#3343,#3344,#3345,#3346,#3347,#3348,#3349,#3350,#3351,
    #3352,#3353,#3354,#3355,#3356,#3357,#3358,#3359,#3360,#3361,#3362,
    #3363,#3364,#3365,#3366,#3367,#3368,#3369,#3370,#3371,#3372,#3373,
    #3374,#3375,#3376,#3377,#3378,#3379,#3380,#3381,#3382,#3383,#3384,
    #3385,#3386,#3387,#3388,#3389,#3390,#3391,#3392,#3393,#3394,#3395,
    #3396,#3397,#3398,#3399,#3400,#3401,#3402,#3403,#3404,#3405,#3406,
    #3407,#3408,#3409,#3410,#3411,#3412,#3413,#3414,#3415,#3416,#3417,
    #3418,#3419,#3420,#3421,#3422,#3423,#3424,#3425,#3426,#3427,#3428,
    #3429,#3430,#3431,#3432,#3433,#3434,#3435,#3436,#3437,#3438,#3439,
    #3440,#3441,#3442,#3443,#3444,#3445,#3446,#3447,#3448,#3449,#3450,
    #3451,#3452,#3453,#3454,#3455,#3456,#3457,#3458,#3459,#3460,#3461,
    #3462,#3463,#3464,#3465,#3466,#3467,#3468,#3469,#3470,#3471,#3472),
  .UNSPECIFIED.,.T.,.F.,(8,6,6,6,6,6,6,6,6,6,6,6,6,6,6,6,6,6,6,6,6,6,6,6
    ,6,6,6,6,8),(0.,4.718907565615E-02,8.442912789522E-02,0.115184097315
    ,0.199511931431,0.280279468201,0.307105100401,0.338098952085,
    0.372946785526,0.396694671272,0.408912261928,0.432451095381,
    0.455985833391,0.468198666391,0.492385188486,0.527269216646,
    0.558290017706,0.584561692677,0.665923359757,0.776615250082,
    0.813146214373,0.856411367837,0.886753694122,0.902253372525,
    0.911790140085,0.932464587387,0.960271832733,0.974032493615,1.),
  .UNSPECIFIED.);
#3303 = CARTESIAN_POINT('',(21.552558883258,-11.,21.318883932834));
#3304 = CARTESIAN_POINT('',(21.552558883258,-10.87951061428,
    21.344659862988));
#3305 = CARTESIAN_POINT('',(21.545783811166,-10.76181374236,
    21.372416778486));
#3306 = CARTESIAN_POINT('',(21.532799549963,-10.64725184072,
    21.401890870628));
#3307 = CARTESIAN_POINT('',(21.51415066456,-10.53605977406,
    21.432846563924));
#3308 = CARTESIAN_POINT('',(21.490343043017,-10.42837755655,
    21.465080454602));
#3309 = CARTESIAN_POINT('',(21.461826537746,-10.32426309305,
    21.498425249122));
#3310 = CARTESIAN_POINT('',(21.403054320667,-10.14434774804,
    21.559844578846));
#3311 = CARTESIAN_POINT('',(21.374437354681,-10.06721851545,
    21.587543545796));
#3312 = CARTESIAN_POINT('',(21.343316013381,-9.99231961077,
    21.615784803912));
#3313 = CARTESIAN_POINT('',(21.309861310726,-9.919646831975,
    21.644509955165));
#3314 = CARTESIAN_POINT('',(21.274226493747,-9.84918960355,
    21.673667899071));
#3315 = CARTESIAN_POINT('',(21.236547566258,-9.780931193301,
    21.703214728645));
#3316 = CARTESIAN_POINT('',(21.164236763048,-9.660274408159,
    21.757805849603));
#3317 = CARTESIAN_POINT('',(21.130218228055,-9.607186417867,
    21.782737177446));
#3318 = CARTESIAN_POINT('',(21.094956192521,-9.555573669248,
    21.807886235579));
#3319 = CARTESIAN_POINT('',(21.0585129029,-9.505425308262,
    21.833233452982));
#3320 = CARTESIAN_POINT('',(21.020945135065,-9.456730785124,
    21.858761023751));
#3321 = CARTESIAN_POINT('',(20.982304462184,-9.40947972357,
    21.88445286893));
#3322 = CARTESIAN_POINT('',(20.833873730462,-9.238032431222,
    21.981150694565));
#3323 = CARTESIAN_POINT('',(20.717422760146,-9.123210006352,
    22.053115202818));
#3324 = CARTESIAN_POINT('',(20.594214388126,-9.018934071714,
    22.125914055656));
#3325 = CARTESIAN_POINT('',(20.464984044082,-8.925087610243,
    22.19930491935));
#3326 = CARTESIAN_POINT('',(20.330331404536,-8.841626347099,
    22.273071656496));
#3327 = CARTESIAN_POINT('',(20.190733900026,-8.768574065524,
    22.347021729197));
#3328 = CARTESIAN_POINT('',(19.908385247146,-8.646232096801,
    22.491828582882));
#3329 = CARTESIAN_POINT('',(19.766081745178,-8.596097450237,
    22.56265055971));
#3330 = CARTESIAN_POINT('',(19.619888305226,-8.555794652334,
    22.63330834869));
#3331 = CARTESIAN_POINT('',(19.470068447374,-8.525591476322,
    22.703622931037));
#3332 = CARTESIAN_POINT('',(19.31687453573,-8.505896595749,
    22.77337660662));
#3333 = CARTESIAN_POINT('',(19.160546975177,-8.497256870102,
    22.842311336923));
#3334 = CARTESIAN_POINT('',(18.948348833975,-8.501612417094,
    22.93262654533));
#3335 = CARTESIAN_POINT('',(18.895120334585,-8.504012009456,
    22.955016877804));
#3336 = CARTESIAN_POINT('',(18.841577927171,-8.507756221451,
    22.977267199517));
#3337 = CARTESIAN_POINT('',(18.787731457104,-8.512879252847,
    22.999363343292));
#3338 = CARTESIAN_POINT('',(18.733592132577,-8.519419020428,
    23.021289400875));
#3339 = CARTESIAN_POINT('',(18.67917240021,-8.527417647858,
    23.043027616047));
#3340 = CARTESIAN_POINT('',(18.561301932813,-8.547903061255,
    23.089434415991));
#3341 = CARTESIAN_POINT('',(18.49776477722,-8.560893535969,
    23.114032343002));
#3342 = CARTESIAN_POINT('',(18.433893008836,-8.575966196268,
    23.138322487701));
#3343 = CARTESIAN_POINT('',(18.36971316088,-8.593201262045,
    23.162269466014));
#3344 = CARTESIAN_POINT('',(18.305259500825,-8.612687541468,
    23.185831713747));
#3345 = CARTESIAN_POINT('',(18.240573886397,-8.634523615938,
    23.208961119453));
#3346 = CARTESIAN_POINT('',(18.102771205075,-8.686135486988,
    23.257059594643));
#3347 = CARTESIAN_POINT('',(18.029618260701,-8.716556380464,
    23.281895428173));
#3348 = CARTESIAN_POINT('',(17.956307490462,-8.75023991693,
    23.306035535332));
#3349 = CARTESIAN_POINT('',(17.882937756712,-8.787355269081,
    23.329384123604));
#3350 = CARTESIAN_POINT('',(17.809646449882,-8.828077978433,
    23.351825059171));
#3351 = CARTESIAN_POINT('',(17.736609856202,-8.872585362903,
    23.373222695579));
#3352 = CARTESIAN_POINT('',(17.614591471684,-8.954080616598,
    23.407188477944));
#3353 = CARTESIAN_POINT('',(17.565364395432,-8.988943757418,
    23.420396191137));
#3354 = CARTESIAN_POINT('',(17.516434030789,-9.025692811303,
    23.432996448903));
#3355 = CARTESIAN_POINT('',(17.467890049847,-9.064372572721,
    23.444933097206));
#3356 = CARTESIAN_POINT('',(17.419838885811,-9.105015916653,
    23.456145237368));
#3357 = CARTESIAN_POINT('',(17.372402556141,-9.147638549077,
    23.466569242396));
#3358 = CARTESIAN_POINT('',(17.301699386292,-9.215176684131,
    23.481065045218));
#3359 = CARTESIAN_POINT('',(17.277880676496,-9.238641148348,
    23.4857635855));
#3360 = CARTESIAN_POINT('',(17.254280402245,-9.262625607807,
    23.49022758933));
#3361 = CARTESIAN_POINT('',(17.230918721135,-9.28712668549,
    23.494448228604));
#3362 = CARTESIAN_POINT('',(17.207816747962,-9.312138857906,
    23.498416814302));
#3363 = CARTESIAN_POINT('',(17.184996400274,-9.337654143344,
    23.502124958859));
#3364 = CARTESIAN_POINT('',(17.119099836976,-9.413769023473,
    23.51219193723));
#3365 = CARTESIAN_POINT('',(17.076841246875,-9.465712452178,
    23.517824078761));
#3366 = CARTESIAN_POINT('',(17.035876579969,-9.519403918265,
    23.522402530135));
#3367 = CARTESIAN_POINT('',(16.996373821542,-9.574728318139,
    23.525878138979));
#3368 = CARTESIAN_POINT('',(16.958491999001,-9.631539647903,
    23.528214709018));
#3369 = CARTESIAN_POINT('',(16.922376345062,-9.689657048677,
    23.529392475551));
#3370 = CARTESIAN_POINT('',(16.853936531152,-9.808054354489,
    23.529430682984));
#3371 = CARTESIAN_POINT('',(16.821602904949,-9.868349115903,
    23.528291532703));
#3372 = CARTESIAN_POINT('',(16.791280153861,-9.929526081059,
    23.525993564504));
#3373 = CARTESIAN_POINT('',(16.76305303058,-9.991369223821,
    23.522556134664));
#3374 = CARTESIAN_POINT('',(16.73696924877,-10.05366776051,
    23.518015076213));
#3375 = CARTESIAN_POINT('',(16.713045262879,-10.1162183634,
    23.512419253815));
#3376 = CARTESIAN_POINT('',(16.679973318476,-10.21131693888,
    23.502406275576));
#3377 = CARTESIAN_POINT('',(16.669252737519,-10.24382510525,
    23.498716845402));
#3378 = CARTESIAN_POINT('',(16.65910842618,-10.27632690444,
    23.494766720916));
#3379 = CARTESIAN_POINT('',(16.649536422439,-10.30879930787,
    23.490564264517));
#3380 = CARTESIAN_POINT('',(16.640531028323,-10.34122120587,
    23.48611814564));
#3381 = CARTESIAN_POINT('',(16.63208515709,-10.37357338646,
    23.481437178153));
#3382 = CARTESIAN_POINT('',(16.608556311654,-10.46973697406,
    23.466812203155));
#3383 = CARTESIAN_POINT('',(16.595085449768,-10.5332908493,
    23.456208066462));
#3384 = CARTESIAN_POINT('',(16.583712444876,-10.59637129727,
    23.444785722031));
#3385 = CARTESIAN_POINT('',(16.574358452334,-10.65887492495,
    23.432612414437));
#3386 = CARTESIAN_POINT('',(16.566937031259,-10.72072203754,
    23.419752460285));
#3387 = CARTESIAN_POINT('',(16.561359743052,-10.78185488719,
    23.406265049991));
#3388 = CARTESIAN_POINT('',(16.55203508886,-10.92932300684,
    23.371919096079));
#3389 = CARTESIAN_POINT('',(16.550188848611,-11.01482925113,
    23.350442883914));
#3390 = CARTESIAN_POINT('',(16.551743755198,-11.09865708745,
    23.327927412601));
#3391 = CARTESIAN_POINT('',(16.556458096919,-11.18074390789,
    23.304507941782));
#3392 = CARTESIAN_POINT('',(16.564111392753,-11.26105951205,
    23.280300206635));
#3393 = CARTESIAN_POINT('',(16.574508060761,-11.33960355528,
    23.25539963329));
#3394 = CARTESIAN_POINT('',(16.599017416185,-11.48469729455,
    23.207187582238));
#3395 = CARTESIAN_POINT('',(16.612589276323,-11.55160176597,
    23.184008958504));
#3396 = CARTESIAN_POINT('',(16.628077462992,-11.61712877112,
    23.160399474366));
#3397 = CARTESIAN_POINT('',(16.645375975827,-11.68129155315,
    23.136407035252));
#3398 = CARTESIAN_POINT('',(16.664391057141,-11.74410496384,
    23.112073028585));
#3399 = CARTESIAN_POINT('',(16.685040231067,-11.80558618895,
    23.087432691675));
#3400 = CARTESIAN_POINT('',(16.726062046667,-11.91671314844,
    23.041412965355));
#3401 = CARTESIAN_POINT('',(16.745992358839,-11.96672783632,
    23.020112670497));
#3402 = CARTESIAN_POINT('',(16.766998067916,-12.01581044272,
    22.998633001948));
#3403 = CARTESIAN_POINT('',(16.789039198932,-12.06397060717,
    22.976990575893));
#3404 = CARTESIAN_POINT('',(16.81207968761,-12.11121702107,
    22.955200313781));
#3405 = CARTESIAN_POINT('',(16.836087054712,-12.15755774548,
    22.933275538311));
#3406 = CARTESIAN_POINT('',(16.938285200998,-12.34373387045,
    22.842948493572));
#3407 = CARTESIAN_POINT('',(17.02451020931,-12.4758163331,
    22.773510928679));
#3408 = CARTESIAN_POINT('',(17.118862221699,-12.59953673474,
    22.703241390363));
#3409 = CARTESIAN_POINT('',(17.220734627282,-12.71496115283,
    22.632403646964));
#3410 = CARTESIAN_POINT('',(17.329637199688,-12.8220744502,
    22.561220079264));
#3411 = CARTESIAN_POINT('',(17.445199419001,-12.92077908859,
    22.489873313724));
#3412 = CARTESIAN_POINT('',(17.733126184606,-13.13346266111,
    22.321421183283));
#3413 = CARTESIAN_POINT('',(17.910759641797,-13.23998135988,
    22.224412839313));
#3414 = CARTESIAN_POINT('',(18.099499358904,-13.3300631543,
    22.127807293549));
#3415 = CARTESIAN_POINT('',(18.298834066552,-13.40268292683,
    22.032032778996));
#3416 = CARTESIAN_POINT('',(18.508169397456,-13.45631610549,
    21.937635991848));
#3417 = CARTESIAN_POINT('',(18.726757642402,-13.48908318598,
    21.845267366656));
#3418 = CARTESIAN_POINT('',(19.028884189536,-13.50101348335,
    21.726199460768));
#3419 = CARTESIAN_POINT('',(19.104762153494,-13.50138095377,
    21.69697379833));
#3420 = CARTESIAN_POINT('',(19.181515130541,-13.49905199288,
    21.668100224889));
#3421 = CARTESIAN_POINT('',(19.259096829829,-13.49391259546,
    21.639617747618));
#3422 = CARTESIAN_POINT('',(19.337449476496,-13.48583787832,
    21.611571506642));
#3423 = CARTESIAN_POINT('',(19.416503471603,-13.47469161582,
    21.584012881972));
#3424 = CARTESIAN_POINT('',(19.590537815677,-13.44331170759,
    21.52500663794));
#3425 = CARTESIAN_POINT('',(19.685751608022,-13.42178446168,
    21.493784034668));
#3426 = CARTESIAN_POINT('',(19.781694971418,-13.39549748829,
    21.463423231061));
#3427 = CARTESIAN_POINT('',(19.878184323689,-13.3641830027,
    21.434041273134));
#3428 = CARTESIAN_POINT('',(19.974974096409,-13.3275619319,
    21.405779127593));
#3429 = CARTESIAN_POINT('',(20.071754873149,-13.28535386185,
    21.378799996939));
#3430 = CARTESIAN_POINT('',(20.235755558018,-13.20357715686,
    21.335395535263));
#3431 = CARTESIAN_POINT('',(20.303161116638,-13.16699024057,
    21.318227436859));
#3432 = CARTESIAN_POINT('',(20.370233217501,-13.12743752292,
    21.30184779919));
#3433 = CARTESIAN_POINT('',(20.436806685544,-13.08483932509,
    21.286329835092));
#3434 = CARTESIAN_POINT('',(20.502688333923,-13.03913417612,
    21.271752886076));
#3435 = CARTESIAN_POINT('',(20.567659141198,-12.99028798674,
    21.258199797971));
#3436 = CARTESIAN_POINT('',(20.664076019653,-12.91174800434,
    21.239396798889));
#3437 = CARTESIAN_POINT('',(20.696373803026,-12.88437451582,
    21.2333284645));
#3438 = CARTESIAN_POINT('',(20.728336740601,-12.85618394223,
    21.227560532114));
#3439 = CARTESIAN_POINT('',(20.759930118429,-12.82718028417,
    21.222104259614));
#3440 = CARTESIAN_POINT('',(20.791117824094,-12.79737086565,
    21.216970726532));
#3441 = CARTESIAN_POINT('',(20.821862624125,-12.76676684156,
    21.212170636512));
#3442 = CARTESIAN_POINT('',(20.870747407833,-12.71607403478,
    21.204972078098));
#3443 = CARTESIAN_POINT('',(20.889186344755,-12.69646938608,
    21.202360089354));
#3444 = CARTESIAN_POINT('',(20.907434335442,-12.67657333775,
    21.199880535627));
#3445 = CARTESIAN_POINT('',(20.925482470179,-12.65639007922,
    21.197535674192));
#3446 = CARTESIAN_POINT('',(20.943321846267,-12.63592441052,
    21.195327637522));
#3447 = CARTESIAN_POINT('',(20.960943568032,-12.61518174225,
    21.193258433285));
#3448 = CARTESIAN_POINT('',(21.016049187485,-12.54861329655,
    21.187149236081));
#3449 = CARTESIAN_POINT('',(21.052696939293,-12.50178274513,
    21.183629594029));
#3450 = CARTESIAN_POINT('',(21.088189062217,-12.45374133497,
    21.180790329605));
#3451 = CARTESIAN_POINT('',(21.122438272123,-12.40456427007,
    21.178646706807));
#3452 = CARTESIAN_POINT('',(21.155364078137,-12.35433769841,
    21.177209424007));
#3453 = CARTESIAN_POINT('',(21.186893920028,-12.30315934553,
    21.176484095741));
#3454 = CARTESIAN_POINT('',(21.257409139534,-12.18117169636,
    21.176452763573));
#3455 = CARTESIAN_POINT('',(21.29522082696,-12.10966883352,
    21.177722826971));
#3456 = CARTESIAN_POINT('',(21.330240234751,-12.03690410686,
    21.180281311235));
#3457 = CARTESIAN_POINT('',(21.362361238217,-11.96315251999,
    21.18410990647));
#3458 = CARTESIAN_POINT('',(21.391524462038,-11.88868744451,
    21.189174375632));
#3459 = CARTESIAN_POINT('',(21.417711021218,-11.81377753168,
    21.19542732381));
#3460 = CARTESIAN_POINT('',(21.452429477535,-11.70152274087,
    21.206464828781));
#3461 = CARTESIAN_POINT('',(21.463198255577,-11.66431398136,
    21.210395898237));
#3462 = CARTESIAN_POINT('',(21.473245355526,-11.62708695731,
    21.214597271154));
#3463 = CARTESIAN_POINT('',(21.482575289801,-11.58986958291,
    21.21906177558));
#3464 = CARTESIAN_POINT('',(21.491194323878,-11.55268807482,
    21.223781972324));
#3465 = CARTESIAN_POINT('',(21.499110476294,-11.51556695215,
    21.228750154957));
#3466 = CARTESIAN_POINT('',(21.519963997591,-11.40863542298,
    21.243786644724));
#3467 = CARTESIAN_POINT('',(21.531125338657,-11.33903928368,
    21.25446971435));
#3468 = CARTESIAN_POINT('',(21.539881992721,-11.26989047413,
    21.265955127553));
#3469 = CARTESIAN_POINT('',(21.546313197449,-11.2013162675,
    21.278189857164));
#3470 = CARTESIAN_POINT('',(21.550507767254,-11.13342253262,
    21.291121860964));
#3471 = CARTESIAN_POINT('',(21.552558883258,-11.06629491203,
    21.304701662654));
#3472 = CARTESIAN_POINT('',(21.552558883258,-11.,21.318883932834));
#3473 = CONICAL_SURFACE('',#3474,27.,1.130953743979);
#3474 = AXIS2_PLACEMENT_3D('',#3475,#3476,#3477);
#3475 = CARTESIAN_POINT('',(0.,0.,20.));
#3476 = DIRECTION('',(-0.,-0.,-1.));
#3477 = DIRECTION('',(1.,0.,-0.));
#3478 = ADVANCED_FACE('',(#3479),#3498,.T.);
#3479 = FACE_BOUND('',#3480,.T.);
#3480 = EDGE_LOOP('',(#3481,#3489,#3496,#3497));
#3481 = ORIENTED_EDGE('',*,*,#3482,.T.);
#3482 = EDGE_CURVE('',#2967,#3483,#3485,.T.);
#3483 = VERTEX_POINT('',#3484);
#3484 = CARTESIAN_POINT('',(2.5,22.,40.));
#3485 = LINE('',#3486,#3487);
#3486 = CARTESIAN_POINT('',(2.5,22.,0.));
#3487 = VECTOR('',#3488,1.);
#3488 = DIRECTION('',(0.,0.,1.));
#3489 = ORIENTED_EDGE('',*,*,#3490,.F.);
#3490 = EDGE_CURVE('',#3483,#3483,#3491,.T.);
#3491 = CIRCLE('',#3492,2.5);
#3492 = AXIS2_PLACEMENT_3D('',#3493,#3494,#3495);
#3493 = CARTESIAN_POINT('',(1.347111479062E-15,22.,40.));
#3494 = DIRECTION('',(0.,0.,1.));
#3495 = DIRECTION('',(1.,0.,-0.));
#3496 = ORIENTED_EDGE('',*,*,#3482,.F.);
#3497 = ORIENTED_EDGE('',*,*,#2966,.T.);
#3498 = CYLINDRICAL_SURFACE('',#3499,2.5);
#3499 = AXIS2_PLACEMENT_3D('',#3500,#3501,#3502);
#3500 = CARTESIAN_POINT('',(1.347111479062E-15,22.,0.));
#3501 = DIRECTION('',(0.,0.,1.));
#3502 = DIRECTION('',(1.,0.,-0.));
#3503 = ADVANCED_FACE('',(#3504),#3523,.T.);
#3504 = FACE_BOUND('',#3505,.T.);
#3505 = EDGE_LOOP('',(#3506,#3514,#3521,#3522));
#3506 = ORIENTED_EDGE('',*,*,#3507,.T.);
#3507 = EDGE_CURVE('',#3123,#3508,#3510,.T.);
#3508 = VERTEX_POINT('',#3509);
#3509 = CARTESIAN_POINT('',(-16.55255888325,-11.,40.));
#3510 = LINE('',#3511,#3512);
#3511 = CARTESIAN_POINT('',(-16.55255888325,-11.,0.));
#3512 = VECTOR('',#3513,1.);
#3513 = DIRECTION('',(0.,0.,1.));
#3514 = ORIENTED_EDGE('',*,*,#3515,.F.);
#3515 = EDGE_CURVE('',#3508,#3508,#3516,.T.);
#3516 = CIRCLE('',#3517,2.5);
#3517 = AXIS2_PLACEMENT_3D('',#3518,#3519,#3520);
#3518 = CARTESIAN_POINT('',(-19.05255888325,-11.,40.));
#3519 = DIRECTION('',(0.,0.,1.));
#3520 = DIRECTION('',(1.,0.,-0.));
#3521 = ORIENTED_EDGE('',*,*,#3507,.F.);
#3522 = ORIENTED_EDGE('',*,*,#3122,.T.);
#3523 = CYLINDRICAL_SURFACE('',#3524,2.5);
#3524 = AXIS2_PLACEMENT_3D('',#3525,#3526,#3527);
#3525 = CARTESIAN_POINT('',(-19.05255888325,-11.,0.));
#3526 = DIRECTION('',(0.,0.,1.));
#3527 = DIRECTION('',(1.,0.,-0.));
#3528 = ADVANCED_FACE('',(#3529),#3548,.T.);
#3529 = FACE_BOUND('',#3530,.T.);
#3530 = EDGE_LOOP('',(#3531,#3539,#3546,#3547));
#3531 = ORIENTED_EDGE('',*,*,#3532,.T.);
#3532 = EDGE_CURVE('',#3300,#3533,#3535,.T.);
#3533 = VERTEX_POINT('',#3534);
#3534 = CARTESIAN_POINT('',(21.552558883258,-11.,40.));
#3535 = LINE('',#3536,#3537);
#3536 = CARTESIAN_POINT('',(21.552558883258,-11.,0.));
#3537 = VECTOR('',#3538,1.);
#3538 = DIRECTION('',(0.,0.,1.));
#3539 = ORIENTED_EDGE('',*,*,#3540,.F.);
#3540 = EDGE_CURVE('',#3533,#3533,#3541,.T.);
#3541 = CIRCLE('',#3542,2.5);
#3542 = AXIS2_PLACEMENT_3D('',#3543,#3544,#3545);
#3543 = CARTESIAN_POINT('',(19.052558883258,-11.,40.));
#3544 = DIRECTION('',(0.,0.,1.));
#3545 = DIRECTION('',(1.,0.,-0.));
#3546 = ORIENTED_EDGE('',*,*,#3532,.F.);
#3547 = ORIENTED_EDGE('',*,*,#3299,.T.);
#3548 = CYLINDRICAL_SURFACE('',#3549,2.5);
#3549 = AXIS2_PLACEMENT_3D('',#3550,#3551,#3552);
#3550 = CARTESIAN_POINT('',(19.052558883258,-11.,0.));
#3551 = DIRECTION('',(0.,0.,1.));
#3552 = DIRECTION('',(1.,0.,-0.));
#3553 = ADVANCED_FACE('',(#3554,#3565,#3568,#3571,#3582,#3593),#3596,.F.
  );
#3554 = FACE_BOUND('',#3555,.F.);
#3555 = EDGE_LOOP('',(#3556));
#3556 = ORIENTED_EDGE('',*,*,#3557,.T.);
#3557 = EDGE_CURVE('',#3558,#3558,#3560,.T.);
#3558 = VERTEX_POINT('',#3559);
#3559 = CARTESIAN_POINT('',(30.,-7.347880794884E-15,40.));
#3560 = CIRCLE('',#3561,30.);
#3561 = AXIS2_PLACEMENT_3D('',#3562,#3563,#3564);
#3562 = CARTESIAN_POINT('',(0.,0.,40.));
#3563 = DIRECTION('',(0.,0.,1.));
#3564 = DIRECTION('',(1.,0.,-0.));
#3565 = FACE_BOUND('',#3566,.F.);
#3566 = EDGE_LOOP('',(#3567));
#3567 = ORIENTED_EDGE('',*,*,#3515,.F.);
#3568 = FACE_BOUND('',#3569,.F.);
#3569 = EDGE_LOOP('',(#3570));
#3570 = ORIENTED_EDGE('',*,*,#3540,.F.);
#3571 = FACE_BOUND('',#3572,.F.);
#3572 = EDGE_LOOP('',(#3573));
#3573 = ORIENTED_EDGE('',*,*,#3574,.F.);
#3574 = EDGE_CURVE('',#3575,#3575,#3577,.T.);
#3575 = VERTEX_POINT('',#3576);
#3576 = CARTESIAN_POINT('',(-2.5,6.,40.));
#3577 = CIRCLE('',#3578,2.5);
#3578 = AXIS2_PLACEMENT_3D('',#3579,#3580,#3581);
#3579 = CARTESIAN_POINT('',(-5.,6.,40.));
#3580 = DIRECTION('',(0.,0.,1.));
#3581 = DIRECTION('',(1.,0.,-0.));
#3582 = FACE_BOUND('',#3583,.F.);
#3583 = EDGE_LOOP('',(#3584));
#3584 = ORIENTED_EDGE('',*,*,#3585,.F.);
#3585 = EDGE_CURVE('',#3586,#3586,#3588,.T.);
#3586 = VERTEX_POINT('',#3587);
#3587 = CARTESIAN_POINT('',(7.5,6.,40.));
#3588 = CIRCLE('',#3589,2.5);
#3589 = AXIS2_PLACEMENT_3D('',#3590,#3591,#3592);
#3590 = CARTESIAN_POINT('',(5.,6.,40.));
#3591 = DIRECTION('',(0.,0.,1.));
#3592 = DIRECTION('',(1.,0.,-0.));
#3593 = FACE_BOUND('',#3594,.F.);
#3594 = EDGE_LOOP('',(#3595));
#3595 = ORIENTED_EDGE('',*,*,#3490,.F.);
#3596 = PLANE('',#3597);
#3597 = AXIS2_PLACEMENT_3D('',#3598,#3599,#3600);
#3598 = CARTESIAN_POINT('',(0.,0.,40.));
#3599 = DIRECTION('',(0.,0.,1.));
#3600 = DIRECTION('',(1.,0.,-0.));
#3601 = ADVANCED_FACE('',(#3602),#3621,.T.);
#3602 = FACE_BOUND('',#3603,.T.);
#3603 = EDGE_LOOP('',(#3604,#3613,#3619,#3620));
#3604 = ORIENTED_EDGE('',*,*,#3605,.F.);
#3605 = EDGE_CURVE('',#3606,#3606,#3608,.T.);
#3606 = VERTEX_POINT('',#3607);
#3607 = CARTESIAN_POINT('',(8.,-1.959434878636E-15,52.));
#3608 = CIRCLE('',#3609,8.);
#3609 = AXIS2_PLACEMENT_3D('',#3610,#3611,#3612);
#3610 = CARTESIAN_POINT('',(0.,0.,52.));
#3611 = DIRECTION('',(0.,0.,1.));
#3612 = DIRECTION('',(1.,0.,-0.));
#3613 = ORIENTED_EDGE('',*,*,#3614,.F.);
#3614 = EDGE_CURVE('',#3558,#3606,#3615,.T.);
#3615 = LINE('',#3616,#3617);
#3616 = CARTESIAN_POINT('',(30.,-7.347880794884E-15,40.));
#3617 = VECTOR('',#3618,1.);
#3618 = DIRECTION('',(-0.877895572914,2.15022400671E-16,0.478852130681)
  );
#3619 = ORIENTED_EDGE('',*,*,#3557,.T.);
#3620 = ORIENTED_EDGE('',*,*,#3614,.T.);
#3621 = CONICAL_SURFACE('',#3622,30.,1.071449605115);
#3622 = AXIS2_PLACEMENT_3D('',#3623,#3624,#3625);
#3623 = CARTESIAN_POINT('',(0.,0.,40.));
#3624 = DIRECTION('',(-0.,-0.,-1.));
#3625 = DIRECTION('',(1.,0.,-0.));
#3626 = ADVANCED_FACE('',(#3627),#3646,.T.);
#3627 = FACE_BOUND('',#3628,.T.);
#3628 = EDGE_LOOP('',(#3629,#3630,#3638,#3645));
#3629 = ORIENTED_EDGE('',*,*,#3574,.F.);
#3630 = ORIENTED_EDGE('',*,*,#3631,.F.);
#3631 = EDGE_CURVE('',#3632,#3575,#3634,.T.);
#3632 = VERTEX_POINT('',#3633);
#3633 = CARTESIAN_POINT('',(-2.5,6.,36.));
#3634 = LINE('',#3635,#3636);
#3635 = CARTESIAN_POINT('',(-2.5,6.,36.));
#3636 = VECTOR('',#3637,1.);
#3637 = DIRECTION('',(0.,0.,1.));
#3638 = ORIENTED_EDGE('',*,*,#3639,.T.);
#3639 = EDGE_CURVE('',#3632,#3632,#3640,.T.);
#3640 = CIRCLE('',#3641,2.5);
#3641 = AXIS2_PLACEMENT_3D('',#3642,#3643,#3644);
#3642 = CARTESIAN_POINT('',(-5.,6.,36.));
#3643 = DIRECTION('',(0.,0.,1.));
#3644 = DIRECTION('',(1.,0.,-0.));
#3645 = ORIENTED_EDGE('',*,*,#3631,.T.);
#3646 = CYLINDRICAL_SURFACE('',#3647,2.5);
#3647 = AXIS2_PLACEMENT_3D('',#3648,#3649,#3650);
#3648 = CARTESIAN_POINT('',(-5.,6.,36.));
#3649 = DIRECTION('',(0.,0.,1.));
#3650 = DIRECTION('',(1.,0.,-0.));
#3651 = ADVANCED_FACE('',(#3652),#3671,.T.);
#3652 = FACE_BOUND('',#3653,.T.);
#3653 = EDGE_LOOP('',(#3654,#3655,#3663,#3670));
#3654 = ORIENTED_EDGE('',*,*,#3585,.F.);
#3655 = ORIENTED_EDGE('',*,*,#3656,.F.);
#3656 = EDGE_CURVE('',#3657,#3586,#3659,.T.);
#3657 = VERTEX_POINT('',#3658);
#3658 = CARTESIAN_POINT('',(7.5,6.,36.));
#3659 = LINE('',#3660,#3661);
#3660 = CARTESIAN_POINT('',(7.5,6.,36.));
#3661 = VECTOR('',#3662,1.);
#3662 = DIRECTION('',(0.,0.,1.));
#3663 = ORIENTED_EDGE('',*,*,#3664,.T.);
#3664 = EDGE_CURVE('',#3657,#3657,#3665,.T.);
#3665 = CIRCLE('',#3666,2.5);
#3666 = AXIS2_PLACEMENT_3D('',#3667,#3668,#3669);
#3667 = CARTESIAN_POINT('',(5.,6.,36.));
#3668 = DIRECTION('',(0.,0.,1.));
#3669 = DIRECTION('',(1.,0.,-0.));
#3670 = ORIENTED_EDGE('',*,*,#3656,.T.);
#3671 = CYLINDRICAL_SURFACE('',#3672,2.5);
#3672 = AXIS2_PLACEMENT_3D('',#3673,#3674,#3675);
#3673 = CARTESIAN_POINT('',(5.,6.,36.));
#3674 = DIRECTION('',(0.,0.,1.));
#3675 = DIRECTION('',(1.,0.,-0.));
#3676 = ADVANCED_FACE('',(#3677),#3680,.T.);
#3677 = FACE_BOUND('',#3678,.T.);
#3678 = EDGE_LOOP('',(#3679));
#3679 = ORIENTED_EDGE('',*,*,#3605,.T.);
#3680 = PLANE('',#3681);
#3681 = AXIS2_PLACEMENT_3D('',#3682,#3683,#3684);
#3682 = CARTESIAN_POINT('',(0.,0.,52.));
#3683 = DIRECTION('',(0.,0.,1.));
#3684 = DIRECTION('',(1.,0.,-0.));
#3685 = ADVANCED_FACE('',(#3686),#3689,.F.);
#3686 = FACE_BOUND('',#3687,.T.);
#3687 = EDGE_LOOP('',(#3688));
#3688 = ORIENTED_EDGE('',*,*,#3639,.F.);
#3689 = PLANE('',#3690);
#3690 = AXIS2_PLACEMENT_3D('',#3691,#3692,#3693);
#3691 = CARTESIAN_POINT('',(-5.,6.,36.));
#3692 = DIRECTION('',(0.,0.,1.));
#3693 = DIRECTION('',(1.,0.,-0.));
#3694 = ADVANCED_FACE('',(#3695),#3698,.F.);
#3695 = FACE_BOUND('',#3696,.T.);
#3696 = EDGE_LOOP('',(#3697));
#3697 = ORIENTED_EDGE('',*,*,#3664,.F.);
#3698 = PLANE('',#3699);
#3699 = AXIS2_PLACEMENT_3D('',#3700,#3701,#3702);
#3700 = CARTESIAN_POINT('',(5.,6.,36.));
#3701 = DIRECTION('',(0.,0.,1.));
#3702 = DIRECTION('',(1.,0.,-0.));
#3703 = ( GEOMETRIC_REPRESENTATION_CONTEXT(3) 
GLOBAL_UNCERTAINTY_ASSIGNED_CONTEXT((#3707)) 
GLOBAL_UNIT_ASSIGNED_CONTEXT((#3704,#3705,#3706)) REPRESENTATION_CONTEXT
('Context #1','3D Context with UNIT and UNCERTAINTY') );
#3704 = ( LENGTH_UNIT() NAMED_UNIT(*) SI_UNIT(.MILLI.,.METRE.) );
#3705 = ( NAMED_UNIT(*) PLANE_ANGLE_UNIT() SI_UNIT($,.RADIAN.) );
#3706 = ( NAMED_UNIT(*) SI_UNIT($,.STERADIAN.) SOLID_ANGLE_UNIT() );
#3707 = UNCERTAINTY_MEASURE_WITH_UNIT(LENGTH_MEASURE(1.E-07),#3704,
  'distance_accuracy_value','confusion accuracy');
#3708 = PRODUCT_RELATED_PRODUCT_CATEGORY('part',$,(#7));
ENDSEC;
END-ISO-10303-21;
